b	n|aerobic rod-shaped spore-producing bacterium; often occurring in chainlike formations; found primarily in soil|	n|originally thought to be a single vitamin but now separated into several B vitamins|	n|a trivalent metalloid element; occurs both in a hard black crystal and in the form of a yellow or brown powder|	n|a logarithmic unit of sound intensity equal to 10 decibels|
b battery	n|battery for supplying a constant positive voltage to the plate of a vacuum tube|
b cell	n|a lymphocyte derived from bone marrow that provides humoral immunity; it recognizes free antigen molecules in solution and matures into plasma cells that secrete immunoglobulin (antibodies) that inactivate the antigens|
b complex	n|originally thought to be a single vitamin but now separated into several B vitamins|
b horizon	n|immediately below the A-horizon; contains deposits of organic matter leached from surface soils|
b lymphocyte	n|a lymphocyte derived from bone marrow that provides humoral immunity; it recognizes free antigen molecules in solution and matures into plasma cells that secrete immunoglobulin (antibodies) that inactivate the antigens|
b vitamin	n|originally thought to be a single vitamin but now separated into several B vitamins|
b-complex vitamin	n|originally thought to be a single vitamin but now separated into several B vitamins|
b-flat clarinet	n|the ordinary clarinet with a middle range|
b-girl	n|a woman employed by a bar to act as a companion to men customers|
b-horizon	n|immediately below the A-horizon; contains deposits of organic matter leached from surface soils|
b-meson	n|exceedingly short-lived meson|
b-scan ultrasonography	n|the use of ultrasonography to view structure in the back of the eye|
b.c.	adv|before the Christian era; used following dates before the supposed year Christ was born|in 200 BC
b.c.e.	adv|of the period before the Common Era; preferred by some writers who are not Christians|in 200 BCE
b.o.	n|malodorousness resulting from a failure to bathe|
b.t.u.	n|a unit of energy equal to the work done by a power of 1000 watts operating for one hour|
b.th.u.	n|a unit of heat equal to the amount of heat required to raise one pound of water one degree Fahrenheit at one atmosphere pressure; equivalent to 251.997 calories|
ba	n|a soft silvery metallic element of the alkali earth group; found in barite|	n|a bachelor's degree in arts and sciences|
baa	n|the cry made by sheep|	v|cry plaintively|The lambs were bleating
baa-lamb	n|child's word for a sheep or lamb|
baader meinhof gang	n|a radical left-wing revolutionary terrorist group active in Germany from 1968 until 1977|
baader-meinhof gang	n|a radical left-wing revolutionary terrorist group active in Germany from 1968 until 1977|
baal	n|any of numerous local fertility and nature deities worshipped by ancient Semitic peoples; the Hebrews considered Baal a false god|
baal merodach	n|the chief Babylonian god; his consort was Sarpanitu|
baas	n|South African term for `boss'|
baba	n|a small cake leavened with yeast|
baba au rhum	n|a baba soaked in rum|
babacu oil	n|fatty oil from kernels of babassu nuts similar to coconut oil|
babar	n|an imaginary elephant that appears in a series of French books for children|
babassu	n|tall feather palm of northern Brazil with hard-shelled nuts yielding valuable oil and a kind of vegetable ivory|
babassu nut	n|hard-shelled nut of the babassu palm|
babassu oil	n|fatty oil from kernels of babassu nuts similar to coconut oil|
babassu palm	n|tall feather palm of northern Brazil with hard-shelled nuts yielding valuable oil and a kind of vegetable ivory|
babbitt	n|an alloy of tin with some copper and antimony; a lining for bearings that reduces friction|	v|line with a Babbitt metal|
babbitt metal	n|an alloy of tin with some copper and antimony; a lining for bearings that reduces friction|
babbitting	n|lining a surface or bearing with Babbitt metal|
babble	v|utter meaningless sounds, like a baby, or utter in an incoherent way|The old man is only babbling--don't pay attention	v|to talk foolishly|The two women babbled and crooned at the baby	v|flow in an irregular current with a bubbling noise|babbling brooks	v|divulge confidential information or secrets|Be careful--his secretary talks
babble out	v|divulge confidential information or secrets|Be careful--his secretary talks
babbler	n|an obnoxious and foolish and loquacious talker|	n|any of various insectivorous Old World birds with a loud incessant song; in some classifications considered members of the family Muscicapidae|
babbling	n|gibberish resembling the sounds of a baby|
babe	n|a very young child (birth to 1 year) who has not yet begun to walk or talk|the baby began to cry again
babel	n|(Genesis 11:1-11) a tower built by Noah's descendants (probably in Babylon) who intended it to reach up to heaven; God foiled them by confusing their language so they could no longer understand one another|	n|a confusion of voices and other sounds|
babelike	adj|like a baby especially in dependence|babelike innocence and dependence
babesiidae	n|piroplasms and cattle pathogens|
babies' slippers	n|European forage plant having claw-shaped pods introduced in America|
babies'-breath	n|tall plant with small lance-shaped leaves and numerous tiny white or pink flowers|
babinski	n|extension upward of the toes when the sole of the foot is stroked firmly on the outer side from the heel to the front; normal in infants under the age of two years but a sign of brain or spinal cord injury in older persons|
babinski reflex	n|extension upward of the toes when the sole of the foot is stroked firmly on the outer side from the heel to the front; normal in infants under the age of two years but a sign of brain or spinal cord injury in older persons|
babinski sign	n|extension upward of the toes when the sole of the foot is stroked firmly on the outer side from the heel to the front; normal in infants under the age of two years but a sign of brain or spinal cord injury in older persons|
babiroussa	n|Indonesian wild pig with enormous curved canine teeth|
babirusa	n|Indonesian wild pig with enormous curved canine teeth|
babirussa	n|Indonesian wild pig with enormous curved canine teeth|
babka	n|a coffee cake flavored with orange rind and raisins and almonds|
baboo	n|used as a Hindi courtesy title; equivalent to English `Mr'|
baboon	n|large terrestrial monkeys having doglike muzzles|
baboonish	adj|resembling a baboon|
babu	n|used as a Hindi courtesy title; equivalent to English `Mr'|
babushka	n|a woman's headscarf folded into a triangle and tied under the chin; worn by Russian peasant women|
baby	n|a very young child (birth to 1 year) who has not yet begun to walk or talk|the baby began to cry again	n|the youngest member of a group (not necessarily young)|the baby of the family	n|an immature childish person|he remained a child in practical matters as long as he lived	n|an unborn child; a human fetus|I felt healthy and very feminine carrying the baby
baby bed	n|a small bed for babies; enclosed by sides to prevent the baby from falling|
baby bird	n|young bird not yet fledged|
baby blue-eyes	n|delicate California annual having blue flowers marked with dark spots|
baby boomer	n|a member of the baby boom generation in the 1950s|they expanded the schools for a generation of baby boomers
baby buggy	n|a small vehicle with four wheels in which a baby or child is pushed around|
baby buster	n|a person born in the generation following the baby boom when the birth rate fell dramatically|
baby carriage	n|a small vehicle with four wheels in which a baby or child is pushed around|
baby doc	n|son and successor of Francois Duvalier as president of Haiti; he was overthrown by a mass uprising in 1986 (born in 1951)|
baby doctor	n|a specialist in the care of babies|
baby farmer	n|someone who runs an establishment that houses and cares for babies for a fee|
baby grand	n|a small grand piano|
baby grand piano	n|a small grand piano|
baby minder	n|a person who looks after babies (usually in the person's own home) while the babys' parents are working|
baby oil	n|an ointment for babies|
baby powder	n|powder used to prevent a baby's diaper from chafing|
baby rose	n|vigorously growing rose having clusters of numerous small flowers; used for hedges and as grafting stock|
baby shoe	n|a shoe designed to be worn by infants|
baby sitting	n|the work of a baby sitter; caring for children when their parents are not home|
baby talk	n|an adult's imitation of the speech of a young child|	n|the developing speech of a young child|
baby tears	n|prostrate or creeping Corsican herb with moss-like small round short-stemmed leaves|
baby tooth	n|one of the first temporary teeth of a young mammal (one of 20 in children)|
baby's bed	n|a small bed for babies; enclosed by sides to prevent the baby from falling|
baby's breath	n|tall plant with small lance-shaped leaves and numerous tiny white or pink flowers|
baby's dummy	n|device used for an infant to suck or bite on|
baby's room	n|a child's room for a baby|
baby's tears	n|prostrate or creeping Corsican herb with moss-like small round short-stemmed leaves|
baby-faced	adj|having a youthful-looking face|
baby-like	adv|like a baby|he cradled it, baby-wise, in his arms
baby-sit	v|take watchful responsibility for|I baby-sit the neighbor's plants when she is out of town	v|work or act as a baby-sitter; I have too much homework to do"|I cannot baby-sit tonight
baby-sitter	n|a person engaged to care for children when the parents are not home|
baby-walker	n|an enclosing framework on casters or wheels; helps babies learn to walk|
baby-wise	adv|like a baby|he cradled it, baby-wise, in his arms
babyhood	n|the early stage of growth or development|	n|the earliest state of immaturity|
babyish	adj|characteristic of a baby|babyish tears and petulance
babylon	n|the chief city of ancient Mesopotamia and capital of the ancient kingdom of Babylonia|
babylonia	n|an ancient kingdom in southern Mesopotamia; Babylonia conquered Israel in the 6th century BC and exiled the Jews to Babylon (where Daniel became a counselor to the king)|
babylonian	n|an inhabitant of ancient Babylon|	n|the ideographic and syllabic writing system in which the ancient Babylonian language was written|	adj|of or relating to the city of Babylon or its people or culture|Babylonian religion
babylonian captivity	n|the deportation of the Jews to Babylonia by Nebuchadnezzar in 586 BC|
babylonian weeping willow	n|willow with long drooping branches and slender leaves native to China; widely cultivated as an ornamental|
babyminder	n|a person who looks after babies (usually in the person's own home) while the babys' parents are working|
babyrousa	n|a genus of Suidae|
babyrousa babyrussa	n|Indonesian wild pig with enormous curved canine teeth|
babysit	v|take watchful responsibility for|I baby-sit the neighbor's plants when she is out of town	v|work or act as a baby-sitter; I have too much homework to do"|I cannot baby-sit tonight
babysitter	n|a person engaged to care for children when the parents are not home|
babysitting	n|the work of a baby sitter; caring for children when their parents are not home|
babytalk	n|an adult's imitation of the speech of a young child|	n|the developing speech of a young child|
bacca	n|an indehiscent fruit derived from a single ovary having one or many seeds within a fleshy wall or pericarp: e.g. grape; tomato; cranberry|
baccalaureate	n|a farewell sermon to a graduating class at their commencement ceremonies|	n|an academic degree conferred on someone who has successfully completed undergraduate studies|
baccarat	n|a card game played in casinos in which two or more punters gamble against the banker; the player wins who holds 2 or 3 cards that total closest to nine|
baccate	adj|resembling a berry|	adj|producing or bearing berries|
bacchanal	adj|used of riotously drunken merrymaking|a night of bacchanalian revelry	n|someone who engages in drinking bouts|	n|a drunken reveller; a devotee of Bacchus|	n|a wild gathering involving excessive drinking and promiscuity|
bacchanalia	n|an orgiastic festival in ancient Greece in honor of Dionysus (= Bacchus)|	n|a wild gathering involving excessive drinking and promiscuity|
bacchanalian	adj|used of riotously drunken merrymaking|a night of bacchanalian revelry
bacchant	n|someone who engages in drinking bouts|	n|a drunken reveller; a devotee of Bacchus|	n|(classical mythology) a priest or votary of Bacchus|
bacchante	n|(classical mythology) a priestess or votary of Bacchus|
bacchantic	adj|of or relating to or resembling a bacchanalian reveler|
baccharis	n|shrubs of western hemisphere often having honey-scented flowers followed by silky thistlelike heads of tiny fruits; often used for erosion control|
baccharis halimifolia	n|a shrub of salt marshes of eastern and south central North America and West Indies; fruit is surrounded with white plumelike hairy tufts|
baccharis viminea	n|California shrub with slender leafy shoots that are important browse for mule deer|
bacchic	adj|used of riotously drunken merrymaking|a night of bacchanalian revelry
bacchus	n|(classical mythology) god of wine; equivalent of Dionysus|
bacciferous	adj|producing or bearing berries|
baccivorous	adj|feeding on berries|
baccy	n|leaves of the tobacco plant dried and prepared for smoking or ingestion|
bach	n|German baroque organist and contrapuntist; composed mostly keyboard music; one of the greatest creators of western music (1685-1750)|	n|the music of Bach|he played Bach on the organ	v|lead a bachelor's existence|
bachelor	n|a man who has never been married|	n|a knight of the lowest order; could display only a pennon|	v|lead a bachelor's existence|
bachelor girl	n|a young unmarried woman who lives alone|
bachelor of arts	n|a bachelor's degree in arts and sciences|
bachelor of arts in library science	n|a bachelor's degree in library science|
bachelor of arts in nursing	n|a bachelor's degree in nursing|
bachelor of divinity	n|a bachelor's degree in religion|
bachelor of laws	n|a three-year law degree|
bachelor of literature	n|a bachelor's degree in literature|
bachelor of medicine	n|(a British degree) a bachelor's degree in medicine|
bachelor of music	n|a bachelor's degree in music|
bachelor of naval science	n|a bachelor's degree in naval science|
bachelor of science	n|a bachelor's degree in science|
bachelor of science in architecture	n|a bachelor's degree in architecture|
bachelor of science in engineering	n|a bachelor's degree in engineering|
bachelor of theology	n|a bachelor's degree in theology|
bachelor party	n|stag party held for a bachelor (usually on the night before he is married)|
bachelor's button	n|an annual Eurasian plant cultivated in North America having showy heads of blue or purple or pink or white flowers|
bachelor's degree	n|an academic degree conferred on someone who has successfully completed undergraduate studies|
bachelor-at-arms	n|a knight of the lowest order; could display only a pennon|
bachelorette	n|a young unmarried woman who lives alone|
bachelorhood	n|the time of a man's life prior to marriage|	n|the state of being an unmarried man|
bacillaceae	n|typically rod-shaped usually Gram-positive bacteria that produce endospores|
bacillar	adj|relating to or produced by or containing bacilli|	adj|formed like a bacillus|
bacillariophyceae	n|marine and freshwater eukaryotic algae: diatoms|
bacillary	adj|relating to or produced by or containing bacilli|	adj|formed like a bacillus|
bacillary dysentery	n|an acute infection of the intestine by shigella bacteria; characterized by diarrhea and fever and abdominal pains|
bacillary white diarrhea	n|a serious bacterial disease of young chickens|
bacillary white diarrhoea	n|a serious bacterial disease of young chickens|
bacilliform	adj|formed like a bacillus|
bacillus	n|aerobic rod-shaped spore-producing bacterium; often occurring in chainlike formations; found primarily in soil|
bacillus anthracis	n|a species of bacillus that causes anthrax in humans and in animals (cattle and swine and sheep and rabbits and mice and guinea pigs); can be used a bioweapon|
bacillus globigii	n|a species of bacillus found in soil and decomposing organic matter; some strains produce antibiotics|
bacillus subtilis	n|a species of bacillus found in soil and decomposing organic matter; some strains produce antibiotics|
bacitracin	n|a polypeptide antibiotic of known chemical structure effective against several types of Gram-positive organisms; usually applied locally|
back	adv|in or to or toward a former location|she went back to her parents' house	adv|at or to or toward the back or rear|he moved back	adv|in or to or toward an original condition|he went back to sleep	adv|in or to or toward a past time|set the clocks back an hour
back and forth	adv|moving from one place to another and back again|he traveled back and forth between Los Angeles and New York
back away	v|make a retreat from an earlier commitment or activity|We'll have to crawfish out from meeting with him
back brace	n|a brace worn to support the back|
back breaker	n|street name for lysergic acid diethylamide|
back burner	n|reduced priority|dozens of cases were put on the back burner
back channel	n|an alternative to the regular channels of communication that is used when agreements must be made secretly (especially in diplomacy or government)|they negotiated via a back channel
back circle	n|a feat in which an acrobat arches the back from a prone position and bends the knees until the toes touch the head|
back country	n|a remote and undeveloped area|
back door	n|a secret or underhand means of access (to a place or a position)|he got his job through the back door	n|an undocumented way to get access to a computer system or the data it contains|	n|an entrance at the rear of a building|
back down	v|move backwards from a certain position|The bully had to back down	v|remove oneself from an obligation|He bowed out when he heard how much work was involved
back end	n|the side of an object that is opposite its front|his room was toward the rear of the hotel
back entrance	n|an entrance at the rear of a building|
back exercise	n|exercise designed to strengthen the back muscles|
back judge	n|a football official|
back matter	n|written matter following the main text of a book|
back of beyond	n|a very remote and inaccessible place|you'd have to go to the back of beyond to find one of those
back off	v|move backwards from a certain position|The bully had to back down	v|remove oneself from an obligation|He bowed out when he heard how much work was involved
back out	v|move out of a space backwards|He backed out of the driveway	v|make a retreat from an earlier commitment or activity|We'll have to crawfish out from meeting with him
back pack	n|a bag carried by a strap on your back or shoulder|
back porch	n|a porch for the back door|
back room	n|a room located in the rear of an establishment; usually accessible only to privileged groups|
back saw	n|a handsaw that is stiffened by metal reinforcement along the upper edge|
back street	n|a narrow street with walls on both sides|
back talk	n|an impudent or insolent rejoinder|don't give me any of your sass
back tooth	n|a tooth situated at the back of the mouth|
back up	v|give moral or psychological support, aid, or courage to|She supported him during the illness	v|move backwards from a certain position|The bully had to back down	v|establish as valid or genuine|Can you back up your claims?	v|make a copy of (a computer file) especially for storage in another place as a security copy|You'd better back up these files!
back-blast	n|backfire from a recoilless weapon|
back-channel	adj|via a back channel|the failure of back-channel negotiations
back-formation	n|a word invented (usually unwittingly by subtracting an affix) on the assumption that a familiar word derives from it|
back-geared	adj|(of a lathe) equipped with gearing for reducing the speed of the spindle from that of the driving pulley|a back-geared lathe
back-number	n|someone who is no longer popular|
back-to-back	adj|one after the other|back-to-back home runs
backache	n|an ache localized in the back|
backband	n|a broad band that passes over the back of a horse and supports the shafts of a vehicle|
backbeat	n|a loud steady beat|
backbench	n|any of the seats occupied by backbenchers in the House of Commons|
backbencher	n|a member of the House of Commons who is not a party leader|
backbend	n|an acrobatic feat in which the trunk is bent backward from a standing position until the hands touch the floor|
backbite	v|say mean things|
backbiter	n|one who attacks the reputation of another by slander or libel|
backblast	n|backfire from a recoilless weapon|
backboard	n|a raised vertical board with basket attached; used to play basketball|he banked the shot off the backboard	n|a board used to support the back of someone or something|
backbone	n|a central cohesive source of support and stability|faith is his anchor	n|fortitude and determination|he didn't have the guts to try it	n|the series of vertebrae forming the axis of the skeleton and protecting the spinal cord|the fall broke his back	n|the part of a book's cover that encloses the inner side of the book's pages and that faces outward when the book is shelved|the title and author were printed on the spine of the book
backbreaking	adj|characterized by effort to the point of exhaustion; especially physical effort|worked their arduous way up the mining valley
backchat	n|light teasing repartee|
backcloth	n|scenery hung at back of stage|
backcross	v|mate a hybrid of the first generation with one of its parents|
backdate	v|make effective from an earlier date|The increase in tax was backdated to January
backdoor	n|an undocumented way to get access to a computer system or the data it contains|	n|an entrance at the rear of a building|	n|a secret or underhand means of access (to a place or a position)|he got his job through the back door
backdown	n|a retraction of a previously held position|
backdrop	n|scenery hung at back of stage|
backed	adj|having a back or backing, usually of a specified type|	adj|used of film that is coated on the side opposite the emulsion with a substance to absorb light|
backer	n|invests in a theatrical production|
backfield	n|the offensive football players who line up behind the linemen|
backfire	n|the backward escape of gases and unburned gunpowder after a gun is fired|	n|a loud noise made by the explosion of fuel in the manifold or exhaust of an internal combustion engine|	n|a fire that is set intentionally in order to slow an approaching forest fire or grassfire by clearing a burned area in its path|	n|a miscalculation that recoils on its maker|
backflow	n|a flow that returns toward its source|
backflowing	n|a flow that returns toward its source|
backgammon	n|a board game for two players; pieces move according to throws of the dice|
backgammon board	n|the board on which backgammon is played|
background	n|a person's social heritage: previous experience or training|he is a lawyer with a sports background	n|the part of a scene (or picture) that lies behind objects in the foreground|he posed her against a background of rolling hills	n|information that is essential to understanding a situation or problem|the embassy filled him in on the background of the incident	n|extraneous signals that can be confused with the phenomenon to be observed or measured|they got a bad connection and could hardly hear one another over the background signals
background knowledge	n|information that is essential to understanding a situation or problem|the embassy filled him in on the background of the incident
background level	n|the amplitude level of the undesired background noise|
background noise	n|extraneous noise contaminating sound measurements that cannot be separated from the desired signal|
background processing	n|the execution of low priority programs while higher priority programs are not using the processing system|
background radiation	n|radiation coming from sources other than those being observed|
background signal	n|extraneous signals that can be confused with the phenomenon to be observed or measured|they got a bad connection and could hardly hear one another over the background signals
backgrounder	n|a press conference or interview in which a government official explains to reporters the background of an action or policy|the secretary gave us a backgrounder on public health issues
backgrounding	n|the execution of low priority programs while higher priority programs are not using the processing system|
backhand	adj|(of racket strokes) made across the body with back of hand facing direction of stroke|	adj|(of handwriting) having the letters slanting backward|	n|a return made with the back of the hand facing the direction of the stroke|	v|hit a tennis ball backhand|
backhand drive	n|a hard straight return made on the backhand side|
backhand shot	n|a return made with the back of the hand facing the direction of the stroke|
backhand stroke	n|a return made with the back of the hand facing the direction of the stroke|
backhanded	adj|(of racket strokes) made across the body with back of hand facing direction of stroke|	adj|roundabout or ambiguous|attacks from that source amounted to a backhanded compliment to his integrity
backhander	n|a backhanded blow|
backhoe	n|an excavator whose shovel bucket is attached to a hinged boom and is drawn backward to move earth|
backing	n|the act of providing approval and support|his vigorous backing of the conservatives got him in trouble with progressives	n|something forming a back that is added for strengthening|	n|financial resources provided to make some project possible|the foundation provided support for the experiment
backlash	n|a movement back from an impact|	n|an adverse reaction to some political or social occurrence|there was a backlash of intolerance	v|come back to the originator of an action with an undesired effect|Your comments may backfire and cause you a lot of trouble
backless	adj|lacking a back|a stool is a backless and armless seat
backlighting	n|lighting from behind|
backlog	n|an accumulation of jobs not done or materials not processed that are yet to be dealt with (especially unfilled customer orders for products or services)|	n|the large log at the back of a hearth fire|	n|something kept back or saved for future use or a special purpose|	v|accumulate and create a backlog|
backmost	adj|located farthest to the rear|
backpack	n|a bag carried by a strap on your back or shoulder|	v|hike with a backpack|Every summer they are backpacking in the Rockies
backpacker	n|a hiker who wears a backpack|
backpacking	n|carrying something in a pack on the back|the backpacking of oxygen is essential for astronauts
backpacking tent	n|a tent that can be carried in a backpack|
backpedal	v|pedal backwards on a bicycle|	v|step backwards, in boxing|	v|modify one's opinion, make it less strong|
backplate	n|plate armor protecting the back; worn as part of a cuirass|
backrest	n|a support that you can lean against while sitting|the back of the dental chair was adjustable
backroom	n|the meeting place of a group of leaders who make their decisions via private negotiations|
backroom boy	n|an expert adviser involved in making important decisions but usually lacking official status|
backsaw	n|a handsaw that is stiffened by metal reinforcement along the upper edge|
backscatter	v|scatter (radiation) by the atoms of the medium through which it passes|
backscratcher	n|someone who is willing to trade favors or services for mutual advantage|	n|a long-handled scratcher for scratching your back|
backseat	n|a secondary or inferior position or status|tennis has had to take a backseat while his work is so demanding	n|a seat at the back of a vehicle (especially the seat at the back of an automobile)|
backseat driver	n|a meddler who insists on giving unwanted advice|
backsheesh	n|a relatively small amount of money given for services rendered (as by a waiter)|
backside	n|the side of an object that is opposite its front|his room was toward the rear of the hotel	n|the fleshy part of the human body that you sit on|he deserves a good kick in the butt
backslap	v|display excessive cordiality (towards)|he is always backslapping his colleagues at staff meetings
backslapper	n|someone who demonstrates enthusiastic or excessive cordiality|
backslide	v|drop to a lower level, as in one's morals or standards|
backslider	n|someone who lapses into previous undesirable patterns of behavior|
backsliding	n|a failure to maintain a higher state|
backspace	n|the typewriter key used for back spacing|	v|hit the backspace key on a computer or typewriter keyboard|To erase, you must backspace
backspace character	n|a control character that indicates moving a space to the left|
backspace key	n|the typewriter key used for back spacing|
backspacer	n|the typewriter key used for back spacing|
backspin	n|spin (usually of a moving ball) that retards or reverses the forward motion|
backstage	n|a stage area out of sight of the audience|	adj|concealed from public view or attention|offstage political meetings	adv|out of view of the public; behind the scenes|Working backstage to gain political support for his proposal	adv|in or to a backstage area of a theater|costumes were changed backstage
backstair	adj|secret and sly or sordid|backstairs gossip
backstairs	adj|secret and sly or sordid|backstairs gossip	n|a second staircase at the rear of a building|
backstay	n|a stay that supports the back of something|
backstitch	v|do backstitches|	n|an overlapping stitch made by starting the next stitch at the middle of the preceding one|
backstop	n|(baseball) the person who plays the position of catcher|	n|(baseball) a fence or screen (as behind home plate) to prevent the ball from traveling out of the playing field|	n|a precaution in case of an emergency|he acted as a backstop in case anything went wrong	v|act as a backstop|
backstroke	n|a swimming stroke that resembles the crawl except the swimmer lies on his or her back|	v|swim on one's back|
backstroker	n|someone who swims the backstroke|
backswept	adj|used of hair|
backswimmer	n|predaceous aquatic insect that swims on its back and may inflict painful bites|
backsword	n|a stick used instead of a sword for fencing|	n|a sword with only one cutting edge|
backtalk	n|an impudent or insolent rejoinder|don't give me any of your sass
backtrack	v|retrace one's course|The hikers got into a storm and had to turn back
backup	n|an accumulation caused by clogging or a stoppage|a traffic backup on the main street	n|someone who takes the place of another (as when things get dangerous or difficult)|the star had a stand-in for dangerous scenes	n|a musical part (vocal or instrumental) that supports or provides background for other musical parts|	n|(computer science) a copy of a file or directory on a separate storage device|he made a backup in case the original was accidentally damaged or erased
backup file	n|(computer science) a computer file dedicated to storing and updating computer backups|
backup man	n|someone who takes the place of another (as when things get dangerous or difficult)|the star had a stand-in for dangerous scenes
backup system	n|a computer system for making backups|
backward	adv|at or to or toward the back or rear|he moved back	adv|in a manner or order or direction the reverse of normal|it's easy to get the `i' and the `e' backward in words like `seize' and `siege'	adv|in or to or toward a past time|set the clocks back an hour	adj|directed or facing toward the back or rear|a backward view
backward and forward	adv|moving from one place to another and back again|he traveled back and forth between Los Angeles and New York
backwardness	n|lack of normal development of intellectual capacities|
backwards	adv|at or to or toward the back or rear|he moved back	adv|in a manner or order or direction the reverse of normal|it's easy to get the `i' and the `e' backward in words like `seize' and `siege'
backwash	n|the flow of air that is driven backwards by an aircraft propeller|	n|the consequences of an event (especially a catastrophic event)|the aftermath of war	n|the wave that spreads behind a boat as it moves forward|the motorboat's wake capsized the canoe
backwater	n|a body of water that was created by a flood or tide or by being held or forced back by a dam|the bayous and backwaters are breeding grounds for mosquitos	n|a place or condition in which no development or progress is occurring|the country is an economic backwater
backwoods	n|a remote and undeveloped area|
backwoodsman	n|a man who lives on the frontier|
backyard	n|the grounds in back of a house|
bacon	n|back and sides of a hog salted and dried or smoked; usually sliced thin and fried|	n|English scientist and Franciscan monk who stressed the importance of experimentation; first showed that air is required for combustion and first used lenses to correct vision (1220-1292)|	n|English statesman and philosopher; precursor of British empiricism; advocated inductive reasoning (1561-1626)|
bacon and eggs	n|European forage plant having claw-shaped pods introduced in America|	n|eggs (fried or scrambled) served with bacon|
bacon rind	n|the rind of bacon|
bacon strip	n|a slice of bacon|
bacon-lettuce-tomato sandwich	n|sandwich filled with slices of bacon and tomato with lettuce|
bacteremia	n|transient presence of bacteria (or other microorganisms) in the blood|
bacteremic	adj|of or relating to or having bacteremia|
bacteria	n|(microbiology) single-celled or noncellular spherical or spiral or rod-shaped organisms lacking chlorophyll that reproduce by fission; important as pathogens and for biochemical properties; taxonomy is difficult; often considered to be plants|
bacteria bed	n|layer of sand or gravel used to expose sewage effluent to air and the action of microorganisms|
bacteria family	n|a family of bacteria|
bacteria genus	n|a genus of bacteria|
bacteria order	n|an order of bacteria|
bacteria species	n|a species of bacteria|
bacteriacide	n|any chemical agent that destroys bacteria|
bacteriaemia	n|transient presence of bacteria (or other microorganisms) in the blood|
bacterial	adj|relating to or caused by bacteria|bacterial infection
bacterial plaque	n|a film of mucus and bacteria deposited on the teeth that encourages the development of dental caries|
bacterial toxin	n|any endotoxin or exotoxin formed in or elaborated by bacterial cells|
bacterially	adv|by bacteria|spreads bacterially
bactericidal	adj|preventing infection by inhibiting the growth or action of microorganisms|
bactericide	n|any chemical agent that destroys bacteria|	n|any drug that destroys bacteria or inhibits their growth|
bacteriemia	n|transient presence of bacteria (or other microorganisms) in the blood|
bacteriochlorophyll	n|a substance in photosensitive bacteria that is related to but different from chlorophyll of higher plants|
bacterioid	adj|resembling bacteria|
bacterioidal	adj|resembling bacteria|
bacteriologic	adj|of or relating to bacteriology|
bacteriological	adj|of or relating to bacteriology|
bacteriological warfare	n|the use of harmful bacteria as a weapon|
bacteriologist	n|a biologist who studies bacteria|
bacteriology	n|the branch of medical science that studies bacteria in relation to disease|
bacteriolysis	n|dissolution or destruction of bacteria|
bacteriolytic	adj|of or relating to or causing bacteriolysis|
bacteriophage	n|a virus that is parasitic (reproduces itself) in bacteria|phage uses the bacterium's machinery and energy to produce more phage until the bacterium is destroyed and phage is released to invade surrounding bacteria
bacteriophagic	adj|of or relating to bacteriophages|
bacteriophagous	adj|of or relating to bacteriophages|
bacteriostasis	n|inhibition of the growth of bacteria|
bacteriostat	n|a chemical or biological material that inhibits bacterial growth|
bacteriostatic	adj|of or relating to or causing bacteriostasis|
bacterise	v|subject to the action of bacteria|
bacterium	n|(microbiology) single-celled or noncellular spherical or spiral or rod-shaped organisms lacking chlorophyll that reproduce by fission; important as pathogens and for biochemical properties; taxonomy is difficult; often considered to be plants|
bacterize	v|subject to the action of bacteria|
bacteroid	adj|resembling bacteria|	n|a rodlike bacterium (especially any of the rod-shaped or branched bacteria in the root nodules of nitrogen-fixing plants)|
bacteroidaceae	n|family of bacteria living usually in the alimentary canal or on mucous surfaces of warm-blooded animals; sometimes associated with acute infective processes|
bacteroidal	adj|resembling bacteria|
bacteroides	n|type genus of Bacteroidaceae; genus of Gram-negative rodlike anaerobic bacteria producing no endospores and no pigment and living in the gut of man and animals|
bactrian camel	n|two-humped camel of the cold deserts of central Asia|
baculiform	adj|formed like a bacillus|
bad	adj|having undesirable or negative qualities|a bad report card	adj|very intense|a bad headache	adj|feeling physical discomfort or pain (`tough' is occasionally used colloquially for `bad')|my throat feels bad	adj|(of foodstuffs) not in an edible or usable condition|bad meat
bad block	n|(computer science) a block (usually one sector) that cannot reliably hold data|
bad blood	n|a feeling of ill will arousing active hostility|
bad check	n|a check that is dishonored on presentation because of insufficient funds|issuing a bad check is a form of larceny
bad cheque	n|a check that is dishonored on presentation because of insufficient funds|issuing a bad check is a form of larceny
bad debt	n|a debt that is unlikely to be repaid|
bad egg	n|(old-fashioned slang) a bad person|
bad fairy	n|a fairy that tends to cause harm|
bad guy	n|any person who is not on your side|
bad hat	n|someone who deliberately stirs up trouble|
bad lands	n|an eroded and barren region in southwestern South Dakota and northwestern Nebraska|
bad luck	n|an unfortunate state resulting from unfavorable outcomes|	n|an unpredictable outcome that is unfortunate|if I didn't have bad luck I wouldn't have any luck at all	n|unnecessary and unforeseen trouble resulting from an unfortunate event|
bad manners	n|impoliteness resulting from ignorance|
bad person	n|a person who does harm to others|
bad temper	n|a persisting angry mood|
bad weather	n|weather unsuitable for outdoor activities|
bad-mannered	adj|socially incorrect in behavior|resentment flared at such an unmannered intrusion
bad-tempered	adj|annoyed and irritable|
badaga	n|a member of an agricultural people of southern India|	n|the dialect of Kannada that is spoken by the Badaga|
baddeleyite	n|a mineral consisting of zirconium oxide|
baddie	n|the principal bad character in a film or work of fiction|
bade	n|a Chadic language spoken in northern Nigeria|
badge	n|an emblem (a small piece of plastic or cloth or metal) that signifies your status (rank or membership or affiliation etc.)|they checked everyone's badge before letting them in	n|any feature that is regarded as a sign of status (a particular power or quality or rank)|wearing a tie was regarded as a badge of respectability	v|put a badge on|The workers here must be badged
badger	v|annoy persistently|The children teased the boy because of his stammer	v|persuade through constant efforts|	n|a native or resident of Wisconsin|	n|sturdy carnivorous burrowing mammal with strong claws; widely distributed in the northern hemisphere|
badger dog	n|small long-bodied short-legged German breed of dog having a short sleek coat and long drooping ears; suited for following game into burrows|
badger skunk	n|large naked-muzzled skunk with white back and tail; of southwestern North America and Mexico|
badgerer	n|someone who tries to embarrass you with gibes and questions and objections|
badgering	n|the act of harassing someone|
badinage	n|frivolous banter|
badlands	n|deeply eroded barren land|	n|an eroded and barren region in southwestern South Dakota and northwestern Nebraska|
badlands national park	n|a national park in South Dakota having multicolored peaks and spires resulting from erosion; fossil sites|
badly	adv|to a severe or serious degree|fingers so badly frozen they had to be amputated	adv|(`ill' is often used as a combining form) in a poor or improper or unsatisfactory manner; not well|he was ill prepared	adv|evilly or wickedly|treated his parents badly	adv|in a disobedient or naughty way|he behaved badly in school
badminton	n|a game played on a court with light long-handled rackets used to volley a shuttlecock over a net|
badminton court	n|the court on which badminton is played|
badminton equipment	n|equipment for playing the game of badminton|
badminton racket	n|a light long-handled racket used by badminton players|
badminton racquet	n|a light long-handled racket used by badminton players|
badmouth	v|speak unfavorably about|She badmouths her husband everywhere
badness	n|that which is below standard or expectations as of ethics or decency|take the bad with the good	n|used of the degree of something undesirable e.g. pain or weather|	n|an attribute of mischievous children|
baeda	n|(Roman Catholic Church) English monk and scholar (672-735)|
baedeker	n|German publisher of a series of travel guidebooks (1801-1859)|	n|any of a series of travel guidebooks published by the German firm founded by Karl Baedeker|
baffin bay	n|a body of water between Greenland and northeastern Canada; connected with the Arctic Ocean to the north and with the Atlantic Ocean (via the Labrador Sea) to the south; icebound in winter|
baffin island	n|the 5th largest island and the largest island of Arctic Canada; lies between Greenland and Hudson Bay|
baffle	v|be a mystery or bewildering to|This beats me!	v|hinder or prevent (the efforts, plans, or desires) of|What ultimately frustrated every challenger was Ruth's amazing September surge	v|restrain the emission of (sound, fluid, etc.)|	n|a flat plate that controls or directs the flow of fluid or energy|
baffle board	n|a flat plate that controls or directs the flow of fluid or energy|
baffled	n|people who are frustrated and perplexed|the children's faces clearly expressed the frustration of the baffled	adj|perplexed by many conflicting situations or statements; filled with bewilderment|obviously bemused by his questions
bafflement	n|confusion resulting from failure to understand|
baffling	adj|making great mental demands; hard to comprehend or solve or believe|a baffling problem
bag	n|a flexible container with a single opening|he stuffed his laundry into a large bag	n|the quantity of game taken in a particular period (usually by one person)|his bag included two deer	n|a place that the runner must touch before scoring|he scrambled to get back to the bag	n|a container used for carrying money and small personal items or accessories (especially by women)|she reached into her bag and found a comb
bag lady	n|a homeless woman who carries all her possessions with her in shopping bags|
bag of tricks	n|a supply of ways of accomplishing something|every good mechanic has a large bag of tricks
bag-shaped	adj|shaped like a bag|
bagascosis	n|alveolitis caused by inhaling bagasse (sugarcane dust)|
bagasse	n|the dry dusty pulp that remains after juice is extracted from sugar cane or similar plants|
bagassosis	n|alveolitis caused by inhaling bagasse (sugarcane dust)|
bagatelle	n|a light piece of music for piano|	n|something of little value or significance|	n|a table game in which short cues are used to knock balls into holes that are guarded by wooden pegs; penalties are incurred if the pegs are knocked over|
bagdad	n|capital and largest city of Iraq; located on the Tigris River|Baghdad is one of the great cities of the Muslim world
bagel	n|(Yiddish) glazed yeast-raised doughnut-shaped roll with hard crust|
bagful	n|the quantity that a bag will hold|he ate a large bag of popcorn
baggage	n|cases used to carry belongings when traveling|	n|a worthless or immoral woman|	n|the portable equipment and supplies of an army|
baggage car	n|a railway car where passengers' bags are carried|
baggage claim	n|an area in an airport where arriving passengers can collect the luggage that has been carried in the hold of the aircraft|
baggageman	n|an attendant who takes care of baggage|
bagger	n|a workman employed to pack things into containers|	n|a machine for putting objects or substances into bags|
bagging	n|coarse fabric used for bags or sacks|
baggy	adj|not fitting closely; hanging loosely|baggy trousers
baghdad	n|capital and largest city of Iraq; located on the Tigris River|Baghdad is one of the great cities of the Muslim world
bagman	n|a salesman who travels to call on customers|	n|a racketeer assigned to collect or distribute payoff money|
bagnio	n|a building where prostitutes are available|	n|a building containing public baths|
bagpipe	n|a tubular wind instrument; the player blows air into a bag and squeezes it out through the drone|
bagpiper	n|someone who plays the bagpipe|
baguet	n|narrow French stick loaf|
baguette	n|narrow French stick loaf|
bahai	adj|of or relating to Bahaism|	n|a teacher of or believer in Bahaism|
bahama islands	n|island country in the Atlantic to the east of Florida and Cuba; a popular winter resort|
bahamas	n|island country in the Atlantic to the east of Florida and Cuba; a popular winter resort|
bahamian	adj|of or relating to or characteristic of the Bahama Islands or their inhabitants|Bahamian population	n|a native or inhabitant of the Bahamas|
bahamian dollar	n|the basic unit of money in the Bahamas|
bahasa	n|the dialect of Malay used as the national language of the Republic of Indonesia or of Malaysia|
bahasa indonesia	n|the dialect of Malay used as the national language of the Republic of Indonesia or of Malaysia|
bahasa kebangsaan	n|the Malay language spoken in Malaysia|
bahasa malaysia	n|the Malay language spoken in Malaysia|
bahasa melayu	n|the Malay language spoken in Malaysia|
bahia blanca	n|a port city in eastern Argentina to the southwest of Buenos Aires on an inlet of the Atlantic Ocean|
bahia coquilla	n|Brazilian palm yielding fibers used in making ropes, mats, and brushes|
bahia piassava	n|Brazilian palm yielding fibers used in making ropes, mats, and brushes|
bahrain	n|an island in the Persian Gulf|	n|an island country in the Persian Gulf off the coast of Saudi Arabia; oil revenues funded progressive programs until reserves were exhausted in 1970s|
bahrain dinar	n|the basic unit of money in Bahrain; equal to 1,000 fils|
bahrain island	n|an island in the Persian Gulf|
bahraini	adj|of or relating to or characteristic of Bahrain or its people or language|Bahraini beaches	n|a native or inhabitant of Bahrain|
bahrainian monetary unit	n|monetary unit in Bahrain|
bahrein	n|an island in the Persian Gulf|	n|an island country in the Persian Gulf off the coast of Saudi Arabia; oil revenues funded progressive programs until reserves were exhausted in 1970s|
bahrein island	n|an island in the Persian Gulf|
bahreini	n|a native or inhabitant of Bahrain|
baht	n|the basic unit of money in Thailand|
bai	n|the Tibeto-Burman language spoken in the Dali region of Yunnan|
baic	n|the Tibeto-Burman language spoken in the Dali region of Yunnan|
baikal	n|the largest freshwater lake in Asia or Europe and the deepest lake in the world|
bail	n|(criminal law) money that must be forfeited by the bondsman if an accused person fails to appear in court for trial|the judge set bail at $10,000	n|the legal system that allows an accused person to be temporarily released from custody (usually on condition that a sum of money guarantees their appearance at trial)|he is out on bail	v|release after a security has been paid|	v|deliver something in trust to somebody for a special purpose and for a limited period|
bail bond	n|(criminal law) money that must be forfeited by the bondsman if an accused person fails to appear in court for trial|the judge set bail at $10,000
bail out	v|free on bail|	v|remove (water) from a boat by dipping and throwing over the side|
bailable	adj|admitting of bail|a bailable offense	adj|eligible for bail|a bailable defendant
bailee	n|the agent to whom property involved in a bailment is delivered|
bailey	n|English lexicographer who was the first to treat etymology consistently; his work was used as a reference by Samuel Johnson (died in 1742)|	n|the outer courtyard of a castle|	n|the outer defensive wall that surrounds the outer courtyard of a castle|
bailey bridge	n|a temporary bridge designed for rapid construction|
bailiff	n|an officer of the court who is employed to execute writs and processes and make arrests etc.|
bailiffship	n|the office of bailiff|
bailiwick	n|the area over which a bailiff has jurisdiction|	n|a branch of knowledge|in what discipline is his doctorate?
bailment	n|the delivery of personal property in trust by the bailor to the bailee|
bailor	n|the person who delivers personal property (goods or money) in trust to the bailee in a bailment|
bain-marie	n|a large pan that is filled with hot water; smaller pans containing food can be set in the larger pan to keep food warm or to cook food slowly|
baiomys	n|pygmy mice|
baiomys taylori	n|very small dark greyish brown mouse resembling a house mouse; of Texas and Mexico|
bairava	n|epithet of Siva|the terrible Bairava
bairdiella	n|drumfish|
bairiki	n|national capital of Kiribati|
bairn	n|a child: son or daughter|
baisa	n|1,000 baiza equal 1 riyal-omani in Oman|
baisakh	n|the second month of the Hindu calendar|
bait	n|anything that serves as an enticement|	n|something used to lure fish or other animals into danger so they can be trapped or killed|	v|harass with persistent criticism or carping|The children teased the new teacher	v|lure, entice, or entrap with bait|
bait and switch	n|a deceptive way of selling that involves advertising a product at a very low price in order to attract customers who are then persuaded to switch to a more expensive product|
bait casting	n|the single-handed rod casting of a relatively heavy (artificial) bait|
baiting	n|harassment especially of a tethered animal|
baiza	n|1,000 baiza equal 1 riyal-omani in Oman|
baize	n|a bright green fabric napped to resemble felt; used to cover gaming tables|
baja california	n|a mountainous peninsula on northwest Mexico|
bake	v|cook and make edible by putting in a hot oven|bake the potatoes	v|prepare with dry heat in an oven|bake a cake	v|heat by a natural force|The sun broils the valley in the summer	v|be very hot, due to hot weather or exposure to the sun|The town was broiling in the sun
bakeapple	n|creeping raspberry of north temperate regions with yellow or orange berries|
baked	adj|dried out by heat or excessive exposure to sunlight|a vast desert all adust	adj|(bread and pastries) cooked by dry heat (as in an oven)|baked goods
baked alaska	n|cake covered with ice cream and meringue browned quickly in an oven|
baked egg	n|egg cooked individually in cream or butter in a small ramekin|
baked goods	n|foods (like breads and cakes and pastries) that are cooked in an oven|
baked potato	n|potato that has been cooked by baking it in an oven|
baked-apple berry	n|creeping raspberry of north temperate regions with yellow or orange berries|
bakehouse	n|a workplace where baked goods (breads and cakes and pastries) are produced or sold|
bakelite	n|a thermosetting plastic used as electric insulators and for making plastic ware and telephone receivers etc.|
baker	n|someone who bakes commercially|	n|someone who bakes bread or cake|
baker's dozen	n|the cardinal number that is the sum of twelve and one|
baker's eczema	n|allergic eczema caused by flour or other ingredients handled by bakers|
baker's yeast	n|used as a leaven in baking and brewing|
bakersfield	n|a city in south central California at the southern end of the San Joaquin Valley|
bakery	n|a workplace where baked goods (breads and cakes and pastries) are produced or sold|
bakeshop	n|a workplace where baked goods (breads and cakes and pastries) are produced or sold|
baking	adj|as hot as if in an oven|	n|making bread or cake or pastry etc.|	n|cooking by dry heat in an oven|
baking chocolate	n|pure unsweetened chocolate used in baking and icings and sauces and candy|
baking hot	adj|as hot as if in an oven|
baking powder	n|any of various powdered mixtures used in baking as a substitute for yeast|
baking soda	n|a white soluble compound (NaHCO3) used in effervescent drinks and in baking powders and as an antacid|
baking tray	n|a cooking utensil consisting of a flat rectangular metal sheet used for baking cookies or biscuits|
baking-powder biscuit	n|leavened with baking powder|
bakke decision	n|a ruling by the Supreme Court on affirmative action; the Court ruled in 1978 that medical schools are entitled to consider race as a factor in their admission policy|
baklava	n|rich Middle Eastern cake made of thin layers of flaky pastry filled with nuts and honey|
baksheesh	n|a relatively small amount of money given for services rendered (as by a waiter)|
bakshis	n|a relatively small amount of money given for services rendered (as by a waiter)|
bakshish	n|a relatively small amount of money given for services rendered (as by a waiter)|
baku	n|a port city on the Caspian Sea that is the capital of Azerbaijan and an important center for oil production|
bakunin	n|Russian anarchist; ally and later opponent of Karl Marx (1814-1876)|
balaclava	n|a cap that is close-fitting and woolen and covers all of the head but the face|
balaclava helmet	n|a cap that is close-fitting and woolen and covers all of the head but the face|
balaena	n|type genus of the Balaenidae: Greenland whales|
balaena mysticetus	n|large-mouthed Arctic whale|
balaeniceps	n|type genus of the Balaenicipitidae: shoebills|
balaeniceps rex	n|large stork-like bird of the valley of the White Nile with a broad bill suggesting a wooden shoe|
balaenicipitidae	n|shoebills|
balaenidae	n|right whales|
balaenoptera	n|type genus of the Balaenopteridae|
balaenoptera acutorostrata	n|small finback of coastal waters of Atlantic and Pacific|
balaenoptera borealis	n|similar to but smaller than the finback whale|
balaenoptera musculus	n|largest mammal ever known; bluish-grey migratory whalebone whale mostly of southern hemisphere|
balaenoptera physalus	n|large flat-headed whalebone whale having deep furrows along the throat; of Atlantic and Pacific|
balaenopteridae	n|rorquals; blue whales|
balagan	n|a word for chaos or fiasco borrowed from modern Hebrew (where it is a loan word from Russian)|it was utter and complete balagan!
balalaika	n|a stringed instrument that has a triangular body and three strings|
balance	v|bring into balance or equilibrium|She has to balance work and her domestic duties	v|compute credits and debits of an account|	v|hold or carry in equilibrium|	v|be in equilibrium|He was balancing on one foot
balance beam	n|a gymnastic apparatus used by women gymnasts|
balance of international payments	n|a system of recording all of a country's economic transactions with the rest of the world over a period of one year|a favorable balance of payments exists when more payments are coming in than going out
balance of payments	n|a system of recording all of a country's economic transactions with the rest of the world over a period of one year|a favorable balance of payments exists when more payments are coming in than going out
balance of power	n|an equilibrium of power between nations|
balance of trade	n|the difference in value over a period of time of a country's imports and exports of merchandise|a nation's balance of trade is favorable when its exports exceed its imports
balance sheet	n|a record of the financial situation of an institution on a particular date by listing its assets and the claims against those assets|
balance wheel	n|a wheel that regulates the rate of movement in a machine; especially a wheel oscillating against the hairspring of a timepiece to regulate its beat|
balance-of-payments problem	n|an economic problem caused by payments for imports being greater than receipts for exports|
balanced	adj|being in a state of proper equilibrium|the carefully balanced seesaw
balanced budget	n|a budget is balanced when current expenditures are equal to receipts|
balanced diet	n|a diet that contains adequate amounts of all the necessary nutrients required for healthy growth and activity|
balancer	n|an acrobat who balances himself in difficult positions|	n|either of the rudimentary hind wings of dipterous insects; used for maintaining equilibrium during flight|
balancing	n|getting two things to correspond|the reconciliation of his checkbook and the bank statement
balanidae	n|stalkless barnacles|
balanitis	n|inflammation of the head of the penis|
balanoposthitis	n|inflammation of both the head of the penis and the foreskin|
balanus	n|type genus of the family Balanidae|
balanus balanoides	n|barnacle that attaches to rocks especially in intertidal zones|
balarama	n|elder brother of Krishna; an incarnation of Vishnu|
balas	n|a pale rose-colored variety of the ruby spinel|
balas ruby	n|a pale rose-colored variety of the ruby spinel|
balata	n|when dried yields a hard substance used e.g. in golf balls|	n|a tropical hardwood tree yielding balata gum and heavy red timber|
balata tree	n|a tropical hardwood tree yielding balata gum and heavy red timber|
balaton	n|a large shallow lake in western Hungary|
balboa	n|the basic unit of money in Panama; equal to 100 centesimos|	n|Spanish explorer who in 1513 crossed the Isthmus of Darien and became the first European to see the eastern shores of the Pacific Ocean (1475-1519)|
balbriggan	n|a cotton knit fabric used for underwear|
balconied	adj|having balconies or a balcony|the balconied houses of New Orleans
balcony	n|an upper floor projecting from the rear over the main floor in an auditorium|	n|a platform projecting from the wall of a building and surrounded by a balustrade or railing or parapet|
bald	adj|with no effort to conceal|a barefaced lie	adj|lacking hair on all or most of the scalp|a bald pate	adj|without the natural or usual covering|a bald spot on the lawn	v|grow bald; lose hair on one's head|He is balding already
bald cypress	n|smaller than and often included in the closely related Taxodium distichum|
bald eagle	n|a large eagle of North America that has a white head and dark wings and body|
bald-faced	adj|(of animals) having white markings on the face|	adj|unrestrained by convention or propriety|an audacious trick to pull
bald-headed	adj|lacking hair on all or most of the scalp|a bald pate
bald-pated	adj|lacking hair on all or most of the scalp|a bald pate
baldachin	n|ornamented canopy supported by columns or suspended from a roof or projected from a wall (as over an altar)|
balder	n|(Norse mythology) god of light and peace and noted for his beauty and sweet nature; son of Odin and Frigg and husband of Nanna; killed by Hoth|
balderdash	n|trivial nonsense|
baldhead	n|a person whose head is bald or shaved|
balding	adj|getting bald|
baldly	adv|in a bald manner|this book is, to put it baldly, an uneven work.
baldness	n|the condition of having no hair on the top of the head|
baldpate	n|a person whose head is bald or shaved|	n|a widgeon the male of which has a white crown|
baldr	n|(Norse mythology) god of light and peace and noted for his beauty and sweet nature; son of Odin and Frigg and husband of Nanna; killed by Hoth|
baldric	n|a wide (ornamented) belt worn over the right shoulder to support a sword or bugle by the left hip|
baldrick	n|a wide (ornamented) belt worn over the right shoulder to support a sword or bugle by the left hip|
baldwin	n|English statesman; member of the Conservative Party (1867-1947)|
baldy	n|a person whose head is bald or shaved|
bale	n|a large bundle bound for storage or transport|	n|a city in northwestern Switzerland|	v|make into a bale|bale hay
bale out	v|remove (water) from a boat by dipping and throwing over the side|
balearic islands	n|an archipelago in the western Mediterranean off the eastern coast of Spain|
baleen	n|a horny material from the upper jaws of certain whales; used as the ribs of fans or as stays in corsets|
baleen whale	n|whale with plates of whalebone along the upper jaw for filtering plankton from the water|
balefire	n|a large outdoor fire that is lighted as a signal or in celebration|
baleful	adj|deadly or sinister|the Florida eagles have a fierce baleful look	adj|threatening or foreshadowing evil or tragic developments|a baleful look
balefully	adv|in a baleful manner|she looked at him balefully
balefulness	n|the quality or nature of being harmful or evil|
balenciaga	n|Spanish fashion designer known for his stark elegant designs (1895-1972)|
balfour	n|English statesman; member of the Conservative Party (1848-1930)|
bali	n|an island in Indonesia to the east of Java; striking volcanic scenery; culture is known for elaborate dances and rituals and for handicrafts|
balibago	n|shrubby tree widely distributed along tropical shores; yields a light tough wood used for canoe outriggers and a fiber used for cordage and caulk; often cultivated for ornament|
balinese	n|the Indonesian language of the people of Bali|
baling wire	n|wire used to make bales|
balistes	n|type genus of the Balistidae|
balistes vetula	n|tropical Atlantic fish|
balistidae	n|triggerfishes|
balk	v|refuse to comply|	n|the area on a billiard table behind the balkline|a player with ball in hand must play from the balk	n|something immaterial that interferes with or delays action or progress|	n|one of several parallel sloping beams that support a roof|
balkan	n|an inhabitant of the Balkan Peninsula|
balkan country	n|any one of the countries on the Balkan Peninsula|
balkan mountain range	n|the major mountain range of Bulgaria and the Balkan Peninsula|
balkan mountains	n|the major mountain range of Bulgaria and the Balkan Peninsula|
balkan nation	n|any one of the countries on the Balkan Peninsula|
balkan peninsula	n|a large peninsula in southeastern Europe containing the Balkan Mountain Range|
balkan state	n|any one of the countries on the Balkan Peninsula|
balkan wars	n|two wars (1912-1913) that were fought over the last of the European territories of the Ottoman Empire and that left the area around Constantinople (now Istanbul) as the only Ottoman territory in Europe|
balkanise	v|divide a territory into small, hostile states|
balkanize	v|divide a territory into small, hostile states|
balkans	n|the major mountain range of Bulgaria and the Balkan Peninsula|	n|a large peninsula in southeastern Europe containing the Balkan Mountain Range|	n|the Balkan countries collectively|
balker	n|a person who refuses to comply|
balkiness	n|likely to stop abruptly and unexpectedly|
balking	adj|stopping short and refusing to go on|a balking
balkline	n|line across a billiard table behind which the cue balls are placed at the start of a game|
balky	adj|stopping short and refusing to go on|a balking
ball	n|round object that is hit or thrown or kicked in games|the ball travelled 90 mph on his serve	n|a solid projectile that is shot by a musket|they had to carry a ramrod as well as powder and ball	n|an object with a spherical shape|a ball of fire	n|the people assembled at a lavish formal dance|the ball was already emptying out before the fire alarm sounded
ball and chain	n|heavy iron ball attached to a prisoner by a chain|
ball bearing	n|bearings containing small metal balls|
ball boy	n|a boy who retrieves balls for tennis players|
ball carrier	n|(football) the player who is carrying (and trying to advance) the ball on an offensive play|
ball cartridge	n|a general purpose cartridge having a primer and a ball and a full charge of powder|
ball club	n|a team of professional baseball players who play and travel together|each club played six home games with teams in its own division
ball cock	n|floating ball that controls level in a water tank|
ball fern	n|feathery fern of tropical Asia and Malaysia|
ball field	n|the baseball playing field|
ball game	n|a field game played with a ball (especially baseball)|
ball gown	n|the most formal gown; worn to a ball|
ball hawk	n|a team athlete who is skilled at stealing or catching the ball|
ball hawking	n|a skillful maneuver in catching balls or in stealing the ball from the opposing team|
ball of fire	n|a highly energetic and indefatigable person|	n|someone whose career progresses rapidly|
ball over	v|surprise greatly; knock someone's socks off|I was floored when I heard that I was promoted
ball up	v|make a mess of, destroy or ruin|I botched the dinner and we had to eat out
ball valve	n|any valve that checks flow by the seating of a ball|
ball-and-socket joint	n|a freely moving joint in which a sphere on the head of one bone fits into a rounded cavity in the other bone|	n|a joint that can rotate within a socket|
ball-breaker	n|a demanding woman who destroys men's confidence|	n|a job or situation that is demanding and arduous and punishing|Vietnam was a ball-breaker
ball-buster	n|a demanding woman who destroys men's confidence|	n|a job or situation that is demanding and arduous and punishing|Vietnam was a ball-breaker
ball-hawking	adj|used of a player skilled in stealing the ball or robbing a batter of a hit|a ball-hawking center fielder
ball-peen hammer	n|a hammer with one round and one flat end; used in working metal|
ball-shaped	adj|having the shape of a sphere or ball|a spherical object
ballad	n|a narrative song with a recurrent refrain|	n|a narrative poem of popular origin|
ballad maker	n|a composer of words or music for popular songs|
ballade	n|a poem consisting of 3 stanzas and an envoy|
balladeer	n|a singer of popular ballads|
ballast	n|any heavy material used to stabilize a ship or airship|	n|coarse gravel laid to form a bed for streets and railroads|	n|an attribute that tends to give stability in character and morals; something that steadies the mind or feelings|	n|a resistor inserted into a circuit to compensate for changes (as those arising from temperature fluctuations)|
ballast resistor	n|a resistor inserted into a circuit to compensate for changes (as those arising from temperature fluctuations)|
ballcock	n|floating ball that controls level in a water tank|
balldress	n|a suit or dress for formal occasions|
ballerina	n|a female ballet dancer|
ballet	n|a theatrical representation of a story that is performed to music by trained dancers|	n|music written for a ballet|
ballet company	n|a company that produces ballets|
ballet dancer	n|a trained dancer who is a member of a ballet company|
ballet master	n|a man who directs and teaches and rehearses dancers for a ballet company|
ballet mistress	n|a woman who directs and teaches and rehearses dancers for a ballet company|
ballet position	n|classical position of the body and especially the feet in ballet|
ballet skirt	n|very short skirt worn by ballerinas|
balletic	adj|characteristic of or resembling or suitable for ballet|
balletomane	n|a ballet enthusiast|
balletomania	n|extraordinary enthusiasm for ballets|
ballgame	n|a particular situation that is radically different from the preceding situation|HDTV looks the same but it's really a whole new ballgame	n|a field game played with a ball (especially baseball)|
ballista	n|an engine that provided medieval artillery used during sieges; a heavy war engine for hurling large stones and other missiles|
ballistic	adj|relating to or characteristic of the motion of objects moving under their own momentum and the force of gravity|ballistic missile
ballistic capsule	n|a craft capable of traveling in outer space; technically, a satellite around the sun|
ballistic fingerprinting	n|identification of the gun that fired a bullet from an analysis of the unique marks that every gun makes on the bullet it fires and on the shell ejected from it|
ballistic galvanometer	n|a moving-coil galvanometer that measures electric charge|
ballistic identification	n|identification of the gun that fired a bullet from an analysis of the unique marks that every gun makes on the bullet it fires and on the shell ejected from it|
ballistic missile	n|a missile that is guided in the first part of its flight but falls freely as it approaches target|
ballistic missile defense organization	n|an agency in the Department of Defense that is responsible for making ballistic missile defense a reality|
ballistic pendulum	n|a physical pendulum consisting of a large mass suspended from a rod; when it is struck by a projectile its displacement is used to measure the projectile's velocity|
ballistic trajectory	n|the trajectory of an object in free flight|
ballistics	n|the trajectory of an object in free flight|	n|the science of flight dynamics|
ballistite	n|an explosive (trade name Ballistite) that burns with relatively little smoke; contains pyrocellulose and is used as a propellant|
ballistocardiogram	n|a graphical recording made by a ballistocardiograph|
ballistocardiograph	n|a medical instrument that measures the mechanical force of cardiac contractions and the amount of blood passing through the heart during a specified period by measuring the recoil of the body as blood is pumped from the ventricles|
ballock	n|one of the two male reproductive glands that produce spermatozoa and secrete androgens|she kicked him in the balls and got away
balloon	n|large tough nonrigid bag filled with gas or heated air|	n|small thin inflatable rubber bag with narrow neck|	v|ride in a hot-air balloon|He tried to balloon around the earth but storms forced him to land in China	v|become inflated|The sails ballooned
balloon bomb	n|a bomb carried by a balloon|In World War II the Japanese launched balloon bombs against North America
balloon flower	n|fragrant puffed-up white to reddish-pink flowers in long narrow clusters on erect stems; Arizona to New Mexico and Utah|
balloon sail	n|any light loose sail|
balloon seat	n|a seat that has a bell shape (on some 18th century chairs)|
balloon vine	n|woody perennial climbing plant with large ornamental seed pods that resemble balloons; tropical India and Africa and America|
balloonfish	n|similar to but smaller than porcupinefish|
ballooning	n|flying in a balloon|
balloonist	n|someone who flies a balloon|
ballot	n|a document listing the alternatives that is used in voting|	n|a choice that is made by counting the number of people in favor of each alternative|there were only 17 votes in favor of the motion	v|vote by ballot|The voters were balloting in this state
ballot box	n|a box where voters deposit their ballots|
ballota	n|perennial herbs or subshrubs of especially Mediterranean area: black horehound|
ballota nigra	n|ill-smelling European herb with rugose leaves and whorls of dark purple flowers|
balloting	n|a choice that is made by counting the number of people in favor of each alternative|there were only 17 votes in favor of the motion
ballottement	n|a palpatory technique for feeling a floating object in the body (especially for determining the position of a fetus by feeling the rebound of the fetus after a quick digital tap on the wall of the uterus)|
ballpark	n|a facility in which ball games are played (especially baseball games)|take me out to the ballpark	n|near to the scope or range of something|his answer wasn't even in the right ballpark
ballpen	n|a pen that has a small metal ball as the point of transfer of ink to paper|
ballplayer	n|an athlete who plays baseball|
ballpoint	n|a pen that has a small metal ball as the point of transfer of ink to paper|
ballpoint pen	n|a pen that has a small metal ball as the point of transfer of ink to paper|
ballroom	n|large room used mainly for dancing|
ballroom dance	n|any of a variety of social dances performed by couples in a ballroom|
ballroom dancing	n|any of a variety of social dances performed by couples in a ballroom|
ballroom music	n|a genre of popular music composed for ballroom dancing|
balls-up	n|something badly botched or muddled|
ballup	n|something badly botched or muddled|
bally	adj|informal intensifiers|what a bally (or blinking) nuisance
ballyhoo	n|blatant or sensational promotion|	v|advertize noisily or blatantly|
ballyhoo artist	n|someone who uses exaggerated or lurid material in order to gain public attention|
ballyrag	v|be bossy towards|Her big brother always bullied her when she was young
balm	n|any of various aromatic resinous substances used for healing and soothing|	n|semisolid preparation (usually containing a medicine) applied externally as a remedy or for soothing an irritation|
balm of gilead	n|medium-sized fir of northeastern North America; leaves smell of balsam when crushed; much used for pulpwood and Christmas trees|	n|a fragrant oleoresin|	n|small evergreen tree of Africa and Asia; leaves have a strong aromatic odor when bruised|
balmily	adv|in a mildly insane manner|the old lady is beginning to behave quite dottily
balminess	n|the quality of weather that is deliciously mild and soothing|the day's heat faded into balminess
balmoral	n|a sturdy laced walking shoe|	n|a brimless dark blue Scottish cap with a flat top and a plume on one side|
balmoral castle	n|a castle in northeastern Scotland that is a private residence of the British sovereign|
balmy	adj|informal or slang terms for mentally irregular|it used to drive my husband balmy	adj|mild and pleasant|balmy days and nights
balochi	n|an Iranian language spoken in Pakistan and Iran and Afghanistan and Russia and the Persian gulf|
baloney	n|pretentious or silly talk or writing|
balsa	n|strong lightweight wood of the balsa tree used especially for floats|	n|forest tree of lowland Central America having a strong very light wood; used for making floats and rafts and in crafts|
balsa raft	n|a light raft made of balsa|
balsa wood	n|strong lightweight wood of the balsa tree used especially for floats|
balsam	n|any seed plant yielding balsam|	n|any of various fragrant oleoresins used in medicines and perfumes|	n|an ointment containing a fragrant resin|
balsam apple	n|a tropical Old World flowering vine with red or orange warty fruit|
balsam capivi	n|an oleoresin used in varnishes and ointments|
balsam family	n|distinguished from the family Geraniaceae by the irregular flowers|
balsam fir	n|medium-sized fir of northeastern North America; leaves smell of balsam when crushed; much used for pulpwood and Christmas trees|
balsam herb	n|tansy-scented Eurasian perennial herb with buttonlike yellow flowers; used as potherb or salad green and sometimes for potpourri or tea or flavoring; sometimes placed in genus Chrysanthemum|
balsam of peru	n|dark brown syrupy balsam from the Peruvian balsam tree used especially in dressing wounds and treating certain skin diseases|
balsam of tolu	n|aromatic yellowish brown balsam from the tolu balsam tree used especially in cough syrups|
balsam pear	n|tropical Old World vine with yellow-orange fruit|
balsam poplar	n|poplar of northeastern North America with broad heart-shaped leaves|
balsam willow	n|small shrubby tree of eastern North America having leaves exuding an odor of balsam when crushed|
balsam woolly aphid	n|a variety of adelgid|
balsam-scented	adj|smelling of balsam resin|
balsamic	adj|of or relating to or containing balsam|a balsamic fragrance
balsaminaceae	n|distinguished from the family Geraniaceae by the irregular flowers|
balsamroot	n|a plant of the genus Balsamorhiza having downy leaves in a basal rosette and yellow flowers and long balsam-scented taproots|
balsamy	adj|of or relating to or containing balsam|a balsamic fragrance
balthasar	n|(New Testament) one of the three sages from the east who came bearing gifts for the infant Jesus|
balthazar	n|(New Testament) one of the three sages from the east who came bearing gifts for the infant Jesus|
baltic	adj|of or pertaining to or characteristic of the Baltic States or their peoples or languages|	adj|of or near or on the Baltic Sea|The Baltic republics	n|a sea in northern Europe; stronghold of the Russian navy|	n|a branch of the Indo-European family of languages related to the Slavonic languages; Baltic languages have preserved many archaic features that are believed to have existed in Proto-Indo European|
baltic language	n|a branch of the Indo-European family of languages related to the Slavonic languages; Baltic languages have preserved many archaic features that are believed to have existed in Proto-Indo European|
baltic republic	n|European countries bordering the Baltic Sea|
baltic sea	n|a sea in northern Europe; stronghold of the Russian navy|
baltic state	n|European countries bordering the Baltic Sea|
baltic-finnic	n|a group of Finnic languages including Finnish and Estonian|
baltimore	n|the largest city in Maryland; a major seaport and industrial center|
baltimore bird	n|eastern subspecies of northern oriole|
baltimore oriole	n|eastern subspecies of northern oriole|
balto-slavic	n|a family of Indo-European languages including the Slavic and Baltic languages|
balto-slavic language	n|a family of Indo-European languages including the Slavic and Baltic languages|
balto-slavonic	n|a family of Indo-European languages including the Slavic and Baltic languages|
baluchi	n|an Iranian language spoken in Pakistan and Iran and Afghanistan and Russia and the Persian gulf|
baluster	n|one of a number of closely spaced supports for a railing|
balusters	n|a railing at the side of a staircase or balcony to prevent people from falling|
balustrade	n|a railing at the side of a staircase or balcony to prevent people from falling|
balzac	n|French novelist; he portrays the complexity of 19th century French society (1799-1850)|
balzacian	adj|of or relating to Honore de Balzac or his writings|
bam	n|an ancient city in southeastern Iran; destroyed by an earthquake in 2003|	n|a sudden very loud noise|
bamako	n|the capital of Mali; located in the south on the Niger|
bambino	n|a young child|
bamboo	n|the hard woody stems of bamboo plants; used in construction and crafts and fishing poles|	n|woody tropical grass having hollow woody stems; mature canes used for construction and furniture|
bamboo curtain	n|an ideological barrier around communist China especially in the 1950s and 1960s|
bamboo fern	n|fast-growing sturdy Japanese fern; cultivated for their attractive broad dark-green pinnate fronds|
bamboo palm	n|small graceful palm with reedlike stems and leaf bases clothed with loose coarse fibers|	n|a palm of the genus Raffia|
bamboo shoot	n|edible young shoots of bamboo|
bamboozle	v|conceal one's true motives from especially by elaborately feigning good intentions so as to gain an end|He bamboozled his professors into thinking that he knew the subject well
bambusa	n|tall tender clumping bamboos|
bambusa vulgaris	n|extremely vigorous bamboo having thin-walled culms striped green and yellow; so widely cultivated that native area is uncertain|
bambuseae	n|bamboos|
ban	v|forbid the public distribution of ( a movie or a newspaper)|	v|prohibit especially by legal means or social pressure|Smoking is banned in this building	v|ban from a place of residence, as for punishment|	v|expel from a community or group|
banal	adj|repeated too often; overfamiliar through overuse|bromidic sermons
banality	n|a trite or obvious remark|
banana	n|any of several tropical and subtropical treelike herbs of the genus Musa having a terminal crown of large entire leaves and usually bearing hanging clusters of elongated fruits|	n|elongated crescent-shaped yellow fruit with soft sweet flesh|
banana boat	n|a ship designed to transport bananas|
banana bread	n|moist bread containing banana pulp|
banana family	n|treelike tropical Asian herbs|
banana oil	n|a liquid ester derived from amyl alcohol; has the odor of bananas|
banana passion fruit	n|cultivated for fruit|
banana peel	n|the skin of a banana (especially when it is stripped off and discarded)|he slipped on a banana skin and almost fell
banana quit	n|any of several honeycreepers|
banana republic	n|a small country (especially in Central America) that is politically unstable and whose economy is dominated by foreign companies and depends on one export (such as bananas)|
banana skin	n|the skin of a banana (especially when it is stripped off and discarded)|he slipped on a banana skin and almost fell
banana split	n|a banana split lengthwise and topped with scoops of ice cream and sauces and nuts and whipped cream|
banana tree	n|any of several tropical and subtropical treelike herbs of the genus Musa having a terminal crown of large entire leaves and usually bearing hanging clusters of elongated fruits|
banausic	adj|(formal) ordinary and not refined|he felt contempt for all banausic occupations
band	n|an unofficial association of people or groups|the smart set goes there	n|instrumentalists not including string players|	n|a stripe or stripes of contrasting color|chromosomes exhibit characteristic bands	n|an adornment consisting of a strip of a contrasting color or material|
band aid	n|trade name for an adhesive bandage to cover small cuts or blisters|	n|hurried repair|
band of partisans	n|an extremist Palestinian Sunni group active in Lebanon in the early 1990s that advocates Salafism; responsible for murders and bombings; seeks to overthrow the Lebanese government and control Palestinian refugee camps; funded by al-Qaeda|
band oneself	v|attach oneself to a group|
band saw	n|an endless saw consisting of a toothed metal band that is driven around two wheels|
band together	v|form a group or unite|The groups banded together
band-tail pigeon	n|wild pigeon of western North America; often mistaken for the now extinct passenger pigeon|
band-tailed pigeon	n|wild pigeon of western North America; often mistaken for the now extinct passenger pigeon|
bandage	n|a piece of soft material that covers and protects an injured part of the body|	v|wrap around with something so as to cover or enclose|	v|dress by covering or binding|The nurse bandaged a sprained ankle
bandaged	adj|covered or wrapped with a bandage|the bandaged wound on the back of his head
bandaging	n|the act of applying a bandage|
bandana	n|large and brightly colored handkerchief; often used as a neckerchief|
bandanna	n|large and brightly colored handkerchief; often used as a neckerchief|
bandbox	n|a light cylindrical box for holding light articles of attire (especially hats)|
bandeau	n|an undergarment worn by women to support their breasts|
banded	adj|identified with a band especially around a leg|kept watch for the return of their banded birds	adj|marked with bands or strips of contrasting color or texture|a banded rock	adj|characterized by a band of especially white around the body|banded cattle
banded adder	n|sluggish krait banded with black and yellow|
banded anteater	n|small Australian marsupial having long snout and strong claws for feeding on termites; nearly extinct|
banded krait	n|sluggish krait banded with black and yellow|
banded palm civet	n|an East Indian civet|
banded stilt	n|web-footed Australian stilt with reddish-brown pectoral markings|
bandelet	n|molding in the form of a ring; at top of a column|
bandelette	n|molding in the form of a ring; at top of a column|
banderilla	n|a decorated dart that is implanted in the neck or shoulders of the bull during a bull fight|
banderillero	n|the bullfighter who implants decorated darts (banderillas) into the neck or shoulders of the bull during a bull fight|
bandicoot	n|any of various agile ratlike terrestrial marsupials of Australia and adjacent islands; insectivorous and herbivorous|
bandicoot rat	n|burrowing scaly-tailed rat of India and Ceylon|
banding	n|a stripe or stripes of contrasting color|chromosomes exhibit characteristic bands	n|an adornment consisting of a strip of a contrasting color or material|
bandit	n|an armed thief who is (usually) a member of a band|
banditry	n|the practice of plundering in gangs|
bandleader	n|the leader of a dance band|
bandlet	n|molding in the form of a ring; at top of a column|
bandmaster	n|the conductor of a band|
bandoleer	n|a broad cartridge belt worn over the shoulder by soldiers|
bandolier	n|a broad cartridge belt worn over the shoulder by soldiers|
bandoneon	n|a type of concertina popular in South America|
bandsaw	n|an endless saw consisting of a toothed metal band that is driven around two wheels|
bandsman	n|a player in a band (especially a military band)|
bandstand	n|a platform where a (brass) band can play in the open air|
bandtail	n|wild pigeon of western North America; often mistaken for the now extinct passenger pigeon|
bandung	n|a city in Indonesia; located on western Java (southeast of Jakarta); a resort known for its climate|
bandwagon	n|a popular trend that attracts growing support|when they saw how things were going everybody jumped on the bandwagon	n|a large ornate wagon for carrying a musical band|the gaudy bandwagon led the circus parade
bandwagon effect	n|the phenomenon of a popular trend attracting even greater popularity|in periods of high merger activity there is a bandwagon effect with more and more firms seeking to engage in takeover activity
bandwidth	n|a data transmission rate; the maximum amount of information (bits/second) that can be transmitted along a channel|
bandy	v|toss or strike a ball back and forth|	v|exchange blows|	v|discuss lightly|We bandied around these difficult questions	adj|have legs that curve outward at the knees|
bandy about	v|discuss casually|bandy about an idea
bandy leg	n|a leg bowed outward at the knee (or below the knee)|
bandy legs	n|outward curvature of the legs|
bandy-legged	adj|have legs that curve outward at the knees|
bandyleg	n|a leg bowed outward at the knee (or below the knee)|
bane	n|something causing misery or death|the bane of my life
baneberry	n|a poisonous berry of a plant of the genus Actaea|	n|a plant of the genus Actaea having acrid poisonous berries|
baneful	adj|exceedingly harmful|	adj|deadly or sinister|the Florida eagles have a fierce baleful look
banefully	adv|in a noxiously baneful way|this banefully poisoned climate
banff	n|a popular vacation spot in the Canadian Rockies|
bang	v|strike violently|slam the ball	v|to produce a sharp often metallic explosive or percussive sound|One of them banged the sash of the window nearest my bed	v|close violently|He slammed the door shut	v|move noisily|The window banged shut
bang out	v|play loudly|They banged out `The star-spangled banner'
bang up	v|damage or destroy as if by violence|The teenager banged up the car of his mother	v|make pregnant|He impregnated his wife again
bang's disease	n|an infectious disease of domestic animals often resulting in spontaneous abortion; transmittable to human beings|
bang-up	adj|very good|he did a bully job
bangalore	n|an industrial city in south central India (west of Chennai)|
bangalore torpedo	n|a metal pipe filled with explosive, used to detonate land mines or to clear a path through barbed wire|
banger	n|(British informal) pork sausage|	n|firework consisting of a small explosive charge and fuse in a heavy paper casing|
bangiaceae	n|a family of protoctist|
banging	n|a continuing very loud noise|	n|the act of subjecting to strong attack|	adj|(used informally) very large|a thumping loss
bangkok	n|the capital and largest city and chief port of Thailand; a leading city in southeastern Asia; noted for Buddhist architecture|
bangla	n|a Magadhan language spoken by the Bengali people; the official language of Bangladesh and Bengal|
bangla desh	n|a Muslim republic in southern Asia bordered by India to the north and west and east and the Bay of Bengal to the south; formerly part of India and then part of Pakistan; it achieved independence in 1971|
bangladesh	n|a Muslim republic in southern Asia bordered by India to the north and west and east and the Bay of Bengal to the south; formerly part of India and then part of Pakistan; it achieved independence in 1971|
bangladeshi	adj|of or relating to or characteristic of Bangladesh or its people or language|Bangladeshi dialects	n|a native or inhabitant of Bangladesh|
bangladeshi monetary unit	n|monetary unit in Bangladesh|
bangle	n|jewelry worn around the wrist for decoration|	n|cheap showy jewelry or ornament on clothing|
bangor	n|a town in east central Maine on the Penobscot River|	n|a university town in northwestern Wales on the Menai Strait|	n|a town in southeastern Northern Ireland|
bangtail	n|a horse bred for racing|
bangui	n|the capital and largest city of the Central African Republic|
banian	n|East Indian tree that puts out aerial shoots that grow down into the soil forming additional trunks|	n|a loose fitting jacket; originally worn in India|
banian tree	n|East Indian tree that puts out aerial shoots that grow down into the soil forming additional trunks|
banish	v|expel from a community or group|	v|ban from a place of residence, as for punishment|	v|expel, as if by official decree|he was banished from his own country	v|drive away|banish bad thoughts
banishment	n|the state of being banished or ostracized (excluded from society by general consent)|the association should get rid of its elderly members--not by euthanasia, of course, but by Coventry	n|rejection by means of an act of banishing or proscribing someone|
banister	n|a railing at the side of a staircase or balcony to prevent people from falling|
banjo	n|a stringed instrument of the guitar family that has long neck and circular body|
banjul	n|a port city and capital of Gambia|
bank	n|sloping land (especially the slope beside a body of water)|they pulled the canoe up on the bank	n|a financial institution that accepts deposits and channels the money into lending activities|he cashed a check at the bank	n|a long ridge or pile|a huge bank of earth	n|an arrangement of similar objects in a row or in tiers|he operated a bank of switches
bank account	n|a fund that a customer has entrusted to a bank and from which the customer can make withdrawals|he moved his bank account to a new bank
bank bill	n|a piece of paper money (especially one issued by a central bank)|he peeled off five one-thousand-zloty notes
bank building	n|a building in which the business of banking transacted|the bank is on the corner of Nassau and Witherspoon
bank card	n|a credit card issued by a bank|
bank charter	n|a charter authorizing the operation of a bank|
bank check	n|a written order directing a bank to pay money|he paid all his bills by check
bank clerk	n|an employee of a bank who receives and pays out money|
bank closing	n|act of closing down a bank because of a fiscal emergency or failure|
bank commissioner	n|a commissioner appointed to supervise banks; a state superintendent of banks|
bank deposit	n|money deposited in a bank or some similar institution|
bank discount	n|interest on an annual basis deducted in advance on a loan|
bank draft	n|a draft drawn by a bank against funds deposited in another bank|
bank examination	n|an examination of the affairs and records of a bank by a state or federal bank examiner|
bank examiner	n|an examiner appointed to audit the accounts of banks in a given jurisdiction|
bank failure	n|the inability of a bank to meet its credit obligations|
bank gravel	n|gravel as found in natural deposits|
bank guard	n|a security guard at a bank|
bank holding company	n|a holding company owning or controlling one or more banks|
bank holiday	n|any of several weekdays when banks are closed; a legal holiday in Britain|
bank identification number	n|an identification number consisting of a two-part code assigned to banks and savings associations; the first part shows the location and the second identifies the bank itself|
bank line	n|the maximum credit that a customer is allowed|
bank loan	n|a loan made by a bank; to be repaid with interest on or before a fixed date|
bank manager	n|manager of a branch office of a bank|
bank martin	n|swallow of the northern hemisphere that nests in tunnels dug in clay or sand banks|
bank note	n|a piece of paper money (especially one issued by a central bank)|he peeled off five one-thousand-zloty notes
bank of england	n|the central bank of England and Wales|
bank of japan	n|the central bank of Japan|
bank rate	n|the discount rate fixed by a central bank|
bank robber	n|a robber of banks|
bank run	n|the concerted action of depositors who try to withdraw their money from a bank because they think it will fail|
bank shot	n|a basketball shot that bounces off of the backboard before passing through the hoop|
bank statement	n|a periodic statement prepared by a bank for each client|I wish my bank statement arrived earlier in the month
bank swallow	n|swallow of the northern hemisphere that nests in tunnels dug in clay or sand banks|
bank vault	n|a strongroom or compartment (often made of steel) for safekeeping of valuables|
bank withdrawal	n|the withdrawal of money from your account at a bank|
bank-depositor relation	n|the responsibility of a bank to act in the best interests of the depositors|
bankable	adj|guaranteed to bring a profit|without bankable stars the film script aroused no interest	adj|acceptable to or at a bank|bankable funds
bankbook	n|a record of deposits and withdrawals and interest held by depositors at certain banks|
banker	n|a financier who owns or is an executive in a bank|	n|the person in charge of the bank in a gambling game|
banker's acceptance	n|banking: a time draft drawn on and accepted by a bank|
banker's bill	n|a piece of paper money (especially one issued by a central bank)|he peeled off five one-thousand-zloty notes
banker's check	n|a letter of credit issued by a bank or express company that is payable on presentation to any correspondent of the issuer|
banker's draft	n|a draft drawn by a bank against funds deposited in another bank|
bankia	n|giant shipworms|
bankia setaceae	n|giant shipworm of the Pacific coast of North America|
banking	n|engaging in the business of keeping money for savings and checking accounts or for exchange or for issuing loans and credit etc.|	n|transacting business with a bank; depositing or withdrawing funds or requesting a loan etc.|
banking company	n|a financial institution that accepts deposits and channels the money into lending activities|he cashed a check at the bank
banking concern	n|a financial institution that accepts deposits and channels the money into lending activities|he cashed a check at the bank
banking game	n|any gambling game in which bets are laid against the gambling house or the dealer|
banking industry	n|banks collectively|
banking system	n|banks collectively|
banknote	n|a piece of paper money (especially one issued by a central bank)|he peeled off five one-thousand-zloty notes
bankroll	n|a roll of currency notes (often taken as the resources of a person or business etc.)|he shot his roll on a bob-tailed nag	v|provide with sufficient funds; finance|Who will bankroll the restoration of the former East German economy?
bankrupt	adj|financially ruined|a bankrupt company	v|reduce to bankruptcy|My daughter's fancy wedding is going to break me!	n|someone who has insufficient assets to cover their debts|
bankruptcy	n|a state of complete lack of some abstract property|spiritual bankruptcy	n|inability to discharge all your debts as they come due|the company had to declare bankruptcy	n|a legal process intended to insure equality among the creditors of a corporation declared to be insolvent|
banks	n|English botanist who accompanied Captain Cook on his first voyage to the Pacific Ocean (1743-1820)|
banksia	n|any shrub or tree of the genus Banksia having alternate leathery leaves apetalous yellow flowers often in showy heads and conelike fruit with winged seeds|
banksia integrifolia	n|shrubby tree with silky foliage and spikes of cylindrical yellow nectarous flowers|
banksia rose	n|Chinese evergreen climbing rose with yellow or white single flowers|
banned	adj|forbidden by law|
banner	n|long strip of cloth or paper used for decoration or advertising|	n|a newspaper headline that runs across the full page|	n|any distinctive flag|	adj|unusually good; outstanding|a banner year for the company
banneret	n|a knight honored for valor; entitled to display a square banner and to hold higher command|
bannerlike	adv|like a banner|She waved her scarf at him bannerlike
banning	n|an official prohibition or edict against something|
banning-order	n|an order that bans something|
bannister	n|English runner who in 1954 became the first person to run a mile in less than four minutes (born in 1929)|	n|a railing at the side of a staircase or balcony to prevent people from falling|
bannock	n|a flat bread made of oat or barley flour; common in New England and Scotland|
bannockburn	n|a battle in which the Scots under Robert the Bruce defeated the English and assured the independence of Scotland|
banns	n|a public announcement of a proposed marriage|
banquet	n|a ceremonial dinner party for many people|	n|a meal that is well prepared and greatly enjoyed|a banquet for the graduating seniors	v|provide a feast or banquet for|	v|partake in a feast or banquet|
banquet song	n|a song (sometimes improvised) sung by guests at a banquet|
banqueting	n|eating an elaborate meal (often accompanied by entertainment)|
banquette	n|an upholstered bench|
banshee	n|(Irish folklore) a female spirit who wails to warn of impending death|
banshie	n|(Irish folklore) a female spirit who wails to warn of impending death|
bantam	adj|very small|diminutive in stature	n|any of various small breeds of fowl|
bantamweight	n|weighs 115-126 pounds|	n|an amateur boxer who weighs no more than 119 pounds|
banteng	n|wild ox of the Malay Archipelago|
banter	n|light teasing repartee|	v|be silly or tease one another|After we relaxed, we just kidded around
bantering	adj|cleverly amusing in tone|a bantering tone
banteringly	adv|in a bantering fashion|he spoke to her banteringly
banti's disease	n|a disease characterized by congestion and enlargement of the spleen; accompanied by anemia or cirrhosis|
banti's syndrome	n|a disease characterized by congestion and enlargement of the spleen; accompanied by anemia or cirrhosis|
banting	n|Canadian physiologist who discovered insulin with C. H. Best and who used it to treat diabetes(1891-1941)|	n|wild ox of the Malay Archipelago|
bantoid	adj|relating to or designating languages that possess characteristics of Bantu|Bantoid languages
bantoid language	n|a family of languages widely spoken in the southern half of the African continent|
bantu	adj|of or relating to the African people who speak one of the Bantoid languages or to their culture|the Bantu population of Sierra Leone	n|a member of any of a large number of linguistically related peoples of Central and South Africa|	n|a family of languages widely spoken in the southern half of the African continent|
bantu-speaking	adj|of or relating to people who speak Bantu|the Bantu-speaking people of Africa	adj|able to communicate in Bantu|
banyan	n|East Indian tree that puts out aerial shoots that grow down into the soil forming additional trunks|	n|a loose fitting jacket; originally worn in India|
banyan tree	n|East Indian tree that puts out aerial shoots that grow down into the soil forming additional trunks|
banzai	n|a Japanese cheer of enthusiasm or triumph|
banzai attack	n|a mass attack of troops without concern for casualties; originated by Japanese who accompanied it with yells of `banzai'|
banzai charge	n|a mass attack of troops without concern for casualties; originated by Japanese who accompanied it with yells of `banzai'|
baobab	n|African tree having an exceedingly thick trunk and fruit that resembles a gourd and has an edible pulp called monkey bread|
bap	n|a small loaf or roll of soft bread|
baphia	n|small genus of shrubs and lianas and trees of Africa and Madagascar|
baphia nitida	n|small shrubby African tree with hard wood used as a dyewood yielding a red dye|
baptise	v|administer baptism to|The parents had the child baptized
baptised	adj|having undergone the Christian ritual of baptism|
baptisia tinctoria	n|much-branched erect herb with bright yellow flowers; distributed from Massachusetts to Florida|
baptism	n|a Christian sacrament signifying spiritual cleansing and rebirth|most churches baptize infants but some insist on adult baptism
baptismal	adj|of or relating to baptism|baptismal font
baptismal font	n|bowl for baptismal water|
baptismal name	n|the first name given to Christians at birth or christening|
baptist	n|follower of Baptistic doctrines|
baptist church	n|any of various evangelical Protestant churches that believe in the baptism of voluntary believers|
baptist denomination	n|group of Baptist congregations|
baptistery	n|bowl for baptismal water|
baptistic	adj|of or pertaining to or characteristic of the Baptist church|Baptistic baptismal practices
baptistic doctrine	n|any of various doctrines closely related to Anabaptism|
baptistry	n|bowl for baptismal water|
baptists	n|any of various evangelical Protestant churches that believe in the baptism of voluntary believers|
baptize	v|administer baptism to|The parents had the child baptized
baptized	adj|having undergone the Christian ritual of baptism|
bar	n|a room or establishment where alcoholic drinks are served over a counter|he drowned his sorrows in whiskey at the bar	n|a counter where you can obtain food or drink|he bought a hot dog and a coke at the bar	n|a rigid piece of metal or wood; usually used as a fastening or obstruction or weapon|there were bars in the windows to prevent escape	n|musical notation for a repeating pattern of musical beats|the orchestra omitted the last twelve bars of the song
bar absolute	n|the absolute unit of pressure equal to one dyne per square centimeter|
bar billiards	n|a table game in which short cues are used to knock balls into holes that are guarded by wooden pegs; penalties are incurred if the pegs are knocked over|
bar bit	n|a bit for horses that is a solid bar of metal|
bar chart	n|a chart with bars whose lengths are proportional to quantities|
bar code	n|code consisting of a series of vertical bars of variable width that are scanned by a laser; printed on consumer product packages to identify the item for a computer that provides the price and registers inventory information|
bar exam	n|an examination conducted at regular intervals to determine whether a candidate is qualified to practice law in a given jurisdiction|applicants may qualify to take the New York bar examination by graduating from an approved law school
bar examination	n|an examination conducted at regular intervals to determine whether a candidate is qualified to practice law in a given jurisdiction|applicants may qualify to take the New York bar examination by graduating from an approved law school
bar fly	n|a drinker who frequents bars|
bar girl	n|a woman employed by a bar to act as a companion to men customers|
bar graph	n|a chart with bars whose lengths are proportional to quantities|
bar hop	v|go from one pub to the next and get progressively more drunk|he pub-crawled around Birmingham
bar line	n|a vertical line before the accented beat marking the boundary between musical bars|
bar magnet	n|a magnet in the form of a bar with magnetic poles at each end|
bar mask	n|a catcher's mask with bars|
bar mitzvah	n|(Judaism) an initiation ceremony marking the 13th birthday of a Jewish boy and signifying the beginning of religious responsibility|a bar mitzvah is an important social event	v|confirm in the bar mitzvah ceremony, of boys in the Jewish faith|
bar printer	n|an impact printer that uses a bar to carry the type slugs|
bar sinister	n|the status of being born to parents who were not married|	n|a mark of bastardy; lines from top right to bottom left|
bar soap	n|soap in the form of a bar|
bar-room plant	n|evergreen perennial with large handsome basal leaves; grown primarily as a foliage houseplant|
bar-shaped	adj|shaped like a rigid strip of metal or wood|
baranduki	n|terrestrial Siberian squirrel|
barany	n|Austrian physician who developed a rotational method for testing the middle ear (1876-1936)|
barb	n|an aggressive remark directed at a person like a missile and intended to have a telling effect|his parting shot was `drop dead'	n|the pointed part of barbed wire|	n|a subsidiary point facing opposite from the main point that makes an arrowhead or spear hard to remove|	n|one of the parallel filaments projecting from the main shaft of a feather|
barbacan	n|a tower that is part of a defensive structure (such as a castle)|
barbadian	adj|of or relating to or characteristic of Barbados or its inhabitants|a Barbadian vacation	n|a native or inhabitant of Barbados|
barbados	n|a parliamentary democracy on the island of Barbados; former British colony; a popular resort area|	n|easternmost of the West Indies about 300 miles to the north of Venezuela|
barbados dollar	n|the basic unit of money in Barbados|
barbados gooseberry	n|West Indian woody climber with spiny stems and numerous fragrant white flowers in panicles followed by small yellow to orange fruits|	n|small yellow to orange fruit of the Barbados gooseberry cactus used in desserts and preserves and jellies|
barbados maidenhair	n|named for a country house in Barbados where it was discovered|
barbados pride	n|East Indian tree with racemes of yellow-white flowers; cultivated as an ornamental|
barbados-gooseberry vine	n|West Indian woody climber with spiny stems and numerous fragrant white flowers in panicles followed by small yellow to orange fruits|
barbara hepworth	n|British sculptor (1902-1975)|
barbara ward	n|English economist and conservationist (1914-1981)|
barbarea	n|biennial or perennial herbs of north temperate regions: winter cress|
barbarea praecox	n|of southwestern Europe; cultivated in Florida|
barbarea verna	n|of southwestern Europe; cultivated in Florida|
barbarea vulgaris	n|noxious cress with yellow flowers; sometimes placed in genus Sisymbrium|
barbarian	n|a member of an uncivilized people|	n|a crude uncouth ill-bred person lacking culture or refinement|	adj|without civilizing influences|barbarian invaders
barbaric	adj|without civilizing influences|barbarian invaders	adj|unrestrained and crudely rich|barbaric use of color or ornament
barbarisation	n|an act that makes people primitive and uncivilized|
barbarise	v|become crude or savage or barbaric in behavior or language|	v|make crude or savage in behavior or speech|his years in prison have barbarized the young man
barbarism	n|a brutal barbarous savage act|
barbarity	n|the quality of being shockingly cruel and inhumane|	n|a brutal barbarous savage act|
barbarization	n|an act that makes people primitive and uncivilized|
barbarize	v|become crude or savage or barbaric in behavior or language|	v|make crude or savage in behavior or speech|his years in prison have barbarized the young man
barbarossa	n|Holy Roman Emperor from 1152 to 1190; conceded supremacy to the pope; drowned leading the Third Crusade (1123-1190)|	n|Barbary pirate (died in 1546)|
barbarous	adj|(of persons or their actions) able or disposed to inflict pain or suffering|a barbarous crime	adj|primitive in customs and culture|
barbarously	adv|in a barbarous manner|they were barbarously murdered
barbarousness	n|the quality of being shockingly cruel and inhumane|
barbary	n|a region of northern Africa on the Mediterranean coast between Egypt and Gibraltar; was used as a base for pirates from the 16th to 19th centuries|
barbary ape	n|tailless macaque of rocky cliffs and forests of northwestern Africa and Gibraltar|
barbary coast	n|a part of a city that is notorious for gambling dens and brothels and saloons and riotous night life (especially the waterfront of San Francisco after the gold rush of 1849)|we'll tolerate no Barbary Coast in this city!	n|the Mediterranean coast of northern Africa that was famous for its Moorish pirates|
barbary pirate	n|a pirate along the Barbary Coast|
barbary sheep	n|wild sheep of northern Africa|
barbasco	n|West Indian shrub or small tree having leathery saponaceous leaves and extremely hard wood|
barbate	adj|having hair on the cheeks and chin|
barbecue	v|cook outdoors on a barbecue grill|let's barbecue that meat	n|meat that has been barbecued or grilled in a highly seasoned sauce|	n|a cookout in which food is cooked over an open fire; especially a whole animal carcass roasted on a spit|	n|a rack to hold meat for cooking over hot charcoal usually out of doors|
barbecue pit	n|a pit where wood or charcoal is burned to make a bed of hot coals suitable for barbecuing meat|
barbecue sauce	n|spicy sweet and sour sauce usually based on catsup or chili sauce|
barbecued	adj|cooked over an outdoor grill|
barbecued spareribs	n|baked or roasted with a spicy sauce|
barbecued wing	n|chicken wings cooked in barbecue sauce|
barbecuing	n|roasting a large piece of meat on a revolving spit out of doors over an open fire|
barbed	adj|capable of wounding|a barbed compliment	adj|having or covered with protective barbs or quills or spines or thorns or setae etc.|a horse with a short bristly mane
barbed wire	n|strong wire with barbs at regular intervals used to prevent passage|
barbel	n|slender tactile process on the jaws of a fish|
barbell	n|a bar to which heavy discs are attached at each end; used in weightlifting|
barbellate	adj|having or covered with protective barbs or quills or spines or thorns or setae etc.|a horse with a short bristly mane
barbeque	n|meat that has been barbecued or grilled in a highly seasoned sauce|	n|a cookout in which food is cooked over an open fire; especially a whole animal carcass roasted on a spit|	n|a rack to hold meat for cooking over hot charcoal usually out of doors|	v|cook outdoors on a barbecue grill|let's barbecue that meat
barber	n|a hairdresser who cuts hair and shaves beards as a trade|	v|perform the services of a barber: cut the hair and/or beard of|
barber chair	n|a large fixed adjustable chair in which barbers seat their customers|
barber's itch	n|fungal infection of the face and neck|
barber's pole	n|striped pole outside a barbershop|
barberry	n|any of numerous plants of the genus Berberis having prickly stems and yellow flowers followed by small red berries|
barberry family	n|shrubs or herbs|
barbershop	n|a shop where men can get their hair cut|
barbershop quartet	n|an unaccompanied quartet of (usually male) voices singing sentimental songs in four-part harmony|
barberton daisy	n|widely cultivated South African perennial having flower heads with orange to flame-colored rays|
barbet	n|small brightly colored stout-billed tropical bird having short weak wings|
barbette	n|(formerly) a mound of earth inside a fort from which heavy gun can be fired over the parapet|
barbette carriage	n|a gun carriage elevated so that the gun can be fired over the parapet|
barbican	n|a tower that is part of a defensive structure (such as a castle)|
barbital	n|a barbiturate used as a hypnotic|
barbitone	n|a barbiturate used as a hypnotic|
barbiturate	n|organic compound having powerful soporific effect; overdose can be fatal|
barbituric acid	n|a white crystalline acid derived from pyrimidine; used in preparing barbiturate drugs|
barbu	n|found along western Atlantic coast|
barbuda	n|an island in Antigua and Barbuda|
barbwire	n|strong wire with barbs at regular intervals used to prevent passage|
barcarole	n|a boating song sung by Venetian gondoliers|
barcarolle	n|a boating song sung by Venetian gondoliers|
barcelona	n|a city in northeastern Spain on the Mediterranean; 2nd largest Spanish city and the largest port and commercial center; has been a center for radical political beliefs|
bard	n|a lyric poet|	n|an ornamental caparison for a horse|	v|put a caparison on|caparison the horses for the festive occasion
bard of avon	n|English poet and dramatist considered one of the greatest English writers (1564-1616)|
barde	v|put a caparison on|caparison the horses for the festive occasion
bardic	adj|being a bard or relating to a bard's poetry|bardic poetry
bardolatry	n|the idolization of William Shakespeare|
bare	adj|completely unclothed|bare bodies	adj|lacking in magnitude or quantity|a bare livelihood	adj|not having a protective covering|unsheathed cables	adj|lacking its natural or customary covering|a bare hill
bare bone	n|bone stripped of flesh|
bare bones	n|(plural) the most basic facts or elements|he told us only the bare bones of the story
bare-ass	adj|(used informally) completely unclothed|
bare-assed	adj|(used informally) completely unclothed|
bare-breasted	adj|having the breasts uncovered or featuring such nudity|topless waitresses
bare-knuckle	adj|characterized by disorderly action and disregard for rules|a rough-and-tumble fight
bare-knuckled	adj|characterized by disorderly action and disregard for rules|a rough-and-tumble fight
bareback	adj|riding without a saddle|a bareback rider	adv|without a saddle|she prefers to ride her horse bareback
barebacked	adj|riding without a saddle|a bareback rider	adv|without a saddle|she prefers to ride her horse bareback
bareboat	n|a vessel (such as a yacht) that can be chartered without a captain or crew or provisions|
bareboating	n|boating by chartering a bareboat and providing your own crew and provisions|we saved money by bareboating
bared	adj|having the head uncovered|caught bareheaded by the downpour
barefaced	adj|with no effort to conceal|a barefaced lie	adj|unrestrained by convention or propriety|an audacious trick to pull
barefacedly	adv|without shame|he unashamedly abandoned the project when he realized he would not gain from it
barefoot	adj|without shoes|the barefoot boy	adv|without shoes on|he chased her barefoot across the meadow
barefooted	adj|without shoes|the barefoot boy	adv|without shoes on|he chased her barefoot across the meadow
barehanded	adj|with bare hands|fought barehanded
bareheaded	adj|having the head uncovered|caught bareheaded by the downpour
barelegged	adj|having the legs uncovered by clothing|barelegged children on the beach
barely	adv|only a very short time before|we hardly knew them	adv|almost not|he hardly ever goes fishing	adv|by a little|I only just caught the bus
bareness	n|a bleak and desolate atmosphere|the nakedness of the landscape	n|the state of being unclothed and exposed (especially of a part of the body)|	n|an extreme lack of furnishings or ornamentation|I was struck by the starkness of my father's room
barents sea	n|the part of the Arctic Ocean to the north of Norway and Russia|
barf	n|the matter ejected in vomiting|	v|eject the contents of the stomach through the mouth|After drinking too much, the students vomited
bargain	n|an agreement between parties (usually arrived at after discussion) fixing obligations of each|he made a bargain with the devil	n|an advantageous purchase|she got a bargain at the auction	v|negotiate the terms of an exchange|We bargained for a beautiful rug in the bazaar	v|come to terms; arrive at an agreement|
bargain down	v|persuade the seller to accept a lower price|She beat the merchant down $100
bargain hunter	n|a shopper who hunts for bargains|
bargain rate	n|a price below the standard price|
bargain-priced	adj|costing less than standard price|buying bargain-priced clothes for the children
bargainer	n|someone who purchases and maintains an inventory of goods to be sold|	n|negotiator of the terms of a transaction|he is a hard bargainer
bargaining	n|the negotiation of the terms of a transaction or agreement|
bargaining chip	n|leverage in the form of an inducement or a concession useful in successful negotiations|
barge	n|a flatbottom boat for carrying heavy loads (especially on canals)|	v|push one's way|she barged into the meeting room	v|transport by barge on a body of water|
barge in	v|enter uninvited; informal|let's crash the party!	v|break into a conversation|her husband always chimes in, even when he is not involved in the conversation
barge pole	n|a long pole used to propel or guide a barge|I wouldn't touch it with a barge pole
bargee	n|someone who operates a barge|
bargello	n|needlepoint embroidery stitch that produces zigzag lines|
bargeman	n|someone who operates a barge|
bari	n|capital city of the Apulia region on the Adriatic coast|
baric	adj|of or relating to or containing barium|
barilla	n|bushy plant of Old World salt marshes and sea beaches having prickly leaves; burned to produce a crude soda ash|	n|Algerian plant formerly burned to obtain calcium carbonate|
baring	n|the removal of covering|
barish	n|Kamarupan languages spoken in the state of Assam in northeastern India|
barite	n|a white or colorless mineral (BaSO4); the main source of barium|
baritone	adj|lower in range than tenor and higher than bass|a baritone voice	n|a male singer|	n|the second lowest adult male singing voice|	n|the second lowest brass wind instrument|
baritone horn	n|the second lowest brass wind instrument|
baritone voice	n|the second lowest adult male singing voice|
barium	n|a soft silvery metallic element of the alkali earth group; found in barite|
barium dioxide	n|a white toxic powder obtained by heating barium oxide in air|
barium enema	n|enema in which a contrast medium (usually barium sulfate) is injected into the rectum and X-rays are taken to search for lesions|
barium hydroxide	n|white poisonous crystals; made by dissolving barium oxide in water|
barium monoxide	n|an oxide of barium; a whitish toxic powder|
barium oxide	n|an oxide of barium; a whitish toxic powder|
barium peroxide	n|a white toxic powder obtained by heating barium oxide in air|
barium protoxide	n|an oxide of barium; a whitish toxic powder|
barium sulfate	n|a white insoluble radiopaque powder used as a pigment|
barium sulphate	n|a white insoluble radiopaque powder used as a pigment|	n|a white or colorless mineral (BaSO4); the main source of barium|
bark	n|tough protective covering of the woody stems and roots of trees and other woody plants|	n|a noise resembling the bark of a dog|	n|a sailing ship with 3 (or more) masts|	n|the sound made by a dog|
bark beetle	n|small beetle that bores tunnels in the bark and wood of trees; related to weevils|
bark louse	n|any of several insects living on the bark of plants|
bark-louse	n|any of several insects living on the bark of plants|
barkeep	n|an employee who mixes and serves alcoholic drinks at a bar|
barkeeper	n|an employee who mixes and serves alcoholic drinks at a bar|
barker	n|someone who stands in front of a show (as at a carnival) and gives a loud colorful sales talk to potential customers|	n|informal terms for dogs|
barking deer	n|small Asian deer with small antlers and a cry like a bark|
barky	adj|resembling the rough bark of a tree|the rattlesnake's barky scales
barley	n|a grain of barley|	n|cultivated since prehistoric times; grown for forage and grain|
barley candy	n|a brittle transparent candy made by melting and cooling cane sugar|
barley grass	n|European annual grass often found as a weed in waste ground especially along roadsides and hedgerows|
barley water	n|broth used to feed infants|
barley-sugar	n|a brittle transparent candy made by melting and cooling cane sugar|
barleycorn	n|a grain of barley|
barm	n|a commercial leavening agent containing yeast cells; used to raise the dough in making bread and for fermenting beer or whiskey|
barmaid	n|a female bartender|
barman	n|an employee who mixes and serves alcoholic drinks at a bar|
barmbrack	n|a rich currant cake or bun|
barmy	adj|marked by spirited enjoyment|	adj|informal or slang terms for mentally irregular|it used to drive my husband balmy
barn	n|an outlying farm building for storing grain or animal feed and housing farm animals|	n|(physics) a unit of nuclear cross section; the effective circular area that one particle presents to another as a target for an encounter|
barn dance	n|a dance party featuring country dancing|
barn door	n|the large sliding door of a barn|
barn grass	n|a coarse annual panic grass; a cosmopolitan weed; occasionally used for hay or grazing|
barn millet	n|a coarse annual panic grass; a cosmopolitan weed; occasionally used for hay or grazing|
barn owl	n|mottled buff and white owl often inhabiting barns and other structures; important in rodent control|
barn spider	n|an orange and tan spider with darkly banded legs that spins an orb web daily|the barn spider was made famous in E. B. White's book `Charlotte's Web'
barn swallow	n|common swallow of North America and Europe that nests in barns etc.|
barnaba chiaramonti	n|Italian pope from 1800 to 1823 who was humiliated by Napoleon and taken prisoner in 1809; he concluded a concordat with Napoleon and crowned him emperor of France; he returned to Rome in 1814 (1740-1823)|
barnacle	n|marine crustaceans with feathery food-catching appendages; free-swimming as larvae; as adults form a hard shell and live attached to submerged surfaces|	n|European goose smaller than the brant; breeds in the far north|
barnacle goose	n|European goose smaller than the brant; breeds in the far north|
barnburner	n|someone who burns down a barn|	n|an impressively successful event|the rock concert was a real barnburner
barndoor	n|an opaque adjustable flap on a lamp fixture; used in photography to cut off light from particular areas|
barndoor skate	n|one of the largest skates (to 5 feet); an active skate easy to hook|
barnful	n|the quantity that a barn will hold|
barnstorm	v|appear at county fairs and carnivals as a stunt flier and parachute jumper|	v|tour the country making political speeches, giving lectures, or presenting plays|The presidential candidates are busy barnstorming this month
barnstormer	n|an actor who travels around the country presenting plays|	n|a pilot who travels around the country giving exhibits of stunt flying and parachuting|
barnyard	n|a yard adjoining a barn|
barnyard grass	n|a coarse annual panic grass; a cosmopolitan weed; occasionally used for hay or grazing|
barograph	n|a recording barometer; automatically records on paper the variations in atmospheric pressure|
barographic	adj|relating to or registered by a barograph|
barometer	n|an instrument that measures atmospheric pressure|
barometric	adj|relating to atmospheric pressure or indicated by a barometer|barometric pressure
barometric pressure	n|atmospheric pressure as indicated by a barometer|
barometrical	adj|relating to atmospheric pressure or indicated by a barometer|barometric pressure
baron	n|a nobleman (in various countries) of varying rank|	n|a British peer of the lowest rank|	n|a very wealthy or powerful businessman|an oil baron
baron adrian	n|English physiologist who conducted research into the function of neurons; 1st baron of Cambridge (1889-1997)|
baron alexander von humboldt	n|German naturalist who explored Central and South America and provided a comprehensive description of the physical universe (1769-1859)|
baron clive	n|British general and statesman whose victory at Plassey in 1757 strengthened British control of India (1725-1774)|
baron clive of plassey	n|British general and statesman whose victory at Plassey in 1757 strengthened British control of India (1725-1774)|
baron d'holbach	n|French philosopher (born in Germany) famous as being one of the first self-described atheists in Europe|
baron de la brede et de montesquieu	n|French political philosopher who advocated the separation of executive and legislative and judicial powers (1689-1755)|
baron friedrich heinrich alexander von humboldt	n|German naturalist who explored Central and South America and provided a comprehensive description of the physical universe (1769-1859)|
baron georges cuvier	n|French naturalist known as the father of comparative anatomy (1769-1832)|
baron hermann ludwig ferdinand von helmholtz	n|German physiologist and physicist (1821-1894)|
baron hugh caswall tremenheere dowding	n|British marshal of the RAF who commanded the British air defense forces that defeated the Luftwaffe during the Battle of Britain (1882-1970)|
baron jean baptiste joseph fourier	n|French mathematician who developed Fourier analysis and studied the conduction of heat (1768-1830)|
baron karl maria friedrich ernst von weber	n|German conductor and composer of romantic operas (1786-1826)|
baron karl wilhelm von humboldt	n|German philologist noted for his studies of the relation between language and culture (1767-1835)|
baron lister	n|English surgeon who was the first to use antiseptics (1827-1912)|
baron lloyd webber of sydmonton	n|English composer of many successful musicals (some in collaboration with Sir Tim Rice) (born in 1948)|
baron munchausen	n|German raconteur who told preposterous stories about his adventures as a soldier and hunter; his name is now associated with any telling of exaggerated stories or winning lies (1720-1797)|
baron olivier of birghton	n|English actor best know for his Shakespearean roles (1907-1989)|
baron richard von krafft-ebing	n|German neurologist noted for his studies of sexual deviance (1840-1902)|
baron snow of leicester	n|English writer of novels about moral dilemmas in academe (1905-1980)|
baron verulam	n|English statesman and philosopher; precursor of British empiricism; advocated inductive reasoning (1561-1626)|
baron wilhelm von humboldt	n|German philologist noted for his studies of the relation between language and culture (1767-1835)|
baronage	n|the peers of a kingdom considered as a group|
baronduki	n|terrestrial Siberian squirrel|
baroness	n|a noblewoman who holds the rank of baron or who is the wife or widow of a baron|
baroness dudevant	n|French writer known for works concerning women's rights and independence (1804-1876)|
baroness emmusca orczy	n|British writer (born in Hungary) (1865-1947)|
baroness jackson of lodsworth	n|English economist and conservationist (1914-1981)|
baroness karen blixen	n|Danish writer who lived in Kenya for 19 years and is remembered for her writings about Africa (1885-1962)|
baroness thatcher of kesteven	n|British stateswoman; first woman to serve as Prime Minister (born in 1925)|
baronet	n|a member of the British order of honor; ranks below a baron but above a knight|since he was a baronet he had to be addressed as Sir Henry Jones, Bart.
baronetage	n|the collective body of baronets|	n|the state of a baronet|
baronetcy	n|the rank or dignity or position of a baronet or baroness|	n|the title of a baron|
baronetise	v|confer baronetcy upon|He was baronetized for his loyalty to the country
baronetize	v|confer baronetcy upon|He was baronetized for his loyalty to the country
barong	n|a knife resembling a cleaver; used in the Philippines|
baronial	adj|impressive in appearance|a baronial mansion
baronne anne louise germaine necker de steal-holstein	n|French romantic writer (1766-1817)|
barony	n|the estate of a baron|	n|the rank or dignity or position of a baronet or baroness|	n|the domain of a baron|
baroque	adj|having elaborate symmetrical ornamentation|the building...frantically baroque"-William Dean Howells	adj|of or relating to or characteristic of the elaborately ornamented style of architecture, art, and music popular in Europe between 1600 and 1750|	n|the historic period from about 1600 until 1750 when the baroque style of art, architecture, and music flourished in Europe|	n|elaborate and extensive ornamentation in decorative art and architecture that flourished in Europe in the 17th century|
baroque era	n|the historic period from about 1600 until 1750 when the baroque style of art, architecture, and music flourished in Europe|
baroque period	n|the historic period from about 1600 until 1750 when the baroque style of art, architecture, and music flourished in Europe|
baroqueness	n|elaborate and extensive ornamentation in decorative art and architecture that flourished in Europe in the 17th century|
baroreceptor	n|a sensory receptor that responds to pressure|
barosaur	n|a dinosaur that could grow to be as tall as a building five stories tall|
barosaurus	n|a dinosaur that could grow to be as tall as a building five stories tall|
barouche	n|a horse-drawn carriage having four wheels; has an outside seat for the driver and facing inside seats for two couples and a folding top|
barque	n|a sailing ship with 3 (or more) masts|
barrack	n|a building or group of buildings used to house military personnel|	v|lodge in barracks|	v|spur on or encourage especially by cheers and shouts|The crowd cheered the demonstrating strikers	v|laugh at with contempt and derision|The crowd jeered at the speaker
barracking	n|shouting to interrupt a speech with which you disagree|
barracouta	n|a large marine food fish common on the coasts of Australia, New Zealand, and southern Africa|
barracuda	n|any voracious marine fish of the genus Sphyraena having an elongated cylindrical body and large mouth with projecting lower jaw and long strong teeth|
barrage	n|the rapid and continuous delivery of linguistic communication (spoken or written)|a barrage of questions	n|the heavy fire of artillery to saturate an area rather than hit a specific target|they laid down a barrage in front of the advancing troops	v|address with continuously or persistently, as if with a barrage|The speaker was barraged by an angry audience
barrage balloon	n|an elongated tethered balloon or blimp with cables or net suspended from it to deter enemy planes that are flying low|
barrage fire	n|the heavy fire of artillery to saturate an area rather than hit a specific target|they laid down a barrage in front of the advancing troops
barrage jam	v|jam an entire frequency spectrum|During the Cold War, the Soviets routinely barrage jammed to interfere with transmissions from the West
barrage jamming	n|electronic jamming over a wide range of frequencies simultaneously|
barramundi	n|a species of large perch noted for its sporting and eating qualities; lives in marine, estuary, and freshwater habitats|
barranquilla	n|a port city of northern Colombia near the Caribbean on the Magdalena River|
barrater	n|someone guilty of barratry|
barrator	n|someone guilty of barratry|
barratry	n|traffic in ecclesiastical offices or preferments|	n|the crime of a judge whose judgment is influenced by bribery|	n|(maritime law) a fraudulent breach of duty by the master of a ship that injures the owner of the ship or its cargo; includes every breach of trust such as stealing or sinking or deserting the ship or embezzling the cargo|	n|the offense of vexatiously persisting in inciting lawsuits and quarrels|
barred	adj|preventing entry or exit or a course of action|a barricaded street	adj|marked with stripes or bands|
barred owl	n|large owl of eastern North America having its breast and abdomen streaked with brown|
barred pickerel	n|small but gamy pickerel of Atlantic coastal states|
barrel	n|a tube through which a bullet travels when a gun is fired|	n|a cylindrical container that holds liquids|	n|a bulging cylindrical shape; hollow with flat ends|	n|the quantity that a barrel (of any size) will hold|
barrel cactus	n|a cactus of the genus Ferocactus: unbranched barrel-shaped cactus having deep ribs with numerous spines and usually large funnel-shaped flowers followed by dry fruits|
barrel knot	n|a knot used for tying fishing leaders together; the ends of the two leaders are wrapped around each other two or three times|
barrel maker	n|a craftsman who makes or repairs wooden barrels or tubs|
barrel organ	n|a musical instrument that makes music by rotation of a cylinder studded with pegs|
barrel roll	n|a roll in which the plane follows a spiral course|
barrel vault	n|the simplest form of vault; a single continuous arch|
barrel-shaped	adj|having the general shape of a barrel|
barreled	adj|put in or stored in a barrel|barreled beer	adj|(of an arrow) tapered toward both ends|
barrelfish	n|blackish fish of New England waters|
barrelful	n|the quantity that a barrel (of any size) will hold|
barrelhouse	n|a cheap drinking and dancing establishment|
barrelled	adj|put in or stored in a barrel|barreled beer	adj|(of an arrow) tapered toward both ends|
barrels	n|the amount that many barrels might hold|
barren	adj|providing no shelter or sustenance|bare rocky hills	adj|not bearing offspring|a barren woman	adj|completely wanting or lacking|writing barren of insight	n|an uninhabited wilderness that is worthless for cultivation|the barrens of central Africa
barren ground caribou	n|of tundra of northern Canada; in some classifications included in the species Rangifer tarandus|
barrenness	n|the state (usually of a woman) of having no children or being unable to have children|	n|the quality of yielding nothing of value|
barrenwort	n|slow-growing creeping plant with semi-evergreen leaves on erect wiry stems; used as ground cover|
barrette	n|a pin for holding women's hair in place|
barretter	n|a resistor inserted into a circuit to compensate for changes (as those arising from temperature fluctuations)|
barricade	n|a barrier set up by police to stop traffic on a street or road in order to catch a fugitive or inspect traffic etc.|	n|a barrier (usually thrown up hastily) to impede the advance of an enemy|they stormed the barricade	v|render unsuitable for passage|block the way	v|prevent access to by barricading|The street where the President lives is always barricaded
barricaded	adj|preventing entry or exit or a course of action|a barricaded street
barricado	v|block off with barricades|
barrie	n|Scottish dramatist and novelist; created Peter Pan (1860-1937)|
barrier	n|a structure or object that impedes free movement|	n|any condition that makes it difficult to make progress or to achieve an objective|intolerance is a barrier to understanding	n|anything serving to maintain separation by obstructing vision or access|
barrier island	n|a long narrow sandy island (wider than a reef) running parallel to the shore|
barrier reef	n|a long coral reef near and parallel to the shore|
barrier strip	n|a junction unit for connecting 2 cables without the need for plugs|
barring	n|the act of excluding someone by a negative vote or veto|
barrio	n|an urban area in a Spanish-speaking country|
barrister	n|a British or Canadian lawyer who speaks in the higher courts of law on behalf of either the defense or prosecution|
barroom	n|a room or establishment where alcoholic drinks are served over a counter|he drowned his sorrows in whiskey at the bar
barrow	n|the quantity that a barrow will hold|	n|(archeology) a heap of earth placed over prehistoric tombs|	n|a cart for carrying small loads; has handles and one or more wheels|
barrow-boy	n|a hawker of fruit and vegetables from a barrow|
barrow-man	n|a hawker of fruit and vegetables from a barrow|
barrowful	n|the quantity that a barrow will hold|
bars	n|gymnastic apparatus consisting of two parallel wooden rods supported on uprights|
barstow	n|a town in southeastern California|
bart	n|a member of the British order of honor; ranks below a baron but above a knight|since he was a baronet he had to be addressed as Sir Henry Jones, Bart.
bartender	n|an employee who mixes and serves alcoholic drinks at a bar|
barter	n|an equal exchange|we had no money so we had to live by barter	v|exchange goods without involving money|
barter away	v|trade in in a bartering transaction|
barterer	n|a trader who exchanges goods and not money|
barth	n|Swiss Protestant theologian (1886-1968)|
barthold george niebuhr	n|German historian noted for his critical approach to sources and for his history of Rome (1776-1831)|
bartholdi	n|French sculptor best known for creating the Statue of Liberty now in New York harbor|
bartholin	n|Danish physician who discovered Bartholin's gland (1585-1629)|
bartholin's gland	n|either of the two posterior vestibular glands that secrete a lubricating mucus; homologous to Cowper's gland in the male|
bartholomeu dias	n|Portuguese explorer who in 1488 was the first European to get round the Cape of Good Hope (thus establishing a sea route from the Atlantic to Asia) (1450-1500)|
bartholomeu diaz	n|Portuguese explorer who in 1488 was the first European to get round the Cape of Good Hope (thus establishing a sea route from the Atlantic to Asia) (1450-1500)|
bartholomew roberts	n|a Welsh pirate credited with having taken more than 400 ships (1682-1722)|
bartle frere	n|a living fossil or so-called `green dinosaur'; genus or subfamily of primitive nut-bearing trees thought to have died out 50 million years ago; a single specimen found in 1994 on Mount Bartle Frere in eastern Australia; not yet officially named|
bartlesville	n|a town in northeastern Oklahoma|
bartlett	n|juicy yellow pear|
bartlett pear	n|juicy yellow pear|
bartolome esteban murillo	n|Spanish painter (1617-1682)|
bartolomeo prignano	n|Italian pope from 1378 to 1389 whose contested election began the Great Schism; he alienated his political allies by his ruthless treatment of his opponents (1318-1389)|
bartolommeo eustachio	n|Italian anatomist who was one of the fathers of modern anatomy; noted for descriptions of the ear and the heart (1520-1574)|
bartonia	n|annual grown especially for its fragrant golden nocturnal flowers|
bartram juneberry	n|open-growing shrub of eastern North America having pure white flowers and small waxy almost black fruits|
bartramia	n|a genus of Scolopacidae|
baruch	n|a disciple of and secretary for the prophet Jeremiah|	n|an Apocryphal book ascribed to Baruch|
baruch de spinoza	n|Dutch philosopher who espoused a pantheistic system (1632-1677)|
barunduki	n|terrestrial Siberian squirrel|
barycenter	n|(astronomy) the common center of mass around which two or more bodies revolve|
barye	n|the absolute unit of pressure equal to one dyne per square centimeter|
baryon	n|any of the elementary particles having a mass equal to or greater than that of a proton and that participate in strong interactions; a hadron with a baryon number of +1|
baryon number	n|a number equal to the difference between the number of baryons and the number of antibaryons in any subatomic structure; it is conserved in all types of particle interactions|
baryta	n|any of several compounds of barium|
barytes	n|a white or colorless mineral (BaSO4); the main source of barium|
barytic	adj|of or relating to or containing baryta|
barytone	n|a male singer|
bas bleu	n|a woman having literary or intellectual interests|
bas mitzvah	n|(Judaism) an initiation ceremony marking the 12th birthday of a Jewish girl and signifying the beginning of religious responsibility|
bas relief	n|a sculptural relief in which forms extend only slightly from the background; no figures are undercut|
basal	adj|especially of leaves; located at the base of a plant or stem; especially arising directly from the root or rootstock or a root-like stem|basal placentation	adj|of or being the essential or basic part|an elementary need for love and nurturing	adj|serving as or forming a base|the painter applied a base coat followed by two finishing coats
basal body temperature	n|body temperature in the morning before rising or moving about or eating anything|
basal body temperature method	n|natural family planning in which the fertile period of the woman's menstrual cycle is inferred by noting the rise in basal body temperature that typically occurs with ovulation|
basal body temperature method of family planning	n|natural family planning in which the fertile period of the woman's menstrual cycle is inferred by noting the rise in basal body temperature that typically occurs with ovulation|
basal ganglion	n|any of several masses of subcortical grey matter at the base of each cerebral hemisphere that seem to be involved in the regulation of voluntary movement|
basal metabolic rate	n|the rate at which heat is produced by an individual in a resting state|
basal metabolism	n|the amount of energy required to maintain the body of an individual in a resting state|
basal placentation	n|where one or few ovules develop at the base of a simple or compound ovary|
basal temperature	n|body temperature in the morning before rising or moving about or eating anything|
basal vein	n|a large vein passing along the medial surface of the temporal lobe and emptying into the great cerebral vein|
basalt	n|the commonest type of solidified lava; a dense dark grey fine-grained igneous rock that is composed chiefly of plagioclase feldspar and pyroxene|
basaltic	adj|of or relating to or containing basalt|basaltic magma is fluid
bascule	n|a structure or device in which one end is counterbalanced by the other (on the principle of the seesaw)|
base	n|installation from which a military force initiates operations|the attack wiped out our forward bases	n|lowest support of a structure|it was built on a base of solid rock	n|a place that the runner must touch before scoring|he scrambled to get back to the bag	n|the bottom or lowest part|the base of the mountain
base hit	n|(baseball) the successful act of striking a baseball in such a way that the batter reaches base safely|
base metal	n|a metal that is common and not considered precious|lead, iron, copper, tin, and zinc are base metals
base of operations	n|installation from which a military force initiates operations|the attack wiped out our forward bases
base on balls	n|(baseball) an advance to first base by a batter who receives four balls|he worked the pitcher for a base on balls
base pair	n|one of the pairs of chemical bases joined by hydrogen bonds that connect the complementary strands of a DNA molecule or of an RNA molecule that has two strands; the base pairs are adenine with thymine and guanine with cytosine in DNA and adenine with uracil and guanine with cytosine in RNA|
base rate	n|the interest rate set by the Bank of England for lending to other banks|
base runner	n|a baseball player on the team at bat who is on base (or attempting to reach a base)|
base-forming	adj|yielding a base in aqueous solution|
baseball	n|a ball game played with a bat and ball between two teams of nine players; teams take turns at bat trying to score runs|he played baseball in high school	n|a ball used in playing baseball|
baseball bat	n|an implement used in baseball by the batter|
baseball cap	n|a cap with a bill|
baseball card	n|a trading card with a picture of a baseball player and information about his playing record|
baseball clinic	n|a meeting at which baseball players receive special evaluation and instruction|a summer baseball clinic for promising young players
baseball club	n|a team of professional baseball players who play and travel together|each club played six home games with teams in its own division
baseball coach	n|a coach of baseball players|
baseball diamond	n|the area of a baseball field that is enclosed by 3 bases and home plate|
baseball equipment	n|equipment used in playing baseball|
baseball field	n|the baseball playing field|
baseball game	n|a ball game played with a bat and ball between two teams of nine players; teams take turns at bat trying to score runs|he played baseball in high school
baseball glove	n|the handwear used by fielders in playing baseball|
baseball league	n|a league of baseball teams|
baseball manager	n|a coach of baseball players|
baseball mitt	n|the handwear used by fielders in playing baseball|
baseball play	n|(baseball) a play executed by a baseball team|
baseball player	n|an athlete who plays baseball|
baseball score	n|the score of a baseball game|
baseball season	n|the season when baseball is played|
baseball swing	n|in baseball; a batter's attempt to hit a pitched ball|he took a vicious cut at the ball
baseball team	n|a team that plays baseball|
baseboard	n|a molding covering the joint formed by a wall and the floor|
baseborn	adj|of low birth or station (`base' is archaic in this sense)|baseborn wretches with dirty faces	adj|illegitimate|
based	adj|having a base|firmly based ice	adj|having a base of operations (often used as a combining form)|a locally based business
basel	n|a city in northwestern Switzerland|
baseless	adj|without a basis in reason or fact|baseless gossip
baseline	n|an imaginary line or standard by which things are measured or compared|the established a baseline for the budget	n|the back line bounding each end of a tennis or handball court; when serving the server must not step over this line|	n|the lines a baseball player must follow while running the bases|
basely	adv|in a despicable, ignoble manner|this new leader meanly threatens the deepest values of our society
basement	n|the lowermost portion of a structure partly or wholly below ground level; often used for storage|	n|the ground floor facade or interior in Renaissance architecture|
baseness	n|unworthiness by virtue of lacking higher values|
basenji	n|small smooth-haired breed of African origin having a tightly curled tail and the inability to bark|
bash	n|a vigorous blow|the sudden knock floored him	n|an uproarious party|	v|hit hard|
bashful	adj|self-consciously timid; lowering my head, I looked at the wall"- Ezra Pound|I never laughed, being bashful	adj|disposed to avoid notice; (`blate' is a Scottish term for bashful)|they considered themselves a tough outfit and weren't bashful about letting anybody know it
bashfully	adv|in a shy or timid or bashful manner|he smiled shyly
bashfulness	n|feeling embarrassed due to modesty|
basia	n|the second largest city in Iraq; an oil port in southern Iraq|
basic	adj|pertaining to or constituting a base or basis|a basic fact	adj|reduced to the simplest and most significant form possible without loss of generality|a basic story line	adj|serving as a base or starting point|a basic course in Russian	adj|of or denoting or of the nature of or containing a base|
basic assumption	n|an assumption that is basic to an argument|
basic cognitive process	n|cognitive processes involved in obtaining and storing knowledge|
basic color	n|a dye that is considered to be a base because the chromophore is part of a positive ion|
basic colour	n|a dye that is considered to be a base because the chromophore is part of a positive ion|
basic dye	n|a dye that is considered to be a base because the chromophore is part of a positive ion|
basic english	n|a simplified form of English proposed for use as an auxiliary language for international communication; devised by C. K. Ogden and I. A. Richards|
basic iron	n|pig iron containing a high percentage of phosphorus; used in making steel by a process that removes the phosphorus|
basic point defense missile system	n|a shipboard missile system|
basic principle	n|principles from which other truths can be derived|first you must learn the fundamentals
basic slag	n|slag produced in making steel; low in silica but having large amounts of calcium phosphate; useful as fertilizer|
basic training	n|the initial period of training for new military personnel; involves intense physical activity and behavioral discipline|
basically	adv|in essence; at bottom or by one's (or its) very nature|He is basically dishonest
basics	n|a statement of fundamental facts or principles|	n|principles from which other truths can be derived|first you must learn the fundamentals
basidial	adj|relating to or characterized by basidia|
basidiocarp	n|the fruiting body of a basidiomycete which bears its spores on special cells|
basidiolichen	n|a lichen in which the fungus component is a basidiomycete|
basidiomycete	n|any of various fungi of the subdivision Basidiomycota|
basidiomycetes	n|large class of higher fungi coextensive with subdivision Basidiomycota|
basidiomycetous	adj|pertaining to or characteristic of fungi of the class Basidiomycetes|
basidiomycetous fungi	n|any of various fungi of the subdivision Basidiomycota|
basidiomycota	n|comprises fungi bearing the spores on a basidium; includes Gasteromycetes (puffballs) and Tiliomycetes comprising the orders Ustilaginales (smuts) and Uredinales (rusts) and Hymenomycetes (mushrooms, toadstools, agarics and bracket fungi); in some classification systems considered a division of kingdom Fungi|
basidiomycotina	n|comprises fungi bearing the spores on a basidium; includes Gasteromycetes (puffballs) and Tiliomycetes comprising the orders Ustilaginales (smuts) and Uredinales (rusts) and Hymenomycetes (mushrooms, toadstools, agarics and bracket fungi); in some classification systems considered a division of kingdom Fungi|
basidiospore	n|a sexually produced fungal spore borne on a basidium|
basidiosporous	adj|of or relating to or characterized by spores produced by basidia|
basidium	n|a small club-shaped structure typically bearing four basidiospores at the ends of minute projections; unique to basidiomycetes|
basifixed	adj|attached by its base (as certain anthers to their filaments or stalks)|
basify	v|turn basic and less acidic|the solution alkalized
basil	n|any of several Old World tropical aromatic annual or perennial herbs of the genus Ocimum|	n|(Roman Catholic Church) the bishop of Caesarea who defended the Roman Catholic Church against the heresies of the 4th century; a saint and Doctor of the Church (329-379)|	n|leaves of the common basil; used fresh or dried|
basil balm	n|perennial herb of North America (New York to Illinois and mountains of Alaska) having aromatic leaves and clusters of yellowish-pink balls|	n|fragrant European mint having clusters of small violet-and-white flowers; naturalized especially in eastern North America|
basil of caesarea	n|(Roman Catholic Church) the bishop of Caesarea who defended the Roman Catholic Church against the heresies of the 4th century; a saint and Doctor of the Church (329-379)|
basil the great	n|(Roman Catholic Church) the bishop of Caesarea who defended the Roman Catholic Church against the heresies of the 4th century; a saint and Doctor of the Church (329-379)|
basil thyme	n|fragrant European mint having clusters of small violet-and-white flowers; naturalized especially in eastern North America|
basilar	adj|of or relating to or located at the base|the basilar membrane of the cochlea
basilar artery	n|an unpaired artery; supplies the pons and cerebellum and the back part of the cerebrum and the inner ear|
basilar membrane	n|a membrane in the cochlea that supports the organ of Corti|
basilary	adj|of or relating to or located at the base|the basilar membrane of the cochlea
basileus	n|a ruler of the eastern Roman Empire|
basilic vein	n|a vein that drains the back of the hand and forearm and empties into the axillary vein|
basilica	n|an early Christian church designed like a Roman basilica; or a Roman Catholic church or cathedral accorded certain privileges|the church was raised to the rank of basilica	n|a Roman building used for public administration|
basilican	adj|of or relating to or resembling a basilica|
basilicata	n|a region of southern Italy (forming the instep of the Italian `boot')|
basiliscus	n|a reptile genus of Iguanidae|
basilisk	n|(classical mythology) a serpent (or lizard or dragon) able to kill with its breath or glance|	n|ancient brass cannon|	n|small crested arboreal lizard able to run on its hind legs; of tropical America|
basin	n|a bowl-shaped vessel; usually used for holding food or liquids|she mixed the dough in a large basin	n|the quantity that a basin will hold|a basinful of water	n|a natural depression in the surface of the land often with a lake at the bottom of it|the basin of the Great Salt Lake	n|the entire geographical area drained by a river and its tributaries; an area characterized by all runoff being conveyed to the same outlet|flood control in the Missouri basin
basinal	adj|of or relating to a basin|basinal deposits
basined	adj|enclosed in a basin|
basinet	n|a medieval steel helmet|
basinful	n|the quantity that a basin will hold|a basinful of water
basipetal	adj|of leaves or flowers; developing or opening in succession from apex to base|
basis	n|a relation that provides the foundation for something|they were on a friendly footing	n|the fundamental assumptions from which something is begun or developed or calculated or explained|the whole argument rested on a basis of conjecture	n|the most important or necessary part of something|the basis of this drink is orange juice
basiscopic	adj|facing or on the side toward the base|
basivertebral vein	n|one of a number of veins draining the spongy substance of the vertebrae and emptying into the anterior internal vertebral venous plexus|
bask	v|derive or receive pleasure from; get enjoyment from; take pleasure in|She relished her fame and basked in her glory	v|be exposed|The seals were basking in the sun
basket	n|a container that is usually woven and has handles|	n|the quantity contained in a basket|	n|horizontal circular metal hoop supporting a net through which players try to throw the basketball|	n|a score in basketball made by throwing the ball through the hoop|
basket fern	n|giant epiphytic or lithophytic fern; Asia to Polynesia and Australia|
basket fish	n|any starfish-like animal of the genera Euryale or Astrophyton or Gorgonocephalus having slender complexly branched interlacing arms radiating from a central disc|
basket hilt	n|a hilt with a basket-shaped guard for the hand|
basket maker	n|early Amerindians related to the Pueblo; known for skill in making baskets|
basket rummy	n|a form of rummy using two decks of cards and four jokers; jokers and deuces are wild; the object is to form groups of the same rank|
basket spikemoss	n|spikemoss forming dense mats; eastern North America|
basket star	n|any starfish-like animal of the genera Euryale or Astrophyton or Gorgonocephalus having slender complexly branched interlacing arms radiating from a central disc|
basket weave	n|a cloth woven of two or more threads interlaced to suggest the weave of a basket|
basket willow	n|Eurasian osier having reddish or purple twigs and bark rich in tannin|
basket-handle arch	n|a round arch whose inner curve is drawn with circles having three centers|
basket-shaped	adj|shaped like a basket|
basketball	n|a game played on a court by two opposing teams of 5 players; points are scored by throwing the ball through an elevated horizontal hoop|	n|an inflated ball used in playing basketball|
basketball backboard	n|a raised vertical board with basket attached; used to play basketball|he banked the shot off the backboard
basketball clinic	n|a meeting at which basketball players receive special evaluation and instruction|
basketball coach	n|a coach of basketball players|
basketball court	n|the court on which basketball is played|
basketball equipment	n|sports equipment used in playing basketball|
basketball game	n|a game played on a court by two opposing teams of 5 players; points are scored by throwing the ball through an elevated horizontal hoop|
basketball hoop	n|horizontal circular metal hoop supporting a net through which players try to throw the basketball|
basketball league	n|a league of basketball teams|
basketball play	n|a play executed by a basketball team|
basketball player	n|an athlete who plays basketball|
basketball score	n|the score in a basketball game|
basketball season	n|the season when basketball is played|
basketball shot	n|throwing the basketball toward the hoop|his shot hit the rim and bounced out
basketball team	n|a team that plays basketball|
basketeer	n|an athlete who plays basketball|
basketful	n|the quantity contained in a basket|
basketmaker	n|someone skilled in weaving baskets|
basketry	n|the craft of basket making|
basketweaver	n|someone skilled in weaving baskets|
basking shark	n|large harmless plankton-eating northern shark; often swims slowly or floats at the sea surface|
basle	n|a city in northwestern Switzerland|
basophil	n|a leukocyte with basophilic granules easily stained by basic stains|
basophile	n|a leukocyte with basophilic granules easily stained by basic stains|
basophilia	n|the tendency of cells to stain with basic dyes|cytoplasmic basophilia
basophilic	adj|staining readily with basic dyes|
basotho	n|a member of a subgroup of people who inhabit Lesotho|
basque	n|a member of a people of unknown origin living in the western Pyrenees in France and Spain|	n|the language of the Basque people; of no known relation to any other language|
basque fatherland and liberty	n|a terrorist organization organized in 1959 by student activists who were dissatisfied with the moderate nationalism of the traditional Basque party; want to create an independent homeland in Spain's western Pyrenees|in 1968 ETA launched a campaign of political assassinations of government officials
basque homeland and freedom	n|a terrorist organization organized in 1959 by student activists who were dissatisfied with the moderate nationalism of the traditional Basque party; want to create an independent homeland in Spain's western Pyrenees|in 1968 ETA launched a campaign of political assassinations of government officials
basra	n|the second largest city in Iraq; an oil port in southern Iraq|
bass	n|the lowest part of the musical range|	n|the lowest part in polyphonic music|	n|an adult male singer with the lowest voice|	n|the lean flesh of a saltwater fish of the family Serranidae|
bass clarinet	n|a large clarinet whose range is an octave below the B-flat clarinet|
bass clef	n|a clef that puts the F below middle C on the fourth line of a staff|
bass drum	n|a large drum with two heads; makes a sound of indefinite but very low pitch|
bass fiddle	n|largest and lowest member of the violin family|
bass guitar	n|the guitar with six strings that has the lowest pitch|
bass horn	n|the lowest brass wind instrument|
bass part	n|the lowest part in polyphonic music|
bass viol	n|viol that is the bass member of the viol family with approximately the range of the cello|	n|largest and lowest member of the violin family|
bass voice	n|the lowest adult male singing voice|
bassariscidae	n|in some classifications considered a separate family|
bassariscus	n|cacomistles|
basse-normandie	n|a division of Normandy|
basset	n|smooth-haired breed of hound with short legs and long ears|	v|appear at the surface|A seam of coal bassets
basset horn	n|a tenor clarinet; pitched in the key of F below the B-flat clarinet|
basset hound	n|smooth-haired breed of hound with short legs and long ears|
basset oboe	n|an oboe pitched an octave below the ordinary oboe|
basseterre	n|the capital of Saint Kitts and Nevis on the island of Saint Christopher|
bassia	n|summer cypress|
bassia scoparia	n|densely branched Eurasian plant; foliage turns purple-red in autumn|
bassine	n|coarse leaf fiber from palmyra palms used in making brushes and brooms|
bassinet	n|a basket (usually hooded) used as a baby's bed|	n|a perambulator that resembles a bassinet|
bassist	n|a musician who play the bass viol|
basso	n|an adult male singer with the lowest voice|	n|the lowest adult male singing voice|
basso continuo	n|a bass part written out in full and accompanied by numbers to indicate the chords to be played|
basso profundo	n|a very deep bass voice|
basso relievo	n|a sculptural relief in which forms extend only slightly from the background; no figures are undercut|
basso rilievo	n|a sculptural relief in which forms extend only slightly from the background; no figures are undercut|
bassoon	n|a double-reed instrument; the tenor of the oboe family|
bassoonist	n|a musician who plays the bassoon|
basswood	n|soft light-colored wood of any of various linden trees; used in making crates and boxes and in carving and millwork|	n|any of various deciduous trees of the genus Tilia with heart-shaped leaves and drooping cymose clusters of yellowish often fragrant flowers; several yield valuable timber|
bast	n|strong woody fibers obtained especially from the phloem of from various plants|	n|(botany) tissue that conducts synthesized food substances (e.g., from leaves) to parts where needed; consists primarily of sieve tubes|	n|cat- or lion-headed Egyptian goddess; represents life-giving power of the sun|
bast fiber	n|strong woody fibers obtained especially from the phloem of from various plants|
bastard	n|insulting terms of address for people who are stupid or irritating or ridiculous|	n|the illegitimate offspring of unmarried parents|	n|derogatory term for a variation that is not genuine; something irregular or inferior or of dubious origin|the architecture was a kind of bastard suggesting Gothic but not true Gothic	adj|fraudulent; having a misleading appearance|
bastard indigo	n|East Indian shrub|
bastard pimpernel	n|weedy plant having short dry chafflike leaves|
bastard ridley	n|grey sea turtle of the Atlantic and Gulf Coasts of North America|
bastard title	n|a first page of some books displaying only the title of the book|
bastard toadflax	n|woody creeping parasite of western North America having numerous thick powdery leaves and panicles of small dull-white flowers|
bastard turtle	n|grey sea turtle of the Atlantic and Gulf Coasts of North America|
bastard wing	n|tuft of small stiff feathers on the first digit of a bird's wing|
bastard yellowwood	n|medium-sized tree of South Africa|
bastardisation	n|an act that debases or corrupts|
bastardise	v|change something so that its value declines; for example, art forms|	v|declare a child to be illegitimate|
bastardised	adj|deriving from more than one source or style|
bastardization	n|declaring or rendering bastard|the annulment of their marriage resulted in the bastardization of their children	n|an act that debases or corrupts|
bastardize	v|change something so that its value declines; for example, art forms|	v|declare a child to be illegitimate|
bastardized	adj|deriving from more than one source or style|
bastardly	adj|born out of wedlock|the dominions of both rulers passed away to their spurious or doubtful offspring"- E.A.Freeman	adj|of no value or worth|I was caught in the bastardly traffic
bastardy	n|the status of being born to parents who were not married|
bastardy proceeding	n|a lawsuit filed to determine the father of a child born out of wedlock (and to provide for the support of the child once paternity is determined)|
baste	v|cover with liquid before cooking|baste a roast	v|strike violently and repeatedly|She clobbered the man who tried to attack her	v|sew together loosely, with large stitches|baste a hem	n|a loose temporary sewing stitch to hold layers of fabric together|
baster	n|a cook who bastes roasting meat with melted fat or gravy|	n|a sewer who fastens a garment with long loose stitches|	n|a tube with a rubber bulb used to take up and release melted fat or gravy in order to moisten roasting meat|
bastille	n|a fortress built in Paris in the 14th century and used as a prison in the 17th and 18th centuries; it was destroyed July 14, 1789 at the start of the French Revolution|	n|a jail or prison (especially one that is run in a tyrannical manner)|
bastille day	n|a legal holiday in France celebrating the storming of the Paris bastille in 1789|
bastinado	n|a cudgel used to give someone a beating on the soles of the feet|	n|a form of torture in which the soles of the feet are beaten with whips or cudgels|	v|beat somebody on the soles of the feet|
basting	n|a loose temporary sewing stitch to hold layers of fabric together|	n|moistening a roast as it is cooking|
basting stitch	n|a loose temporary sewing stitch to hold layers of fabric together|
bastion	n|a group that defends a principle|a bastion against corruption	n|a stronghold into which people could go for shelter during a battle|	n|projecting part of a rampart or other fortification|
bastioned	adj|secured with bastions or fortifications|
bastnaesite	n|a yellow-to-brown mineral that is a source of rare earth elements|
bastnasite	n|a yellow-to-brown mineral that is a source of rare earth elements|
basuco	n|low-grade cocaine mixed with coca paste and cannabis|
basuto	n|the dialect of Sotho spoken by the Basotho; an official language of Lesotho|
basutoland	n|a landlocked constitutional monarchy in southern Africa; achieved independence from the United Kingdom in 1966|
bat	n|nocturnal mouselike mammal with forelimbs modified to form membranous wings and anatomical adaptations for echolocation by which they navigate|	n|(baseball) a turn trying to get a hit|he was at bat when it happened	n|a small racket with a long handle used for playing squash|	n|the club used in playing cricket|a cricket bat has a narrow handle and a broad flat end for hitting
bat boy	n|(baseball) a boy who takes care of bats and other baseball equipment|
bat mitzvah	n|(Judaism) an initiation ceremony marking the 12th birthday of a Jewish girl and signifying the beginning of religious responsibility|	v|confirm in the bat mitzvah ceremony, of girls in the Jewish faith|
bata	n|a Chadic language spoken south of Lake Chad|
batch	n|all the loaves of bread baked at the same time|	n|(often followed by `of') a large number or amount or extent|a batch of letters	n|a collection of things or persons to be handled together|	v|batch together; assemble or process as a batch|
batch processing	n|the serial execution of computer programs|
bate	v|moderate or restrain; lessen the force of|He bated his breath when talking about this affair	v|flap the wings wildly or frantically; used of falcons|	v|soak in a special solution to soften and remove chemicals used in previous treatments|bate hides and skins
bateau bridge	n|a temporary bridge built over a series of pontoons|
bated	adj|diminished or moderated|our bated enthusiasm
batfish	n|bottom-dweller of warm western Atlantic coastal waters having a flattened scaleless body that crawls about on fleshy pectoral and pelvic fins|
batfowl	v|catch birds by temporarily blinding them|
bath	n|a vessel containing liquid in which something is immersed (as to process it or to maintain it at a constant temperature or to lubricate it)|she soaked the etching in an acid bath	n|a soaking and washing in a bathtub|he has a good bath every morning	n|an ancient Hebrew liquid measure equal to about 10 gallons|	n|a town in southwestern England on the River Avon; famous for its hot springs and Roman remains|
bath asparagus	n|Old World star of Bethlehem having edible young shoots|
bath chair	n|a wheelchair usually pushed by an attendant, as at a spa|
bath linen	n|linens for use in the bathroom|
bath mat	n|a heavy towel or mat to stand on while drying yourself after a bath|
bath mitzvah	n|(Judaism) an initiation ceremony marking the 12th birthday of a Jewish girl and signifying the beginning of religious responsibility|
bath oil	n|a scented oil added to your bath water|
bath powder	n|a fine powder for spreading on the body (as after bathing)|
bath salts	n|a preparation that softens or scents a bath|
bath soap	n|soap used as a toiletry|
bath towel	n|a large towel; to dry yourself after a bath|
bath water	n|water used for a bath|
bathe	v|cleanse the entire body|bathe daily	v|suffuse or envelope with something|The room was bathed in sunlight	v|swim for pleasure or recreation|	n|the act of swimming for pleasure or recreation|the Englishman said he had a good bathe
bather	n|a person who travels through the water by swimming|he is not a good swimmer	n|a person who takes a bath|the bathers enjoyed the cool water
bathetic	adj|effusively or insincerely emotional|a bathetic novel
bathhouse	n|a building containing dressing rooms for bathers|	n|a building containing public baths|
bathing	n|immersing the body in water or sunshine|	n|the act of washing yourself (or another person)|
bathing cap	n|a tight-fitting cap that keeps hair dry while swimming|
bathing costume	n|tight fitting garment worn for swimming|
bathing machine	n|a building containing dressing rooms for bathers|
bathing suit	n|tight fitting garment worn for swimming|
bathing trunks	n|swimsuit worn by men while swimming|
bathing tub	n|a relatively large open container that you fill with water and use to wash the body|
batholite	n|large mass of intrusive igneous rock believed to have solidified deep within the earth|
batholith	n|large mass of intrusive igneous rock believed to have solidified deep within the earth|
batholithic	adj|of or relating to a batholith|
batholitic	adj|of or relating to a batholith|
bathometer	n|an instrument that measures the depth of water|
bathos	n|triteness or triviality of style|	n|insincere pathos|	n|a change from a serious subject to a disappointing one|
bathrobe	n|a loose-fitting robe of towelling; worn after a bath or swim|
bathroom	n|a room (as in a residence) containing a bathtub or shower and usually a washbasin and toilet|	n|a room or building equipped with one or more toilets|
bathroom cleaner	n|a preparation for cleaning bathrooms|
bathroom fixture	n|any fixture in a bathroom|
bathroom tissue	n|a soft thin absorbent paper for use in toilets|
bathsheba	n|(Old Testament) the wife of Uriah and later the wife of king David; Solomon was her son by David (circa 10th century BC)|
bathtub	n|a relatively large open container that you fill with water and use to wash the body|
bathtub gin	n|homemade gin especially that made illegally|
bathyal	adj|relating to ocean depths between 200 and 2000 meters (corresponds to the continental slope)|
bathyal district	n|the steep descent of the seabed from the continental shelf to the abyssal zone|
bathyal zone	n|the steep descent of the seabed from the continental shelf to the abyssal zone|
bathyergidae	n|mole rats; sand rats|
bathyergus	n|mole rats|
bathymeter	n|an instrument that measures the depth of water|
bathymetric	adj|of or relating to measurements of the depths of oceans or lakes|
bathymetrical	adj|of or relating to measurements of the depths of oceans or lakes|
bathymetry	n|measuring the depths of the oceans|
bathyscape	n|navigable deep diving vessel for underwater exploration|
bathyscaph	n|navigable deep diving vessel for underwater exploration|
bathyscaphe	n|navigable deep diving vessel for underwater exploration|
bathysphere	n|spherical deep diving apparatus (lowered by a cable) for underwater exploration|
batidaceae	n|family coextensive with genus Batis: saltworts|
batik	n|a dyed fabric; a removable wax is used where the dye is not wanted|	v|dye with wax|Indonesian fabrics are often batiked
batis	n|small genus of plants constituting the family Batidaceae: low straggling dioecious shrubs|
batis maritima	n|low-growing strong-smelling coastal shrub of warm parts of the New World having unisexual flowers in conelike spikes and thick succulent leaves|
batiste	n|a thin plain-weave cotton or linen fabric; used for shirts or dresses|
batman	n|an orderly assigned to serve a British military officer|
batna	n|a town in north central Algeria|
batoidei	n|fish with dorsoventrally flattened bodies; includes: rays; skates; guitarfishes; sawfishes|
batoko palm	n|small shrubby tree of Madagascar cultivated in tropical regions as a hedge plant and for its deep red acid fruits resembling small plums|
baton	n|a thin tapered rod used by a conductor to lead an orchestra or choir|	n|a short stout club used primarily by policemen|	n|a short staff carried by some officials to symbolize an office or an authority|	n|a hollow metal rod that is wielded or twirled by a drum major or drum majorette|
baton rouge	n|capital of Louisiana|
baton rouge bridge	n|a cantilever bridge across the Mississippi at Baton Rouge|
baton twirler	n|someone who twirls a baton|
batrachia	n|frogs, toads, tree toads|
batrachian	adj|relating to frogs and toads|	n|any of various tailless stout-bodied amphibians with long hind limbs for leaping; semiaquatic and terrestrial species|
batrachoididae	n|toadfishes; related to anglers and batfishes|
batrachomyomachia	n|a silly altercation|
batrachoseps	n|slender salamanders|
bats	adj|informal or slang terms for mentally irregular|it used to drive my husband balmy
batsman	n|(baseball) a ballplayer who is batting|
batswana	n|a member of a Bantu people living chiefly in Botswana and western South Africa|
battalion	n|an army unit usually consisting of a headquarters and three or more companies|	n|a large indefinite number|a battalion of ants
batten	n|stuffing made of rolls or sheets of cotton wool or synthetic fiber|	n|a strip fixed to something to hold it firm|	v|furnish with battens|batten ships	v|secure with battens|batten down a ship's hatches
batten down	v|furnish with battens|batten ships
batter	n|(baseball) a ballplayer who is batting|	n|a liquid or semiliquid mixture, as of flour, eggs, and milk, used in cooking|	v|strike against forcefully|Winds buffeted the tent	v|strike violently and repeatedly|She clobbered the man who tried to attack her
batter bread	n|soft bread made of cornmeal and sometimes rice or hominy; must be served with a spoon (chiefly southern)|
batter's box	n|an area on a baseball diamond (on either side of home plate) marked by lines within which the batter must stand when at bat|
batter-fried	adj|fried in batter|
battercake	n|a flat cake of thin batter fried on both sides on a griddle|
battered	adj|damaged by blows or hard usage|a battered old car	adj|damaged especially by hard usage|his battered old hat	adj|exhibiting symptoms resulting from repeated physical and emotional injury|a battered child
battering	n|the act of subjecting to strong attack|
battering ram	n|a ram used to break down doors of fortified buildings|
battery	n|group of guns or missile launchers operated together at one place|	n|a device that produces electricity; may have several primary or secondary cells arranged in parallel or series|	n|a collection of related things intended for use together|took a battery of achievement tests	n|a unit composed of the pitcher and catcher|
battery acid	n|dilute sulfuric acid used in storage batteries|
battery charger	n|a device that can hold a rechargeable battery by means of an electrical cable|
battery-acid	n|street name for lysergic acid diethylamide|
battery-powered	adj|powered by one or more electric batteries|a battery-powered radio
batting	n|(baseball) the batter's attempt to get on base|	n|stuffing made of rolls or sheets of cotton wool or synthetic fiber|
batting average	n|(baseball) a measure of a batter's performance; the number of base hits divided by the number of official times at bat|Ted Williams once had a batting average above .400	n|(an extension of the baseball term) the proportion of times some effort succeeds|the salesman's batting average was 7 out of 12
batting cage	n|a movable screen placed behind home base to catch balls during batting practice|
batting coach	n|(baseball) someone who teaches batters how to bat better|
batting glove	n|a glove worn by batters in baseball to give a firmer grip on the bat|
batting helmet	n|a helmet worn by the batter in baseball|
batting order	n|(baseball) a list of batters in the order in which they will bat|the managers presented their cards to the umpire at home plate
battle	n|a hostile meeting of opposing military forces in the course of a war|Grant won a decisive victory in the battle of Chickamauga	n|an energetic attempt to achieve something|getting through the crowd was a real struggle	n|an open clash between two opposing groups (or individuals)|the harder the conflict the more glorious the triumph"--Thomas Paine	v|battle or contend against in or as if in a battle|The Kurds are combating Iraqi troops in Northern Iraq
battle cruiser	n|a cruiser of maximum speed and firepower|
battle cry	n|a yell intended to rally a group of soldiers in battle|	n|a slogan used to rally support for a cause|a cry to arms
battle damage	n|loss of military equipment in battle|
battle dress	n|a military uniform designed for field service|
battle fatigue	n|a mental disorder caused by stress of active warfare|
battle flag	n|a flag that leads troops into battle|
battle fleet	n|a fleet of warships prepared for battle|
battle group	n|an army unit usually consisting of five companies|
battle line	n|the line along which warring troops meet|
battle of atlanta	n|a siege in which Federal troops under Sherman cut off the railroads supplying the city and then burned it; 1864|
battle of austerlitz	n|a decisive battle during the Napoleonic campaigns (1805); the French under Napoleon defeated the Russian armies of Czar Alexander I and the Austrian armies of Emperor Francis II|
battle of boyne	n|a battle in the War of the Grand Alliance in Ireland in 1690; William III defeated the deposed James II and so ended the Catholicism that had been reintroduced in England by the Stuarts|
battle of britain	n|the prolonged bombardment of British cities by the German Luftwaffe during World War II and the aerial combat that accompanied it|
battle of brunanburh	n|a battle in 937 when Athelstan defeated the Scots|
battle of caporetto	n|battle of World War I (1917); Italians were defeated by the Austrian and German forces|
battle of crecy	n|the first decisive battle of the Hundred Years' War; in 1346 the English under Edward III defeated the French under Philip of Valois|
battle of cunaxa	n|battle in 401 BC when the Artaxerxes II defeated his younger brother who tried to usurp the throne|
battle of cynoscephalae	n|the battle that ended the second Macedonian War (197 BC); the Romans defeated Philip V who lost his control of Greece|
battle of el alamein	n|a pitched battle in World War II (1942) resulting in a decisive Allied victory by British troops under Montgomery over German troops under Rommel|
battle of flodden field	n|a battle in 1513; the English defeated the invading Scots and James IV was killed|
battle of fontenoy	n|a battle in 1745 in which the French army under Marshal Saxe defeated the English army and their allies under the duke of Cumberland|
battle of granicus river	n|the battle in which Alexander won his first major victory against the Persians (334 BC)|
battle of hastings	n|the decisive battle in which William the Conqueror (duke of Normandy) defeated the Saxons under Harold II (1066) and thus left England open for the Norman Conquest|
battle of hohenlinden	n|a battle during the Napoleonic Wars (1800); the French defeated the Austrians|
battle of ipsus	n|a battle between the successors of Alexander the Great (301 BC); Lysimachus and Seleucus defeated Antigonus and Demetrius|
battle of issus	n|a battle (333 BC) in which Alexander the Great defeated the Persians under Darius III|
battle of ivry	n|a battle (1590) in which the Huguenots under Henry IV defeated the Catholics under the duke of Mayenne|
battle of jena	n|the battle in 1806 in which Napoleon decisively defeated the Prussians|
battle of jutland	n|an indecisive naval battle in World War I (1916); fought between the British and German fleets off the northwestern coast of Denmark|
battle of kerbala	n|a battle in 680 in which the grandson of Mohammed and his followers were killed|the Battle of Kerbala is the basis for the Ta'ziyehs that are performed annually
battle of lake trasimenus	n|a battle in 217 BC in which Hannibal ambushed a Roman army led by Flaminius|
battle of langside	n|(1568) Catholic forces supporting Mary Queen of Scots were routed by Protestants|
battle of lepanto	n|Turkish sea power was destroyed in 1571 by a league of Christian nations organized by the Pope|
battle of leuctra	n|Thebes defeated Sparta in 371 BC; the battle ended Sparta's military supremacy in Greece|
battle of lule burgas	n|the principal battle of the Balkan Wars (1912); Bulgarian forces defeated the Turks|
battle of lutzen	n|a battle in the Thirty Years' War (1632); Swedes under Gustavus Adolphus defeated the Holy Roman Empire under Wallenstein; Gustavus Adolphus was killed|
battle of magenta	n|a battle in 1859 in which the French and Sardinian forces under Napoleon III defeated the Austrians under Francis Joseph I|
battle of maldon	n|a battle in which the Danes defeated the Saxons in 991; celebrated in an old English poem|
battle of marathon	n|a battle in 490 BC in which the Athenians and their allies defeated the Persians|
battle of marston moor	n|a battle in 1644 in which the Parliamentarians under the earl of Manchester defeated the Royalists under Prince Rupert|
battle of minden	n|a battle in the Seven Years' War (1759) in which the English forces and their allies defeated the French|
battle of navarino	n|a decisive naval battle in the War of Greek Independence (1827); the Turkish and Egyptian fleet was defeated by an allied fleet of British and French and Russian warships|
battle of omdurman	n|a battle (1898) in which an English and Egyptian army under Kitchener defeated the Sudanese|
battle of panipat	n|battle in which the ruler of Afghanistan defeated the Mahrattas in 1761|
battle of pharsalus	n|Caesar defeated Pompey in 48 BC|
battle of philippi	n|Octavian and Mark Antony defeated Brutus and Cassius in 42 BC|
battle of plassey	n|the victory in 1757 by the British under Clive over Siraj-ud-daula that established British supremacy over Bengal|
battle of plataea	n|a defeat of the Persian army by the Greeks at Plataea in 479 BC|
battle of poitiers	n|the battle in 1356 in which the English under the Black Prince defeated the French|
battle of puebla	n|a battle in which Mexican forces defeated the French in 1862|
battle of pydna	n|a major victory by the Romans over the Macedonians in 168 BC; resulted in the downfall of the ancient Macedonian kingdom|
battle of ravenna	n|a battle between the French and an alliance of Spaniards and Swiss and Venetians in 1512|
battle of rocroi	n|a battle in the Thirty Years' War (1643); the French defeated the Spanish invaders|
battle of rossbach	n|a battle in the Seven Years' War (1757); Prussian forces under Frederick the Great defeated the armies of France and Austria|
battle of sempach	n|the Swiss Confederation escaped Hapsburg domination by their victory in 1386|
battle of solferino	n|an indecisive battle in 1859 between the French and Sardinians under Napoleon III and the Austrians under Francis Joseph I|
battle of spotsylvania courthouse	n|a battle between the armies of Grant and Lee during the Wilderness Campaign|
battle of tannenberg	n|a battle in World War I (1914); decisive German victory over the Russians|
battle of tertry	n|a battle in France in 687 among the descendants of Clovis|
battle of teutoburger wald	n|a battle in 9 AD in which the Germans under Arminius annihilated three Roman Legions|
battle of tewkesbury	n|the final battle of the War of the Roses in 1471 in which Edward IV defeated the Lancastrians|
battle of the ardennes bulge	n|a battle during World War II; in December 1944 von Rundstedt launched a powerful counteroffensive in the forest at Ardennes and caught the Allies by surprise|
battle of the bismarck sea	n|a naval battle in World War II; Allied land-based bombers destroyed a Japanese convoy in the Bismarck Sea in March 1943|
battle of the bulge	n|a battle during World War II; in December 1944 von Rundstedt launched a powerful counteroffensive in the forest at Ardennes and caught the Allies by surprise|
battle of the coral sea	n|a Japanese defeat in World War II (May 1942); the first naval battle fought entirely by planes based on aircraft carriers|
battle of the marne	n|a World War I battle in northwestern France where the Allies defeated the Germans in 1918|
battle of the somme	n|battle of World War II (1944)|	n|battle in World War I (1916)|
battle of the spanish armada	n|in the English Channel a small fleet of British ships successfully defeated the large armada sent from Spain by Philip II to invade England|
battle of thermopylae	n|a famous battle in 480 BC; a Greek army under Leonidas was annihilated by the Persians who were trying to conquer Greece|
battle of trafalgar	n|a naval battle in 1805 off the southwest coast of Spain; the French and Spanish fleets were defeated by the English under Nelson (who was mortally wounded)|
battle of trasimeno	n|a battle in central Italy where Hannibal defeated the Romans under Flaminius in 217 BC|
battle of valmy	n|the French defeated the Austrian and Prussian troops in 1792 (with a famous cannonade from the French artillery)|
battle of verdun	n|a battle in World War I (1916); in some of the bloodiest fighting in World War I the German offensive was stopped|
battle of wagram	n|a battle in the Napoleonic campaigns (1809); Napoleon defeated the Austrians|
battle of waterloo	n|the battle on 18 June 1815 in which Prussian and British forces under Blucher and the Duke of Wellington routed the French forces under Napoleon|
battle of wits	n|a contest in which intelligence rather than violence is used|
battle of ypres	n|battle in World War I (1917); an Allied offensive which eventually failed because tanks bogged down in the waterlogged soil of Flanders; Germans introduced mustard gas which interfered with the Allied artillery|	n|battle in World War I (1915); Germans wanted to try chlorine (a toxic yellow gas) as a weapon and succeeded in taking considerable territory from the Allied salient|	n|battle in World War I (1914); heavy but indecisive fighting as the Allies and the Germans both tried to break through the lines of the others|
battle of zama	n|the battle in 202 BC in which Scipio decisively defeated Hannibal at the end of the second Punic War|
battle plan	n|plan for conducting a battle|
battle royal	n|a noisy riotous fight|
battle sight	n|an arrangement of sights that makes possible the rapid aiming of a firearm at short ranges|
battle-ax	n|a broadax used as a weapon|	n|a sharp-tongued domineering wife|
battle-axe	n|a sharp-tongued domineering wife|	n|a broadax used as a weapon|
battle-scarred	adj|scarred by battle|
battledore	n|a light long-handled racket used by badminton players|	n|an ancient racket game|
battledore and shuttlecock	n|an ancient racket game|
battlefront	n|the line along which opposing armies face each other|
battleful	adj|having or showing a ready disposition to fight|bellicose young officers
battlement	n|a rampart built around the top of a castle with regular gaps for firing arrows or guns|
battlemented	adj|protected with battlements or parapets with indentations or embrasures for shooting through|	adj|having or resembling repeated square indentations like those in a battlement|a crenelated molding
battler	n|someone who fights (or is fighting)|
battleship	n|large and heavily armoured warship|
battlesight	n|an arrangement of sights that makes possible the rapid aiming of a firearm at short ranges|
battlewagon	n|large and heavily armoured warship|
battue	n|a hunt in which beaters force the game to flee in the direction of the hunter|	n|indiscriminate slaughter|a bloodbath took place when the leaders of the plot surrendered
batty	adj|informal or slang terms for mentally irregular|it used to drive my husband balmy
batwing	n|one of a pair of swinging doors (as at the entrance to a western saloon)|	adj|formed or shaped like a bat's wing|a dress with batwing sleeves
bauble	n|a mock scepter carried by a court jester|	n|cheap showy jewelry or ornament on clothing|
baud	n|(computer science) a data transmission rate (bits/second) for modems|
baud rate	n|(computer science) a data transmission rate (bits/second) for modems|
baudelaire	n|a French poet noted for macabre imagery and evocative language (1821-1867)|
bauhaus	n|a German style of architecture begun by Walter Gropius in 1918|
bauhinia	n|mountain ebony, orchid tree|
bauhinia monandra	n|shrub or small tree of Dutch Guiana having clusters of pink flowers streaked with purple|
bauhinia variegata	n|small East Indian tree having orchid-like flowers and hard dark wood|
baulk	n|the area on a billiard table behind the balkline|a player with ball in hand must play from the balk	n|something immaterial that interferes with or delays action or progress|	n|one of several parallel sloping beams that support a roof|	v|refuse to comply|
baulk-line	n|line across a billiard table behind which the cue balls are placed at the start of a game|
baulker	n|a person who refuses to comply|
bauxite	n|a clay-like mineral; the chief ore of aluminum; composed of aluminum oxides and aluminum hydroxides; used as an abrasive and catalyst|
bauxitic	adj|resembling or containing bauxite|
bavaria	n|a state in southern Germany famous for its beer; site of an automobile factory|
bavarian	adj|of or relating to or characteristic of Bavaria or its people|Bavarian beer	n|a native or an inhabitant of Bavaria|
bavarian blue	n|blue cheese of Bavaria|
bavarian cream	n|a rich custard set with gelatin|
bawbee	n|an old Scottish coin of little value|
bawd	n|a woman who engages in sexual intercourse for money|
bawdily	adv|in a bawdy manner|
bawdiness	n|the trait of behaving in an obscene manner|
bawdry	n|lewd or obscene talk or writing|it was smoking-room bawdry
bawdy	adj|humorously vulgar|bawdy songs	n|lewd or obscene talk or writing|it was smoking-room bawdry
bawdyhouse	n|a building where prostitutes are available|
bawl	v|shout loudly and without restraint|	v|make a raucous noise|	v|cry loudly|Don't bawl in public!
bawl out	v|censure severely or angrily|The mother scolded the child for entering a stranger's car
bawler	n|someone who communicates vocally in a very loud voice|	n|a loud weeper|their new baby is a real bawler
bawling	n|loud cries made while weeping|
bawling out	n|a severe scolding|
bay	n|an indentation of a shoreline larger than a cove but smaller than a gulf|	n|the sound of a hound on the scent|	n|small Mediterranean evergreen tree with small blackish berries and glossy aromatic leaves used for flavoring in cooking; also used by ancient Greeks to crown victors|	n|a compartment on a ship between decks; often used as a hospital|they put him in the sick bay
bay grass	n|any of various grasses of the genus Eragrostis; specially useful for forage and for the prevention of erosion|
bay laurel	n|small Mediterranean evergreen tree with small blackish berries and glossy aromatic leaves used for flavoring in cooking; also used by ancient Greeks to crown victors|
bay leaf	n|dried leaf of the bay laurel|
bay lynx	n|small lynx of North America|
bay of bengal	n|an arm of the Indian Ocean to the east of India|
bay of biscay	n|an arm of the Atlantic Ocean in western Europe; bordered by the west coast of France and the north coast of Spain|
bay of campeche	n|a part of the Gulf of Mexico to the west of Yucatan|
bay of fundy	n|a bay of the North Atlantic between New Brunswick and Nova Scotia; noted for rapid tides as great as 70 feet|
bay of naples	n|an arm of the Tyrrhenian Sea at Naples|
bay of ob	n|an inlet of the Kara Sea in western Siberia|
bay rum	n|an aromatic liquid originally obtained by distilling the leaves of the bayberry tree with rum|
bay scallop	n|muscle of small choice shallow-water scallops|	n|a small scallop inhabiting shallow waters and mud flats of the Atlantic coast of North America|
bay state	n|a state in New England; one of the original 13 colonies|
bay stater	n|a native or resident of Massachusetts|
bay tree	n|small Mediterranean evergreen tree with small blackish berries and glossy aromatic leaves used for flavoring in cooking; also used by ancient Greeks to crown victors|
bay window	n|slang for a paunch|	n|a window that sticks out from the outside wall of a house|
bay wreath	n|(antiquity) a wreath of laurel foliage worn on the head as an emblem of victory|
bay-leaved caper	n|shrub or small tree of southern Florida to Central and South America|
bay-rum tree	n|West Indian tree; source of bay rum|
baya	n|common Indian weaverbird|
bayard	n|French soldier said to be fearless and chivalrous (1473-1524)|
bayat	n|an oath of allegiance to an emir|
bayberry	n|West Indian tree; source of bay rum|	n|deciduous aromatic shrub of eastern North America with grey-green wax-coated berries|
bayberry tallow	n|a fragrant green wax obtained from the wax myrtle and used in making candles|
bayberry wax	n|a fragrant green wax obtained from the wax myrtle and used in making candles|
baycol	n|an oral drug (trade name Baycol) to reduce blood cholesterol levels|
bayer	n|the acetylated derivative of salicylic acid; used as an analgesic anti-inflammatory drug (trade names Bayer, Empirin, and St. Joseph) usually taken in tablet form; used as an antipyretic; slows clotting of the blood by poisoning platelets|
bayes	n|English mathematician for whom Bayes' theorem is named (1702-1761)|
bayes' postulate	n|(statistics) the difficulty of applying Bayes' theorem is that the probabilities of the different causes are seldom known, in which case it may be postulated that they are all equal (sometimes known as postulating the equidistribution of ignorance)|
bayes' theorem	n|(statistics) a theorem describing how the conditional probability of a set of possible causes for a given observed event can be computed from knowledge of the probability of each cause and the conditional probability of the outcome of each cause|
bayesian	adj|of or relating to statistical methods based on Bayes' theorem|
baykal	n|the largest freshwater lake in Asia or Europe and the deepest lake in the world|
bayonet	n|a knife that can be fixed to the end of a rifle and used as a weapon|	v|stab or kill someone with a bayonet|
bayonne	n|a city in northeastern New Jersey|
bayonne bridge	n|a steel arch bridge connecting New Jersey and Staten Island at Bayonne, New Jersey|
bayou	n|a swampy arm or slow-moving outlet of a lake (term used mainly in Mississippi and Louisiana)|
bayrut	n|capital and largest city of Lebanon; located in western Lebanon on the Mediterranean|
bayt lahm	n|a small town near Jerusalem on the West Bank of the Jordan River; early home of David and regarded as the place where Jesus was born|
bazaar	n|a shop where a variety of goods are sold|	n|a street of small shops (especially in Orient)|	n|a sale of miscellany; often for charity|the church bazaar
bazar	n|a street of small shops (especially in Orient)|	n|a shop where a variety of goods are sold|
bazillion	n|a very large indefinite number (usually hyperbole)|there were millions of flies
bazooka	n|a portable rocket launcher used by infantrymen as an antitank weapon|
bb	n|a small pellet fired from an air rifle or BB gun|
bb gun	n|an air gun in which BBs are propelled by compressed air|
bb shot	n|a small pellet fired from an air rifle or BB gun|
bbl	n|any of various units of capacity|a barrel of beer is 31 gallons and a barrel of oil is 42 gallons
bbs	n|a computer that is running software that allows users to leave messages and access information of general interest|
bc	adv|before the Christian era; used following dates before the supposed year Christ was born|in 200 BC
bce	adv|of the period before the Common Era; preferred by some writers who are not Christians|in 200 BCE
bd	n|a bachelor's degree in religion|
bdellium	n|aromatic gum resin; similar to myrrh|
be	v|have the quality of being; (copula, used with an adjective or a predicate noun)|John is rich	v|be identical to; be someone or something|The president of the company is John Smith	v|occupy a certain position or area; be somewhere|Where is my umbrella?	v|have an existence, be extant|Is there a God?
be active	v|be in a state of action|she is always moving
be adrift	v|be in motion due to some air or water current|The leaves were blowing in the wind
be after	v|have the will and intention to carry out some action|He plans to be in graduate school next year
be all and end all	n|the essential factor; the all-important element; the supreme aim|profit is the be-all and end-all of business
be amiss	v|interpret in the wrong way|Don't misinterpret my comments as criticism
be at pains	v|try very hard to do something|
be born	v|come into existence through birth|She was born on a farm
be due	v|be the result of|
be full	v|be sated, have enough to eat|I'm full--don't give me any more beans, please
be given	v|have a tendency or disposition to do or be something; be inclined|She tends to be nervous before her lectures
be intimate	v|have sexual intercourse with|This student sleeps with everyone in her dorm
be known as	v|assign a specified (usually proper) proper name to|They named their son David	v|look on as or consider|she looked on this affair as a joke
be on	v|appear in a show, on T.V. or radio|The news won't be on tonight
be on cloud nine	v|feel extreme happiness or elation|
be on the ball	v|be well-informed|
be quiet	v|refuse to talk or stop talking; fall silent|The children shut up when their father approached
be sick	v|eject the contents of the stomach through the mouth|After drinking too much, the students vomited
be well	v|be healthy; feel good|She has not been well lately
be with it	v|be well-informed|
be-all and end-all	n|the essential factor; the all-important element; the supreme aim|profit is the be-all and end-all of business
beach	n|an area of sand sloping down to the water of a sea or lake|	v|land on a beach|the ship beached near the port
beach aster	n|slightly succulent perennial with basal leaves and hairy sticky stems each bearing a solitary flower head with narrow pink or lavender rays; coastal bluffs Oregon to southern California|
beach ball	n|large and light ball; for play at the seaside|
beach buggy	n|a recreational vehicle with large tires used on beaches or sand dunes|
beach chair	n|a folding chair for use outdoors; a wooden frame supports a length of canvas|
beach erosion	n|the erosion of beaches|
beach flea	n|small amphipod crustaceans that hop like fleas; common on ocean beaches|
beach goldenrod	n|vigorous showy goldenrod common along eastern coast and Gulf Coast of North America|
beach grass	n|tough grasses with strong roots that can grow on exposed sandy shores|
beach heather	n|small heathlike plant covered with white down growing on beaches in northeastern North America|
beach house	n|a house built on or near a beach|
beach morning glory	n|a prostrate perennial of coastal sand dunes Florida to Texas|
beach pancake	n|plant having hemispherical heads of wine-red flowers; found in coastal dunes from California to Mexico|
beach pea	n|wild pea of seashores of north temperate zone having tough roots and purple flowers and useful as a sand binder|
beach plum	n|seacoast shrub of northeastern North America having showy white blossoms and edible purple fruit|	n|small dark purple fruit used especially in jams and pies|
beach plum bush	n|seacoast shrub of northeastern North America having showy white blossoms and edible purple fruit|
beach sand verbena	n|prostrate herb having heads of deep pink to white flowers; found in coastal dunes from British Columbia to Baja California|
beach towel	n|very large towel to dry yourself after swimming|
beach waggon	n|a car that has a long body and rear door with space behind rear seat|
beach wagon	n|a car that has a long body and rear door with space behind rear seat|
beach wormwood	n|herb with greyish leaves found along the east coast of North America; used as an ornamental plant|
beachball	n|large and light ball; for play at the seaside|
beachcomber	n|a vagrant living on a beach|
beachfront	n|a strip of land running along a beach|
beachhead	n|a bridgehead on the enemy's shoreline seized by an amphibious operation|the Germans were desperately trying to contain the Anzio beachhead	n|an initial accomplishment that opens the way for further developments|the town became a beachhead in the campaign to ban smoking outdoors
beachwear	n|clothing to be worn at a beach|
beacon	n|a fire (usually on a hill or tower) that can be seen from a distance|	n|a radio station that broadcasts a directional signal for navigational purposes|	n|a tower with a light that gives warning of shoals to passing ships|	v|shine like a beacon|
beacon fire	n|a fire (usually on a hill or tower) that can be seen from a distance|
beacon hill	n|a fashionable section of Boston; site of the Massachusetts capital building|
beacon light	n|a tower with a light that gives warning of shoals to passing ships|
bead	n|a small ball with a hole through the middle|	n|a shape that is spherical and small|he studied the shapes of low-viscosity drops	n|a beaded molding for edging or decorating furniture|	v|form into beads, as of water or sweat, for example|
bead and quirk	n|beading formed with a narrow groove separating it from the surface it decorates|
bead fern	n|beautiful spreading fern of eastern North America and eastern Asia naturalized in western Europe; pinnately divided fronds show a slight tendency to fold when touched; pinnules enclose groups of sori in beadlike lobes|
bead tree	n|small tree of West Indies and northeastern Venezuela having large oblong pointed leaflets and panicles of purple flowers; seeds are black or scarlet with black spots|
beaded	adj|covered with beads of liquid|a face beaded with sweat
beaded lizard	n|lizard with black and yellowish beadlike scales; of western Mexico|
beading	n|ornamentation with beads|	n|a beaded molding for edging or decorating furniture|
beading plane	n|a plane with a concave blade for making moulding with beadwork|
beadle	n|a minor parish official who serves a ceremonial function|
beadlike	adj|small and round and shiny like a shiny bead or button|bright beady eyes
beads	n|several beads threaded together on a string|
beadsman	n|a person who is paid to pray for the soul of another|
beadwork	n|ornamentation with beads|	n|a beaded molding for edging or decorating furniture|
beady	adj|small and round and shiny like a shiny bead or button|bright beady eyes	adj|covered with beads or jewels or sequins|
beady-eyed	adj|having eyes that gleam with malice|
beagle	n|a small short-legged smooth-coated breed of hound|
beagling	n|hunting rabbits with beagles|
beak	n|beaklike mouth of animals other than birds (e.g., turtles)|	n|horny projecting mouth of a bird|	n|a beaklike, tapering tip on certain plant structures|	n|informal terms for the nose|
beaked	adj|having or resembling a beak|
beaked parsley	n|aromatic annual Old World herb cultivated for its finely divided and often curly leaves for use especially in soups and salads|
beaked salmon	n|fish of sandy areas of western Pacific and Indian oceans having an angular snout for burrowing into sand|
beaked whale	n|any of several whales inhabiting all oceans and having beaklike jaws with vestigial teeth in the upper jaw|
beaker	n|a flatbottomed jar made of glass or plastic; used for chemistry|	n|a cup (usually without a handle)|
beakless	adj|not having a beak or bill|
beaklike	adj|resembling the beak of a bird|a grizzled man with a beaklike nose
beam	n|a signal transmitted along a narrow path; guides airplane pilots in darkness or bad weather|	n|long thick piece of wood or metal or concrete, etc., used in construction|	n|a group of nearly parallel lines of electromagnetic radiation|	n|a column of light (as from a beacon)|
beam balance	n|a balance consisting of a lever with two equal arms and a pan suspended from each arm|
beam of light	n|a column of light (as from a beacon)|
beam scale	n|a portable balance consisting of a pivoted bar with arms of unequal length|
beam-ends	n|(nautical) at the ends of the transverse deck beams of a vessel|on her beam-ends" means heeled over on the side so that the deck is almost vertical
beaming	adj|cheerful and bright|a beaming smile	adj|pleased and proud|beaming parents	adj|radiating or as if radiating light|the beaming sun
beamish	adj|smiling with happiness or optimism|Come to my arms, my beamish boy!"- Lewis Carroll
beamy	adj|broad in the beam|a beamy cargo ship	adj|radiating or as if radiating light|the beaming sun
bean	n|any of various edible seeds of plants of the family Leguminosae used for food|	n|any of various seeds or fruits that are beans or resemble beans|	n|any of various leguminous plants grown for their edible seeds and pods|	n|informal terms for a human head|
bean aphid	n|blackish aphid that infests e.g. beans and sugar beets|
bean blight	n|a blight of bean plants|
bean caper	n|perennial shrub of the eastern Mediterranean region and southwestern Asia having flowers whose buds are used as capers|
bean counter	n|an accountant or bureaucrat who is believed to place undue emphasis on the control of expenditures|
bean curd	n|cheeselike food made of curdled soybean milk|
bean dip	n|a dip made of cooked beans|
bean plant	n|any of various leguminous plants grown for their edible seeds and pods|
bean sprout	n|any of various sprouted beans: especially mung beans or lentils or edible soybeans|
bean tostada	n|a flat tortilla topped with refried beans|
bean town	n|state capital and largest city of Massachusetts; a major center for banking and financial services|
bean tree	n|any of several trees having seedpods as fruits|
bean trefoil	n|shrub with trifoliate leaves and yellow flowers followed by backward curving seed pods; leaves foetid when crushed|
bean weevil	n|larvae live in and feed on growing or stored beans|
bean-caper family	n|small trees, shrubs, and herbs of warm arid and saline regions; often resinous; some poisonous: genera Zygophyllum, Tribulus, Guaiacum, Larrea|
bean-shaped	adj|having a shape resembling a bean|
beanbag	n|a small cloth bag filled with dried beans; thrown in games|
beanball	n|a baseball deliberately thrown at the batter's head|
beaner	n|a baseball deliberately thrown at the batter's head|
beanfeast	n|an annual dinner party given by an employer for the employees|
beanie	n|a small skullcap; formerly worn by schoolboys and college freshmen|
beano	n|a game in which numbered balls are drawn at random and players cover the corresponding numbers on their cards|
beanstalk	n|stem of a bean plant|
beantown	n|state capital and largest city of Massachusetts; a major center for banking and financial services|
beany	n|a small skullcap; formerly worn by schoolboys and college freshmen|
bear	v|have|bear a resemblance	v|cause to be born|My wife had twins yesterday!	v|put up with something or somebody unpleasant|I cannot bear his constant criticism	v|move while holding up or supporting|Bear gifts
bear away	v|remove from a certain place, environment, or mental or emotional state; transport into a new location or state|Their dreams carried the Romantics away into distant lands
bear cat	n|reddish-brown Old World raccoon-like carnivore; in some classifications considered unrelated to the giant pandas|
bear claw	n|almond-flavored yeast-raised pastry shaped in an irregular semicircle resembling a bear's claw|	n|claw of a bear; often used in jewelry|
bear cub	n|a young bear|
bear down	v|exert a force with a heavy weight|The snow bore down on the roof	v|contract the abdominal muscles during childbirth to ease delivery|	v|to make a rush at or sudden attack upon, as in battle|he saw Jess charging at him with a pitchfork	v|exert full strength|The pitcher bore down
bear down on	v|sail towards another vessel, of a ship|	v|exert a force with a heavy weight|The snow bore down on the roof
bear down upon	v|sail towards another vessel, of a ship|
bear grass	n|plant of western North America having woody rhizomes and tufts of stiff grasslike basal leaves and spikes of creamy white flowers|
bear hug	n|a wrestling hold with arms locked tightly around the opponent|	n|a takeover bid so attractive that the directors of the target company must approve it or risk shareholder protest|
bear in mind	v|keep in mind|
bear market	n|a market characterized by falling prices for securities|
bear off	v|remove from a certain place, environment, or mental or emotional state; transport into a new location or state|Their dreams carried the Romantics away into distant lands
bear on	v|be relevant to|There were lots of questions referring to her talk	v|have an effect upon|Will the new rules affect me?	v|press, drive, or impel (someone) to action or completion of an action|He pushed her to finish her doctorate	v|keep or maintain in unaltered condition; cause to remain or last|preserve the peace in the family
bear out	v|support with evidence or authority or make more certain or confirm|The stories and claims were born out by the evidence
bear paw	n|almond-flavored yeast-raised pastry shaped in an irregular semicircle resembling a bear's claw|
bear up	v|endure cheerfully|She bore up under the enormous strain
bear upon	v|have an effect upon|Will the new rules affect me?
bear witness	v|provide evidence for|The blood test showed that he was the father	v|give testimony in a court of law|
bear's breech	n|widely cultivated southern European acanthus with whitish purple-veined flowers|
bear's breeches	n|widely cultivated southern European acanthus with whitish purple-veined flowers|
bear's ear	n|yellow-flowered primrose native to Alps; commonly cultivated|
bear's foot	n|digitate-leaved hellebore with an offensive odor and irritant qualities when taken internally|
bear's grape	n|evergreen mat-forming shrub of North America and northern Eurasia having small white flowers and red berries; leaves turn red in autumn|
bear's-paw fern	n|epiphytic fern with large fronds; Taiwan and Philippines|
bear-sized	adj|large as a bear|
bearable	adj|capable of being borne though unpleasant|sufferable punishment
bearberry	n|chiefly evergreen subshrubs of northern to Arctic areas|
bearberry willow	n|dwarf prostrate mat-forming shrub of Arctic and alpine regions of North America and Greenland having deep green elliptic leaves that taper toward the base|
bearcat	n|arboreal civet of Asia having a long prehensile tail and shaggy black hair|
beard	n|the hair growing on the lower part of a man's face|	n|a tuft or growth of hairs or bristles on certain plants such as iris or grasses|	n|a person who diverts suspicion from someone (especially a woman who accompanies a male homosexual in order to conceal his homosexuality)|	n|hairy growth on or near the face of certain mammals|
beard lichen	n|greenish grey pendulous lichen growing on trees|
beard moss	n|greenish grey pendulous lichen growing on trees|
beard worm	n|slender animal with tentacles and a tubelike outer covering; lives on the deep ocean bottom|
bearded	adj|having hair on the cheeks and chin|	adj|having a growth of hairlike awns|bearded wheatgrass
bearded darnel	n|weedy annual grass often occurs in grainfields and other cultivated land; seeds sometimes considered poisonous|
bearded iris	n|any of numerous wild or cultivated irises with hairlike structures on the falls (the drooping sepals)|
bearded seal	n|medium-sized greyish to yellow seal with bristles each side of muzzle; of the Arctic Ocean|
bearded vulture	n|the largest Eurasian bird of prey; having black feathers hanging around the bill|
bearded wheatgrass	n|a wheatgrass with straight terminal awns on the flowering glumes|
beardless	adj|having no beard|	adj|lacking hair on the face|a smooth-faced boy of 14 years
beardless iris	n|any of numerous wild or cultivated irises having no hairs on the drooping sepals (the falls)|
beardown	adj|with full strength|his beardown performance in the exhibition game
bearer	n|someone whose employment involves carrying something|the bonds were transmitted by carrier	n|a messenger who bears or presents|a bearer of good tidings	n|one of the mourners carrying the coffin at a funeral|	n|the person who is in possession of a check or note or bond or document of title that is endorsed to him or to whoever holds it|the bond was marked `payable to bearer'
bearer bond	n|a bond issued with detachable coupons that must be presented to the issuer for interest payments|
bearing	n|relevant relation or interconnection|those issues have no bearing on our situation	n|the direction or path along which something moves or along which it lies|	n|dignified manner or conduct|	n|characteristic way of bearing one's body|stood with good posture
bearing brass	n|a brass bushing or a lining for a bearing|
bearing false witness	n|criminal offense of making false statements under oath|
bearing metal	n|an alloy (often of lead or tin base) used for bearings|
bearing rein	n|a rein designed to keep the horse's head in the desired position|
bearing wall	n|any wall supporting a floor or the roof of a building|
bearish	adj|expecting prices to fall|
bearnaise	n|a sauce like hollandaise but made with white wine and tarragon and shallots instead of lemon juice|
bearskin	n|the pelt of a bear (sometimes used as a rug)|	n|tall hat; worn by some British soldiers on ceremonial occasions|
beast	n|a living organism characterized by voluntary movement|	n|a cruelly rapacious person|
beast of burden	n|an animal such as a donkey or ox or elephant used for transporting loads or doing other heavy work|
beastliness	n|the quality of being deliberately mean|	n|unpleasant nastiness; used especially of nasty weather|
beastly	adj|(informal) very unpleasant|hellish weather	adj|resembling a beast; showing lack of human sensibility|beastly desires	adv|in a beastly manner|she behaved beastly toward her mother-in-law
beat	v|come out better in a competition, race, or conflict|Agassi beat Becker in the tennis championship	v|give a beating to; subject to a beating, either as a punishment or as an act of aggression|Thugs beat him up when he walked down the street late at night	v|hit repeatedly|beat on the door	v|move rhythmically|Her heart was beating fast
beat a retreat	v|depart hastily|
beat about	v|search anxiously|
beat around the bush	v|be deliberately ambiguous or unclear in order to mislead or withhold information|
beat back	v|cause to move back by force or influence|repel the enemy
beat down	v|persuade the seller to accept a lower price|She beat the merchant down $100	v|shine hard|The sun beat down on the hikers	v|dislodge from a position|She beat the dealer down to a much better price
beat in	v|teach by drills and repetition|
beat out	v|come out better in a competition, race, or conflict|Agassi beat Becker in the tennis championship	v|beat out a rhythm|
beat up	v|give a beating to; subject to a beating, either as a punishment or as an act of aggression|Thugs beat him up when he walked down the street late at night	v|gather|drum up support
beat-up	adj|damaged by blows or hard usage|a battered old car
beatable	adj|susceptible to being defeated|
beaten	adj|formed or made thin by hammering|beaten gold	adj|much trodden and worn smooth or bare|did not stray from the beaten path
beaten-up	adj|damaged by blows or hard usage|a battered old car
beater	n|a worker who rouses wild game from under cover for a hunter|	n|an implement for beating|
beatific	adj|experiencing or bestowing celestial joy|beatific peace	adj|marked by utter benignity; resembling or befitting an angel or saint|angelic beneficence
beatification	n|a state of supreme happiness|	n|the action of rendering supremely blessed and extremely happy|	n|(Roman Catholic Church) an act of the Pope who declares that a deceased person lived a holy life and is worthy of public veneration; a first step toward canonization|
beatified	adj|Roman Catholic; proclaimed one of the blessed and thus worthy of veneration|
beatify	v|fill with sublime emotion|The children were thrilled at the prospect of going to the movies	v|make blessedly happy|	v|declare (a dead person) to be blessed; the first step of achieving sainthood|On Sunday, the martyr will be beatified by the Vatican
beating	n|the act of overcoming or outdoing|	n|the act of inflicting corporal punishment with repeated blows|
beating-reed instrument	n|a musical instrument that sounds by means of a vibrating reed|
beatitude	n|a state of supreme happiness|	n|one of the eight sayings of Jesus at the beginning of the Sermon on the Mount; in Latin each saying begins with `beatus' (blessed)|her favorite Beatitude is `Blessed are the meek for they shall inherit the earth'
beatles	n|a rock group from Liverpool who between 1962 and 1970 produced a variety of hit songs and albums (most of them written by Paul McCartney and John Lennon)|
beatnik	n|a member of the beat generation; a nonconformist in dress and behavior|
beatrice	n|the woman who guided Dante through Paradise in the Divine Comedy|
beatrice lillie	n|British actress (born in Canada) (1898-1989)|
beatrice webb	n|English writer and a central member of the Fabian Society (1858-1943)|
beats per minute	n|the pace of music measured by the number of beats occurring in 60 seconds|
beau	n|a man who is the lover of a man or woman|if I'd known he was her boyfriend I wouldn't have asked	n|a man who is much concerned with his dress and appearance|
beau brummell	n|English dandy who was a fashion leader during the Regency (1778-1840)|
beau geste	n|a gracious (but usually meaningless) gesture|
beau ideal	n|an ideal instance; a perfect embodiment of a concept|
beau monde	n|the fashionable elite|
beaufort scale	n|an international scale of wind force from 0 (calm air) to 12 (hurricane)|	n|a scale from 0 to 12 for the force of the wind|
beaufort sea	n|part of the Arctic Ocean to the northeast of Alaska|
beaugregory	n|a blue and yellow damselfish of Bermuda and Florida and the West Indies|
beaujolais	n|dry fruity light red wine drunk within a few months after it is made; from the Beaujolais district in southeastern France|
beaumont	n|English dramatist who collaborated with John Fletcher (1584-1616)|	n|a city of southeastern Texas near Houston|
beaumontia	n|small genus of evergreen woody vines in the East Indies and Asia|
beaumontia grandiflora	n|evergreen woody twiner with large glossy leaves and showy corymbs of fragrant white trumpet-shaped flowers|
beaut	n|an outstanding example of its kind|his roses were beauties
beauteous	adj|(poetic) beautiful, especially to the sight|
beauteousness	n|the quality of being good looking and attractive|
beautician	n|someone who works in a beauty parlor|
beautification	n|the act of making something more beautiful|
beautiful	adj|delighting the senses or exciting intellectual or emotional admiration|a beautiful child	adj|(of weather) highly enjoyable|what a beautiful day
beautifully	adv|in a beautiful manner|her face was beautifully made up
beautify	v|make more beautiful|	v|be beautiful to look at|Flowers adorned the tables everywhere	v|make more attractive by adding ornament, colour, etc.|Decorate the room for the party
beauty	n|the qualities that give pleasure to the senses|	n|a very attractive or seductive looking woman|	n|an outstanding example of its kind|his roses were beauties
beauty bush	n|Chinese deciduous shrub with yellow-throated pinkish flowers and bristly fruit; often cultivated as an ornamental|
beauty consultant	n|someone who gives you advice about your personal appearance|
beauty parlor	n|a shop where hairdressers and beauticians work|
beauty parlour	n|a shop where hairdressers and beauticians work|
beauty quark	n|a quark with a charge of -1/3 and a mass about 10,000 times that of an electron|
beauty salon	n|a shop where hairdressers and beauticians work|
beauty shop	n|a shop where hairdressers and beauticians work|
beauty sleep	n|sleep before midnight|
beauty spot	n|a spot that is worn on a lady's face for adornment|
beauty treatment	n|enhancement of someone's personal beauty|
beauvoir	n|French feminist and existentialist and novelist (1908-1986)|
beaux arts	n|the study and creation of visual works of art|
beaver	n|the soft brown fur of the beaver|	n|a native or resident of Oregon|	n|a full beard|	n|a man's hat with a tall crown; usually covered with silk or with beaver fur|
beaver away	v|work hard on something|
beaver board	n|a light wallboard made of compressed wood pulp|
beaver fur	n|the soft brown fur of the beaver|
beaver rat	n|amphibious rat of Australia and New Guinea|
beaverbrook	n|British newspaper publisher and politician (born in Canada); confidant of Winston Churchill (1879-1964)|
bebop	n|an early form of modern jazz (originating around 1940)|	v|dance the bebop|
becalm	v|make steady|steady yourself
becalmed	adj|rendered motionless for lack of wind|
bechamel	n|milk thickened with a butter and flour roux|
bechamel sauce	n|milk thickened with a butter and flour roux|
bechance	v|become of; happen to|He promised that no harm would befall her	v|happen, occur, or be the case in the course of events or by chance|It happens that today is my birthday
becharm	v|control by magic spells, as by practicing witchcraft|	v|attract; cause to be enamored|She captured all the men's hearts
bechtel crab	n|derived from the Iowa crab and cultivated for its large double pink blossoms|
bechuana	n|a member of a Bantu people living chiefly in Botswana and western South Africa|
beck	n|a beckoning gesture|
becker muscular dystrophy	n|a form of muscular dystrophy that sets in in adolescence or adulthood and progresses slowly but will affect all voluntary muscles; characterized by generalized weakness and muscle wasting that affects limb and trunk muscles first; similar to Duchenne's muscular dystrophy but less severe; inheritance is X-linked recessive (carried by females but affecting only males)|
becket	n|(Roman Catholic Church) archbishop of Canterbury from 1162 to 1170; murdered following his opposition to Henry II's attempts to control the clergy (1118-1170)|	n|(nautical) a short line with an eye at one end and a knot at the other; used to secure loose items on a ship|
becket bend	n|a hitch used for temporarily tying a rope to the middle of another rope (or to an eye)|
beckett	n|a playwright and novelist (born in Ireland) who lived in France; wrote plays for the theater of the absurd (1906-1989)|
beckley	n|a city in southern West Virginia|
beckman thermometer	n|a mercury thermometer that measures small differences or changes in temperature|
beckon	v|signal with the hands or nod|She waved to her friends	v|appear inviting|The shop window decorations beckoned	v|summon with a wave, nod, or some other gesture|
becloud	v|make less visible or unclear|The stars are obscured by the clouds
become	v|enter or assume a certain state or condition|He became annoyed when he heard the bad news	v|undergo a change or development|The water turned into ice	v|come into existence|What becomes has duration	v|enhance the appearance of|Mourning becomes Electra
become flat	v|lose sparkle or bouquet|wine and beer can pall
becoming	adj|according with custom or propriety|her becoming modesty	adj|displaying or setting off to best advantage|a becoming new shade of rose
becomingly	adv|in a becoming manner|she was becomingly dressed
becomingness	n|the quality of being becoming|
becquerel	n|French physicist who discovered that rays emitted by uranium salts affect photographic plates (1852-1908)|
bed	n|a piece of furniture that provides a place to sleep|he sat on the edge of the bed	n|a plot of ground in which plants are growing|the gardener planted a bed of roses	n|a depression forming the ground under a body of water|he searched for treasure on the ocean bed	n|(geology) a stratum of rock (especially sedimentary rock)|they found a bed of sandstone
bed and breakfast	n|an overnight boardinghouse with breakfast|
bed bug	n|bug of temperate regions that infests especially beds and feeds on human blood|
bed check	n|a check that everyone is in bed by the time they should be|
bed clothing	n|coverings that are used on a bed|
bed cover	n|decorative cover for a bed|
bed covering	n|decorative cover for a bed|
bed down	v|go to bed|We bedded down at midnight
bed ground	n|an area on which a drove of cattle or sheep can sleep for a night|
bed jacket	n|a lightweight jacket worn over bedclothes (as when sitting in bed)|
bed linen	n|linen or cotton articles for a bed (as sheets and pillowcases)|
bed of flowers	n|a bed in which flowers are growing|
bed of roses	n|a flower bed in which roses are growing|
bed pillow	n|a soft pillow for use on a bed|
bed rest	n|confinement to bed continuously (as in the case of some sick or injured persons)|
bed sheet	n|bed linen consisting of a large rectangular piece of cotton or linen cloth; used in pairs|
bed wetter	n|someone suffering from enuresis; someone who urinates while asleep in bed|
bed-and-breakfast	n|an overnight boardinghouse with breakfast|
bed-ground	n|an area on which a drove of cattle or sheep can sleep for a night|
bed-hop	v|be sexually active with more than one partner|His wife bed hops
bed-wetting	n|enuresis during sleep; especially common in children (who usually outgrow it)|
beda	n|(Roman Catholic Church) English monk and scholar (672-735)|
bedamn	v|wish harm upon; invoke evil upon|The bad witch cursed the child
bedaub	v|spread or daub (a surface)|
bedaubed	adj|ornamented in a vulgar or showy fashion|
bedaze	v|overcome as with astonishment or disbelief|The news stunned her
bedazzle	v|to cause someone to lose clear vision, especially from intense light|She was dazzled by the bright headlights
bedbug	n|bug of temperate regions that infests especially beds and feeds on human blood|
bedchamber	n|a room used primarily for sleeping|
bedclothes	n|coverings that are used on a bed|
bedcover	n|decorative cover for a bed|
bedded	adj|deposited or arranged in horizontal layers|stratified rock	adj|having a bed or beds as specified|
bedder	n|an ornamental plant suitable for planting in a flowerbed|
bedding	n|coverings that are used on a bed|	n|material used to provide a bed for animals|
bedding geranium	n|an upright geranium having scalloped leaves with a broad color zone inside the margin and white or pink or red flowers|
bedding material	n|material used to provide a bed for animals|
bedding plant	n|an ornamental plant suitable for planting in a flowerbed|
bede	n|(Roman Catholic Church) English monk and scholar (672-735)|
bedeck	v|decorate|deck the halls with holly
bedesman	n|a person who is paid to pray for the soul of another|
bedevil	v|treat cruelly|The children tormented the stuttering teacher	v|be confusing or perplexing to; cause to be unable to think clearly|These questions confuse even the experts
bedevilment	n|the act of harassing someone|
bedew	v|cover with drops of dew or as with dew|
bedewed	adj|wet with dew|
bedfast	adj|confined to bed (by illness)|
bedfellow	n|a temporary associate|politics makes strange bedfellows	n|a person with whom you share a bed|
bedford cord	n|a heavy corded fabric similar to corduroy; used for clothing|
bedframe	n|the framework of a bed|
bedground	n|an area on which a drove of cattle or sheep can sleep for a night|
bedhop	v|be sexually active with more than one partner|His wife bed hops
bedight	v|decorate|deck the halls with holly
bedim	v|make darker and difficult to perceive by sight|	v|make obscure or unclear|The distinction was obscured
bedimmed	adj|made dim or indistinct|a sun bedimmed by clouds
bedizen	v|decorate tastelessly|	v|dress up garishly and tastelessly|
bedlam	n|a state of extreme confusion and disorder|	n|pejorative terms for an insane asylum|
bedlamite	n|an archaic term for a lunatic|
bedless	adj|without a bed|the cell was bedless
bedlington terrier	n|a light terrier groomed to resemble a lamb|
bedloe's island	n|an island in New York Bay to the southwest of Manhattan where the Statue of Liberty stands|Congress officially changed the name from Bedloe's Island to Liberty Island in 1956
bedouin	n|a member of a nomadic tribe of Arabs|
bedpan	n|a shallow vessel used by a bedridden patient for defecation and urination|
bedpost	n|any of 4 vertical supports at the corners of a bedstead|
bedraggle	v|make wet and dirty, as from rain|
bedraggled	adj|limp and soiled as if dragged in the mud|the beggar's bedraggled clothes	adj|in deplorable condition|a street of bedraggled tenements
bedrest	n|confinement to bed continuously (as in the case of some sick or injured persons)|
bedrich smetana	n|Czech composer (1824-1884)|
bedrid	adj|confined to bed (by illness)|
bedridden	adj|confined to bed (by illness)|
bedrock	n|solid unweathered rock lying beneath surface deposits of soil|	n|principles from which other truths can be derived|first you must learn the fundamentals
bedroll	n|bedding rolled up for carrying|
bedroom	n|a room used primarily for sleeping|
bedroom community	n|a community where many commuters live|
bedroom furniture	n|furniture intended for use in a bedroom|
bedroom set	n|a suite of furniture for the bedroom|
bedroom suite	n|a suite of furniture for the bedroom|
bedside	n|space by the side of a bed (especially the bed of a sick or dying person)|the doctor stood at her bedside
bedside manner	n|manner or conduct of a physician in the presence of a patient|
bedsit	n|a furnished sitting room with sleeping accommodations (and some plumbing)|
bedsitter	n|a furnished sitting room with sleeping accommodations (and some plumbing)|
bedsitting room	n|a furnished sitting room with sleeping accommodations (and some plumbing)|
bedsore	n|a chronic ulcer of the skin caused by prolonged pressure on it (as in bedridden patients)|
bedspread	n|decorative cover for a bed|
bedspring	n|(usually in the plural) one of the springs holding up the mattress of a bed|
bedstead	n|the framework of a bed|
bedstraw	n|any of several plants of the genus Galium|
bedtime	n|the time you go to bed|
beduin	n|a member of a nomadic tribe of Arabs|
bedwetter	n|someone suffering from enuresis; someone who urinates while asleep in bed|
bee	n|any of numerous hairy-bodied insects including social and solitary species|	n|a social gathering to carry out some communal task or to hold competitions|
bee balm	n|perennial herb of North America|	n|perennial aromatic herb of eastern North America having variously colored tubular flowers in dense showy heads|	n|bushy perennial Old World mint having small white or yellowish flowers and fragrant lemon-flavored leaves; a garden escapee in northern Europe and North America|
bee beetle	n|European beetle; infests beehives|
bee eater	n|colorful chiefly tropical Old World bird having a strong graceful flight; feeds on especially bees|
bee fly	n|hairy nectar-eating fly that resembles a bee; larvae are parasitic on larvae of bees and related insects|
bee house	n|a shed containing a number of beehives|
bee killer	n|swift predatory fly having a strong body like a bee with the proboscis hardened for sucking juices of other insects captured on the wing|
bee moth	n|moth whose larvae live in and feed on bee honeycombs|
bee orchid	n|European orchid whose flowers resemble bumble bees in shape and color|
bee sting	n|a sting inflicted by a bee|
beebalm	n|perennial herb of North America|	n|perennial aromatic herb of eastern North America having variously colored tubular flowers in dense showy heads|	n|bushy perennial Old World mint having small white or yellowish flowers and fragrant lemon-flavored leaves; a garden escapee in northern Europe and North America|
beebread	n|a mixture of nectar and pollen prepared by worker bees and fed to larvae|
beech	n|any of several large deciduous trees with rounded spreading crowns and smooth grey bark and small sweet edible triangular nuts enclosed in burs; north temperate regions|	n|wood of any of various beech trees; used for flooring and containers and plywood and tool handles|
beech family	n|chiefly monoecious trees and shrubs: beeches; chestnuts; oaks; genera Castanea, Castanopsis, Chrysolepis, Fagus, Lithocarpus, Nothofagus, Quercus|
beech fern	n|any fern of the genus Phegopteris having deeply cut triangular fronds|
beech marten	n|Eurasian marten having a brown coat with pale breast and throat|
beech tree	n|any of several large deciduous trees with rounded spreading crowns and smooth grey bark and small sweet edible triangular nuts enclosed in burs; north temperate regions|
beechen	adj|consisting of or made of wood of the beech tree|
beechnut	n|small sweet triangular nut of any of various beech trees|
beechwood	n|wood of any of various beech trees; used for flooring and containers and plywood and tool handles|
beef	n|cattle that are reared for their meat|	n|meat from an adult domestic bovine|	n|informal terms for objecting|I have a gripe about the service here	v|complain|What was he hollering about?
beef bourguignonne	n|beef and mushrooms and onions stewed in red wine and seasonings|
beef broth	n|a stock made with beef|
beef burrito	n|a burrito with a beef filling|
beef cattle	n|cattle that are reared for their meat|
beef fondue	n|cubes of beef cooked in hot oil and then dipped in various tasty sauces|
beef goulash	n|meat is browned before stewing|
beef jerky	n|strips of dried beef|
beef loin	n|cut of meat from a loin of beef|
beef man	n|a man who raises (or tends) cattle|
beef neck	n|a cut of beef from the neck of the animal|
beef patty	n|a patty of ground cooked beef|
beef roast	n|cut of beef suitable for roasting|
beef stew	n|a stew made with beef|
beef stock	n|a stock made with beef|
beef stroganoff	n|sauteed strips of beef and mushrooms in sour cream sauce served with noodles|
beef tallow	n|tallow obtained from a bovine animal|
beef tea	n|an extract of beef (given to people who are ill)|
beef tenderloin	n|beef loin muscle|
beef tongue	n|the tongue of a cow eaten as meat|
beef up	v|make strong or stronger|This exercise will strengthen your upper body
beef wellington	n|rare-roasted beef tenderloin coated with mushroom paste in puff pastry|
beefburger	n|a sandwich consisting of a fried cake of minced beef served on a bun, often with other ingredients|
beefcake	n|a photograph of a muscular man in minimal attire|
beefeater	n|officer in the (ceremonial) bodyguard of the British monarch|
beefed-up	adj|made greater or stronger|beefed-up sales efforts
beefsteak	n|a beef steak usually cooked by broiling|
beefsteak begonia	n|rhizomatous begonia with roundish fleshy leaves reddish colored beneath|
beefsteak geranium	n|any of numerous usually rhizomatous hybrid begonias derived from an East Indian plant having rough-textured leaves patterned in silver and bronze and purple and red-brown with inconspicuous flowers|
beefsteak morel	n|a poisonous gyromitra; the surface of the fertile body is smooth at first and becomes progressively undulating and wrinkled (but never truly pitted); color varies from dull yellow to brown|
beefsteak plant	n|plant grown for its ornamental red or purple foliage|
beefsteak tomato	n|any of several large tomatoes with thick flesh|
beefwood	n|a tropical hardwood tree yielding balata gum and heavy red timber|	n|any of several heavy hard reddish chiefly tropical woods of the families Casuarinaceae and Proteaceae; some used for cabinetwork|	n|any of several Australian trees of the genus Casuarina yielding heavy hard red wood used in cabinetwork|	n|tree or tall shrub with shiny leaves and umbels of fragrant creamy-white flowers; yields hard heavy reddish wood|
beefy	adj|muscular and heavily built|a beefy wrestler
beehive	n|any workplace where people are very busy|	n|a structure that provides a natural habitation for bees; as in a hollow tree|	n|a hairdo resembling a beehive|	n|a man-made receptacle that houses a swarm of bees|
beekeeper	n|a farmer who keeps bees for their honey|
beekeeping	n|the cultivation of bees on a commercial scale for the production of honey|
beeline	n|the most direct route|he made a beeline for the bathroom
beelzebub	n|(Judeo-Christian and Islamic religions) chief spirit of evil and adversary of God; tempter of mankind; master of Hell|
beep	n|a short high tone produced as a signal or warning|	v|make a loud noise|The horns of the taxis blared	v|call, summon, or alert with a beeper|
beeper	n|an electronic device that generates a series of beeps when the person carrying it is being paged|
beer	n|a general name for alcoholic beverages made by fermenting a cereal (or mixture of cereals) flavored with hops|
beer barrel	n|a barrel that holds beer|
beer bottle	n|a bottle that holds beer|
beer can	n|a can that holds beer|
beer drinker	n|someone whose favorite drink is beer or ale|
beer garden	n|tavern with an outdoor area (usually resembling a garden) where beer and other alcoholic drinks are served|
beer glass	n|a relatively large glass for serving beer|
beer hall	n|a hall or barroom featuring beer and (usually) entertainment|
beer keg	n|a barrel that holds beer|
beer maker	n|someone who brews beer or ale from malt and hops and water|
beer mat	n|a drip mat placed under a glass of beer|
beer mug	n|a mug intended for serving beer|
beerbohm	n|English writer and caricaturist (1872-1956)|
beery	adj|smelling of beer|
beeswax	n|a yellow to brown wax secreted by honeybees to build honeycombs|	v|cover with beeswax|Chris beeswaxed the kitchen table
beet	n|biennial Eurasian plant usually having a swollen edible root; widely cultivated as a food crop|	n|round red root vegetable|
beet armyworm	n|moth larva that eats foliage of beets and other vegetables|
beet blight	n|a disease of beet plants|
beet green	n|young leaves of the beetroot|
beet sugar	n|sugar made from sugar beets|	n|sugar from sugar beets used as sweetening agent|
beethoven	n|German composer of instrumental music (especially symphonic and chamber music); continued to compose after he lost his hearing (1770-1827)|	n|the music of Beethoven|he enjoyed Beethoven most of all
beethovenian	adj|of or relating to Ludwig van Beethoven or his music|
beetle	n|insect having biting mouthparts and front wings modified to form horny covers overlying the membranous rear wings|	n|a tool resembling a hammer but with a large head (usually wooden); used to drive wedges or ram down paving stones or for crushing or beating or flattening or smoothing|	adj|jutting or overhanging|beetle brows	v|be suspended over or hang over|This huge rock beetles over the edge of the town
beetle off	v|leave suddenly and as if in a hurry|The listeners bolted when he discussed his strange ideas
beetle-browed	adj|sullen or unfriendly in appearance|
beetleweed	n|tufted evergreen perennial herb having spikes of tiny white flowers and glossy green round to heart-shaped leaves that become coppery to maroon or purplish in fall|
beetling	adj|jutting or overhanging|beetle brows
beetroot	n|beet having a massively swollen red root; widely grown for human consumption|	n|round red root vegetable|
befall	v|become of; happen to|He promised that no harm would befall her	v|happen, occur, or be the case in the course of events or by chance|It happens that today is my birthday
befit	v|accord or comport with|This kind of behavior does not suit a young woman!
befitting	adj|appropriate to|behavior befitting a father
befittingly	adv|in accordance with what is appropriate or suitable for the circumstances|he was appropriately dressed
befog	v|make less visible or unclear|The stars are obscured by the clouds
befogged	adj|stupefied by alcoholic drink|the wino's poor befuddled mind
befool	v|make a fool or dupe of|	v|fool or hoax|The immigrant was duped because he trusted everyone
befooling	n|derision of someone or something as foolish or absurd or inconsistent|
before	adv|earlier in time; previously|I had known her before	adv|at or in the front|I see the lights of a town ahead
before christ	adv|before the Christian era; used following dates before the supposed year Christ was born|in 200 BC
before long	adv|in the near future|the doctor will soon be here
beforehand	adj|being ahead of time or need|gave advance warning	adv|ahead of time; in anticipation|when you pay ahead (or in advance) you receive a discount
befoul	v|spot, stain, or pollute|The townspeople defiled the river by emptying raw sewage into it
befouled	adj|made dirty or foul|a building befouled with soot
befoulment	n|the state of being polluted|
befriend	v|become friends with|John and Eric soon became friends
befuddle	v|be confusing or perplexing to; cause to be unable to think clearly|These questions confuse even the experts	v|make stupid with alcohol|
befuddled	adj|stupefied by alcoholic drink|the wino's poor befuddled mind	adj|perplexed by many conflicting situations or statements; filled with bewilderment|obviously bemused by his questions	adj|confused and vague; used especially of thinking|muddleheaded ideas
befuddlement	n|confusion resulting from failure to understand|
beg	v|call upon in supplication; entreat|I beg you to stop!	v|make a solicitation or entreaty for something; request urgently or persistently|Henry IV solicited the Pope for a divorce	v|ask to obtain free|beg money and food	v|dodge, avoid answering, or take for granted|beg the question
beg off	v|ask for permission to be released from an engagement|
beget	v|make (offspring) by reproduction|Abraham begot Isaac
begetter	n|a male parent (also used as a term of address to your father)|his father was born in Atlanta
beggar	n|a pauper who lives by begging|	v|be beyond the resources of|This beggars description!	v|reduce to beggary|
beggar lice	n|any of various tropical and subtropical plants having trifoliate leaves and rough sticky pod sections or loments|
beggar's lice	n|any of various tropical and subtropical plants having trifoliate leaves and rough sticky pod sections or loments|
beggar's-ticks	n|any of several plants of the genus Bidens having yellow flowers and prickly fruits that cling to fur and clothing|
beggar-my-neighbor	n|a card game for two players in which the object is to win all of the other player's cards|
beggar-my-neighbour	n|a card game for two players in which the object is to win all of the other player's cards|
beggar-ticks	n|the seed of bur marigolds|	n|any of several plants of the genus Bidens having yellow flowers and prickly fruits that cling to fur and clothing|
beggarly	adj|marked by poverty befitting a beggar|a beggarly existence in the slums	adj|(used of sums of money) so small in amount as to deserve contempt|
beggarman	n|a man who is a beggar|
beggarwoman	n|a woman who is a beggar|
beggary	n|a solicitation for money or food (especially in the street by an apparently penniless person)|	n|the state of being a beggar or mendicant|they were reduced to mendicancy
begging	n|a solicitation for money or food (especially in the street by an apparently penniless person)|
begild	v|decorate with, or as if with, gold leaf or liquid gold|
begin	v|take the first step or steps in carrying out an action|We began working at dawn	v|have a beginning, in a temporal, spatial, or evaluative sense|The DMZ begins right over the hill	v|begin to speak or say|`Now listen, friends', he began	v|be the first item or point, constitute the beginning or start, come first in a series|The number `one' begins the sequence
beginner	n|someone new to a field or activity|	n|a person who founds or establishes some institution|George Washington is the father of his country
beginning	n|the event consisting of the start of something|the beginning of the war	n|the time at which something is supposed to begin|they got an early start	n|the first part or section of something|`It was a dark and stormy night' is a hackneyed beginning for a story	n|the place where something begins, where it springs into being|the Italian beginning of the Renaissance
beginning rhyme	n|use of the same consonant at the beginning of each stressed syllable in a line of verse|around the rock the ragged rascal ran
begonia	n|any of numerous plants of the genus Begonia grown for their attractive glossy asymmetrical leaves and colorful flowers in usually terminal cymes or racemes|
begonia cheimantha	n|hybrid winter-blooming begonia grown for its many large pink flowers|
begonia dregei	n|tuberous or semi-tuberous South African begonia having shallowly lobed ovate leaves and small white flowers|
begonia erythrophylla	n|rhizomatous begonia with roundish fleshy leaves reddish colored beneath|
begonia family	n|monoecious succulent herbs or shrubs of tropical and warm regions especially America|
begonia feastii	n|rhizomatous begonia with roundish fleshy leaves reddish colored beneath|
begonia heracleifolia	n|rhizomatous begonia having leaves with pointed lobes suggestive of stars and pink flowers|
begonia rex	n|any of numerous usually rhizomatous hybrid begonias derived from an East Indian plant having rough-textured leaves patterned in silver and bronze and purple and red-brown with inconspicuous flowers|
begonia semperflorens	n|hybrid fibrous-rooted begonia having broad-ovate green to bronze-red leaves and small clusters of white or pink or red flowers; widely used as a bedding plant|
begonia socotrana	n|semi-tuberous begonia having peltate leaves and rose-pink flowers; Yemen|
begonia tuberhybrida	n|any of numerous hybrid begonias having tuberous roots and variously colored flowers|
begoniaceae	n|monoecious succulent herbs or shrubs of tropical and warm regions especially America|
begotten	adj|(of offspring) generated by procreation|naturally begotten child
begrime	v|make soiled, filthy, or dirty|don't soil your clothes when you play outside!
begrimed	adj|thickly covered with ingrained dirt or soot|a miner's begrimed face
begrudge	v|be envious of; set one's heart on|	v|wish ill or allow unwillingly|
beguile	v|influence by slyness|	v|attract; cause to be enamored|She captured all the men's hearts
beguiled	adj|filled with wonder and delight|
beguilement	n|magnetic personal charm|	n|an entertainment that provokes pleased interest and distracts you from worries and vexations|
beguiler	n|someone who leads you to believe something that is not true|	n|a person who charms others (usually by personal attractiveness)|
beguiling	adj|highly attractive and able to arouse hope or desire|an alluring prospect	adj|misleading by means of pleasant or alluring methods|taken in by beguiling tales of overnight fortunes
beguine	n|(Roman Catholic Church) a member of a lay sisterhood (one of several founded in the Netherlands in the 12th and 13th centuries); though not taking religious vows the sisters followed an austere life|	n|music written in the bolero rhythm of the beguine dance|	n|a ballroom dance that originated in the French West Indies; similar to the rumba|
begum	n|a Muslim woman of high rank in India or Pakistan|
behalf	n|as the agent of or on someone's part (usually expressed as `on behalf of' rather than `in behalf of')|the guardian signed the contract on behalf of the minor child	n|for someone's benefit (usually expressed as `in behalf' rather than `on behalf' and usually with a possessive)|in your behalf
behave	v|behave in a certain manner; show a certain behavior; conduct or comport oneself|You should act like an adult	v|behave in a certain manner|She carried herself well	v|behave well or properly|The children must learn to behave
behavior	n|manner of acting or controlling yourself|	n|the action or reaction of something (as a machine or substance) under specified circumstances|the behavior of small particles can be studied in experiments	n|(behavioral attributes) the way a person behaves toward other people|	n|(psychology) the aggregate of the responses or reactions or movements made by an organism in any situation|
behavior modification	n|psychotherapy that seeks to extinguish or inhibit abnormal or maladaptive behavior by reinforcing desired behavior and extinguishing undesired behavior|
behavior therapy	n|psychotherapy that seeks to extinguish or inhibit abnormal or maladaptive behavior by reinforcing desired behavior and extinguishing undesired behavior|
behavioral	adj|of or relating to behavior|behavioral sciences
behaviorism	n|an approach to psychology that emphasizes observable measurable behavior|
behaviorist	adj|of or relating to behaviorism|behavioristic psychology	n|a psychologist who subscribes to behaviorism|
behavioristic	adj|of or relating to behaviorism|behavioristic psychology
behavioristic psychology	n|an approach to psychology that emphasizes observable measurable behavior|
behaviour	n|the action or reaction of something (as a machine or substance) under specified circumstances|the behavior of small particles can be studied in experiments	n|(behavioral attributes) the way a person behaves toward other people|	n|(psychology) the aggregate of the responses or reactions or movements made by an organism in any situation|	n|manner of acting or controlling yourself|
behavioural	adj|of or relating to behavior|behavioral sciences
behaviourism	n|an approach to psychology that emphasizes observable measurable behavior|
behaviourist	adj|of or relating to behaviorism|behavioristic psychology	n|a psychologist who subscribes to behaviorism|
behaviouristic	adj|of or relating to behaviorism|behavioristic psychology
behaviouristic psychology	n|an approach to psychology that emphasizes observable measurable behavior|
behead	v|cut the head of|the French King was beheaded during the Revolution
beheaded	adj|having had the head cut off|the beheaded prisoners
beheading	n|execution by cutting off the victim's head|	n|killing by cutting off the head|
behemoth	n|someone or something that is abnormally large and powerful|	n|a person of exceptional importance and reputation|
behest	n|an authoritative command or request|
behind	adv|in or to or toward the rear|he followed behind	adv|remaining in a place or condition that has been left or departed from|when he died he left much unfinished work behind	adv|of timepieces|the clock is almost an hour slow	adv|in or into an inferior position|fell behind in his studies
behind-the-scenes	adj|designed and carried out secretly or confidentially|a sub-rosa report
behindhand	adj|behind schedule|was behindhand with the rent	adv|in debt|he fell behind with his mortgage payments
behmen	n|German mystic and theosophist who founded modern theosophy; influenced George Fox (1575-1624)|
behmenism	n|the mystical theological doctrine of Jakob Boehme that influenced the Quakers|
behold	v|see with attention|behold Christ!
beholden	adj|under a moral obligation to someone|
beholder	n|a person who becomes aware (of things or events) through the senses|
beholding	n|perception by means of the eyes|
behoove	v|be appropriate or necessary|It behooves us to reflect on this matter
behove	v|be appropriate or necessary|It behooves us to reflect on this matter
behrens	n|German architect known for his simple utilitarian factory buildings (1868-1940)|
behring	n|Danish explorer who explored the northern Pacific Ocean for the Russians and discovered the Bering Strait (1681-1741)|
beige	adj|of a light greyish-brown color|	n|a very light brown|
beigel	n|(Yiddish) glazed yeast-raised doughnut-shaped roll with hard crust|
beignet	n|a deep-fried, yeast-raised doughnut dusted with confectioners' sugar|
beijing	n|capital of the People's Republic of China in the Hebei province in northeastern China; 2nd largest Chinese city|
beijing dialect	n|the dialect of Chinese spoken in Beijing and adopted as the official language for all of China|
being	n|the state or fact of existing|a point of view gradually coming into being	n|a living thing that has (or can develop) the ability to act or function independently|
beingness	n|the state or fact of existing|a point of view gradually coming into being
beira	n|a port city in eastern Mozambique on the Mozambique Channel|
beirut	n|capital and largest city of Lebanon; located in western Lebanon on the Mediterranean|
bejewel	v|adorn or decorate with precious stones|jeweled dresses
bel	n|a logarithmic unit of sound intensity equal to 10 decibels|	n|Babylonian god of the earth; one of the supreme triad including Anu and Ea; earlier identified with En-lil|
bel and the dragon	n|an Apocryphal book consisting of text added to the Book of Daniel|
bel canto	n|a style of operatic singing|
bel esprit	n|a witty or clever person with a fine mind|
bel-merodach	n|the chief Babylonian god; his consort was Sarpanitu|
belabor	v|to work at or to absurd length|belabor the obvious	v|attack verbally with harsh criticism|She was belabored by her fellow students	v|beat soundly|
belabour	v|to work at or to absurd length|belabor the obvious	v|beat soundly|	v|attack verbally with harsh criticism|She was belabored by her fellow students
belamcanda	n|a monocotyledonous genus of the family Iridaceae|
belamcanda chinensis	n|garden plant whose capsule discloses when ripe a mass of seeds resembling a blackberry|
belarus	n|a landlocked republic in eastern Europe; formerly a European soviet|
belarusian	adj|of or pertaining to Belarus or to the people or culture of Belarus|	n|the Slavic language spoken in Belarus|
belarusian monetary unit	n|monetary unit in Belarus|
belated	adj|after the expected or usual time; delayed|a belated birthday card
belatedly	adv|later than usual or than expected|the train arrived late
belau	n|a chain of more than 200 islands about 400 miles long in the western central Pacific Ocean|
belay	n|something to which a mountain climber's rope can be secured|	v|turn a rope round an object or person in order to secure it or him|	v|fasten a boat to a bitt, pin, or cleat|
belaying pin	n|a wood or metal bar to which a rope can be secured (as on a ship or in mountain climbing)|
belch	n|a reflex that expels gas noisily from the stomach through the mouth|	v|expel gas from the stomach|Please don't burp at the table	v|become active and spew forth lava and rocks|Vesuvius erupts once in a while
belching	n|the forceful expulsion of something from inside|the belching of smoke from factory chimneys	n|a reflex that expels gas noisily from the stomach through the mouth|
beldam	n|an ugly evil-looking old woman|	n|a woman of advanced age|
beldame	n|an ugly evil-looking old woman|	n|a woman of advanced age|
beleaguer	v|annoy persistently|The children teased the boy because of his stammer	v|surround so as to force to give up|The Turks besieged Vienna
beleaguering	n|the action of an armed force that surrounds a fortified place and isolates it while continuing to attack|
belem	n|port city in northern Brazil in the Amazon delta; main port and commercial center for the Amazon River basin|
belemnite	n|a conical calcareous fossil tapering to a point at one end and with a conical cavity at the other end containing (when unbroken) a small chambered phragmocone from the shell of any of numerous extinct cephalopods of the family Belemnitidae|
belemnitic	adj|of or relating to belemnites|
belemnitidae	n|family of extinct Mesozoic cephalopods|
belemnoidea	n|order of extinct dibranchiate cephalopods related to the surviving spirulas|
belfast	n|capital and largest city of Northern Ireland; the center of Protestantism in Northern Ireland|
belfry	n|a bell tower; usually stands alone unattached to a building|	n|a room (often at the top of a tower) where bells are hung|
belgian	adj|of or relating to or characteristic of Belgium or the Belgian people|the Belgian Queen	n|a native or inhabitant of Belgium|
belgian beef stew	n|beef stewed in beer seasoned with garlic and served with boiled potatoes|
belgian capital	n|the capital and largest city of Belgium; seat of the North Atlantic Treaty Organization|
belgian congo	n|a republic in central Africa; achieved independence from Belgium in 1960|
belgian endive	n|young broad-leaved endive plant deprived of light to form a narrow whitish head|
belgian franc	n|formerly the basic unit of money in Belgium|
belgian griffon	n|breed of various very small compact wiry-coated dogs of Belgian origin having a short bearded muzzle|
belgian hare	n|red breed of domestic rabbits; hybrid between Old World rabbit and hare|
belgian sheepdog	n|hardy working dog developed in Belgium for herding sheep|
belgian shepherd	n|hardy working dog developed in Belgium for herding sheep|
belgian waffle	n|thick sweet waffle often eaten with ice cream or fruit sauce|
belgique	n|a monarchy in northwestern Europe; headquarters for the European Union and for the North Atlantic Treaty Organization|
belgium	n|a monarchy in northwestern Europe; headquarters for the European Union and for the North Atlantic Treaty Organization|
belgrade	n|capital and largest city of Serbia and Montenegro; situated on the Danube|
belie	v|be in contradiction with|	v|represent falsely|This statement misrepresents my intentions
belief	n|any cognitive content held as true|	n|a vague idea in which some confidence is placed|his impression of her was favorable
believability	n|the quality of being believable or trustworthy|
believable	adj|capable of being believed|completely credible testimony
believably	adv|in a believable manner|he acted believably sincere	adv|easy to believe on the basis of available evidence|he talked plausibly before the committee
believe	v|accept as true; take to be true|I believed his report	v|judge or regard; look upon; judge|I think he is very smart	v|be confident about something|I believe that he will come back from the war	v|follow a credo; have a faith; be a believer|When you hear his sermons, you will be able to believe, too
believe in	v|have a firm conviction as to the goodness of something|John believes in oat bran
believer	n|a supporter who accepts something as true|	n|a person who has religious faith|
believing	n|the cognitive process that leads to convictions|seeing is believing
believingly	adv|in a credulous manner|the children followed the teacher credulously
belike	adv|with considerable certainty; without much doubt|He is probably out of the country
belisarius	n|Byzantine general under Justinian I; he recovered former Roman territories in northern Africa and fought against the Persians|
belittle	v|cause to seem less serious; play down|Don't belittle his influence	v|express a negative opinion of|She disparaged her student's efforts	v|lessen the authority, dignity, or reputation of|don't belittle your colleagues
belittled	adj|made to seem smaller or less (especially in worth)|her comments made me feel small
belittling	adj|tending to diminish or disparage|belittling comments	n|a belittling comment|	n|the act of belittling|
belize	n|a country on the northeastern coast of Central America on the Caribbean; formerly under British control|
belize dollar	n|the basic unit of money in Belize|
bell	n|a hollow device made of metal that makes a ringing sound when struck|	n|a push button at an outer door that gives a ringing or buzzing signal when pushed|	n|the sound of a bell being struck|saved by the bell	n|(nautical) each of the eight half-hour units of nautical time signaled by strokes of a ship's bell; eight bells signals 4:00, 8:00, or 12:00 o'clock, either a.m. or p.m.|
bell apple	n|the edible yellow fruit of the Jamaica honeysuckle|
bell arch	n|a round arch resting on corbels|
bell book	n|a logbook in which all orders concerning the main engines of a ship are recorded|
bell buoy	n|a buoy with a bell on it|
bell captain	n|the supervisor of bellboys in a hotel|
bell cot	n|a small shelter for bells; has a gable or shed roof|
bell cote	n|a small shelter for bells; has a gable or shed roof|
bell deck	n|a floor under the bells of an open belfry|
bell founder	n|a person who casts metal bells|
bell foundry	n|a foundry where bells are cast|
bell gable	n|an extension of a gable that serves as a bell cote|
bell glass	n|a bell-shaped glass cover used to protect and display delicate objects or to cover scientific apparatus or to contain gases|
bell heather	n|dwarf European shrub with rose-colored flowers|	n|common low European shrub with purple-red flowers|
bell jar	n|a bell-shaped glass cover used to protect and display delicate objects or to cover scientific apparatus or to contain gases|
bell magpie	n|bluish black fruit-eating bird with a bell-like call|
bell metal	n|bronze with 3 or 4 parts copper to 1 part tin; used in making bells|
bell morel	n|a morel whose fertile portion resembles a bell and is attached to the stipe only at the top|
bell pepper	n|plant bearing large mild thick-walled usually bell-shaped fruits; the principal salad peppers|	n|large bell-shaped sweet pepper in green or red or yellow or orange or black varieties|
bell push	n|a button that is pushed to ring a bell|
bell ringer	n|a person who rings church bells (as for summoning the congregation)|	n|someone who plays musical handbells|	n|something that exactly succeeds in achieving its goal|the new advertising campaign was a bell ringer
bell ringing	n|the sound of someone playing a set of bells|	n|persuasion of voters in a political campaign|	n|playing a set of bells that are (usually) hung in a tower|
bell seat	n|a seat that has a bell shape (on some 18th century chairs)|
bell shape	n|the shape of a bell|
bell tent	n|a bell-shaped tent|
bell the cat	v|take a risk; perform a daring act|Who is going to bell the cat?
bell tower	n|a tower that supports or shelters a bell|
bell-bottom	adj|(of trousers) having legs that flare at the bottom|bell-bottomed trousers
bell-bottomed	adj|(of trousers) having legs that flare at the bottom|bell-bottomed trousers
bell-bottoms	n|(used in the plural) trousers with legs that flare; worn by sailors; absurdly wide hems were fashionable in the 1960s|
bell-like call	n|a birdcall that resembles the tone of a bell|
bell-shaped	adj|having a convex shape that resembles a bell|
bell-shaped curve	n|a symmetrical curve representing the normal distribution|
bella sombra	n|fast-growing herbaceous evergreen tree of South America having a broad trunk with high water content and dark green oval leaves|
belladonna	n|an alkaloidal extract or tincture of the poisonous belladonna plant that is used medicinally|
belladonna lily	n|amaryllis of South Africa often cultivated for its fragrant white or rose flowers|
bellarmine	n|Italian cardinal and theologian (1542-1621)|	n|a stoneware drinking jug with a long neck; decorated with a caricature of Cardinal Bellarmine (17th century)|
bellarmino	n|Italian cardinal and theologian (1542-1621)|
bellbottom	adj|(of trousers) having legs that flare at the bottom|bell-bottomed trousers
bellbottom pants	n|(used in the plural) trousers with legs that flare; worn by sailors; absurdly wide hems were fashionable in the 1960s|
bellbottom trousers	n|(used in the plural) trousers with legs that flare; worn by sailors; absurdly wide hems were fashionable in the 1960s|
bellboy	n|someone employed as an errand boy and luggage carrier around hotels|
belle	n|a young woman who is the most charming and beautiful of several rivals|she was the belle of the ball
belle de nuit	n|pantropical climber having white fragrant nocturnal flowers|
belle isle cress	n|of southwestern Europe; cultivated in Florida|
belleau wood	n|a World War I battle in northwestern France where the Allies defeated the Germans in 1918|
bellerophon	n|(Greek mythology) a mythical hero of Corinth who performed miracles on the winged horse Pegasus (especially killing the monster Chimera)|
belles lettres	n|creative writing valued for esthetic content|
belles-lettres	n|creative writing valued for esthetic content|
belletristic	adj|written and regarded for aesthetic value rather than content|
bellflower	n|any of various plants of the genus Campanula having blue or white bell-shaped flowers|
bellflower family	n|family of plants of the order Campanulales; in some classifications includes Lobeliaceae|
bellhop	n|someone employed as an errand boy and luggage carrier around hotels|
bellicose	adj|having or showing a ready disposition to fight|bellicose young officers
bellicoseness	n|a natural disposition to fight|
bellicosity	n|a natural disposition to fight|
bellied	adj|having a belly; often used in combination|	adj|curving outward|
belligerence	n|hostile or warlike attitude or nature|	n|a natural disposition to be hostile|
belligerency	n|hostile or warlike attitude or nature|	n|fighting; acts of overt warfare|the outbreak of hostilities
belligerent	adj|characteristic of an enemy or one eager to fight|aggressive acts against another country	adj|engaged in war|belligerent (or warring) nations	n|someone who fights (or is fighting)|
belligerently	adv|with hostility; in a belligerent hostile manner|he pushed her against the wall belligerently
belling	n|a noisy mock serenade (made by banging pans and kettles) to a newly married couple|
bellingham	n|a town in northwestern Washington on a bay near the Canadian border|
bellini	n|Italian composer of operas (1801-1835)|
bellis	n|daisy|
bellis perennis	n|low-growing Eurasian plant with yellow central disc flowers and pinkish-white outer ray flowers|
bellman	n|someone employed as an errand boy and luggage carrier around hotels|
belloc	n|English author (born in France) remembered especially for his verse for children (1870-1953)|
bellow	n|a very loud utterance (like the sound of an animal)|his bellow filled the hallway	v|shout loudly and without restraint|	v|make a loud noise, as of animal|The bull bellowed
bellower	n|someone who communicates vocally in a very loud voice|
bellowing	n|a very loud utterance (like the sound of an animal)|his bellow filled the hallway
bellows	n|(used in the plural) a mechanical device that blows a strong current of air; used to make a fire burn more fiercely or to sound a musical instrument|
bellows fish	n|small bottom-dwelling fish of warm seas having a compressed body and a long snout with a toothless mouth|
bellpull	n|a handle or cord that is pulled to ring a doorbell or a servant's bell etc.|
bells of ireland	n|aromatic annual with a tall stems of small whitish flowers enclosed in a greatly enlarged saucer-shaped or bell-shaped calyx|
bellwether	n|someone who assumes leadership of a movement or activity|	n|sheep that leads the herd often wearing a bell|
bellwort	n|any of various plants of the genus Uvularia having yellowish drooping bell-shaped flowers|
belly	n|the region of the body of a vertebrate between the thorax and the pelvis|	n|a protruding abdomen|	n|a part that bulges deeply|the belly of a sail	n|the hollow inside of something|in the belly of the ship
belly button	n|a scar where the umbilical cord was attached|you were not supposed to show your navel on television
belly dance	n|a Middle Eastern dance in which the dancer makes sensuous movements of the hips and abdomen|	v|perform a belly dance|
belly dancer	n|a woman who performs a solo belly dance|
belly dancing	n|a Middle Eastern dance in which the dancer makes sensuous movements of the hips and abdomen|
belly flop	n|a dive in which the abdomen bears the main force of impact with the water|
belly flopper	n|a dive in which the abdomen bears the main force of impact with the water|
belly laugh	n|a burst of deep loud hearty laughter|	n|a joke that seems extremely funny|
belly out	v|swell out or bulge out|
belly whop	n|a dive in which the abdomen bears the main force of impact with the water|
belly whopper	n|a dive in which the abdomen bears the main force of impact with the water|
belly-flop	v|dive so that one hits the water with one's belly|
belly-land	v|land on the underside without the landing gear|
belly-up	adj|financially ruined|a bankrupt company
bellyache	n|an ache localized in the stomach or abdominal region|	v|complain|What was he hollering about?
bellyacher	n|a person given to excessive complaints and crying and whining|
bellyband	n|a cloth band that is worn around the waist (as on infants until the navel has healed)|	n|a strap around the belly of a draft animal holding the shafts of a wagon|
bellybutton	n|a scar where the umbilical cord was attached|you were not supposed to show your navel on television
bellyful	n|an undesirable overabundance|a bellyful of your complaints
bellying	adj|curving outward|
bellylaugh	v|laugh a deep, hearty laugh|
bellyless	adj|lacking a prominent belly|
belmont	n|a racetrack for thoroughbred racing in Elmont on Long Island; site of the Belmont Stakes|
belmont park	n|a racetrack for thoroughbred racing in Elmont on Long Island; site of the Belmont Stakes|
belmont stakes	n|an annual race for three-year-old horses; held on Long Island at Elmont, New York|
belo horizonte	n|city in southeastern Brazil to the north of Rio de Janeiro; the first of Brazil's planned communities|
belong	v|be owned by; be in the possession of|This book belongs to me	v|be suitable or acceptable|This student somehow doesn't belong	v|be in the right place or situation|Where do these books belong?	v|be rightly classified in a class or category|The whales belong among the mammals
belong to	v|be a part or adjunct|the uniform looks like it belonged to a museum collection
belonging	n|happiness felt in a secure relationship|with his classmates he felt a sense of belonging
belongings	n|something owned; any tangible or intangible possession that is owned by someone|that hat is my property
belonidae	n|ferocious fishes of warm regions resembling but unrelated to the freshwater gars|
belorussia	n|a landlocked republic in eastern Europe; formerly a European soviet|
belorussian	n|a native or inhabitant of Byelorussia|
belostomatidae	n|water bugs|
beloved	adj|dearly loved|	n|a beloved person; used as terms of endearment|
below	adv|in or to a place that is lower|	adv|(in writing) at a later place|see below	adv|on a floor below|the tenants live downstairs	adv|further down|see under for further discussion
below the belt	adj|disregarding the rules (from the notion of an illegal low blow in boxing)|her accusations were below the belt	adv|in an unfair manner|they dealt with him unfairly
belowground	adj|under the level of the ground|belowground storage areas	adj|underneath the ground|most of his friends are now belowground
belsen	n|a Nazi concentration camp for Jews created in northwestern Germany during World War II|
belshazzar	n|(Old Testament) Babylonian general and son of Nebuchadnezzar II; according to the Old Testament he was warned of his doom by divine handwriting on the wall that was interpreted by Daniel (6th century BC)|
belt	n|endless loop of flexible material between two rotating shafts or pulleys|	n|a band to tie or buckle around the body (usually at the waist)|	n|an elongated region where a specific condition or characteristic is found|a belt of high pressure	n|a vigorous blow|the sudden knock floored him
belt along	v|move hurridly|He rushed down the hall to receive his guests
belt ammunition	n|ammunition (usually of small caliber) loaded in flexible linked strips for use in a machine gun|
belt bag	n|a small pouch (usually with a zipper) that attaches to a belt and is worn around the waist|
belt buckle	n|the buckle used to fasten a belt|
belt down	v|drink down entirely|He downed three martinis before dinner
belt maker	n|a maker of belts|
belt out	v|sing loudly and forcefully|
belt up	v|refuse to talk or stop talking; fall silent|The children shut up when their father approached
belt-fed	adj|using belted ammunition|
belt-like	adj|resembling a belt around something|
belt-shaped	adj|shaped like a belt|
belted	adj|having or provided with a belt|a belted dress
belted ammunition	n|ammunition (usually of small caliber) loaded in flexible linked strips for use in a machine gun|
belted sandfish	n|found in warm shallow waters of western Atlantic|
belting	n|the material of which belts are made|
beltless	adj|lacking a belt|unbelted jackets are in this season
beltlike	adj|resembling a belt around something|
beltway	n|a highway that encircles an urban area so that traffic does not have to pass through the center|
beluga	n|valuable source of caviar and isinglass; found in Black and Caspian seas|	n|small northern whale that is white when adult|
beluga caviar	n|roe of beluga sturgeon usually from Russia; highly valued|
belvedere	n|densely branched Eurasian plant; foliage turns purple-red in autumn|	n|a gazebo sited to command a fine view|
bema	n|area around the altar of a church for the clergy and choir; often enclosed by a lattice or railing|
bemidji	n|a town in northern Minnesota|
bemire	v|make soiled, filthy, or dirty|don't soil your clothes when you play outside!
bemisia	n|sweet-potato whitefly|
bemisia tabaci	n|a strain of pest accidentally imported into Florida from the Middle East then spread to California where it is a very serious pest feeding on almost all vegetable crops and poinsettias|
bemoan	v|regret strongly|I deplore this hostile action
bemock	v|treat with contempt|The new constitution mocks all democratic principles
bemuse	v|cause to be confused emotionally|
bemused	adj|deeply absorbed in thought|as distant and bemused as a professor listening to the prattling of his freshman class	adj|perplexed by many conflicting situations or statements; filled with bewilderment|obviously bemused by his questions
bemusement	n|confusion resulting from failure to understand|
ben	n|a mountain or tall hill|they were climbing the ben
ben gurion	n|Israeli statesman (born in Poland) and active Zionist who organized resistance against the British after World War II; prime minister of Israel (1886-1973)|
ben jonson	n|English dramatist and poet who was the first real poet laureate of England (1572-1637)|
ben sira	n|an Apocryphal book mainly of maxims (resembling Proverbs in that respect)|
benadryl	n|antihistamine (trade name Benadryl) used to treat allergic reactions involving the nasal passages (hay fever) and also to treat motion sickness|
bench	n|a long seat for more than one person|	n|a level shelf of land interrupting a declivity (with steep slopes above and below)|	n|persons who administer justice|	n|a strong worktable for a carpenter or mechanic|
bench clamp	n|a clamp used to hold work in place on a workbench|
bench hook	n|any of various stops on a workbench against which work can be pushed (as while chiseling or planing)|
bench lathe	n|lathe mounted on a workbench|
bench mark	n|a surveyor's mark on a permanent object of predetermined position and elevation used as a reference point|
bench press	n|a weightlift in which you lie on your back on a bench and press weights upward|	n|a small punch press mounted on a workbench|
bench vise	n|a holding device attached to a workbench; has two jaws to hold workpiece firmly in place|
bench warmer	n|(sports) a substitute who seldom plays|
bench warrant	n|a warrant authorizing law enforcement officials to apprehend an offender and bring that person to court|
benchmark	n|a standard by which something can be measured or judged|his painting sets the benchmark of quality	n|a surveyor's mark on a permanent object of predetermined position and elevation used as a reference point|
bend	v|form a curve|The stick does not bend	v|change direction|The road bends	v|cause (a plastic object) to assume a crooked or angular form|bend the rod	v|bend one's back forward from the waist on down|he crouched down
bend dexter	n|diagonal line traversing a shield from the upper right corner to the lower left|
bend over backwards	v|try very hard to please someone|She falls over backwards when she sees her mother-in-law
bend sinister	n|a mark of bastardy; lines from top right to bottom left|
bendability	n|the property of being easily bent without breaking|
bendable	adj|capable of being bent or flexed or twisted without breaking|a flexible wire
benday	v|reproduce by the Benday process|
benday process	n|a photoengraving technique for adding shading or texture or tone to a printed image|
bended	adj|used of the back and knees; stooped|on bended knee
bender	n|a tool for bending|he used pliers as a bender	n|revelry in drinking; a merry drinking party|	n|a pitch of a baseball that is thrown with spin so that its path curves as it approaches the batter|
bending	n|movement that causes the formation of a curve|	n|the property of being bent or deflected|	n|the act of bending something|
bendopa	n|the levorotatory form of dopa (trade names Bendopa and Brocadopa and Larodopa); as a drug it is used to treat Parkinson's disease|
bends	n|pain resulting from rapid change in pressure|
bendy tree	n|pantropical tree of usually seacoasts sometimes cultivated as an ornamental for its rounded heart-shaped leaves and showy yellow and purple flowers; yields valuable pink to dark red close-grained wood and oil from its seeds|
beneath	adv|in or to a place that is lower|
benedetto caetani	n|pope who declared that Catholic princes are subject to the pope in temporal as well as in theological matters (1235-1303)|
benedetto odescalchi	n|Italian pope from 1676 to 1689 whose papacy was marked by the struggle with Louis XIV of France over papal authority over French Catholics; known for saintliness and canonized in 1956 (1611-1689)|
benedick	n|a newly married man (especially one who has long been a bachelor)|
benedict	n|Italian monk who founded the Benedictine order about 540 (480-547)|	n|a newly married man (especially one who has long been a bachelor)|
benedict de spinoza	n|Dutch philosopher who espoused a pantheistic system (1632-1677)|
benedict xiv	n|pope who was a patron of the arts and who denounced the cruelty to the indigenous peoples of South America (1675-1758)|
benedict xv	n|pope who founded the Vatican service for prisoners of war during World War I (1854-1922)|
benedictine	adj|of or relating to Saint Benedict or his works|	adj|of or relating to the Benedictines|	n|a monk or nun belonging to the order founded by Saint Benedict|	n|a French liqueur originally made by Benedictine monks|
benedictine order	n|a Roman Catholic monastic order founded in the 6th century; noted for liturgical worship and for scholarly activities|
benediction	n|the act of praying for divine protection|	n|a ceremonial prayer invoking divine protection|
benedictive	adj|expressing benediction|
benedictory	adj|expressing benediction|
benefact	v|help as a benefactor|The father benefacted his daughter in more ways than she was aware of
benefaction	n|a contribution of money or assistance|	n|an act intending or showing kindness and good will|
benefactive role	n|the semantic role of the intended recipient who benefits from the happening denoted by the verb in the clause|
benefactor	n|a person who helps people or institutions (especially with financial help)|
benefactress	n|a woman benefactor|
benefic	adj|exerting a favorable or beneficent influence|a benefic star
benefice	n|an endowed church office giving income to its holder|	v|endow with a benefice|
beneficed	adj|having a benefice|a beneficed clergyman
beneficence	n|doing good; feeling beneficent|	n|the quality of being kind or helpful or generous|
beneficent	adj|doing or producing good|the most beneficent regime in history	adj|generous in assistance to the poor|a benevolent contributor
beneficial	adj|promoting or enhancing well-being|an arms limitation agreement beneficial to all countries
beneficially	adv|in a beneficial manner|this medicine will act beneficially on you
beneficiary	n|the recipient of funds or other benefits|	n|the semantic role of the intended recipient who benefits from the happening denoted by the verb in the clause|	adj|having or arising from a benefice|a beneficiary baron
beneficiate	v|process (ores or other raw materials), as by reduction|
beneficiation	n|crushing and separating ore into valuable substances or waste by any of a variety of techniques|
benefit	n|financial assistance in time of need|	n|something that aids or promotes well-being|for the benefit of all	n|a performance to raise money for a charitable cause|	v|derive a benefit from|She profited from his vast experience
benefit album	n|concept album compiling a performer's work or work supporting some worthy cause|
benefit concert	n|a concert given for the benefit of some charitable cause|
benefit of clergy	n|sanction by a religious rite|they are living together without benefit of clergy
benelux	n|a customs union comprising Belgium and Netherlands and Luxembourg|
benevolence	n|disposition to do good|	n|an inclination to do kind or charitable acts|	n|an act intending or showing kindness and good will|
benevolent	adj|intending or showing kindness|a benevolent society	adj|showing or motivated by sympathy and understanding and generosity|was charitable in his opinions of others	adj|generous in providing aid to others|	adj|generous in assistance to the poor|a benevolent contributor
benevolently	adv|in a benevolent manner|she looked on benevolently
benficiate	v|subject to a reduction process|benficiate ores
benford's law	n|a law used by auditors to identify fictitious populations of numbers; applies to any population of numbers derived from other numbers|Benford's law holds that 30% of the time the first non-zero digit of a derived number will be 1 and it will be 9 only 4.6% of the time
bengal	n|a region whose eastern part is now Bangladesh and whose western part is included in India|
bengal kino	n|dried juice of the dhak tree; used as an astringent|
bengal light	n|a steady bright blue light; formerly used as a signal but now a firework|
bengal rose	n|shrubby Chinese rose; ancestor of many cultivated garden roses|
bengal tiger	n|southern short-haired tiger|
bengali	adj|of or relating to or characteristic of Bengal or its people|Bengali hills	n|(Hinduism) a member of a people living in Bangladesh and West Bengal (mainly Hindus)|	n|an ethnic group speaking Bengali and living in Bangladesh and eastern India|	n|a Magadhan language spoken by the Bengali people; the official language of Bangladesh and Bengal|
benghazi	n|port in northern Libya on the Gulf of Sidra; formerly a joint capital of Libya with Tripoli|
benight	v|overtake with darkness or night|	v|envelop with social, intellectual, or moral darkness|The benighted peoples of this area	v|make darker and difficult to perceive by sight|
benighted	adj|overtaken by night or darkness|benighted (or nighted) travelers hurrying toward home	adj|lacking enlightenment or knowledge or culture|this benighted country
benign	adj|not dangerous to health; not recurrent or progressive (especially of a tumor)|	adj|pleasant and beneficial in nature or influence|a benign smile	adj|kindness of disposition or manner|the benign ruler of millions
benign prostatic hyperplasia	n|enlarged prostate; appears to be part of the natural aging process|
benign tumor	n|a tumor that is not cancerous|
benign tumour	n|a tumor that is not cancerous|
benignancy	n|the quality of being kind and gentle|
benignant	adj|pleasant and beneficial in nature or influence|a benign smile	adj|characterized by kindness and warm courtesy especially of a king to his subjects|our benignant king
benignantly	adv|in a benign manner|this drug is benignly soporific
benignity	n|the quality of being kind and gentle|	n|a kind act|
benignly	adv|in a benign manner|this drug is benignly soporific
benin	n|a country on western coast of Africa; formerly under French control|
benin franc	n|the basic unit of money in Benin|
beninese	adj|of or relating to or characteristic of Benin or its people|Benin bronzes	n|a native or inhabitant of Benin|
benison	n|a spoken blessing|
benito mussolini	n|Italian fascist dictator (1883-1945)|
benjamin	n|gum resin used especially in treating skin irritation|	n|(Old Testament) the youngest and best-loved son of Jacob and Rachel and one of the twelve forebears of the tribes of Israel|
benjamin britten	n|major English composer of the 20th century; noted for his operas (1913-1976)|
benjamin disraeli	n|British statesman who as Prime Minister bought controlling interest in the Suez Canal and made Queen Victoria the empress of India (1804-1881)|
benjamin franklin bridge	n|a suspension bridge across the Delaware River|
benjamin harris	n|publisher of the first newspaper printed in America (1673-1713)|
benjamin jonson	n|English dramatist and poet who was the first real poet laureate of England (1572-1637)|
benjamin jowett	n|English classical scholar noted for his translations of Plato and Aristotle (1817-1893)|
benjamin thompson	n|English physicist (born in America) who studied heat and friction; experiments convinced him that heat is caused by moving particles (1753-1814)|
benjamin west	n|English painter (born in America) who became the second president of the Royal Academy (1738-1820)|
benne	n|East Indian annual erect herb; source of sesame seed or benniseed and sesame oil|
bennet	n|avens of Virginia having pale or greenish yellow flowers|
bennettitaceae	n|a family of fossil gymnospermous plants of the Carboniferous|
bennettitales	n|fossil gymnospermous plants of the Carboniferous|
bennettitis	n|type of the Bennettitales|
benni	n|East Indian annual erect herb; source of sesame seed or benniseed and sesame oil|
bennie	n|a form of amphetamine|
bennington	n|a town in southwestern Vermont|
benniseed	n|small oval seeds of the sesame plant|
benny	n|East Indian annual erect herb; source of sesame seed or benniseed and sesame oil|
benny hill	n|risque English comedian (1925-1992)|
benoit mandelbrot	n|French mathematician (born in Poland) noted for inventing fractals (born in 1924)|
bent	n|a relatively permanent inclination to react in a particular way|the set of his mind was obvious	n|grass for pastures and lawns especially bowling and putting greens|	n|an area of grassland unbounded by fences or hedges|	n|a special way of doing something|he had a bent for it
bent grass	n|grass for pastures and lawns especially bowling and putting greens|
bent hang	n|a hang performed with the elbows bent|
bent on	adj|fixed in your purpose|bent on going to the theater
bent-grass	n|grass for pastures and lawns especially bowling and putting greens|
benthal	adj|of or relating to or happening on the bottom under a body of water|
bentham	n|English philosopher and jurist; founder of utilitarianism (1748-1831)|
benthic	adj|of or relating to or happening on the bottom under a body of water|
benthic division	n|a region including the bottom of the sea and the littoral zones|
benthonic	adj|of or relating to or happening on the bottom under a body of water|
benthonic zone	n|a region including the bottom of the sea and the littoral zones|
benthos	n|a region including the bottom of the sea and the littoral zones|	n|organisms (plants and animals) that live at or near the bottom of a sea|
bentonite	n|an absorbent aluminum silicate clay formed from volcanic ash|
bentonitic	adj|of or relating to or containing bentonite|
bentwood	n|wood that is steamed until it becomes pliable and then is shaped for use in making furniture|bentwood chairs
benumb	v|make numb or insensitive|The shock numbed her senses
benumbed	adj|lacking sensation|my foot is asleep	adj|having lost or been caused to lose interest because of overexposure|the mind of the audience is becoming dulled
benvenuto cellini	n|Italian sculptor (1500-1571)|
benweed	n|widespread European weed having yellow daisylike flowers; sometimes an obnoxious weed and toxic to cattle if consumed in quantity|
benzedrine	n|a form of amphetamine|
benzene	n|a colorless liquid hydrocarbon; highly flammable; carcinogenic; the simplest of the aromatic compounds|
benzene formula	n|a closed chain of 6 carbon atoms with hydrogen atoms attached|
benzene nucleus	n|a closed chain of 6 carbon atoms with hydrogen atoms attached|
benzene ring	n|a closed chain of 6 carbon atoms with hydrogen atoms attached|
benzenoid	adj|similar to benzene in structure or linkage|
benzine	n|a colorless liquid hydrocarbon; highly flammable; carcinogenic; the simplest of the aromatic compounds|
benzoate	n|any salt or ester of benzoic acid|
benzoate of soda	n|a white crystalline salt used as a food preservative and antiseptic|
benzocaine	n|a white crystalline ester used as a local anesthetic|
benzodiazepine	n|any of several similar lipophilic amines used as tranquilizers or sedatives or hypnotics or muscle relaxants; chronic use can lead to dependency|
benzofuran	n|a colorless oily compound extracted from coal tar and used in manufacturing synthetic resins|
benzoic	adj|containing or derived from benzoic acid or benzoin|
benzoic acid	n|a white crystalline solid occurring in many resins|
benzoin	n|gum resin used especially in treating skin irritation|
benzol	n|a colorless liquid hydrocarbon; highly flammable; carcinogenic; the simplest of the aromatic compounds|
benzoquinone	n|any of a class of aromatic yellow compounds including several that are biologically important as coenzymes or acceptors or vitamins; used in making dyes|
benzoyl group	n|the univalent radical derived from benzoic acid|
benzoyl peroxide	n|a white crystalline peroxide used in bleaching (flour or oils or fats) and as a catalyst for free radical reactions|
benzoyl radical	n|the univalent radical derived from benzoic acid|
benzyl	n|the univalent radical derived from toluene|
benzyl group	n|the univalent radical derived from toluene|
benzyl radical	n|the univalent radical derived from toluene|
benzylic	adj|relating to benzyl|
benzylpenicillin	n|the penicillin that constitutes the principal component of many commercial antibiotics|
beograd	n|capital and largest city of Serbia and Montenegro; situated on the Danube|
beowulf	n|the legendary hero of an anonymous Old English epic poem composed in the early 8th century; he slays a monster and becomes king but dies fighting a dragon|
beplaster	v|cover conspicuously or thickly, as by pasting something on|The demonstrators plastered the hallways with posters
bequeath	v|leave or give by will after one's death|My aunt bequeathed me all her jewelry
bequest	n|(law) a gift of personal property by will|
berate	v|censure severely or angrily|The mother scolded the child for entering a stranger's car
berating	n|a severe rebuke|he deserved the berating that the coach gave him
berber	n|a member of an indigenous people of northern Africa|	n|a cluster of related dialects that were once the major language of northern Africa west of Egypt; now spoken mostly in Morocco|
berberidaceae	n|shrubs or herbs|
berberis	n|large genus of shrubs of temperate zones of New and Old Worlds|
berberis canadensis	n|deciduous shrub of eastern North America whose leaves turn scarlet in autumn and having racemes of yellow flowers followed by ellipsoid glossy red berries|
berberis thunbergii	n|compact deciduous shrub having persistent red berries; widespread in cultivation especially for hedges|
berbers	n|an ethnic minority descended from Berbers and Arabs and living in northern Africa|
berceuse	n|a quiet song intended to lull a child to sleep|
bercy	n|butter creamed with white wine and shallots and parsley|
bercy butter	n|butter creamed with white wine and shallots and parsley|
bereave	v|deprive through death|
bereaved	adj|sorrowful through loss or deprivation|bereft of hope	n|a person who has suffered the death of someone they loved|the bereaved do not always need to be taken care of
bereaved person	n|a person who has suffered the death of someone they loved|the bereaved do not always need to be taken care of
bereavement	n|state of sorrow over the death or departure of a loved one|
bereft	adj|unhappy in love; suffering from unrequited love|	adj|sorrowful through loss or deprivation|bereft of hope
beret	n|a cap with no brim or bill; made of soft cloth|
berg	n|a large mass of ice floating at sea; usually broken off of a polar glacier|	n|Austrian composer in Schoenberg's twelve-tone music system (1885-1935)|
bergamot	n|small tree with pear-shaped fruit whose oil is used in perfumery; Italy|
bergamot mint	n|perennial aromatic herb of eastern North America having variously colored tubular flowers in dense showy heads|	n|mint with leaves having perfume like that of the bergamot orange|
bergamot orange	n|small tree with pear-shaped fruit whose oil is used in perfumery; Italy|
bergen	n|a port city in southwestern Norway|
bergenia	n|any plant of the genus Bergenia; valued as an evergreen ground cover and for the spring blossoms|
bergman	n|Swedish film actress (1915-1982)|	n|Swedish film director who used heavy symbolism and explored the psychology of the characters (born 1918)|
bergson	n|French philosopher who proposed elan vital as the cause of evolution and development (1859-1941)|
beria	n|Soviet chief of secret police under Joseph Stalin; was executed by his associates in the power struggle following Stalin's death (1899-1953)|
beriberi	n|avitaminosis caused by lack of thiamine (vitamin B1)|
bering	n|Danish explorer who explored the northern Pacific Ocean for the Russians and discovered the Bering Strait (1681-1741)|
bering sea	n|part of the North Pacific between Alaska and Siberia; connected to the Arctic Ocean by the Bering Strait|
bering standard time	n|standard time in the 11th time zone west of Greenwich, reckoned at the 165th meridian west; used in the Midway Islands|
bering strait	n|a strait connecting the Bering Sea to the Arctic Ocean|
bering time	n|standard time in the 11th time zone west of Greenwich, reckoned at the 165th meridian west; used in the Midway Islands|
berit	n|the Jewish rite of circumcision performed on a male child on the eighth day of his life|
berith	n|the Jewish rite of circumcision performed on a male child on the eighth day of his life|
berk	n|a stupid person who is easy to take advantage of|
berkeley	n|Irish philosopher and Anglican bishop who opposed the materialism of Thomas Hobbes (1685-1753)|	n|a city in California on the eastern shore of San Francisco Bay; site of the University of California at Berkeley|
berkelium	n|a radioactive transuranic element; discovered by bombarding americium with helium|
berkshire	n|a county in southern England|
berkshire hills	n|a low mountain range in western Massachusetts; a resort area|
berkshires	n|a low mountain range in western Massachusetts; a resort area|
berlage	n|Dutch architect and town planner (1856-1934)|
berlin	n|capital of Germany located in eastern Germany|	n|a limousine with a glass partition between the front and back seats|
berlin airlift	n|airlift in 1948 that supplied food and fuel to citizens of west Berlin when the Russians closed off land access to Berlin|
berlin doughnut	n|a raised doughnut filled with jelly or jam|
berliner	n|an inhabitant of Berlin|
berlioz	n|French composer of romantic works (1803-1869)|
berm	n|a narrow ledge or shelf typically at the top or bottom of a slope|	n|a narrow edge of land (usually unpaved) along the side of a road|the car pulled off onto the shoulder
bermuda	n|a group of islands in the Atlantic off the Carolina coast; British colony; a popular resort|
bermuda buttercup	n|South African bulbous wood sorrel with showy yellow flowers|
bermuda cedar	n|ornamental densely pyramidal juniper of Bermuda; fairly large for a juniper|
bermuda chub	n|food and game fish around Bermuda and Florida; often follow ships|
bermuda dollar	n|the basic unit of money in Bermuda|
bermuda lily	n|tall lily have large white trumpet-shaped flowers that bloom in the spring|
bermuda maidenhair	n|delicate endemic Bermudian fern with creeping rootstock|
bermuda maidenhair fern	n|delicate endemic Bermudian fern with creeping rootstock|
bermuda onion	n|mild flat onion grown in warm areas|
bermuda plan	n|a hotel plan that provides a full breakfast daily|
bermuda rig	n|a rig of triangular sails for a yacht|
bermuda shorts	n|(used in the plural) short pants that end at the knee|
bermuda triangle	n|an area in the western Atlantic Ocean where many ships and planes are supposed to have been mysteriously lost|
bermudan	adj|of or relating to or characteristic of Bermuda or its inhabitants|Bermudan beaches	n|a native or inhabitant of Bermuda|
bermudan rig	n|a rig of triangular sails for a yacht|
bermudas	n|a group of islands in the Atlantic off the Carolina coast; British colony; a popular resort|
bermudian	n|a native or inhabitant of Bermuda|
bermudian rig	n|a rig of triangular sails for a yacht|
bern	n|the capital of Switzerland; located in western Switzerland|
bernard	n|French physiologist noted for research on secretions of the alimentary canal and the glycogenic function of the liver (1813-1878)|
bernard arthur owen williams	n|English philosopher credited with reviving the field of moral philosophy (1929-2003)|
bernard hinault	n|French racing cyclist who won the Tour de France five times (born in 1954)|
bernard law montgomery	n|English general during World War II; won victories over Rommel in North Africa and led British ground forces in the invasion of Normandy (1887-1976)|
bernardo bertolucci	n|Italian filmmaker (born in 1940)|
bernd heinrich wilhelm von kleist	n|German dramatist whose works concern people torn between reason and emotion (1777-1811)|
berne	n|the capital of Switzerland; located in western Switzerland|
bernese mountain dog	n|large powerful long-haired black-coated Swiss dog with deep tan or russet markings on legs and white blaze and feet and chest marking; formerly used for draft|
bernhard riemann	n|pioneer of non-Euclidean geometry (1826-1866)|
bernhardt	n|French actress (1844-1923)|
bernini	n|Italian sculptor and architect of the baroque period in Italy; designed many churches and chapels and tombs and fountains (1598-1680)|
bernoulli	n|Swiss physicist who contributed to hydrodynamics and mathematical physics (1700-1782)|	n|Swiss mathematician (1667-1748)|	n|Swiss mathematician (1654-1705)|
bernoulli distribution	n|a theoretical distribution of the number of successes in a finite set of independent trials with a constant probability of success|
bernoulli's law	n|(statistics) law stating that a large number of items taken at random from a population will (on the average) have the population statistics|
beroe	n|delicately iridescent thimble-shaped ctenophores|
berretta	n|a stiff cap with ridges across the crown; worn by Roman Catholic clergy|
berried	adj|producing or bearing berries|
berry	n|any of numerous small and pulpy edible fruits; used as desserts or in making jams and jellies and preserves|	n|a small fruit having any of various structures, e.g., simple (grape or blueberry) or aggregate (blackberry or raspberry)|	v|pick or gather berries|We went berrying in the summer
berrylike	adj|resembling a berry|
berserk	adj|wildly frenzied and out of control|the soldier was completely amuck	n|one of the ancient Norse warriors legendary for working themselves into a frenzy before a battle and fighting with reckless savagery and insane fury|
berserker	n|one of the ancient Norse warriors legendary for working themselves into a frenzy before a battle and fighting with reckless savagery and insane fury|
berteroa	n|hoary alyssum|
berteroa incana	n|tall European annual with downy grey-green foliage and dense heads of small white flowers followed by hairy pods; naturalized in North America; sometimes a troublesome weed|
berth	n|a job in an organization|he occupied a post in the treasury	n|a place where a craft can be made fast|	n|a bed on a ship or train; usually in tiers|	v|provide with a berth|
bertholletia	n|brazil nut|
bertillon	n|French criminologist (1853-1914)|
bertillon system	n|a system or procedure for identifying persons|
bertolt brecht	n|German dramatist and poet who developed a style of epic theater (1898-1956)|
bertolucci	n|Italian filmmaker (born in 1940)|
bertram brockhouse	n|Canadian physicist who bounced neutron beams off of atomic nuclei to study the structure of matter (1918-2003)|
bertrand arthur william russell	n|English philosopher and mathematician who collaborated with Whitehead (1872-1970)|
bertrand russell	n|English philosopher and mathematician who collaborated with Whitehead (1872-1970)|
berycomorphi	n|an order of spiny-finned fish in the superorder Acanthopterygii|
beryl	n|the chief source of beryllium; colored transparent varieties are valued as gems|
beryllium	n|a light strong brittle grey toxic bivalent metallic element|
beryllium bronze	n|a copper-base alloy containing beryllium|
berzelius	n|Swedish chemist who discovered three new elements and determined the atomic weights of many others (1779-1848)|
beseech	v|ask for or request earnestly|The prophet bid all people to become good persons
beseeching	adj|begging|
beseechingly	adv|in a beseeching manner|`You must help me,' she said imploringly
beseem	v|accord or comport with|This kind of behavior does not suit a young woman!
beset	v|annoy continually or chronically|He is known to harry his staff when he is overworked	v|assail or attack on all sides: "The zebra was beset by leopards"|	v|decorate or cover lavishly (as with gems)|
beshrew	v|wish harm upon; invoke evil upon|The bad witch cursed the child
besides	adv|making an additional point; anyway; besides, we can't afford it"|I don't want to go to a restaurant	adv|in addition|he has a Mercedes, too
besiege	v|surround so as to force to give up|The Turks besieged Vienna	v|cause to feel distressed or worried|She was besieged by so many problems that she got discouraged	v|harass, as with questions or requests|The press photographers besieged the movie star
besieged	adj|surrounded by hostile forces|the besieged town
besieger	n|an enemy who lays siege to your position|	n|an energetic petitioner|
besieging	n|the action of an armed force that surrounds a fortified place and isolates it while continuing to attack|
besmear	v|spread or daub (a surface)|
besmirch	v|charge falsely or with malicious intent; attack the good name and reputation of someone|The journalists have defamed me!	v|smear so as to make dirty or stained|
besom	n|a broom made of twigs tied together on a long handle|
besot	v|make dull or stupid or muddle with drunkenness or infatuation|
besotted	adj|very drunk|
bespangle	v|decorate with spangles|the star-spangled banner	v|dot or sprinkle with sparkling or glittering objects|
bespatter	v|spot, splash, or soil|The baby spattered the bib with food
bespeak	v|be a signal for or a symptom of|These symptoms indicate a serious illness	v|express the need or desire for|She requested an extra bed in her room
bespeckle	v|mark with small spots|speckle the wall with tiny yellow spots
bespectacled	adj|wearing, or having the face adorned with, eyeglasses or an eyeglass|a bespectacled grandmother
bespoke	adj|(of clothing) custom-made|
bespoken	adj|(of clothing) custom-made|	adj|pledged to be married|the engaged couple
bespot	v|mark with, or as if with, spots|
besprent	adj|sprinkled over|glistening grass besprent with raindrops
besprinkle	v|scatter with liquid; wet lightly|Sprinkle the lawn
bessel	n|German mathematician and astronomer who made accurate measurements of stellar distances and who predicted the existence on an 8th planet (1784-1846)|
bessemer	n|British inventor and metallurgist who developed the Bessemer process (1813-1898)|
bessemer converter	n|a refractory-lined furnace used to convert pig iron into steel by the Bessemer process|
bessemer process	n|an industrial process for making steel using a Bessemer converter to blast air through molten iron and thus burning the excess carbon and impurities; the first successful method of making steel in quantity at low cost|
bessera	n|small genus of cormous perennials of Mexico; sometimes placed in family Alliaceae|
bessera elegans	n|half-hardy Mexican herb cultivated for its drooping terminal umbels of showy red-and-white flowers|
besseya alpina	n|small pale plant with dense spikes of pale bluish-violet flowers; of high cold meadows from Wyoming and Utah to New Mexico|
bessy cerca	n|tropical Atlantic fish|
best	adv|in a most excellent way or manner|he played best after a couple of martinis	adv|it would be sensible|you'd best stay at home	adv|from a position of superiority or authority|father knows best	n|the supreme effort one can make|they did their best
best and greatest	n|an epithet for Jupiter|
best evidence rule	n|a rule of evidence requiring that to prove the content of a writing or recording or photograph the original is required|
best friend	n|the one friend who is closest to you|
best man	n|the principal groomsman at a wedding|
best of all	adv|especially fortunate|best of all, we don't have any homework!
best seller	n|a book that has had a large and rapid sale|
best-known	adj|most familiar or renowned|Stevenson's best-known work is probably `Treasure Island'
best-loved	adj|preferred above all others and treated with partiality|the favored child
best-selling	adj|selling in great numbers|a best-selling novel
bestial	adj|resembling a beast; showing lack of human sensibility|beastly desires
bestialise	v|make brutal and depraved; give animal-like qualities to|
bestiality	n|the stupid brutal quality of a beast|	n|sexual activity between a person and an animal|
bestialize	v|make brutal and depraved; give animal-like qualities to|
bestially	adv|in an inhumane manner|she treated her husband bestially
bestiary	n|a medieval book (usually illustrated) with allegorical and amusing descriptions of real and fabled animals|
bestir	v|become active|He finally bestirred himself
bestir oneself	v|start to be active|Get cracking, please!
bestow	v|present|The university conferred a degree on its most famous former student, who never graduated	v|give as a gift|	v|bestow a quality on|Her presence lends a certain cachet to the company
bestowal	n|the act of conferring an honor or presenting a gift|	n|a gift that is bestowed or conferred|
bestower	n|person who makes a gift of property|
bestowment	n|a gift that is bestowed or conferred|	n|the act of conferring an honor or presenting a gift|
bestrew	v|cover by strewing|
bestride	v|get up on the back of|mount a horse
bestseller	n|a book that has had a large and rapid sale|
bestubbled	adj|having a short growth of beard|his stubbled chin
bet	n|the money risked on a gamble|	n|the act of gambling|he did it on a bet	v|maintain with or as if with a bet|I bet she will be there!	v|stake on the outcome of an issue|I bet $100 on that new horse
bet on	v|place a bet on|Which horse are you backing?
beta	n|the 2nd letter of the Greek alphabet|	n|beets|	adj|second in order of importance|the candidate, considered a beta male, was perceived to be unable to lead his party to victory	adj|preliminary or testing stage of a software or hardware product|a beta version
beta blocker	n|any of various drugs used in treating hypertension or arrhythmia; decreases force and rate of heart contractions by blocking beta-adrenergic receptors of the autonomic nervous system|
beta blocker eyedrop	n|a treatment for glaucoma; the eyedrops reduce intraocular pressure by reducing the production of aqueous humor|
beta cell	n|a cell that produces insulin in the isles of Langerhans in the pancreas|
beta centauri	n|the second brightest star in Centaurus|
beta crucis	n|the second brightest star in the Southern Cross|
beta decay	n|radioactive decay of an atomic nucleus that is accompanied by the emission of a beta particle|
beta endorphin	n|an endorphin produced by the pituitary gland that suppresses pain|
beta globulin	n|a globulin in blood plasma that carries iron|
beta iron	n|an allotrope of iron that is the same as alpha iron except that it is nonmagnetic; stable between 768 and 906 degrees centigrade|
beta orionis	n|the brightest star in Orion|
beta particle	n|a high-speed electron or positron emitted in the decay of a radioactive isotope|
beta radiation	n|radiation of beta particles during radioactive decay|
beta ray	n|radiation of beta particles during radioactive decay|
beta receptor	n|receptors postulated to exist on nerve cell membranes of the sympathetic nervous system in order to explain the specificity of certain agents that affect only some sympathetic activities (such as vasodilation and increased heart beat)|
beta rhythm	n|the normal brainwave in the encephalogram of a person who is awake and alert; occurs with a frequency between 12 and 30 hertz|
beta software	n|software that has not yet been released but has received an alpha test and still has more bugs than a regular release|beta software is usually available only to particular users who will test it
beta test	n|(computer science) a second test of an experimental product (such as computer software) carried out by an outside organization|
beta vulgaris	n|biennial Eurasian plant usually having a swollen edible root; widely cultivated as a food crop|
beta vulgaris cicla	n|beet lacking swollen root; grown as a vegetable for its edible leaves and stalks|
beta vulgaris rubra	n|beet having a massively swollen red root; widely grown for human consumption|
beta vulgaris vulgaris	n|beet with a large yellowish root; grown chiefly as cattle feed|
beta wave	n|the normal brainwave in the encephalogram of a person who is awake and alert; occurs with a frequency between 12 and 30 hertz|
beta-adrenergic blocker	n|any of various drugs used in treating hypertension or arrhythmia; decreases force and rate of heart contractions by blocking beta-adrenergic receptors of the autonomic nervous system|
beta-adrenergic blocking agent	n|any of various drugs used in treating hypertension or arrhythmia; decreases force and rate of heart contractions by blocking beta-adrenergic receptors of the autonomic nervous system|
beta-adrenergic receptor	n|receptors postulated to exist on nerve cell membranes of the sympathetic nervous system in order to explain the specificity of certain agents that affect only some sympathetic activities (such as vasodilation and increased heart beat)|
beta-adrenoceptor	n|receptors postulated to exist on nerve cell membranes of the sympathetic nervous system in order to explain the specificity of certain agents that affect only some sympathetic activities (such as vasodilation and increased heart beat)|
beta-blocking agent	n|any of various drugs used in treating hypertension or arrhythmia; decreases force and rate of heart contractions by blocking beta-adrenergic receptors of the autonomic nervous system|
beta-carotene	n|an isomer of carotene that is found in dark green and dark yellow fruits and vegetables|
beta-hydroxybutyric acid	n|beta derivative of hydroxybutyric acid that is found in the blood and urine in some cases of impaired metabolism|
beta-interferon	n|a form of interferon that is produced by fibroblasts and have antiviral effects; used in the treatment of multiple sclerosis|
beta-lactamase	n|enzyme produced by certain bacteria that inactivates penicillin and results in resistance to that antibiotic|
beta-lipoprotein	n|a lipoprotein that transports cholesterol in the blood; composed of moderate amount of protein and a large amount of cholesterol; high levels are thought to be associated with increased risk of coronary heart disease and atherosclerosis|
beta-naphthol	n|an isomer of naphthol used in rubber as an antioxidant|
betaine	n|a sweet tasting alkaloid that occurs in sugar beets|
betake oneself	v|displace oneself; go from one location to another|
betatron	n|accelerates a continuous beam of electrons to high speeds by means of the electric field produced by changing magnetic flux|
bete noire	n|a detested person|he is an anathema to me
betel	n|a leaf of a vine from the betel pepper|	n|Asian pepper plant whose leaves are chewed with betel nut (seed of the betel palm) by southeast Asians|
betel leaf	n|a leaf of a vine from the betel pepper|
betel nut	n|seed of betel palm; chewed with leaves of the betel pepper and lime as a digestive stimulant and narcotic in southeastern Asia|
betel palm	n|southeastern Asian palm bearing betel nuts (scarlet or orange single-seeded fruit with a fibrous husk)|
betel pepper	n|Asian pepper plant whose leaves are chewed with betel nut (seed of the betel palm) by southeast Asians|
betelgeuse	n|the second brightest star in Orion|
beth	n|the 2nd letter of the Hebrew alphabet|
bethel	n|a house of worship (especially one for sailors)|
bethink	v|cause oneself to consider something|	v|consider or ponder something carefully|She bethought her of their predicament
bethlehem	n|a town in eastern Pennsylvania on the Lehigh River to the northwest of Philadelphia; an important center for steel production|	n|a small town near Jerusalem on the West Bank of the Jordan River; early home of David and regarded as the place where Jesus was born|
bethlehem ephrathah	n|a small town near Jerusalem on the West Bank of the Jordan River; early home of David and regarded as the place where Jesus was born|
bethlehem-judah	n|a small town near Jerusalem on the West Bank of the Jordan River; early home of David and regarded as the place where Jesus was born|
betide	v|become of; happen to|He promised that no harm would befall her
betimes	adv|in good time|he awoke betimes that morning
betise	n|a stupid mistake|
betoken	v|be a signal for or a symptom of|These symptoms indicate a serious illness	v|indicate, as with a sign or an omen|These signs bode bad news
betray	v|reveal unintentionally|Her smile betrayed her true feelings	v|deliver to an enemy by treachery|Judas sold Jesus	v|disappoint, prove undependable to; abandon, forsake|His sense of smell failed him this time	v|be sexually unfaithful to one's partner in marriage|She cheats on her husband
betrayal	n|an act of deliberate betrayal|	n|the quality of aiding an enemy|
betrayer	n|one who reveals confidential information in return for money|	n|a person who says one thing and does another|
betroth	v|give to in marriage|
betrothal	n|a mutual promise to marry|	n|the act of becoming betrothed or engaged|
betrothed	adj|pledged to be married|the engaged couple	n|the person to whom you are engaged|
better	adj|(comparative of `good') superior to another (of the same class or set or kind) in excellence or quality or desirability or suitability; more highly skilled than another|You're a better man than I am, Gunga Din	adj|(comparative of `good') changed for the better in health or fitness|her health is better now	adj|(comparative and superlative of `well') wiser or more advantageous and hence advisable|it would be better to speak to him	adj|more than half|argued for the better part of an hour
better half	n|a person's partner in marriage|
better off	adj|in a more fortunate or prosperous condition|she would have been better off if she had stuck with teaching
better-known	adj|more familiar or renowned than the other of two|the better-known book of the two
better-looking	adj|pleasing in appearance especially by reason of conformity to ideals of form and proportion|a fine-looking woman
bettering	adj|changing for the better|
betterment	n|a change for the better; progress in development|	n|an improvement that adds to the value of a property or facility|	n|the act of relieving ills and changing for the better|
betting	adj|preoccupied with the pursuit of pleasure and especially games of chance|led a dissipated life
betting odds	n|the ratio by which one better's wager is greater than that of another|he offered odds of two to one
betting shop	n|a licensed bookmaker's shop that is not at the race track|
bettong	n|short-nosed rat kangaroo|
bettongia	n|jerboa kangaroo|
bettor	n|someone who bets|
betula	n|a genus of trees of the family Betulaceae (such as birches)|
betula alleghaniensis	n|tree of eastern North America with thin lustrous yellow or grey bark|
betula glandulosa	n|small shrub of colder parts of North America and Greenland|
betula leutea	n|tree of eastern North America with thin lustrous yellow or grey bark|
betula neoalaskana	n|Alaskan birch with white to pale brown bark|
betula pendula	n|European birch with silvery white peeling bark and markedly drooping branches|
betula populifolia	n|medium-sized birch of eastern North America having white or pale grey bark and valueless wood; occurs often as a second-growth forest tree|
betula pubescens	n|European birch with dull white to pale brown bark and somewhat drooping hairy branches|
betulaceae	n|monoecious trees and shrubs (including the genera Betula and Alnus and Carpinus and Corylus and Ostrya and Ostryopsis)|
betulaceous	adj|of or pertaining to or characteristic of trees of the birch family|
between	adv|in the interval|dancing all the dances with little rest between	adv|in between|two houses with a tree between
between decks	adv|in the space between decks, on a ship|
betweenbrain	n|the posterior division of the forebrain; connects the cerebral hemispheres with the mesencephalon|
betwixt	adv|in the interval|dancing all the dances with little rest between
beurre noisette	n|clarified butter browned slowly and seasoned with vinegar or lemon juice and capers|
bevatron	n|a cyclotron that accelerates protons up to several billion electron volts|
bevel	v|cut a bevel on; shape to a bevel|bevel the surface	n|two surfaces meeting at an angle different from 90 degrees|	n|a hand tool consisting of two rules that are hinged together so you can draw or measure angles of any size|
bevel gear	n|gears that mesh at an angle|
bevel square	n|a hand tool consisting of two rules that are hinged together so you can draw or measure angles of any size|
beverage	n|any liquid suitable for drinking|may I take your beverage order?
beveridge	n|British economist (born in India) whose report on social insurance provided the basis for most of the social legislation on which the welfare state in the United Kingdom is based (1879-1963)|
beverly hills	n|a city in southwestern California surrounded by Los Angeles; home of many Hollywood actors|
bevin	n|British labor leader and statesman who played an important role in diplomacy after World War II (1884-1951)|
bevy	n|a large gathering of people of a particular type|he was surrounded by a bevy of beauties in bathing attire	n|a flock of birds (especially when gathered close together on the ground)|we were visited at breakfast by a bevy of excited ducks
bewail	v|regret strongly|I deplore this hostile action
beware	v|be on one's guard; be cautious or wary about; be alert to|Beware of telephone salesmen
bewhisker	v|furnish with whiskers|a whiskered jersey
bewhiskered	adj|having hair on the cheeks and chin|
bewick's swan	n|Eurasian subspecies of tundra swan; smaller than the whooper|
bewilder	v|be a mystery or bewildering to|This beats me!	v|cause to be confused emotionally|
bewildered	adj|perplexed by many conflicting situations or statements; filled with bewilderment|obviously bemused by his questions
bewilderedly	adv|in a bewildered manner|
bewilderingly	adv|in a bewildering and confusing manner|her situation was bewilderingly unclear
bewilderment	n|confusion resulting from failure to understand|
bewitch	v|attract; cause to be enamored|She captured all the men's hearts	v|attract strongly, as if with a magnet|She magnetized the audience with her tricks	v|cast a spell over someone or something; put a hex on someone or something|
bewitched	adj|captured, as if under a spell|
bewitchery	n|magnetic personal charm|
bewitching	adj|capturing interest as if by a spell|bewitching smile
bewitchingly	adv|in a bewitching manner|she was bewitchingly beautiful
bewitchment	n|a magical spell|
bewray	v|reveal unintentionally|Her smile betrayed her true feelings
bextra	n|a Cox-2 inhibitor (trade name Bextra) that relieves pain and inflammation without harming the digestive tract|
bey	n|(formerly) a title of respect for a man in Turkey or Egypt|he introduced me to Ahmet Bey	n|the governor of a district or province in the Ottoman Empire|
beyond	adv|farther along in space or time or degree|through the valley and beyond	adv|on the farther side from the observer|a pond with a hayfield beyond	adv|in addition|agreed to provide essentials but nothing beyond
beyond a doubt	adv|in a manner or to a degree that could not be doubted|it was immediately and indubitably apparent that I had interrupted a scene of lovers
beyond a shadow of a doubt	adv|in a manner or to a degree that could not be doubted|it was immediately and indubitably apparent that I had interrupted a scene of lovers
beyond control	adv|out of control|the riots got out of hand
beyond doubt	adj|too obvious to be doubted|	adv|in a manner or to a degree that could not be doubted|it was immediately and indubitably apparent that I had interrupted a scene of lovers
beyond measure	adv|in excess or without limit|amazed beyond measure
bezant	n|a gold coin of the Byzantine Empire; widely circulated in Europe in the Middle Ages|
bezel	n|a sloping edge on a cutting tool|
bezique	n|a card game played with a pack of forty-eight cards (two of each suit for high cards); play resembles whist|
bezoar goat	n|wild goat of Iran and adjacent regions|
bezzant	n|a gold coin of the Byzantine Empire; widely circulated in Europe in the Middle Ages|
bh	n|a transuranic element|
bhadon	n|the sixth month of the Hindu calendar|
bhadrapada	n|the sixth month of the Hindu calendar|
bhaga	n|Hindu god of wealth and love|
bhagavad-gita	n|(Hinduism) the sacred `song of God' composed about 200 BC and incorporated into the Mahabharata (a Sanskrit epic); contains a discussion between Krishna and the Indian hero Arjuna on human nature and the purpose of life|
bhagavadgita	n|(Hinduism) the sacred `song of God' composed about 200 BC and incorporated into the Mahabharata (a Sanskrit epic); contains a discussion between Krishna and the Indian hero Arjuna on human nature and the purpose of life|
bhakti	n|(Hinduism) loving devotion to a deity leading to salvation and nirvana; open to all persons independent of caste or sex|
bhang	n|a preparation of the leaves and flowers of the hemp plant; much used in India|
bharat	n|a republic in the Asian subcontinent in southern Asia; second most populous country in the world; achieved independence from the United Kingdom in 1947|
bhumi devi	n|Hindu earth goddess; one of the two wives of Vishnu|
bhutan	n|a landlocked principality in the Himalayas to the northeast of India|
bhutanese	adj|of or pertaining to or characteristic of Bhutan or its people or culture or language|Bhutanese Buddhists	n|a native or inhabitant of Bhutan|
bhutanese monetary unit	n|monetary unit in Bhutan|
bhutani	n|a native or inhabitant of Bhutan|
bi	n|a heavy brittle diamagnetic trivalent metallic element (resembles arsenic and antimony chemically); usually recovered as a by-product from ores of other metals|
bi-fold door	n|an interior door|
bialy	n|flat crusty-bottomed onion roll|
bialystoker	n|flat crusty-bottomed onion roll|
biannual	adj|occurring or payable twice each year|
biannually	adv|twice a year|we hold our big sale biannually
bias	n|a partiality that prevents objective consideration of an issue or situation|	n|a line or cut across a fabric that is not at right angles to a side of the fabric|	adj|slanting diagonally across the grain of a fabric|a bias fold	v|influence in an unfair way|you are biasing my choice by telling me yours
biased	adj|favoring one person or side over another|a biased account of the trial
biaural	adj|relating to or having or hearing with two ears|binaural hearing
biauricular	adj|relating to the two auditory openings|the biauricular diameter of the skull
biauriculate heart	n|a heart (as of mammals and birds and reptiles) having two auricles|
biaxal	adj|having two axes|biaxial crystals
biaxate	adj|having two axes|biaxial crystals
biaxial	adj|having two axes|biaxial crystals
bib	n|top part of an apron; covering the chest|	n|a napkin tied under the chin of a child while eating|	v|drink moderately but regularly|We tippled the cognac
bib-and-tucker	n|an attractive outfit|she wore her best bib-and-tucker
bibb lettuce	n|lettuce with relatively crisp leaves|
bibbed	adj|having a bib|a bibbed apron
bible	n|the sacred writings of the Christian religions|he went to carry the Word to the heathen	n|a book regarded as authoritative in its field|
bible leaf	n|tansy-scented Eurasian perennial herb with buttonlike yellow flowers; used as potherb or salad green and sometimes for potpourri or tea or flavoring; sometimes placed in genus Chrysanthemum|
bible-worship	n|the worship of the Bible|
bibless	adj|lacking a bib|
biblical	adj|of or pertaining to or contained in or in accordance with the Bible|biblical names	adj|in keeping with the nature of the Bible or its times or people|biblical styles in writing
biblical aramaic	n|the form of Aramaic that was spoken in Palestine in the time of the New Testament|
biblical latin	n|the form of Latin written between the 3rd and 8th centuries|
bibliographer	n|someone trained in compiling bibliographies|
bibliographic	adj|relating to or dealing with bibliography|
bibliographical	adj|relating to or dealing with bibliography|
bibliography	n|a list of writings with time and place of publication (such as the writings of a single author or the works referred to in preparing a document etc.)|
bibliolatrous	adj|given to Bible-worship|
bibliolatry	n|the worship of the Bible|
bibliomania	n|preoccupation with the acquisition and possession of books|
bibliomaniacal	adj|characteristic of or characterized by or noted for bibliomania|
bibliophile	n|someone who loves (and usually collects) books|
bibliophilic	adj|of or relating to bibliophiles|
bibliopole	n|a dealer in secondhand books (especially rare or curious books)|
bibliopolic	adj|of or relating to bibliopoles|
bibliopolist	n|a dealer in secondhand books (especially rare or curious books)|
bibliothec	n|a professional person trained in library science and engaged in library services|
bibliotheca	n|a collection of books|
bibliothecal	adj|of or relating to a library or bibliotheca or a librarian|
bibliothecarial	adj|of or relating to a library or bibliotheca or a librarian|
bibliotic	adj|of or relating to bibliotics|
bibliotics	n|the scientific study of documents and handwriting etc. especially to determine authorship or authenticity|
bibliotist	n|someone who engages in bibliotics|
bibos	n|wild ox|
bibos frontalis	n|ox of southeast Asia sometimes considered a domesticated breed of the gaur|
bibos gaurus	n|wild ox of mountainous areas of eastern India|
bibulous	adj|given to or marked by the consumption of alcohol|a bibulous fellow
bicameral	adj|composed of two legislative bodies|	adj|consisting of two chambers|the bicameral heart of a fish
bicameral script	n|a script having two distinct cases|
bicapsular	adj|divided into two capsules or having a two-part capsule|
bicarbonate	n|a salt of carbonic acid (containing the anion HCO3) in which one hydrogen atom has been replaced; an acid carbonate|
bicarbonate of soda	n|a white soluble compound (NaHCO3) used in effervescent drinks and in baking powders and as an antacid|
bicentenary	adj|of or relating to or completing a period of 200 years|bicentennial celebration	n|the 200th anniversary (or the celebration of it)|
bicentennial	adj|of or relating to or completing a period of 200 years|bicentennial celebration	n|the 200th anniversary (or the celebration of it)|
bicentric	adj|having two centers|
bicephalous	adj|having two heads|
biceps	n|any skeletal muscle having two origins (but especially the muscle that flexes the forearm)|
biceps brachii	n|a muscle that flexes and supinates the forearm|
biceps humeri	n|a muscle that flexes and supinates the forearm|
bichloride	n|a compound containing two chlorine atoms per molecule|
bichloride of mercury	n|a white poisonous soluble crystalline sublimate of mercury; used as a pesticide or antiseptic or wood preservative|
bichromate	n|a salt of the hypothetical dichromic acid|
bichromated	adj|treated or combined with bichromate|
bichrome	adj|having two colors|a bicolor flower
bicipital	adj|having two heads or points of origin as a biceps|
bicker	v|argue over petty things|Let's not quibble over pennies	n|a quarrel about petty points|
bickering	n|a quarrel about petty points|
bicolor	adj|having two colors|a bicolor flower
bicolor lespediza	n|Asian shrub having conspicuous racemose rose-purple flowers widely used as an ornamental and in erosion control and as a source of feed for wild birds|
bicolored	adj|having two colors|a bicolor flower
bicolour	adj|having two colors|a bicolor flower
bicoloured	adj|having two colors|a bicolor flower
biconcave	adj|concave on both sides|
biconvex	adj|convex on both sides; shaped like a lentil|
bicorn	adj|having two horns or horn-shaped parts|a bicornuate uterus	n|a cocked hat with the brim turned up to form two points|
bicornate	adj|having two horns or horn-shaped parts|a bicornuate uterus
bicorne	n|a cocked hat with the brim turned up to form two points|
bicorned	adj|having two horns or horn-shaped parts|a bicornuate uterus
bicornuate	adj|having two horns or horn-shaped parts|a bicornuate uterus
bicornuous	adj|having two horns or horn-shaped parts|a bicornuate uterus
bicuspid	adj|having two cusps or points (especially a molar tooth)|bicuspid teeth	n|a tooth having two cusps or points; located between the incisors and the molars|
bicuspid valve	n|valve with two cusps; situated between the left atrium and the left ventricle|
bicuspidate	adj|having two cusps or points (especially a molar tooth)|bicuspid teeth
bicycle	n|a wheeled vehicle that has two wheels and is moved by foot pedals|	v|ride a bicycle|
bicycle chain	n|a chain that transmits the power from the pedals to the rear wheel of a bicycle|
bicycle clip	n|a clip worn around a cyclist's ankles that keeps trousers from becoming caught in the bicycle chain|
bicycle pump	n|a small pump that fills bicycle tires with air|
bicycle race	n|a race between people riding bicycles|
bicycle rack	n|a rack for parking bicycles|
bicycle seat	n|a seat for the rider of a bicycle|
bicycle traffic	n|bicycles coming and going|
bicycle wheel	n|the wheel of a bicycle|
bicycle-built-for-two	n|a bicycle with two sets of pedals and two seats|
bicycler	n|a person who rides a bicycle|
bicyclic	adj|having molecules consisting of two fused rings|
bicycling	n|riding a bicycle|
bicyclist	n|a person who rides a bicycle|
bicylindrical	adj|having two cylindrical surfaces usually with parallel axes|certain lenses are bicylindrical
bid	v|propose a payment|The Swiss dealer offered $2 million for the painting	v|invoke upon|wish you a nice evening	v|ask for or request earnestly|The prophet bid all people to become good persons	v|make a demand, as for a card or a suit or a show of hands|He called his trump
bid price	n|(stock market) the price at which a broker is willing to buy a certain security|
bida	n|the capital and chief port of Qatar|
biddable	adj|willing to carry out the orders or wishes of another without protest|too acquiescent to challenge authority
bidder	n|someone who makes an offer|	n|someone who makes a bid at cards|
bidding	n|an authoritative direction or instruction to do something|	n|a request to be present|they came at his bidding	n|(bridge) the number of tricks a bridge player is willing to contract to make|
bidding contest	n|a series of competing bids|
biddy	n|adult female chicken|	n|young bird especially of domestic fowl|
bide	v|dwell|You can stay with me while you are in town
bidens	n|bur marigolds|
bidens tripartita	n|bur marigold of temperate Eurasia|
bidentate	adj|having toothlike projections that are themselves toothed|
bidet	n|a basin for washing genitals and anal area|
bidirectional	adj|reactive or functioning or allowing movement in two usually opposite directions|
biedermeier	adj|of or relating to a style of furniture developed in Germany in the 19th century|
biennial	adj|having a life cycle lasting two seasons|a biennial life cycle	adj|occurring every second year|they met at biennial conventions	n|(botany) a plant having a life cycle that normally takes two seasons from germination to death to complete; flowering biennials usually bloom and fruit in the second season|
biennially	adv|every two years|this festival takes places biennially
bier	n|a coffin along with its stand|we followed the bier to the graveyard	n|a stand to support a corpse or a coffin prior to burial|
biface	adj|having two faces or fronts|the Roman Janus is bifacial
bifacial	adj|having two faces or fronts|the Roman Janus is bifacial
biff	n|(boxing) a blow with the fist|I gave him a clout on his nose	v|strike, usually with the fist|The pedestrians pummeled the demonstrators
bifid	adj|divided into two lobes|a bifid petal
bifilar	adj|having or using two filaments|a bifilar suspension of a waving part of an instrument
biflagellate	adj|having two flagella|a biflagellate zoospore
bifocal	adj|having two foci|bifocal eyeglasses
bifocals	n|(plural) eyeglasses having two focal lengths, one for near vision and the other for far vision|
bifoliate	adj|having two leaves|
biform	adj|having or combining two forms|a biform crystal
bifurcate	adj|resembling a fork; divided or separated into two branches|the biramous appendages of an arthropod	v|split or divide into two|	v|divide into two branches|The road bifurcated
bifurcated	adj|divided into or made up of two parts|socially bifurcated populations
bifurcation	n|a bifurcating branch (one or both of them)|	n|the place where something divides into two branches|	n|the act of splitting into two branches|
big	adj|above average in size or number or quantity or magnitude or extent|a large city	adj|significant|graduation was a big day in his life	adj|very intense|a bad headache	adj|loud and firm|a big voice
big band	n|a large dance or jazz band usually featuring improvised solos by lead musicians|
big bang	n|(cosmology) the cosmic explosion that is hypothesized to have marked the origin of the universe|
big bang theory	n|(cosmology) the theory that the universe originated sometime between 10 billion and 20 billion years ago from the cataclysmic explosion of a small volume of matter at extremely high density and temperature|
big bedbug	n|large bloodsucking bug|
big ben	n|clock in the clock tower of the Houses of Parliament, London|
big bend	n|a triangular area in southwestern Texas on the Mexican border; formed by a bend in the Rio Grande|
big bend national park	n|a large national park in Texas featuring mountains and desert and canyons and wildlife|
big blue	n|a reliable and deadly 15,000-pound fragmentation bomb that explodes just above ground with a large radius; the largest conventional bomb in existence; used in Afghanistan|
big board	n|a stock exchange in New York|	n|the large display board at the New York Stock Exchange that reports on stocks traded on the exchange|
big brother	n|a totalitarian leader and invader of privacy|	n|an older brother|
big bucks	n|a large sum of money (especially as pay or profit)|she made a bundle selling real estate
big business	n|commercial enterprises organized and financed on a scale large enough to influence social and political policies|big business is growing so powerful it is difficult to regulate it effectively
big businessman	n|a very wealthy or powerful businessman|an oil baron
big cat	n|any of several large cats typically able to roar and living in the wild|
big cheese	n|an important influential person|he thinks he's a big shot
big deal	n|an important influential person|he thinks he's a big shot	n|anything of great importance or consequence|
big dipper	n|a group of seven bright stars in the constellation Ursa Major|	n|elevated railway in an amusement park (usually with sharp curves and steep inclines)|
big enchilada	n|an important influential person|he thinks he's a big shot
big fish	n|an important influential person|he thinks he's a big shot
big game	n|large animals that are hunted for sport|
big gun	n|an important influential person|he thinks he's a big shot
big h	n|street names for heroin|
big hand	n|points to the minutes|
big league	n|the most important league in any sport (especially baseball)|
big leaguer	n|a member of a major-league baseball team|
big marigold	n|a stout branching annual with large yellow to orange flower heads; Mexico and Central America|
big money	n|a large sum of money (especially as pay or profit)|she made a bundle selling real estate
big sagebrush	n|aromatic shrub of arid regions of western North America having hoary leaves|
big science	n|scientific research that requires massive capital investment but is expected to yield very significant results|
big shot	n|an important influential person|he thinks he's a big shot
big sioux river	n|a river that rises in northeastern South Dakota and flows southward to join the Missouri River at Sioux City, Iowa|
big sister	n|an older sister|
big spender	n|one who spends lavishly and ostentatiously on entertainment|the last of the big spenders
big stick	n|a display of force or power|speak softly but carry a big stick
big sur	n|a picturesque coastal region of California to the south of San Francisco|
big time	n|the highest level of an occupation (especially in entertainment)|
big toe	n|the first largest innermost toe|
big top	n|a canvas tent to house the audience at a circus performance|he was afraid of a fire in the circus tent
big tree	n|extremely lofty evergreen of southern end of western foothills of Sierra Nevada in California; largest living organism|
big wheel	n|an important influential person|he thinks he's a big shot
big-bang theory	n|(cosmology) the theory that the universe originated sometime between 10 billion and 20 billion years ago from the cataclysmic explosion of a small volume of matter at extremely high density and temperature|
big-bellied	adj|having a prominent belly|
big-boned	adj|having a bone structure that is massive in contrast with the surrounding flesh|
big-chested	adj|marked by a large or well-developed chest|he was big-chested, big-shouldered and heavy-armed
big-cone douglas fir	n|douglas fir of California having cones 4-8 inches long|
big-cone spruce	n|douglas fir of California having cones 4-8 inches long|
big-eared bat	n|large carnivorous Old World bat with very large ears|
big-eyed scad	n|of Atlantic coastal waters; commonly used for bait|
big-leaf maple	n|maple of western North America having large 5-lobed leaves orange in autumn|
big-shouldered	adj|having broad shoulders|big-shouldered and heavy-armed
big-ticket	adj|very expensive|big-ticket items like cars and furs
big-toothed aspen	n|aspen with a narrow crown; eastern North America|
bigamist	n|someone who marries one person while already legally married to another|
bigamous	adj|of illegal marriage to a second person while legally married to a first|
bigamy	n|the state of having two spouses at the same time|	n|the offense of marrying someone while you have a living spouse from whom no valid divorce has occurred|
bigarade	n|any of various common orange trees yielding sour or bitter fruit; used as grafting stock|
bigeminal	adj|occurring in pairs|a bigeminal pulse
bigeneric	adj|resulting from a cross between species of different genera|
bigeye scad	n|of Atlantic coastal waters; commonly used for bait|
bigger	adj|large or big relative to something else|
biggin	n|a child's tight-fitting cap; often ties under the chin|
biggish	adj|somewhat large|
bighead	n|any of various diseases of animals characterized by edema of the head and neck|
bigheaded	adj|(used colloquially) overly conceited or arrogant|a snotty little scion of a degenerate family"-Laurent Le Sage
bighearted	adj|given or giving freely|was a big tipper
bigheartedness	n|the quality of being kind and generous|
bighorn	n|a river that flows from central Wyoming to the Yellowstone River in southern Montana|	n|wild sheep of mountainous regions of western North America having massive curled horns|
bighorn river	n|a river that flows from central Wyoming to the Yellowstone River in southern Montana|
bighorn sheep	n|wild sheep of mountainous regions of western North America having massive curled horns|
bight	n|a loop in a rope|	n|a bend or curve (especially in a coastline)|	n|a broad bay formed by an indentation in the shoreline|the Bight of Benin	n|the middle part of a slack rope (as distinguished from its ends)|
bight of benin	n|a broad indentation of the Gulf of Guinea in western Africa|
bigmouthed	adj|unwisely talking too much|
bigness	n|the property of having a relatively great size|
bignonia	n|one species: cross vine|
bignoniaceae	n|trees or shrubs or woody vines or herbs having fruit resembling gourds or capsules; sometimes placed in the order Scrophulariales|
bignoniaceous	adj|of or pertaining to or characteristic of plants of the family Bignoniaceae|
bignoniad	n|any woody plant of the family Bignoniaceae|
bigos	n|a Polish stew of cabbage and meat|
bigot	n|a prejudiced person who is intolerant of any opinions differing from his own|
bigoted	adj|blindly and obstinately attached to some creed or opinion and intolerant toward others|a bigoted person
bigotry	n|the intolerance and prejudice of a bigot|
bigram	n|a word that is written with two letters in an alphabetic writing system|
bigtooth aspen	n|aspen with a narrow crown; eastern North America|
bigtoothed aspen	n|aspen with a narrow crown; eastern North America|
bigwig	n|the most important person in a group or undertaking|
bihar	n|a state of northeastern India|
bihari	n|the Indic language spoken in Bihar (and by some people in Pakistan and Bangladesh)|
bijou	n|a small and delicately worked piece|
bijugate leaf	n|a pinnate leaf having two pairs of leaflets|
bijugous leaf	n|a pinnate leaf having two pairs of leaflets|
bike	n|a motor vehicle with two wheels and a strong frame|	n|a wheeled vehicle that has two wheels and is moved by foot pedals|	v|ride a bicycle|
bike race	n|a race between people riding bicycles|
biker	n|a person who rides a bicycle|
bikers	n|originally a British youth subculture that evolved out of the teddy boys in the 1960s; wore black leather jackets and jeans and boots; had greased hair and rode motorcycles and listened to rock'n'roll; were largely unskilled manual laborers|
bikini	n|a woman's very brief bathing suit|
bikini pants	n|(used in the plural) small and tight-fitting underpants; worn by women|
bilabial	adj|of or relating to or being a speech sound that is articulated using both lips|bilabial fricatives	n|a consonant that is articulated using both lips; /p/ or /b/ or /w/|
bilabiate	adj|having two lips|the corolla of a snapdragon is bilabiate
bilateral	adj|having identical parts on each side of an axis|	adj|having two sides or parts|
bilateral contract	n|a contract involving mutual promises (each party is both promisor and promisee)|
bilateral descent	n|line of descent traced through both the maternal and paternal sides of the family|
bilateral symmetry	n|the property of being symmetrical about a vertical plane|
bilateralism	n|the property of being symmetrical about a vertical plane|
bilaterality	n|the property of being symmetrical about a vertical plane|
bilaterally	adv|with the involvement of two parties or governments|they worked out an agreement bilaterally	adv|so as to involve two sides or parts|
bilaterally symmetric	adj|having identical parts on each side of an axis|
bilaterally symmetrical	adj|capable of division into symmetrical halves by only one longitudinal plane passing through the axis|	adj|having identical parts on each side of an axis|
bilberry	n|erect European blueberry having solitary flowers and blue-black berries|
bilby	n|bandicoot with leathery ears like a rabbit|
bile	n|a digestive juice secreted by the liver and stored in the gallbladder; aids in the digestion of fats|
bile acid	n|any of the steroid acids generated in the liver and stored with bile|
bile duct	n|a duct formed by the hepatic and cystic ducts; opens into the duodenum|
bile salt	n|a salt of bile acid and a base; functions as an emulsifier of lipids and fatty acids|
bilestone	n|a calculus formed in the gall bladder or its ducts|
bilge	n|water accumulated in the bilge of a ship|	n|where the sides of the vessel curve in to form the bottom|	v|cause to leak|the collision bilged the vessel	v|take in water at the bilge|the tanker bilged
bilge keel	n|either of two lengthwise fins attached along the outside of a ship's bilge; reduces rolling|
bilge pump	n|a pump to remove bilgewater|
bilge water	n|water accumulated in the bilge of a ship|
bilge well	n|(nautical) a well where seepage drains to be pumped away|
bilges	n|in a vessel with two hulls, an enclosed area between the frames at each side|
bilgewater	n|pretentious or silly talk or writing|
bilgy	adj|smelling like bilge water|
bilharzia	n|an infestation with or a resulting infection caused by a parasite of the genus Schistosoma; common in the tropics and Far East; symptoms depend on the part of the body infected|
bilharziasis	n|an infestation with or a resulting infection caused by a parasite of the genus Schistosoma; common in the tropics and Far East; symptoms depend on the part of the body infected|
biliary	adj|relating to or containing bile|	adj|relating to the bile ducts or the gallbladder|
biliary ductule	n|excretory ducts of the liver; empty into the hepatic ducts|
bilimbi	n|East Indian evergreen tree bearing very acid fruit|
bilinear	adj|linear with respect to each of two variables or positions|
bilingual	adj|using or knowing two languages|bilingual education	n|a person who speaks two languages fluently|
bilingual dictionary	n|a dictionary giving equivalent words in two languages|
bilingualism	n|the ability to speak two languages colloquially|
bilingualist	n|a person who speaks two languages fluently|
bilingually	adv|in a bilingual manner|she grew up bilingually
bilious	adj|relating to or containing bile|	adj|suffering from or suggesting a liver disorder or gastric distress|	adj|irritable as if suffering from indigestion|
biliousness	n|gastric distress caused by a disorder of the liver or gall bladder|	n|a disposition to exhibit uncontrolled anger|his temper was well known to all his employees
bilirubin	n|an orange-yellow pigment in the bile that forms as a product of hemoglobin; excess amounts in the blood produce the yellow appearance observed in jaundice|
bilk	v|cheat somebody out of what is due, especially money|	v|hinder or prevent (the efforts, plans, or desires) of|What ultimately frustrated every challenger was Ruth's amazing September surge	v|evade payment to|He bilked his creditors	v|escape, either physically or mentally|The thief eluded the police
bill	n|a statute in draft before it becomes law|they held a public hearing on the bill	n|an itemized statement of money owed for goods shipped or services rendered|he paid his bill and left	n|a piece of paper money (especially one issued by a central bank)|he peeled off five one-thousand-zloty notes	n|the entertainment offered at a public presentation|
bill of entry	n|a list of goods received at a customhouse for export or import|
bill of exchange	n|a document ordering the payment of money; drawn by one person or bank on another|
bill of fare	n|a list of dishes available at a restaurant|the menu was in French
bill of goods	n|communication (written or spoken) that persuades someone to accept something untrue or undesirable|they tried to sell me a bill of goods about a secondhand car	n|a consignment of merchandise|
bill of health	n|a certificate saying that a departing ship's company is healthy (to be presented at the next port of arrival)|
bill of indictment	n|a formal document written for a prosecuting attorney charging a person with some offense|
bill of lading	n|a receipt given by the carrier to the shipper acknowledging receipt of the goods being shipped and specifying the terms of delivery|
bill of particulars	n|the particular events to be dealt with in a criminal trial; advises the defendant and the court of the facts the defendant will be required to meet|
bill of review	n|a proceeding brought to obtain an explanation or an alteration or a reversal of a decree by the court that rendered it|
bill of sale	n|a deed transferring personal property|
bill poster	n|someone who pastes up bills or placards on walls or billboards|
bill sticker	n|someone who pastes up bills or placards on walls or billboards|
bill-me order	n|an order that is received without payment; requires billing at a later date|
billabong	n|a stagnant pool of water in the bed of a stream that flows intermittently|	n|a branch of a river made by water flowing from the main stream only when the water level is high|
billboard	n|large outdoor signboard|
billed	adj|having a beak or bill as specified|a thick-billed bird
billet	n|a short personal letter|drop me a line when you get there	n|lodging for military personnel (especially in a private home)|	n|a job in an organization|he occupied a post in the treasury	v|provide housing for (military personnel)|
billet doux	n|a personal letter to a loved one expressing affection|
billfish	n|giant warm-water game fish having a prolonged and rounded toothless upper jaw|	n|slender long-beaked fish of temperate Atlantic waters|	n|elongate European surface-dwelling predacious fishes with long toothed jaws; abundant in coastal waters|
billfold	n|a pocket-size case for holding papers and paper money|
billhook	n|a cutting tool with a sharp edge|he used a bill to prune branches off of the tree
billiard	adj|of or relating to billiards|a billiard ball
billiard ball	n|ball used in playing billiards|
billiard hall	n|a room in which billiards is played|
billiard marker	n|a device for keeping the score in a game of billiards|
billiard parlor	n|a room in which billiards is played|
billiard parlour	n|a room in which billiards is played|
billiard player	n|someone who plays billiards|
billiard room	n|a room in which billiards is played|
billiard saloon	n|a room in which billiards is played|
billiard table	n|game equipment consisting of a heavy table on which pool is played|
billiards	n|any of several games played on rectangular cloth-covered table (with cushioned edges) in which long tapering cue sticks are used to propel ivory (or composition) balls|
billing	n|request for payment of a debt|they submitted their charges at the end of each month
billings	n|the largest city in Montana; located in southern Montana on the Yellowstone river|
billingsgate	n|foul-mouthed or obscene abuse|
billion	adj|denoting a quantity consisting of one million million items or units in Great Britain|	n|a very large indefinite number (usually hyperbole)|there were millions of flies	n|the number that is represented as a one followed by 9 zeros|
billionaire	n|a very rich person whose material wealth is valued at more than a billion dollars|
billionth	adj|the ordinal number of one billion in counting order|	n|position 1,000,000,000 in a countable series of things|	n|one part in a billion equal parts|
billow	v|rise up as if in waves|smoke billowed up into the sky	v|move with great difficulty|The soldiers billowed across the muddy riverbed	v|rise and move, as in waves or billows|The army surged forward	v|become inflated|The sails ballooned
billowing	adj|characterized by great swelling waves or surges|billowy storm clouds
billowy	adj|characterized by great swelling waves or surges|billowy storm clouds
billy	n|a short stout club used primarily by policemen|	n|male goat|
billy buttons	n|any of various plants of the genus Craspedia grown for their downy foliage and globose heads of golden flowers; Australia and New Zealand|
billy club	n|a short stout club used primarily by policemen|
billy goat	n|male goat|
billystick	n|a short stout club used primarily by policemen|
bilobate	adj|having two lobes|a bilobate leaf
bilobated	adj|having two lobes|a bilobate leaf
bilobed	adj|having two lobes|a bilobate leaf
bilocation	n|the ability (said of certain Roman Catholic saints) to exist simultaneously in two locations|
bilocular	adj|divided into or containing two cells or chambers|having a bilocular capsule
bilocular capsule	n|a capsule divided into two cells or compartments|
biloculate	adj|divided into or containing two cells or chambers|having a bilocular capsule
biloxi	n|a member of the Siouan people of southeastern Mississippi|	n|an old town in southern Mississippi on the Gulf of Mexico|	n|the Siouan language spoken by the Biloxi|
biltong	n|meat that is salted and cut into strips and dried in the sun|
bimanual	adj|requiring two hands or designed for two people|a two-handed sledgehammer
bimbo	n|a young woman indulged by rich and powerful older men|
bimester	n|a period of 2 months|
bimestrial	adj|occurring every two months|bimonthly visits	adj|two months long; lasting two months|
bimetal	adj|formed of two different metals or alloys; especially in sheets bonded together|	n|material made by bonding together sheets of two different metals|
bimetallic	adj|pertaining to a monetary system based on two metals|in a bimetallistic system both gold and silver can constitute legal tender	adj|formed of two different metals or alloys; especially in sheets bonded together|
bimetallic strip	n|a strip consisting of two metals that bends with a rise in temperature|
bimetallism	n|a monetary standard under which the basic unit of currency is defined by stated amounts of two metals (usually gold and silver) with values set at a predetermined ratio|
bimetallist	n|an advocate of bimetallism|
bimetallistic	adj|pertaining to a monetary system based on two metals|in a bimetallistic system both gold and silver can constitute legal tender
bimillenary	n|the 2000th anniversary (or the celebration of it)|	n|a span of 2000 years|
bimillenial	adj|of or relating to a bimillennium|
bimillennium	n|the 2000th anniversary (or the celebration of it)|	n|a span of 2000 years|
bimli	n|valuable fiber plant of East Indies now widespread in cultivation|
bimli hemp	n|valuable fiber plant of East Indies now widespread in cultivation|
bimodal	adj|of a distribution; having or occurring with two modes|
bimolecular	adj|relating to or affecting two molecules|
bimonthly	adj|occurring twice a month|a semimonthly publication	adj|occurring every two months|bimonthly visits	adv|twice a month|salaries are paid semimonthly	adv|every two months|the bill was payable bimonthly
bimorphemic	adj|consisting of two morphemes|the bimorphemic word `rays'
bimotored	adj|having two motors|
bin	n|a container; usually has a lid|	n|the quantity contained in a bin|	n|an identification number consisting of a two-part code assigned to banks and savings associations; the first part shows the location and the second identifies the bank itself|	v|store in bins|
bin laden	n|Arab terrorist who established al-Qaeda (born in 1957)|
bin liner	n|a plastic bag used to line a trash or garbage bin|
binary	adj|of or pertaining to a number system have 2 as its base|a binary digit	adj|consisting of two (units or components or elements or terms)|a binary star is a system in which two stars revolve around each other	n|a system of two stars that revolve around each other under their mutual gravitation|	n|a pre-compiled, pre-linked program that is ready to run under a given operating system; a binary for one operating system will not run on a different operating system|the same source code can be compiled to produce different binaries for different operating systems
binary arithmetic operation	n|an operation that follows the rules of Boolean algebra; each operand and the result take one of two values|
binary code	n|code using a string of 8 binary digits to represent characters|
binary compound	n|chemical compound composed of only two elements|
binary digit	n|either 0 or 1 in binary notation|
binary file	n|(computer science) a computer file containing machine-readable information that must be read by an application; characters use all 8 bits of each byte|
binary notation	n|any notation that uses 2 characters (usually 0 and 1)|
binary number system	n|a positional system of numeration that uses binary digits and a radix of two|
binary numeration system	n|a positional system of numeration that uses binary digits and a radix of two|
binary operation	n|an operation that follows the rules of Boolean algebra; each operand and the result take one of two values|
binary program	n|a pre-compiled, pre-linked program that is ready to run under a given operating system; a binary for one operating system will not run on a different operating system|the same source code can be compiled to produce different binaries for different operating systems
binary star	n|a system of two stars that revolve around each other under their mutual gravitation|
binary system	n|a positional system of numeration that uses binary digits and a radix of two|
binate	adj|growing in two parts or in pairs|binate leaves
binaural	adj|relating to or having or hearing with two ears|binaural hearing
binaurally	adv|in a binaural manner|the stimulus was presented binaurally
bind	v|stick to firmly|Will this wallpaper adhere to the wall?	v|create social or emotional ties|The grandparents want to bond with the child	v|make fast; tie or secure, with or as if with a rope|The Chinese would bind the feet of their women	v|wrap around with something so as to cover or enclose|
bind off	v|finish the last row|
bind over	v|order a defendant to be placed in custody pending the outcome of a proceedings against him or her|The defendant was bound over for trial
bindable	adj|capable of being fastened or secured with a rope or bond|
binder	n|a machine that cuts grain and binds it in sheaves|	n|something used to bind separate particles together or facilitate adhesion to a surface|	n|holds loose papers or magazines|	n|something used to tie or bind|
binder board	n|a cardboard used by bookbinders to make covers for books|
binder's board	n|a cardboard used by bookbinders to make covers for books|
bindery	n|a workshop where books are bound|
binding	n|the capacity to attract and hold something|	n|strip sewn over or along an edge for reinforcement or decoration|	n|the act of applying a bandage|	n|one of a pair of mechanical devices that are attached to a ski and that will grip a ski boot; the bindings should release in case of a fall|
binding energy	n|the energy required to separate particles from a molecule or atom or nucleus; equals the mass defect|
bindweed	n|any of several vines of the genera Convolvulus and Calystegia having a twining habit|
bine	n|European twining plant whose flowers are used chiefly to flavor malt liquors; cultivated in America|
binet	n|French psychologist remembered for his studies of the intellectual development of children (1857-1911)|
binet-simon scale	n|the first intelligence test|
binful	n|the quantity contained in a bin|
bing cherry	n|dark red or blackish sweet cherry|
binge	n|any act of immoderate indulgence|an orgy of shopping	n|an occasion for excessive eating or drinking|they went on a bust that lasted three days	v|overeat or eat immodestly; make a pig of oneself|She stuffed herself at the dinner
binge-eating syndrome	n|a disorder of eating seen among young women who go on eating binges and then feel guilt and depression and self-condemnation|
binge-purge syndrome	n|a disorder of eating in which the person alternates between strong craving for food and aversion to food; characterized by excessive eating followed by periods of fasting or self-induced vomiting|
binge-vomit syndrome	n|a disorder of eating in which the person alternates between strong craving for food and aversion to food; characterized by excessive eating followed by periods of fasting or self-induced vomiting|
binger	n|someone addicted to crack cocaine|
binghamton	n|a city in south central New York near the border with Pennsylvania|
bingle	n|a base hit on which the batter stops safely at first base|
bingo	n|a game in which numbered balls are drawn at random and players cover the corresponding numbers on their cards|
binnacle	n|a nonmagnetic housing for a ship's compass (usually in front of the helm)|
binocular	adj|relating to both eyes|binocular vision
binocular microscope	n|a light microscope adapted to the use of both eyes|
binocular vision	n|vision involving the use of both eyes|
binoculars	n|(plural) an optical instrument designed for simultaneous use by both eyes|
binomial	adj|of or relating to or consisting of two terms|binomial expression	adj|having or characterized by two names, especially those of genus and species in taxonomies|binomial nomenclature of bacteria	n|(mathematics) a quantity expressed as a sum or difference of two terms; a polynomial with two terms|
binomial distribution	n|a theoretical distribution of the number of successes in a finite set of independent trials with a constant probability of success|
binomial theorem	n|a theorem giving the expansion of a binomial raised to a given power|
binominal	adj|having or characterized by two names, especially those of genus and species in taxonomies|binomial nomenclature of bacteria
binturong	n|arboreal civet of Asia having a long prehensile tail and shaggy black hair|
binuclear	adj|having two nuclei|
binucleate	adj|having two nuclei|
binucleated	adj|having two nuclei|
bio lab	n|a laboratory for biological research|
bio-assay	n|appraisal of the biological activity of a substance by testing its effect on an organism and comparing the result with some agreed standard|
bioarm	n|any weapon usable in biological warfare|they feared use of the smallpox virus as a bioweapon
bioassay	n|appraisal of the biological activity of a substance by testing its effect on an organism and comparing the result with some agreed standard|	v|subject to a bio-assay|
bioattack	n|the use of bacteria or viruses or toxins to destroy men and animals or food|
biocatalyst	n|a biochemical catalyst such as an enzyme|
biocatalytic	adj|of or relating to biocatalysts|
biochemical	adj|of or relating to biochemistry; involving chemical processes in living organisms|
biochemical mechanism	n|a chemical mechanism involved in vital processes occurring in living organisms|
biochemically	adv|with respect to biochemistry|biochemically interesting phenomenon
biochemist	n|someone with special training in biochemistry|
biochemistry	n|the organic chemistry of compounds and processes occurring in organisms; the effort to understand biology within the context of chemistry|
biochip	n|a microchip that uses tiny strands of DNA to latch onto and quickly recognize thousands of genes at a time; intended for use in a biological environment|
bioclimatic	adj|of or concerned with the relations of climate and living organisms|
bioclimatology	n|the study of effects of climate on living organisms|
biodefence	n|procedures involved in taking defensive measures against attacks using biological agents|
biodefense	n|procedures involved in taking defensive measures against attacks using biological agents|
biodegradable	adj|capable of being decomposed by e.g. bacteria|a biodegradable detergent
biodegradable pollution	n|pollution that is rendered harmless by natural processes and so causes no permanent harm|
biodegrade	v|break down naturally through the action of biological agents|Plastic bottles do not biodegrade
biodiversity	n|the diversity of plant and animal life in a particular habitat (or in the world as a whole)|a high level of biodiversity is desirable
bioelectricity	n|electric phenomena in animals or plants|
bioengineering	n|the branch of engineering science in which biological science is used to study the relation between workers and their environments|
bioethics	n|the branch of ethics that studies moral values in the biomedical sciences|
biofeedback	n|a training program in which a person is given information about physiological processes (heart rate or blood pressure) that is not normally available with the goal of gaining conscious control of them|
bioflavinoid	n|a vitamin that maintains the resistance of cell and capillary walls to permeation|
biogenesis	n|production of a chemical compound by a living organism|	n|the production of living organisms from other living organisms|
biogenetic	adj|of or relating to the production of living organisms from other living organisms|
biogenic	adj|produced by living organisms or biological processes|fermentation is a biogenic process	adj|essential for maintaining the fundamental life processes|sleep and food and water are among the biogenic needs of the organism
biogenous	adj|producing or produced by living things|
biogeny	n|the production of living organisms from other living organisms|
biogeographic	adj|of or relating to or involved with biogeography|
biogeographical	adj|of or relating to or involved with biogeography|
biogeographical region	n|an area of the Earth determined by distribution of flora and fauna|
biogeography	n|dealing with the geographical distribution of animals and plants|
biographer	n|someone who writes an account of a person's life|
biographic	adj|of or relating to or being biography|biographical data
biographical	adj|of or relating to or being biography|biographical data
biography	n|an account of the series of events making up a person's life|
biohazard	n|hazard to humans or the environment resulting from biological agents or conditions|	n|any bacterium or virus or toxin that could be used in biological warfare|
biohazard suit	n|a loose one-piece garment worn to protect the wearer against dangerous biological or chemical agents|
bioko	n|an island in the Gulf of Guinea that is part of Equatorial Guinea|
biologic	adj|pertaining to biology or to life and living things|
biologic attack	n|the use of bacteria or viruses or toxins to destroy men and animals or food|
biological	adj|pertaining to biology or to life and living things|	adj|(of a parent or child) related by blood; genetically related|biological child
biological agent	n|any bacterium or virus or toxin that could be used in biological warfare|
biological attack	n|the use of bacteria or viruses or toxins to destroy men and animals or food|
biological clock	n|an innate mechanism in living organisms that controls the periodicity of many physiological functions|
biological defence	n|procedures involved in taking defensive measures against attacks using biological agents|
biological defense	n|procedures involved in taking defensive measures against attacks using biological agents|
biological group	n|a group of plants or animals|
biological process	n|a process occurring in living organisms|
biological research	n|scientific research conducted by biologists|
biological science	n|the science that studies living organisms|
biological terrorism	n|terrorism using the weapons of biological warfare|
biological time	n|the time of various biological processes|
biological warfare	n|the use of bacteria or viruses or toxins to destroy men and animals or food|
biological warfare defence	n|defense against biological warfare|
biological warfare defense	n|defense against biological warfare|
biological weapon	n|any weapon usable in biological warfare|they feared use of the smallpox virus as a bioweapon
biologically	adv|with respect to biology|biologically related
biologism	n|use of biological principles in explaining human especially social behavior|
biologist	n|(biology) a scientist who studies living organisms|
biologistic	adj|of or relating to biologism|
biology	n|the science that studies living organisms|	n|characteristic life processes and phenomena of living organisms|the biology of viruses	n|all the plant and animal life of a particular region|
biology department	n|the academic department responsible for teaching and research in biology|
biology lab	n|a laboratory for biological research|
biology laboratory	n|a laboratory for biological research|
bioluminescence	n|luminescence produced by physiological processes (as in the firefly)|
bioluminescent	adj|(of living organisms) emitting light|fireflies are bioluminescent
biomass	n|plant materials and animal waste used as fuel|	n|the total mass of living matter in a given unit area|
biome	n|a major biotic community characterized by the dominant forms of plant life and the prevailing climate|
biomedical	adj|relating to the activities and applications of science to clinical medicine|biomedical research laboratory
biomedical cloning	n|nuclear transplantation of a patient's own cells to make an oocyte from which immune-compatible cells (especially stem cells) can be derived for transplant|
biomedical science	n|the application of the principles of the natural sciences to medicine|
biomedicine	n|the branch of medical science that applies biological and physiological principles to clinical practice|	n|the branch of medical science that studies the ability of organisms to withstand environmental stress (as in space travel)|
biometric authentication	n|the automatic identification of living individuals by using their physiological and behavioral characteristics|negative identification can only be accomplished through biometric identification
biometric identification	n|the automatic identification of living individuals by using their physiological and behavioral characteristics|negative identification can only be accomplished through biometric identification
biometrics	n|a branch of biology that studies biological phenomena and observations by means of statistical analysis|
biometry	n|a branch of biology that studies biological phenomena and observations by means of statistical analysis|
bionic	adj|of or relating to bionics|	adj|having particular physiological functions augmented or replaced by electronic or electromechanical components|
bionic man	n|a human being whose body has been taken over in whole or in part by electromechanical devices|a cyborg is a cybernetic organism
bionic woman	n|a human being whose body has been taken over in whole or in part by electromechanical devices|a cyborg is a cybernetic organism
bionics	n|application of biological principles to the study and design of engineering systems (especially electronic systems)|
bionomic	adj|of or relating to the science of ecology|ecological research
bionomical	adj|of or relating to the science of ecology|ecological research
bionomics	n|the branch of biology concerned with the relations between organisms and their environment|
biont	n|a discrete unit of living matter|
biophysicist	n|a physicist who applies the methods of physics to biology|
biophysics	n|physics as applied to biological problems|
biopiracy	n|biological theft; illegal collection of indigenous plants by corporations who patent them for their own use|
biopsy	n|examination of tissues or liquids from the living body to determine the existence or cause of a disease|
bioremediation	n|the branch of biotechnology that uses biological process to overcome environmental problems|	n|the act of treating waste or pollutants by the use of microorganisms (as bacteria) that can break down the undesirable substances|
biosafety	n|safety from exposure to infectious agents|
biosafety level	n|the level of safety from exposure to infectious agents; depends on work practices and safety equipment and facilities|
biosafety level 1	n|exposure only to infectious agents that do not ordinarily cause human disease|
biosafety level 2	n|exposure to infectious agents that can cause disease in humans but whose potential for transmission is limited|
biosafety level 3	n|exposure to infectious agents that can be transmitted by the respiratory route and which can cause serious infection|
biosafety level 4	n|exposure to exotic infectious agents that pose a high risk of life-threatening disease and can be transmitted as an aerosol and for which there is no vaccine or therapy|
bioscience	n|any of the branches of natural science dealing with the structure and behavior of living organisms|
bioscope	n|a South African movie theater|	n|a kind of early movie projector|
biosphere	n|the regions of the surface and atmosphere of the Earth (or other planet) where living organisms exist|
biostatistics	n|a branch of biology that studies biological phenomena and observations by means of statistical analysis|
biosynthesis	n|production of a chemical compound by a living organism|
biosynthetic	adj|of or relating to biosynthesis|
biosystematic	adj|of or relating to biosystematics|
biosystematics	n|use of data (e.g. cytogenetic or biochemical) to assess taxonomic relations especially within an evolutionary framework|
biosystematy	n|use of data (e.g. cytogenetic or biochemical) to assess taxonomic relations especially within an evolutionary framework|
biota	n|all the plant and animal life of a particular region|
biotech	n|the branch of molecular biology that studies the use of microorganisms to perform specific industrial processes|biotechnology produced genetically altered bacteria that solved the problem
biotechnology	n|the branch of molecular biology that studies the use of microorganisms to perform specific industrial processes|biotechnology produced genetically altered bacteria that solved the problem	n|the branch of engineering science in which biological science is used to study the relation between workers and their environments|
bioterrorism	n|terrorism using the weapons of biological warfare|
biotic	adj|of or relating to living organisms|
biotic community	n|(ecology) a group of interdependent organisms inhabiting the same region and interacting with each other|
biotin	n|a B vitamin that aids in body growth|
biotite	n|dark brown to black mica found in igneous and metamorphic rock|
biotitic	adj|relating to or involving biotite|
biotype	n|organisms sharing a specified genotype or the genotype (or peculiarities) so shared|
biotypic	adj|of or relating to a biotype|
biovular	adj|(of twins) derived from two separate fertilized ova|fraternal twins are biovular
bioweapon	n|any weapon usable in biological warfare|they feared use of the smallpox virus as a bioweapon
biparous	adj|producing two offspring at a time|
bipartisan	adj|supported by both sides|a two-way treaty
bipartite	adj|divided into two portions almost to the base|	adj|involving two parts or elements|a bipartite document
bipartizan	adj|supported by both sides|a two-way treaty
biped	adj|having two feet|	n|an animal with two feet|
bipedal	adj|having two feet|
bipedalism	n|the bodily attribute of being bipedal; having two feet|bipedalism made the human form of birth possible
bipinnate	adj|of a leaf shape; having doubly pinnate leaflets (as ferns)|
bipinnate leaf	n|a leaf having pinnate leaflets; as ferns|
bipinnatifid	adj|pinnatifid with the segments also pinnatifid|
biplane	n|old fashioned airplane; has two wings one above the other|
biplane flying fish	n|having both pectoral and pelvic fins enlarged|
bipolar	adj|of or relating to manic depressive illness|	adj|of, pertaining to, or occurring in both polar regions|the bipolar distribution of certain species	adj|having two poles|
bipolar disorder	n|a mental disorder characterized by episodes of mania and depression|
biprism	n|an optical device for obtaining interference fringes|
biquadrate	n|an algebraic equation or function of the fourth degree|
biquadratic	adj|involving  the fourth and no higher power of a quantity or degree|	n|an algebraic equation or function of the fourth degree|	n|an equation of the fourth degree|	n|a polynomial of the fourth degree|
biquadratic equation	n|an equation of the fourth degree|
biquadratic polynomial	n|a polynomial of the fourth degree|
biracial	adj|consisting of or combining two races|a biracial committee
biradial	adj|showing both bilateral and radial symmetry|some sea anemones are biradial
biradially	adv|in a biradial manner|biradially symmetrical
biramous	adj|resembling a fork; divided or separated into two branches|the biramous appendages of an arthropod
birch	adj|consisting of or made of wood of the birch tree|	n|hard close-grained wood of any of various birch trees; used especially in furniture and interior finishes and plywood|	n|any betulaceous tree or shrub of the genus Betula having a thin peeling bark|	n|a switch consisting of a twig or a bundle of twigs from a birch tree; used to hit people as punishment|my father never spared the birch
birch bark	n|a canoe made with the bark of a birch tree|
birch beer	n|carbonated drink containing an extract from bark of birch trees|
birch family	n|monoecious trees and shrubs (including the genera Betula and Alnus and Carpinus and Corylus and Ostrya and Ostryopsis)|
birch oil	n|a liquid ester with a strong odor of wintergreen; applied externally for minor muscle and joint pain|
birch rod	n|a switch consisting of a twig or a bundle of twigs from a birch tree; used to hit people as punishment|my father never spared the birch
birch tree	n|any betulaceous tree or shrub of the genus Betula having a thin peeling bark|
birchbark	n|a canoe made with the bark of a birch tree|
birchbark canoe	n|a canoe made with the bark of a birch tree|
birchen	adj|consisting of or made of wood of the birch tree|
bird	n|warm-blooded egg-laying vertebrates characterized by feathers and forelimbs modified as wings|	n|the flesh of a bird or fowl (wild or domestic) used as food|	n|informal terms for a (young) woman|	n|a cry or noise made to express displeasure or contempt|
bird cherry	n|any of several small-fruited cherry trees frequented or fed on by birds|
bird cherry tree	n|any of several small-fruited cherry trees frequented or fed on by birds|
bird dog	n|a gun dog trained to locate or retrieve birds|
bird family	n|a family of warm-blooded egg-laying vertebrates characterized by feathers and forelimbs modified as wings|
bird fancier	n|a person with a strong interest in birds|
bird feed	n|food given to birds; usually mixed seeds|
bird feeder	n|an outdoor device that supplies food for wild birds|
bird food	n|food given to birds; usually mixed seeds|
bird genus	n|a genus of birds|
bird louse	n|wingless insect with mouth parts adapted for biting; mostly parasitic on birds|
bird nest	n|nest where birds lay their eggs and hatch their young|
bird of jove	n|any of various large keen-sighted diurnal birds of prey noted for their broad wings and strong soaring flight|
bird of juno	n|very large terrestrial southeast Asian pheasant often raised as an ornamental bird|
bird of minerva	n|nocturnal bird of prey with hawk-like beak and claws and large head with front-facing eyes|
bird of night	n|nocturnal bird of prey with hawk-like beak and claws and large head with front-facing eyes|
bird of paradise	n|a tropical flowering shrub having bright orange or red flowers; sometimes placed in genus Poinciana|	n|ornamental plant of tropical South Africa and South America having stalks of orange and purplish-blue flowers resembling a bird|	n|any of numerous brilliantly colored plumed birds of the New Guinea area|
bird of passage	n|someone who leads a wandering unsettled life|	n|any bird that migrates seasonally|
bird of prey	n|any of numerous carnivorous birds that hunt and kill other animals|
bird pepper	n|plant bearing very small and very hot oblong red fruits; includes wild forms native to tropical America; thought to be ancestral to the sweet pepper and many hot peppers|
bird sanctuary	n|a building where birds are kept|
bird shot	n|small lead shot for shotgun shells|
bird vetch	n|common perennial climber of temperate regions of Eurasia and North America having dense elongate clusters of flowers|
bird watcher	n|a zoologist who studies birds|	n|a person who identifies and studies birds in their natural habitats|
bird's eye	n|Old World plant with axillary racemes of blue-and-white flowers|
bird's eye view	n|a situation or topic as if viewed from an altitude or distance|
bird's foot	n|the foot of a bird|
bird's foot clover	n|European forage plant having claw-shaped pods introduced in America|
bird's foot trefoil	n|Old World herb related to fenugreek|	n|European forage plant having claw-shaped pods introduced in America|
bird's nest	n|nest where birds lay their eggs and hatch their young|
bird's nest fern	n|tropical Old World or Australian epiphytic fern frequently forming tufts in tree crotches|
bird's-eye	adj|as from an altitude or distance|a bird's-eye survey
bird's-eye bush	n|shrub with narrow-elliptic glossy evergreen leaves and yellow flowers with leathery petaloid sepals|
bird's-eye maple	n|maple wood having a wavy grain with eyelike markings|
bird's-foot fern	n|cliff brake of California and Baja California having purple-brown leafstalks|
bird's-nest fungus	n|any of various fungi of the family Nidulariaceae having a cup-shaped body containing several egg-shaped structure enclosing the spores|
bird-footed dinosaur	n|any of numerous carnivorous dinosaurs of the Triassic to Cretaceous with short forelimbs that walked or ran on strong hind legs|
bird-nest	v|gather birdnests|They went birdnesting in the early morning
bird-on-the-wing	n|common trailing perennial milkwort of eastern North America having leaves like wintergreen and usually rosy-purple flowers with winged sepals|
bird-scarer	n|an effigy in the shape of a man to frighten birds away from seeds|
birdbath	n|an ornamental basin (usually in a garden) for birds to bathe in|
birdbrain	n|a person with confused ideas; incapable of serious thought|
birdcage	n|a cage in which a bird can be kept|
birdcage mask	n|a catcher's mask with a strong wire face|
birdcall	n|the characteristic sound produced by a bird|a bird will not learn its song unless it hears it at an early age	n|a device for imitating a birdcall|
birder	n|a person who identifies and studies birds in their natural habitats|
birdfeeder	n|an outdoor device that supplies food for wild birds|
birdhouse	n|a shelter for birds|
birdie	v|shoot in one stroke under par|	n|(golf) a score of one stroke under par on a hole|	n|badminton equipment consisting of a ball of cork or rubber with a crown of feathers|
birdlime	n|a sticky adhesive that is smeared on small branches to capture small birds|	v|spread birdlime on branches to catch birds|
birdnest	n|nest where birds lay their eggs and hatch their young|	v|gather birdnests|They went birdnesting in the early morning
birdnesting	n|hunting for birds' nests to get the eggs|
birdseed	n|food given to birds; usually mixed seeds|
birdseed grass	n|Canary Islands grass; seeds used as feed for caged birds|
birdsong	n|the characteristic sound produced by a bird|a bird will not learn its song unless it hears it at an early age
birdwatch	v|watch and study birds in their natural habitat|
birefringence	n|splitting a ray into two parallel rays polarized perpendicularly|
birefringent	adj|relating to or characterized by double refraction|
biretta	n|a stiff cap with ridges across the crown; worn by Roman Catholic clergy|
biriani	n|an Indian dish made with highly seasoned rice and meat or fish or vegetables|
birken	adj|consisting of or made of wood of the birch tree|
birl	v|cause a floating log to rotate by treading|	v|cause to spin|spin a coin
birle	v|cause a floating log to rotate by treading|
birling	n|rotating a log rapidly in the water (as a competitive sport)|
birmingham	n|the largest city in Alabama; located in northeastern Alabama|	n|a city in central England; 2nd largest English city and an important industrial and transportation center|
biro	n|a pen that has a small metal ball as the point of transfer of ink to paper|
birr	n|the basic unit of money in Ethiopia; equal to 100 cents|	n|sound of something in rapid motion|whir of a bird's wings	v|make a soft swishing sound|the motor whirred
birretta	n|a stiff cap with ridges across the crown; worn by Roman Catholic clergy|
birth	n|the time when something begins (especially life)|they divorced after the birth of the child	n|the event of being born|they celebrated the birth of their first child	n|the process of giving birth|	n|the kinship relation of an offspring to the parents|
birth canal	n|a passage in the uterus and vagina through which a fetus passes during vaginal birth|
birth certificate	n|a copy of the official document giving details of a person's birth|
birth control	n|limiting the number of children born|
birth control device	n|an agent or device intended to prevent conception|
birth control pill	n|a contraceptive in the form of a pill containing estrogen and progestin to inhibit ovulation and so prevent conception|
birth defect	n|a defect that is present at birth|
birth pangs	n|a regularly recurrent spasm of pain that is characteristic of childbirth|
birth prevention	n|limiting the number of children born|
birth rate	n|the ratio of live births in an area to the population of that area; expressed per 1000 population per year|
birth trauma	n|physical injury to an infant during the birth process|	n|emotional injury inflicted on an infant by events incident to birth that is alleged to appear in symbolic form in patients with mental illness|
birth-control campaigner	n|a social reformer who advocates birth control and family planning|
birth-control reformer	n|a social reformer who advocates birth control and family planning|
birthday	n|an anniversary of the day on which a person was born (or the celebration of it)|	n|the date on which a person was born|
birthday cake	n|decorated cake served at a birthday party|
birthday card	n|a card expressing a birthday greeting|
birthday gift	n|a present given in celebration of a person's birthday|
birthday party	n|a party held on the anniversary of someone's birth|
birthday present	n|a present given in celebration of a person's birthday|
birthday suit	n|informal terms for nakedness|in the raw
birthing	n|the process of giving birth|
birthing coach	n|an assistant (often the father of the soon-to-be-born child) who provides support for a woman in labor by encouraging her to use techniques learned in childbirth-preparation classes|
birthmark	n|a blemish on the skin that is formed before birth|
birthplace	n|the place where someone was born|	n|where something originated or was nurtured in its early existence|the birthplace of civilization
birthrate	n|the ratio of live births in an area to the population of that area; expressed per 1000 population per year|
birthright	n|an inheritance coming by right of birth (especially by primogeniture)|	n|personal characteristics that are inherited at birth|
birthroot	n|trillium of eastern North America having malodorous pink to purple flowers and an astringent root used in folk medicine especially to ease childbirth|
birthwort	n|creeping plant having curving flowers thought to resemble fetuses; native to Europe; naturalized Great Britain and eastern North America|
birthwort family	n|family of birthworts (including wild ginger)|
biryani	n|an Indian dish made with highly seasoned rice and meat or fish or vegetables|
bisayan	n|a member of the most numerous indigenous people of the Philippines|
bisayas	n|group of islands in the central Philippines|
biscayne bay	n|a narrow bay formed by an inlet from the Atlantic Ocean in southeastern Florida|
biscayne national park	n|a national park in Florida having underwater coral reefs and marine life|
biscuit	n|small round bread leavened with baking-powder or soda|	n|any of various small flat sweet cakes (`biscuit' is the British term)|
biscutalla laevigata	n|plant of southeastern Europe having yellow flowers like those of mustard and pods with open valves resembling bucklers|
biscutella	n|genus of Eurasian herbs and small shrubs: buckler mustard|
bise	n|a dry cold north wind in southeastern France|
bisect	v|cut in half or cut in two|bisect a line
bisection	n|dividing into two equal parts|
bisectional	adj|of or relating to bisection|
biserial correlation	n|a correlation coefficient in which one variable is many-valued and the other is dichotomous|
biserial correlation coefficient	n|a correlation coefficient in which one variable is many-valued and the other is dichotomous|
biserrate	adj|having saw-like notches with the notches themselves similarly notched|
bisexual	adj|sexually attracted to both sexes|	adj|having an ambiguous sexual identity|	n|a person who is sexually attracted to both sexes|
bisexual person	n|a person who is sexually attracted to both sexes|
bisexuality	n|showing characteristics of both sexes|	n|sexual activity with both men and women|
bishkek	n|the capital of Kyrgyzstan (known as Frunze 1926-1991)|
bishop	n|a senior member of the Christian clergy having spiritual and administrative authority; appointed in Christian churches to oversee priests or ministers; considered in some churches to be successors of the twelve Apostles of Christ|	n|port wine mulled with oranges and cloves|	n|(chess) a piece that can be moved diagonally over unoccupied squares of the same color|
bishop berkeley	n|Irish philosopher and Anglican bishop who opposed the materialism of Thomas Hobbes (1685-1753)|
bishop of rome	n|the head of the Roman Catholic Church|
bishop pine	n|two-needled or three-needled pinon mostly of northwestern California coast|
bishop ulfila	n|a Christian believed to be of Cappadocian descent who became bishop of the Visigoths in 341 and translated the Bible from Greek into Gothic; traditionally held to have invented the Gothic alphabet (311-382)|
bishop ulfilas	n|a Christian believed to be of Cappadocian descent who became bishop of the Visigoths in 341 and translated the Bible from Greek into Gothic; traditionally held to have invented the Gothic alphabet (311-382)|
bishop wulfila	n|a Christian believed to be of Cappadocian descent who became bishop of the Visigoths in 341 and translated the Bible from Greek into Gothic; traditionally held to have invented the Gothic alphabet (311-382)|
bishop's cap	n|any of various rhizomatous perennial herbs of the genus Mitella having a capsule resembling a bishop's miter|
bishop's hat	n|slow-growing creeping plant with semi-evergreen leaves on erect wiry stems; used as ground cover|
bishop's pine	n|two-needled or three-needled pinon mostly of northwestern California coast|
bishop's throne	n|a throne that is the official chair of a bishop|
bishopric	n|the territorial jurisdiction of a bishop|
bishopry	n|the office and dignity of a bishop|
biskek	n|the capital of Kyrgyzstan (known as Frunze 1926-1991)|
bismarck	n|German statesman under whose leadership Germany was united (1815-1898)|	n|capital of the state of North Dakota; located in south central North Dakota overlooking the Missouri river|
bismarck archipelago	n|a group of islands in the southwestern Pacific to the northeast of New Guinea; part of Papua New Guinea|
bismarck sea	n|an arm of the South Pacific to the southwest of the Bismarck Archipelago|	n|a naval battle in World War II; Allied land-based bombers destroyed a Japanese convoy in the Bismarck Sea in March 1943|
bismarckian	adj|of or relating to Prince Otto von Bismarck or his accomplishments|
bismark	n|a raised doughnut filled with jelly or jam|
bismuth	n|a heavy brittle diamagnetic trivalent metallic element (resembles arsenic and antimony chemically); usually recovered as a by-product from ores of other metals|
bismuthal	adj|of or relating to bismuth|
bismuthic	adj|containing bismuth (especially in the pentavalent state)|
bison	n|any of several large humped bovids having shaggy manes and large heads and short horns|
bisontine	adj|relating to or characteristic of bison|
bisque	n|a thick cream soup made from shellfish|
bissau	n|the capital of Guinea-Bissau|
bissextile day	n|the name of the day that is added during a leap year|
bissextile year	n|a calendar year with an extra day added in February|
bister	n|a water-soluble brownish-yellow pigment made by boiling wood soot|
bistered	adj|colored with or as if with bister|
bistre	n|a water-soluble brownish-yellow pigment made by boiling wood soot|
bistred	adj|colored with or as if with bister|
bistro	n|a small informal restaurant; serves wine|
bistroic	adj|of or relating to or resembling a bistro|
bisulcate	adj|(used of hooves) split, divided|bisulcate hoof
bit	n|a small piece or quantity of something|a spot of tea	n|a small fragment of something broken off from the whole|a bit of rock caught him in the eye	n|an indefinitely short time|wait just a moment	n|an instance of some kind|it was a nice piece of work
bit by bit	adv|a little bit at a time|the research structure has developed piecemeal	adv|in a gradual manner|the snake moved gradually toward its victim
bit field	n|a field containing only binary characters|
bit part	n|a small role|
bit-by-bit	adj|one thing at a time|
bitartrate	n|an acid tartrate; a hydrogen tartrate|
bitch	n|an unpleasant difficulty|this problem is a real bitch	n|a person (usually but not necessarily a woman) who is thoroughly disliked|she said her son thought Hillary was a bitch	n|informal terms for objecting|I have a gripe about the service here	n|female of any member of the dog family|
bitchery	n|aggressive remarks and behavior like that of a spiteful malicious woman|
bitchiness	n|malevolence by virtue of being malicious or spiteful or nasty|
bitchy	adj|marked by or arising from malice|a catty remark
bite	v|to grip, cut off, or tear with or as if with the teeth or jaws|Gunny invariably tried to bite her	v|cause a sharp or stinging pain or discomfort|The sun burned his face	v|penetrate or cut, as with a knife|The fork bit into the surface	v|deliver a sting to|A bee stung my arm yesterday
bite off	v|bite off with a quick bite|The dog snapped off a piece of cloth from the intruder's pants
bite out	v|utter|She bit out a curse
bite plate	n|a removable dental appliance that is worn in the palate for diagnostic or therapeutic purposes|
biteplate	n|a removable dental appliance that is worn in the palate for diagnostic or therapeutic purposes|
biter	n|someone who bites|
bitewing	n|a dental X-ray film that can be held in place by the teeth during radiography|
bithynia	n|an ancient country in northwestern Asia Minor in what is now Turkey; was absorbed into the Roman Empire by the end of the 1st century BC|
biting	adj|capable of wounding|a barbed compliment	adj|causing a sharply painful or stinging sensation; used especially of cold|bitter cold
biting louse	n|wingless insect with mouth parts adapted for biting; mostly parasitic on birds|
biting midge	n|minute two-winged insect that sucks the blood of mammals and birds and other insects|
bitingly	adv|extremely and sharply|it was bitterly cold
bitis	n|a genus of Viperidae|
bitis arietans	n|large African viper that inflates its body when alarmed|
bitis gabonica	n|large heavy-bodied brilliantly marked and extremely venomous west African viper|
bitmap	n|an image represented as a two dimensional array of brightness values for pixels|
bitok	n|a Russian dish made with patties of ground meat (mixed with onions and bread and milk) and served with a sauce of sour cream|
bits per inch	n|a measure of how densely information is packed on a storage medium|
bits per second	n|(computer science) the rate at which data is transferred (as by a modem)|
bitstock	n|a carpenter's tool having a crank handle for turning and a socket to hold a bit for boring|
bitt	n|a strong post (as on a wharf or quay or ship for attaching mooring lines)|the road was closed to vehicular traffic with bollards	v|secure with a bitt|bitt the ship line
bitt pin	n|a pin through the bitthead to keep the mooring lines from slipping off|
bittacidae	n|a family of predacious tropical insects of the order Mecoptera|
bitter	adj|marked by strong resentment or cynicism|an acrimonious dispute	adj|very difficult to accept or bear|the bitter truth	adj|harsh or corrosive in tone|an acerbic tone piercing otherwise flowery prose	adj|expressive of severe grief or regret|shed bitter tears
bitter almond	n|almond trees having white blossoms and poisonous nuts yielding an oil used for flavoring and for medicinal purposes|
bitter almond oil	n|pale yellow essential oil obtained from bitter almonds by distillation from almond cake or meal|
bitter aloes	n|a purgative made from the leaves of aloe|
bitter betch	n|European perennial toxic vetch|
bitter cassava	n|cassava with long tuberous edible roots and soft brittle stems; used especially to make cassiri (an intoxicating drink) and tapioca|
bitter chocolate	n|pure unsweetened chocolate used in baking and icings and sauces and candy|
bitter cress	n|any of various herbs of the genus Cardamine, having usually pinnate leaves and racemes of white, pink or purple flowers; cosmopolitan except Antarctic|
bitter dock	n|European dock with broad obtuse leaves and bitter rootstock common as a weed in North America|
bitter end	n|the final extremity (however unpleasant it may be)|he was determined to fight to the bitter end	n|(nautical) the inboard end of a line or cable especially the end that is wound around a bitt|
bitter lemon	n|tart lemon-flavored carbonated drink|
bitter orange	n|any of various common orange trees yielding sour or bitter fruit; used as grafting stock|	n|highly acidic orange used especially in marmalade|
bitter orange tree	n|any of various common orange trees yielding sour or bitter fruit; used as grafting stock|
bitter pea	n|any of several spiny shrubs of the genus Daviesia having yellow flowers and triangular seeds; Australia|
bitter principle	n|any one of several hundred compounds having a bitter taste; not admitting of chemical classification|
bitter salts	n|hydrated magnesium sulfate that is taken orally to treat heartburn and constipation and injected to prevent seizures|
bitter spar	n|a light colored mineral consisting of calcium magnesium carbonate; a source of magnesium; used as a ceramic and as fertilizer|
bittercress	n|any of various herbs of the genus Cardamine, having usually pinnate leaves and racemes of white, pink or purple flowers; cosmopolitan except Antarctic|
bitterish	adj|somewhat bitter|
bitterly	adv|with bitterness; in a resentful manner|she complained bitterly	adv|indicating something hard to accept|he was bitterly disappointed	adv|extremely and sharply|it was bitterly cold
bittern	n|relatively small compact tawny-brown heron with nocturnal habits and a booming cry; found in marshes|
bitterness	n|a feeling of deep and bitter anger and ill-will|	n|a rough and bitter manner|	n|the taste experience when quinine or coffee is taken into the mouth|	n|the property of having a harsh unpleasant taste|
bitterroot	n|showy succulent ground-hugging plant of Rocky Mountains regions having deep to pale pink flowers and fleshy farinaceous roots; the Montana state flower|
bitters	n|alcoholic liquor flavored with bitter herbs and roots|
bittersweet	adj|tinged with sadness|a movie with a bittersweet ending	adj|having a taste that is a mixture of bitterness and sweetness|	n|poisonous perennial Old World vine having violet flowers and oval coral-red berries; widespread weed in North America|	n|twining shrub of North America having yellow capsules enclosing scarlet seeds|
bittersweet chocolate	n|chocolate liquor with cocoa butter and small amounts of sugar and vanilla; lecithin is usually added|
bittersweet nightshade	n|poisonous perennial Old World vine having violet flowers and oval coral-red berries; widespread weed in North America|
bitterwood	n|West Indian tree yielding the drug Jamaica quassia|	n|medium to large tree of tropical North and South America having odd-pinnate leaves and long panicles of small pale yellow flowers followed by scarlet fruits|
bitterwood tree	n|any of various trees or shrubs of the family Simaroubaceae having wood and bark with a bitter taste|
bitthead	n|the upper end of a bitt|
bittie	adj|(used informally) very small|a wee tot
bitty	adj|(used informally) very small|a wee tot
bitumastic	n|a protective coating of asphalt and filter used on structural metals that are exposed to weathering|
bitumen	n|any of various naturally occurring impure mixtures of hydrocarbons|
bitumenoid	adj|like bitumen|
bituminise	v|treat with bitumen|
bituminize	v|treat with bitumen|
bituminoid	adj|like bitumen|
bituminous	adj|resembling or containing bitumen|bituminous coal
bituminous coal	n|rich in tarry hydrocarbons; burns readily with a smoky yellow flame|
biu-mandara	n|a group of Chadic languages spoken in the border area between Cameroon and Nigeria south of Lake Chad|
bivalent	adj|having a valence of two or having two valences|	adj|used of homologous chromosomes associated in pairs in synapsis|
bivalve	adj|used of mollusks having two shells (as clams etc.)|	n|marine or freshwater mollusks having a soft body with platelike gills enclosed within two shells hinged together|
bivalved	adj|used of mollusks having two shells (as clams etc.)|
bivalvia	n|oysters; clams; scallops; mussels|
bivariate	adj|having two variables|bivariate binomial distribution
bivouac	n|temporary living quarters specially built by the army for soldiers|wherever he went in the camp the men were grumbling	n|a site where people on holiday can pitch a tent|	v|live in or as if in a tent|Can we go camping again this summer?
bivouacking	n|the act of encamping and living in tents in a camp|
biweekly	adj|occurring every two weeks|	adj|occurring twice a week|	adv|twice a week|he called home semiweekly	adv|every two weeks|he visited his cousins fortnightly
biyearly	adj|occurring every second year|they met at biennial conventions	adj|occurring or payable twice each year|	adv|every two years|this festival takes places biennially	adv|twice a year|
biz	n|your occupation or line of work|he's in the plumbing game
bizarre	adj|conspicuously or grossly unconventional or unusual|restaurants of bizarre design--one like a hat, another like a rabbit
bizarreness	n|strikingly out of the ordinary|
bize	n|a dry cold north wind in southeastern France|
bizet	n|French composer best known for his operas (1838-1875)|
bizonal	adj|relating to or concerned with the combined affairs of two administrative zones|Bizonal currency was used in occupied Germany after World War II
bja	n|the bureau in the Department of Justice that assists local criminal justice systems to reduce or prevent crime and violence and drug abuse|
bjs	n|the agency in the Department of Justice that is the primary source of criminal justice statistics for federal and local policy makers|
bk	n|a radioactive transuranic element; discovered by bombarding americium with helium|
blab	v|divulge confidential information or secrets|Be careful--his secretary talks	v|speak (about unimportant matters) rapidly and incessantly|
blab out	v|divulge confidential information or secrets|Be careful--his secretary talks
blabber	n|one who reveals confidential information in return for money|	v|speak (about unimportant matters) rapidly and incessantly|
blabbermouth	n|someone who gossips indiscreetly|
blabbermouthed	adj|unwisely talking too much|	adj|prone to communicate confidential information|
blabby	adj|unwisely talking too much|
blaberus	n|giant cockroaches|
black	adj|being of the achromatic color of maximum darkness; having little or no hue owing to absorption of almost all incident light|black leather jackets	adj|of or belonging to a racial group especially of sub-Saharan African origin|a great people--a black people--...injected new meaning and dignity into the veins of civilization"- Martin Luther King Jr.	adj|marked by anger or resentment or hostility|black looks	adj|offering little or no hope|the future looked black
black africa	n|the region of Africa to the south of the Sahara Desert|
black african	n|an African who is Black|
black and tan	n|an English recruit (who wore a uniform that was black and tan) serving in the Irish constabulary to suppress the Sinn Fein rebellion of 1919 to 1921|
black and white	adj|not having or not capable of producing colors|black-and-white film	n|communication by means of written symbols (either printed or handwritten)|	n|a black-and-white photograph or slide|
black angus	n|black hornless breed from Scotland|
black apricot	n|small hybrid apricot of Asia and Asia Minor having purplish twigs and white flowers following by inferior purple fruit|
black archangel	n|ill-smelling European herb with rugose leaves and whorls of dark purple flowers|
black art	n|the belief in magical spells that harness occult forces or evil spirits to produce unnatural effects in the world|
black bamboo	n|small bamboo having thin green culms turning shining black|
black bead	n|erect shrub with small if any spines having racemes of white to yellow flowers followed by curved pointed pods and black shiny seeds; West Indies and Florida|
black bean	n|black-seeded bean of South America; usually dried|
black bear	n|bear with a black coat living in central and eastern Asia|
black bearberry	n|deciduous creeping shrub bright red in autumn having black or blue-black berries; alpine and circumpolar|
black bee	n|dark-colored ill-tempered honeybee supposedly of German origin|
black beech	n|New Zealand forest tree|
black belt	n|a person who attained the rank of expert in the martial arts (judo or karate)|	n|a black sash worn to show expert standards in the martial arts (judo or karate)|
black bile	n|a humor that was once believed to be secreted by the kidneys or spleen and to cause sadness and melancholy|
black bindweed	n|common European twining vine with tuberous roots and cordate leaves and red berries|
black body	n|a hypothetical object capable of absorbing all the electromagnetic radiation falling on it|a black body maintained at a constant temperature is a full radiator at that temperature because the radiation reaching and leaving it must be in equilibrium
black book	n|a list of people who are out of favor|
black box	n|equipment that records information about the performance of an aircraft during flight|
black bread	n|bread made of coarse rye flour|
black bream	n|important dark-colored edible food and game fish of Australia|
black bryony	n|common European twining vine with tuberous roots and cordate leaves and red berries|
black buck	n|common Indian antelope with a dark back and spiral horns|
black buffalo	n|fish of the lower Mississippi|
black calla	n|ornamental plant of Middle East cultivated for its dark purple spathe|
black caraway	n|herb of the Mediterranean region having pungent seeds used like those of caraway|
black carpet beetle	n|a carpet beetle that is solid black in color|
black catechu	n|extract of the heartwood of Acacia catechu used for dyeing and tanning and preserving fishnets and sails; formerly used medicinally|
black cherry	n|any of several fruits of cultivated cherry trees that have sweet flesh|
black cock	n|male black grouse|
black comedy	n|comedy that uses black humor|
black cottonwood	n|cottonwood of western North America with dark green leaves shining above and rusty or silvery beneath|
black crappie	n|a crappie that is black|
black currant	n|widely cultivated current bearing edible black aromatic berries|	n|small black berries used in jams and jellies|
black cypress pine	n|Australian tree with small flattened scales as leaves and numerous dark brown seed; valued for its timber and resin|
black death	n|the epidemic form of bubonic plague experienced during the Middle Ages when it killed nearly half the people of western Europe|
black diamond	n|an inferior dark diamond used in industry for drilling and polishing|
black disease	n|a disease of the liver (especially in sheep and cattle) caused by liver flukes and their by-products|
black economy	n|a hidden sector of the economy where private cash transactions go unreported|no one knows how large the black economy really is
black elder	n|a common shrub with black fruit or a small tree of Europe and Asia; fruit used for wines and jellies|
black elderberry	n|common elder of central and eastern North America bearing purple-black berries; fruit used in wines and jellies|
black eye	n|a swollen bruise caused by a blow to the eye|	n|a bad reputation|his behavior gave the whole family a black eye	n|an unfortunate happening that hinders or impedes; something that is thwarting or frustrating|
black felt cup	n|a common name for a variety of Sarcosomataceae|
black flag	n|a flag usually bearing a white skull and crossbones on a black background; indicates a pirate ship|
black fly	n|small blackish stout-bodied biting fly having aquatic larvae; sucks the blood of birds as well as humans and other mammals|
black forest	n|a hilly forest region in southwestern Germany|
black fox	n|red fox in the color phase when its pelt is mostly black|
black friar	n|a Roman Catholic friar wearing the black mantle of the Dominican order|
black grama	n|a pasture grass (especially of western coastal regions of North America)|
black greasewood	n|low hardy much-branched spiny shrub common in alkaline soils of western America|
black grouse	n|grouse of which the male is bluish-black|
black guillemot	n|northern Atlantic guillemot|
black gum	n|columnar tree of eastern North America having horizontal limbs and small leaves that emerge late in spring and have brilliant color in early fall|	n|a small mallee with rough dark-colored bark toward the butt; yields a red eucalyptus kino gum|
black haw	n|upright deciduous shrub having frosted dark-blue fruit; east and east central North America|
black hellebore	n|slightly hairy perennial having deep green leathery leaves and flowers that are ultimately purplish-green|	n|European evergreen plant with white or purplish rose-like winter-blooming flowers|
black henbane	n|poisonous fetid Old World herb having sticky hairy leaves and yellow-brown flowers; yields hyoscyamine and scopolamine|
black hills	n|mountains in southwestern South Dakota and northeastern Wyoming; sacred to the Sioux (whites settling in the Black Hills led to the Battle of Little Bighorn); site of Mount Rushmore|	n|mountains in western South Dakota and northeastern Wyoming|
black hole	n|a region of space resulting from the collapse of a star; extremely high gravitational field|
black hole of calcutta	n|a dungeon (20 feet square) in a fort in Calcutta where as many as 146 English prisoners were held overnight by Siraj-ud-daula; the next morning only 23 were still alive|
black hollander	n|Old World willow with light green leaves cultivated for use in basketry|
black horehound	n|ill-smelling European herb with rugose leaves and whorls of dark purple flowers|
black humor	n|the juxtaposition of morbid and farcical elements (in writing or drama) to give a disturbing effect|
black humour	n|the juxtaposition of morbid and farcical elements (in writing or drama) to give a disturbing effect|
black ice	n|a thin coating of ice (as from freezing mist) on a road or sidewalk; nearly invisible but very hazardous|
black kite	n|dark Old World kite feeding chiefly on carrion|
black knapweed	n|a weedy perennial with tough wiry stems and purple flowers; native to Europe but widely naturalized|
black knot	n|disease of plum and cherry trees characterized by black excrescences on the branches|
black lead	n|used as a lubricant and as a moderator in nuclear reactors|
black letter	n|a heavy typeface in use from 15th to 18th centuries|
black locust	n|strong stiff wood of a black-locust tree; very resistant to decay|
black lotion	n|a mixture of calomel and limewater that is used on syphilitic sores|
black lovage	n|European herb somewhat resembling celery widely naturalized in Britain coastal regions and often cultivated as a potherb|
black lung	n|lung disease caused by inhaling coal dust|
black lung disease	n|lung disease caused by inhaling coal dust|
black magic	n|the belief in magical spells that harness occult forces or evil spirits to produce unnatural effects in the world|
black maire	n|northern Zealand tree having dense hard light-brown wood|
black mallee	n|a small mallee with rough dark-colored bark toward the butt; yields a red eucalyptus kino gum|
black mamba	n|a highly venomous southern African mamba dreaded because of its quickness and readiness to bite|
black mangrove	n|an Australian tree resembling the black mangrove of the West Indies and Florida|	n|a mangrove of the West Indies and the southern Florida coast; occurs in dense thickets and has numerous short roots that bend up from the ground|
black margate	n|dusky grey food fish found from Louisiana and Florida southward|
black maria	n|van used by police to transport prisoners|	n|a form of whist in which players avoid winning tricks containing hearts or the queen of spades|
black market	n|people who engage in illicit trade|	n|an illegal market in which goods or currencies are bought and sold in violation of rationing or controls|	v|deal in illegally, such as arms or liquor|
black marketeer	n|someone who engages illegally in trade in scarce or controlled commodities|	v|deal on the black market|
black marlin	n|large game fish in the Pacific Ocean; may reach 1000 pounds|
black medick	n|prostrate European herb with small yellow flowers and curved black pods; naturalized in North America|
black morel	n|a morel whose pitted fertile body is attached to the stalk with little free skirt around it; the fertile body is grey when young and black in old age|
black mulberry	n|European mulberry having dark foliage and fruit|
black mustard	n|widespread Eurasian annual plant cultivated for its pungent seeds; a principal source of table mustard|
black nightshade	n|Eurasian herb naturalized in America having white flowers and poisonous hairy foliage and bearing black berries that are sometimes poisonous but sometimes edible|
black olive	n|olives picked ripe and cured in brine then dried or pickled or preserved canned or in oil|
black opal	n|a dark colored opal with internal reflections of green or red|
black operation	n|a covert operation not attributable to the organization carrying it out|
black out	v|obliterate or extinguish|Some life-forms were obliterated by the radiation, others survived	v|darken completely|The dining room blackened out	v|suppress by censorship as for political reasons|parts of the newspaper article were blacked out	v|lose consciousness due to a sudden trauma, for example|
black panther	n|a member of the Black Panthers political party|
black panthers	n|a militant Black political party founded in 1965 to end political dominance by Whites|
black pea	n|perennial of Europe and North Africa; foliage turns black in drying|
black pepper	n|climber having dark red berries (peppercorns) when fully ripe; southern India and Sri Lanka; naturalized in northern Burma and Assam|	n|pepper that is ground from whole peppercorns with husks on|
black pine	n|conifer of Australia and New Zealand|	n|New Zealand conifer used for lumber; the dark wood is used for interior carpentry|	n|tall symmetrical pine of western North America having long blue-green needles in bunches of 3 and elongated cones on spreading somewhat pendulous branches; sometimes classified as a variety of ponderosa pine|	n|large two-needled timber pine of southeastern Europe|
black plague	n|the epidemic form of bubonic plague experienced during the Middle Ages when it killed nearly half the people of western Europe|
black poplar	n|large European poplar|
black prince	n|son of Edward III who defeated the French at Crecy and Poitiers in the Hundred Years' War (1330-1376)|
black pudding	n|a black sausage containing pig's blood and other ingredients|
black raspberry	n|raspberry native to eastern North America having black thimble-shaped fruit|
black rat	n|common household pest originally from Asia that has spread worldwide|
black rhinoceros	n|African rhino; in danger of extinction|
black rock desert	n|a desert in northwestern Nevada|
black rockweed	n|a common rockweed used in preparing kelp and as manure|
black root rot fungus	n|fungus causing black root rot in apples|
black rot	n|a fungous disease causing darkening and decay of the leaves of fruits and vegetables|
black rudderfish	n|blackish fish of New England waters|
black sage	n|an aromatic plant with wooly leaves found in southern California and Mexico|
black sally	n|a small mallee with rough dark-colored bark toward the butt; yields a red eucalyptus kino gum|
black salsify	n|perennial south European herb having narrow entire leaves and solitary yellow flower heads and long black edible roots shaped like carrots|	n|long black salsify|
black sea	n|a sea between Europe and Asia; a popular resort area of eastern Europeans|
black september	n|a Palestinian international terrorist organization that split from the PLO in 1974; has conducted terrorist attacks in 20 countries|in the 1980s the Fatah-RC was considered the most dangerous and murderous Palestinian terror group
black september movement	n|a former Palestinian terrorist organization (now merged with Fatah Revolutionary Council) that assassinated the Prime Minister of Jordan and during the 1972 Olympic Games in Munich killed 11 Israeli athletes|
black sheep	n|a reckless and unprincipled reprobate|	n|sheep with a black coat|
black spleenwort	n|spleenwort of Europe and Africa and Asia having pinnate fronds and yielding an astringent|
black spot	n|any of several fungous diseases of plants that produce small black spots on the plant|
black spruce	n|small spruce of boggy areas of northeastern North America having spreading branches with dense foliage; inferior wood|
black squirrel	n|fox squirrel or grey squirrel in the black color phase|
black stork	n|Old World stork that is glossy black above and white below|
black sumac	n|common nonpoisonous shrub of eastern North America with compound leaves and green paniculate flowers followed by red berries|
black swan	n|large Australian swan having black plumage and a red bill|
black tai	n|a branch of the Tai languages|
black tea	n|fermented tea leaves|
black tie	n|semiformal evening dress for men|	n|a black bow tie worn with a dinner jacket|
black tongue	n|a benign side effect of some antibiotics; dark overgrowth of the papillae of the tongue|
black tree fern	n|a showy tree fern of New Zealand and Australia having a crown of pinnated fronds with whitish undersides|
black turnstone	n|common turnstone of the Pacific coast of North America|
black vomit	n|caused by a flavivirus transmitted by a mosquito|
black vulture	n|of southern Eurasia and northern Africa|
black wattle	n|Australian tree that yields tanning materials|
black weevil	n|brown weevil that infests stored grain especially rice|
black whale	n|large whale with a large cavity in the head containing spermaceti and oil; also a source of ambergris|
black widow	n|venomous New World spider; the female is black with an hourglass-shaped red mark on the underside of the abdomen|
black-and-blue	adj|discolored by coagulation of blood beneath the skin|beaten black and blue
black-and-tan	adj|having a pattern of black and tan|
black-and-tan terrier	n|a breed of short-haired rat terrier with a black-and-tan coat that was developed in Manchester, England|
black-and-white	adj|lacking hue or shades of grey; part white and part black|a black-and-white cow	adj|not having or not capable of producing colors|black-and-white film	adj|of a situation that is sharply divided into mutually exclusive categories|he rejected a black-and-white world
black-backed gull	n|white gull having a black back and wings|
black-barred	adj|having a pattern consisting of black bars|
black-body radiation	n|the electromagnetic radiation that would be radiated from an ideal black body; the distribution of energy in the radiated spectrum of a black body depends only on temperature and is determined by Planck's radiation law|
black-capped chickadee	n|chickadee having a dark crown|
black-coated	adj|coated with black|
black-crowned night heron	n|night heron of both Old and New Worlds|
black-eyed pea	n|fruit or seed of the cowpea plant|	n|eaten fresh as shell beans or dried|
black-eyed susan	n|tropical African climbing plant having yellow flowers with a dark purple center|	n|annual weedy herb with ephemeral yellow purple-eyed flowers; Old World tropics; naturalized as a weed in North America|
black-eyed susan vine	n|tropical African climbing plant having yellow flowers with a dark purple center|
black-footed albatross	n|a variety of albatross with black feet|
black-fronted bush shrike	n|a kind of bush shrike|
black-gray	adj|of dark grey|
black-grey	adj|of dark grey|
black-haired	adj|having hair of a dark color|a dark-haired beauty
black-marked	adj|having black marks|
black-market	adj|distributed or sold illicitly|the black economy pays no taxes
black-necked cobra	n|aggressive cobra widely distributed in Africa; rarely bites but spits venom that may cause blindness|
black-necked stork	n|large mostly white Australian stork|
black-seeded	adj|having black seeds|
black-tailed deer	n|mule deer of western Rocky Mountains|
black-tie	adj|moderately formal; requiring a dinner jacket|he wore semiformal attire
black-winged stilt	n|stilt of Europe and Africa and Asia having mostly white plumage but with black wings|
blackball	n|the act of excluding someone by a negative vote or veto|	v|expel from a community or group|	v|vote against; refuse to endorse; refuse to assent|The President vetoed the bill
blackbeard	n|an English pirate who operated in the Caribbean and off the Atlantic coast of North America (died in 1718)|
blackbeetle	n|dark brown cockroach originally from orient now nearly cosmopolitan in distribution|
blackberry	n|large sweet black or very dark purple edible aggregate fruit of any of various bushes of the genus Rubus|	n|bramble with sweet edible black or dark purple berries that usually do not separate from the receptacle|	v|pick or gather blackberries|The children went blackberrying
blackberry bush	n|bramble with sweet edible black or dark purple berries that usually do not separate from the receptacle|
blackberry-lily	n|garden plant whose capsule discloses when ripe a mass of seeds resembling a blackberry|
blackbird	n|any bird of the family Icteridae whose male is black or predominantly black|	n|common black European thrush|
blackboard	n|sheet of slate; for writing with chalk|
blackboard eraser	n|an eraser that removes chalk marks from blackboard|
blackbody	n|a hypothetical object capable of absorbing all the electromagnetic radiation falling on it|a black body maintained at a constant temperature is a full radiator at that temperature because the radiation reaching and leaving it must be in equilibrium
blackbody radiation	n|the electromagnetic radiation that would be radiated from an ideal black body; the distribution of energy in the radiated spectrum of a black body depends only on temperature and is determined by Planck's radiation law|
blackbuck	n|common Indian antelope with a dark back and spiral horns|
blackcap	n|raspberry native to eastern North America having black thimble-shaped fruit|	n|small black-headed European gull|	n|chickadee having a dark crown|	n|small brownish-grey warbler with a black crown|
blackcap raspberry	n|raspberry native to eastern North America having black thimble-shaped fruit|
blackcock	n|male black grouse|
blackdamp	n|the atmosphere in a mine following an explosion; high in carbon dioxide and incapable of supporting life|
blacken	v|make or become black|The smoke blackened the ceiling	v|burn slightly and superficially so as to affect color|The cook blackened the chicken breast
blacken out	v|darken completely|The dining room blackened out
blackened	adj|darkened by smoke|blackened rafters	adj|(of the face) made black especially as with suffused blood|a face black with fury
blackening	n|changing to a darker color|
blackface	n|the makeup (usually burnt cork) used by a performer in order to imitate a Negro|
blackfish	n|large dark-colored food fish of the Atlantic coast of North America|	n|female salmon that has recently spawned|
blackfly	n|blackish aphid that infests e.g. beans and sugar beets|	n|small blackish stout-bodied biting fly having aquatic larvae; sucks the blood of birds as well as humans and other mammals|
blackfoot	n|a member of a warlike group of Algonquians living in the northwestern plains|	n|any of the Algonquian languages spoken by the Blackfoot|
blackfoot daisy	n|bushy subshrub having flower heads that resemble asters with broad white rays; found in desert areas of Arizona east to Kansas and south to Mexico|
blackfriar	n|a Roman Catholic friar wearing the black mantle of the Dominican order|
blackguard	n|someone who is morally reprehensible|you dirty dog	v|subject to laughter or ridicule|The satirists ridiculed the plans for a new opera house	v|use foul or abusive language towards|The actress abused the policeman who gave her a parking ticket
blackguardly	adj|lacking principles or scruples|the rascally rabble
blackhead	n|a black-tipped plug clogging a pore of the skin|
blackheart	n|any of various diseases in which the central tissues blacken|	n|heart cherry with dark flesh and skin cherry|
blackheart cherry	n|heart cherry with dark flesh and skin cherry|
blacking	n|a substance used to produce a shiny protective surface on footwear|
blackish	adj|of something that is somewhat black|blackish clouds
blackish-brown	adj|of brown tinged with black|
blackish-gray	adj|of dark grey|
blackish-grey	adj|of dark grey|
blackish-red	adj|of red tinged with black|
blackjack	n|a piece of metal covered by leather with a flexible handle; used for hitting people|	n|a flag usually bearing a white skull and crossbones on a black background; indicates a pirate ship|	n|a gambling game using cards; the object is to hold cards having a higher count than those dealt to the banker up to but not exceeding 21|	v|exert pressure on someone through threats|
blacklead	v|cover with graphite|
blackleg	n|someone who works (or provides workers) during a strike|	v|take the place of work of someone on strike|
blacklist	n|a list of people who are out of favor|	v|put on a blacklist so as to banish or cause to be boycotted|many books were blacklisted by the Nazis
blackmail	n|extortion of money by threats to divulge discrediting information|	v|exert pressure on someone through threats|	v|obtain through threats|
blackmailer	n|a criminal who extorts money from someone by threatening to expose embarrassing information about them|
blackmouth bass	n|small marine fish with black mouth and gill cavity|
blackness	n|the quality or state of the achromatic color of least lightness (bearing the least resemblance to white)|	n|total absence of light|they fumbled around in total darkness
blackout	n|a suspension of radio or tv broadcasting|	n|darkness resulting from the extinction of lights (as in a city invisible to enemy aircraft)|	n|the failure of electric power for a general region|	n|a momentary loss of consciousness|
blackpool	n|a resort town in Lancashire in northwestern England on the Irish Sea; famous for its tower|
blacksburg	n|a university town in southwestern Virginia (west of Roanoke) in the Allegheny Mountains|
blackshirt	n|a member of the Italian fascist party before World War II|
blacksmith	n|a smith who forges and shapes iron with a hammer and anvil|
blacktail	n|mule deer of western Rocky Mountains|
blacktail deer	n|mule deer of western Rocky Mountains|
blacktail prairie dog	n|tail is black tipped|
blackthorn	n|a thorny Eurasian bush with plumlike fruits|
blacktip shark	n|widely distributed shallow-water shark with fins seemingly dipped in ink|
blacktop	n|a black bituminous material used for paving roads or other areas; usually spread over crushed rock|	v|coat with blacktop|blacktop the driveway
blacktopping	n|a black bituminous material used for paving roads or other areas; usually spread over crushed rock|
blackwall hitch	n|a simple hitch used for temporarily attaching a line to a hook|
blackwash	n|an attack intended to ruin someone's reputation|	n|a mixture of calomel and limewater that is used on syphilitic sores|	n|a wash that colors a surface black|	v|bring (information) out of concealment|
blackwater	n|any of several human or animal diseases characterized by dark urine resulting from rapid breakdown of red blood cells|
blackwater fever	n|severe and often fatal malaria characterized by kidney damage resulting in dark urine|
blackwood	n|very dark wood of any of several blackwood trees|	n|any of several hardwood trees yielding very dark-colored wood|
blackwood tree	n|any of several hardwood trees yielding very dark-colored wood|
bladder	n|a distensible membranous sac (usually containing liquid or gas)|	n|a bag that fills with air|
bladder campion	n|perennial of Arctic Europe having large white flowers with inflated calyx|	n|bluish-green herb having sticky stems and clusters of large evening-opening white flowers with much-inflated calyx; sometimes placed in genus Lychnis|
bladder cherry	n|Old World perennial cultivated for its ornamental inflated papery orange-red calyx|
bladder disorder	n|a disorder of the urinary bladder|
bladder fern	n|any fern of the genus Cystopteris characterized by a hooded indusium or bladderlike membrane covering the sori|
bladder fucus	n|a common rockweed used in preparing kelp and as manure|
bladder ketmia	n|annual weedy herb with ephemeral yellow purple-eyed flowers; Old World tropics; naturalized as a weed in North America|
bladder senna	n|yellow-flowered European shrub cultivated for its succession of yellow flowers and very inflated bladdery pods and as a source of wildlife food|
bladder sphincter	n|the sphincter muscle of the urinary bladder; made up of a thickened muscular layer of bladder around the urethral opening|
bladder stone	n|a calculus formed in the bladder|
bladder worm	n|encysted saclike larva of the tapeworm|
bladderlike	adj|resembling a bladder|
bladdernose	n|medium-sized blackish-grey seal with large inflatable sac on the head; of Arctic and northern Atlantic waters|
bladdernut family	n|a family of dicotyledonous plants of order Sapindales found mostly in the north temperate zone|
bladderpod	n|annual or perennial herbs with inflated seed pods; some placed in genus Lesquerella|	n|any of several plants of the genus Physaria having racemose yellow flowers and inflated pods|
bladderwort	n|any of numerous aquatic carnivorous plants of the genus Utricularia some of whose leaves are modified as small urn-shaped bladders that trap minute aquatic animals|
bladderwort family	n|carnivorous aquatic or bog plants: genera Utricularia, Pinguicula, and Genlisea|
bladderwrack	n|similar to and found with black rockweed|	n|a common rockweed used in preparing kelp and as manure|
bladdery	adj|resembling a bladder|
blade	n|especially a leaf of grass or the broad portion of a leaf as distinct from the petiole|	n|a dashing young man|gay young blades bragged of their amorous adventures	n|something long and thin resembling a blade of grass|a blade of lint on his suit	n|a cutting or thrusting weapon that has a long metal blade and a hilt with a hand guard|
blade apple	n|small yellow to orange fruit of the Barbados gooseberry cactus used in desserts and preserves and jellies|
blade bit	n|a drilling bit with cutting edges usually hardened against wear|
blade roast	n|a roast cut from the blade|
bladed	adj|bearing or characterized by a blade or sword; often used in combination|he fought on, broken-bladed but unbowed	adj|having a blade or blades; often used in combination|a single-bladed leaf	adj|composed of thin flat plates resembling a knife blade|bladed arsenopyrite
bladelike	adj|shaped like a sword blade|the iris has an ensiform leaf
blae	adj|of bluish-black or grey-blue|
blaeberry	n|erect European blueberry having solitary flowers and blue-black berries|
blah	n|pompous or pretentious talk or writing|
blahs	n|a general feeling of boredom and dissatisfaction|
blaia zimondal	n|an artificial language|
blain	n|an inflammatory swelling or sore|
blair	n|British statesman who became prime minister in 1997 (born in 1953)|
blaise pascal	n|French mathematician and philosopher and Jansenist; invented an adding machine; contributed (with Fermat) to the theory of probability (1623-1662)|
blake	n|visionary British poet and painter (1757-1827)|
blamable	adj|deserving blame or censure as being wrong or evil or injurious|blameworthy if not criminal behavior
blame	v|put or pin the blame on|	v|harass with constant criticism|Don't always pick on your little brother	v|attribute responsibility to|We blamed the accident on her	n|an accusation that you are responsible for some lapse or misdeed|his incrimination was based on my testimony
blame game	n|accusations exchanged among people who refuse to accept sole responsibility for some undesirable event|
blameable	adj|deserving blame or censure as being wrong or evil or injurious|blameworthy if not criminal behavior
blamed	adj|expletives used informally as intensifiers|he's a blasted idiot
blameful	adj|deserving blame or censure as being wrong or evil or injurious|blameworthy if not criminal behavior
blameless	adj|free of guilt; not subject to blame|has lived a blameless life
blamelessly	adv|in an irreproachable and blameless manner|she had lived blamelessly until she met this man
blamelessness	n|a state of innocence|
blameworthiness	n|a state of guilt|
blameworthy	adj|deserving blame or censure as being wrong or evil or injurious|blameworthy if not criminal behavior
blanc	n|a white sauce of fat, broth, and vegetables (used especially with braised meat)|
blanc fixe	n|a white insoluble radiopaque powder used as a pigment|
blanch	v|turn pale, as if in fear|	v|cook (vegetables) briefly|Parboil the beans before freezing them
blanched	adj|anemic looking from illness or emotion|a face turned ashen	adj|(especially of plants) developed without chlorophyll by being deprived of light|etiolated celery
blanching agent	n|an agent that makes things white or colorless|
blancmange	n|sweet almond-flavored milk pudding thickened with gelatin or cornstarch; usually molded|
bland	adj|lacking taste or flavor or tang|a bland diet	adj|lacking stimulating characteristics; uninteresting|a bland little drama	adj|smoothly agreeable and courteous with a degree of sophistication|he was too politic to quarrel with so important a personage
bland diet	n|a diet of foods that are not irritating|he ate a bland diet because of his colitis
blandfordia	n|small genus of tuberous Australian perennial herbs|
blandish	v|praise somewhat dishonestly|
blandishment	n|flattery intended to persuade|	n|the act of urging by means of teasing or flattery|
blandly	adv|in a bland manner|his blandly incompetent attempts
blandness	n|the trait of exhibiting no personal embarrassment or concern|the blandness of his confession enraged the judge	n|lacking any distinctive or interesting taste property|	n|the quality of being bland and gracious or ingratiating in manner|
blank	adj|(of a surface) not written or printed on|blank pages	adj|without comprehension|When I called her name, she gave me a blank look, as though she didn't know me	adj|not charged with a bullet|a blank cartridge	adj|complete and absolute|utter seriousness
blank check	n|freedom to do as you see fit|many have doubts about giving him a free hand to attack	n|a check that has been signed but with the amount payable left blank|
blank cheque	n|a check that has been signed but with the amount payable left blank|
blank endorsement	n|an endorsement on commercial paper naming no payee and so payable to the bearer|
blank out	v|be unable to remember|I'm drawing a blank	v|cut out, as for political reasons|several line in the report were blanked out
blank shell	n|a cartridge containing an explosive charge but no bullet|
blank space	n|a blank area|write your name in the space provided
blank verse	n|unrhymed verse (usually in iambic pentameter)|
blanket	n|bedding that keeps a person warm in bed|he pulled the covers over his head and went to sleep	n|anything that covers|there was a blanket of snow	n|a layer of lead surrounding the highly reactive core of a nuclear reactor|	v|cover as if with a blanket|snow blanketed the fields
blanket jam	v|jam a broad spectrum of frequencies to affect all communications in the area except for directional antenna communications|
blanket stitch	n|a strong reinforcing stitch for edges of blanket and other thick material; similar to buttonhole stitch|
blanketed	adj|covered with (or as if with) a blanket|
blankly	adv|in a blank and uncomprehending manner|she stared at him blankly
blankness	n|the state of being blank; void; emptiness|
blanquillo	n|important marine food fishes|
blantyre	n|city in southern Malawi; largest city and commercial center of Malawi|
blare	n|a loud harsh or strident noise|	v|make a strident sound|She tended to blast when speaking into a microphone	v|make a loud noise|The horns of the taxis blared
blare out	v|announce loudly|
blarina	n|shrews|
blaring	n|a loud harsh or strident noise|	adj|unpleasantly loud and penetrating|the blaring noise of trumpets
blarney	n|flattery designed to gain favor|	v|influence or urge by gentle urging, caressing, or flattering|He palavered her into going along
blarney stone	n|a stone in a castle in Ireland that is said to impart skill in flattery to anyone who kisses it|
blase	adj|very sophisticated especially because of surfeit; versed in the ways of the world|the blase traveler refers to the ocean he has crossed as `the pond'	adj|uninterested because of frequent exposure or indulgence|his blase indifference	adj|nonchalantly unconcerned|a blase attitude about housecleaning
blaspheme	v|utter obscenities or profanities|The drunken men were cursing loudly in the street	v|speak of in an irreverent or impious manner|blaspheme God
blasphemer	n|a person who speaks disrespectfully of sacred things|
blasphemous	adj|grossly irreverent toward what is held to be sacred|blasphemous rites of a witches' Sabbath	adj|characterized by profanity or cursing|foul-mouthed and blasphemous
blasphemously	adv|in a blasphemous manner|the sailors were cursing blasphemously
blasphemy	n|blasphemous language (expressing disrespect for God or for something sacred)|	n|blasphemous behavior; the act of depriving something of its sacred character|desecration of the Holy Sabbath
blast	v|make a strident sound|She tended to blast when speaking into a microphone	v|hit hard|He smashed a 3-run homer	v|use explosives on|The enemy has been shelling us all day	v|apply a draft or strong wind to to|the air conditioning was blasting cold air at us
blast furnace	n|a furnace for smelting of iron from iron oxide ores; combustion is intensified by a blast of air|
blast off	v|launch with great force|the rockets were blasted off
blast trauma	n|injury caused the explosion of a bomb (especially in enclosed spaces)|
blast wave	n|a region of high pressure travelling through a gas at a high velocity|the explosion created a shock wave
blasted	adj|expletives used informally as intensifiers|he's a blasted idiot
blastema	n|a mass of undifferentiated cells from which an organ or body part develops|
blastemal	adj|of or relating to blastemata|
blastematic	adj|of or relating to blastemata|
blastemic	adj|of or relating to blastemata|
blaster	n|a workman employed to blast with explosives|
blasting	adj|causing injury or blight; especially affecting with sudden violence or plague or ruin|the blasting effects of the intense cold on the budding fruit	adj|unpleasantly loud and penetrating|the blaring noise of trumpets
blasting cap	n|a small tube filled with detonating substances; used to detonate high explosives|
blasting gelatin	n|mixture of guncotton with nitroglycerin|
blastocele	n|the fluid-filled cavity inside a blastula|
blastocladia	n|a genus of fungi of the family Blastodiaceae|
blastocladiales	n|fungi that carry out asexual reproduction by thick-walled resting spores that produce zoospores upon germination; sometimes placed in class Oomycetes|
blastocoel	n|the fluid-filled cavity inside a blastula|
blastocoele	n|the fluid-filled cavity inside a blastula|
blastocoelic	adj|of or relating to a segmentation cavity|
blastocyst	n|the blastula of a placental mammal in which some differentiation of cells has occurred|
blastocyte	n|an undifferentiated embryonic cell|
blastocytoma	n|a tumor composed of immature undifferentiated cells|
blastoderm	n|a layer of cells on the inside of the blastula|
blastodermatic	adj|of or relating to a blastoderm|
blastodermic	adj|of or relating to a blastoderm|
blastodermic vessicle	n|the blastula of a placental mammal in which some differentiation of cells has occurred|
blastodiaceae	n|a family of saprobic fungi of order Blastocladiales|
blastodisc	n|a layer of cells on the inside of the blastula|
blastoff	n|the launching of a missile or spacecraft to a specified destination|
blastogenesis	n|asexual reproduction by budding|	n|theory that inherited characteristics are transmitted by germ plasm|
blastogenetic	adj|of or relating to blastogenesis|
blastoma	n|a tumor composed of immature undifferentiated cells|
blastomere	n|any cell resulting from cleavage of a fertilized egg|
blastomeric	adj|of or relating to a blastomere|
blastomyces	n|genus of pathogenic yeastlike fungi|
blastomycete	n|any of various yeastlike budding fungi of the genus Blastomyces; cause disease in humans and other animals|
blastomycosis	n|any of several infections of the skin or mucous membrane caused by Blastomyces|
blastomycotic	adj|of or relating to or characteristic of blastomycosis|
blastoporal	adj|of or relating to a blastopore|
blastopore	n|the opening into the archenteron|
blastoporic	adj|of or relating to a blastopore|
blastosphere	n|early stage of an embryo produced by cleavage of an ovum; a liquid-filled sphere whose wall is composed of a single layer of cells; during this stage (about eight days after fertilization) implantation in the wall of the uterus occurs|
blastospheric	adj|of or relating to a blastula|
blastula	n|early stage of an embryo produced by cleavage of an ovum; a liquid-filled sphere whose wall is composed of a single layer of cells; during this stage (about eight days after fertilization) implantation in the wall of the uterus occurs|
blastular	adj|of or relating to a blastula|
blat	v|cry plaintively|The lambs were bleating
blat out	v|announce loudly|
blatancy	n|the property of being both obvious and offensive|the blatancy of his attempt to whitewash the crime was unforgivable
blatant	adj|without any attempt at concealment; completely obvious|blatant disregard of the law	adj|conspicuously and offensively loud; given to vehement outcry|blatant radios
blatantly	adv|in a blatant manner|they blatantly violated the laws
blate	adj|disposed to avoid notice; (`blate' is a Scottish term for bashful)|they considered themselves a tough outfit and weren't bashful about letting anybody know it	v|cry plaintively|The lambs were bleating
blather	n|foolish gibberish|	v|to talk foolishly|The two women babbled and crooned at the baby
blatherskite	n|foolish gibberish|
blatta	n|type genus of the Blattidae: cockroaches infesting buildings worldwide|
blatta orientalis	n|dark brown cockroach originally from orient now nearly cosmopolitan in distribution|
blattaria	n|cockroaches; in some classifications considered an order|
blattella	n|small cockroaches|
blattidae	n|domestic cockroaches|
blattodea	n|cockroaches; in some classifications considered an order|
blaxploitation	n|the exploitation of black people (especially with regard to stereotyped roles in movies)|
blaze	n|a strong flame that burns brightly|the blaze spread rapidly	n|a cause of difficulty and suffering|war is hell	n|noisy and unrestrained mischief|raising blazes	n|a light within the field of vision that is brighter than the brightness to which the eyes are adapted|a glare of sunlight
blaze away	v|perform (an acting passage) brilliantly and rapidly|Mr. Jones blazed away in one passage after another to loud applause	v|shoot rapidly and repeatedly|He blazed away at the men	v|speak with fire and passion|He blazed away at his opponents in the Senate
blaze out	v|move rapidly and as if blazing|The spaceship blazed out into space
blaze up	v|burn brightly|Every star seemed to flare with new intensity
blazer	n|lightweight single-breasted jacket; often striped in the colors of a club or school|
blazing	adj|shining intensely|the blazing sun	adj|without any attempt at concealment; completely obvious|blatant disregard of the law	n|a strong flame that burns brightly|the blaze spread rapidly
blazon	n|the official symbols of a family, state, etc.|	v|decorate with heraldic arms|
blazon out	v|proclaim or announce in public|before we had newspapers, a town crier would cry the news
blazonry	n|the official symbols of a family, state, etc.|
bleach	n|the whiteness that results from removing the color from something|a complete bleach usually requires several applications	n|an agent that makes things white or colorless|	n|the act of whitening something by bleaching it (exposing it to sunlight or using a chemical bleaching agent)|	v|remove color from|The sun bleached the red shirt
bleach liquor	n|a solution containing bleaching agents that is used to bleach textiles or paper pulp|
bleach out	v|remove color from|The sun bleached the red shirt
bleached	adj|having lost freshness or brilliance of color|sun-bleached deck chairs	adj|(used of color) artificially produced; not natural|a bleached blonde
bleacher	n|a worker who bleaches (cloth or flour etc.)|
bleachers	n|(used in the plural) an outdoor grandstand without a roof; patrons are exposed to the sun as linens are when they are bleached|
bleaching agent	n|an agent that makes things white or colorless|
bleaching clay	n|an adsorbent clay that will remove coloring from oils|
bleaching earth	n|an adsorbent clay that will remove coloring from oils|
bleaching powder	n|a white powder comprised of calcium hydroxide and chloride and hypochlorite and used to bleach and/or disinfect|
bleak	adj|offering little or no hope|the future looked black	adj|providing no shelter or sustenance|bare rocky hills	adj|unpleasantly cold and damp|bleak winds of the North Atlantic
bleakly	adv|without hope|he wondered bleakly
bleakness	n|a bleak and desolate atmosphere|the nakedness of the landscape
blear	adj|tired to the point of exhaustion|	v|make dim or indistinct|The fog blurs my vision
blear-eyed	adj|tired to the point of exhaustion|
bleary	adj|tired to the point of exhaustion|	adj|indistinct or hazy in outline|a landscape of blurred outlines
bleary-eyed	adj|tired to the point of exhaustion|
bleat	v|talk whiningly|	v|cry plaintively|The lambs were bleating	n|the sound of sheep or goats (or any sound resembling this)|
bleb	n|(pathology) an elevation of the skin filled with serous fluid|
blebbed	adj|(of glass or quartzite) marred by small bubbles or small particles of foreign material|
blebby	adj|covered with small blisters|	adj|(of glass or quartzite) marred by small bubbles or small particles of foreign material|
blechnaceae	n|one of a number of families into which the family Polypodiaceae has been subdivided in some classification systems; includes genera Blechnum, Doodia, Sadleria, Stenochlaena, and Woodwardia|
blechnum	n|in some classification systems placed in family Polypodiaceae; terrestrial ferns of cosmopolitan distribution mainly in southern hemisphere: hard ferns|
blechnum spicant	n|fern with erect fronds of Europe and western North America; often cultivated for deer browse|
bleed	v|lose blood from one's body|	v|draw blood|In the old days, doctors routinely bled patients as part of the treatment	v|get or extort (money or other possessions) from someone|They bled me dry--I have nothing left!	v|be diffused|These dyes and colors are guaranteed not to run
bleeder	n|someone who has hemophilia and is subject to uncontrollable bleeding|
bleeder's disease	n|congenital tendency to uncontrolled bleeding; usually affects males and is transmitted from mother to son|
bleeding	n|the flow of blood from a ruptured blood vessel|
bleeding heart	n|garden plant having deep-pink drooping heart-shaped flowers|	n|someone who is excessively sympathetic toward those who claim to be exploited or underprivileged|
bleeding tooth	n|gastropod having reddish toothlike projections around the shell opening; of the Caribbean area|
bleep	n|a short high tone produced as a signal or warning|	v|emit a single short high-pitched signal|The computer bleeped away
blemish	n|a mark or flaw that spoils the appearance of something (especially on a person's body)|a facial blemish	v|mar or spoil the appearance of|scars defaced her cheeks	v|mar or impair with a flaw|her face was blemished	v|add a flaw or blemish to; make imperfect or defective|
blemished	adj|marred by imperfections|	adj|having a blemish or flaw|a flawed diamond
blench	v|turn pale, as if in fear|
blend	v|combine into one|blend the nuts and raisins together	v|blend or harmonize|This flavor will blend with those in your dish	v|mix together different elements|The colors blend well	n|an occurrence of thorough mixing|
blend in	v|blend or harmonize|This flavor will blend with those in your dish	v|cause (something) to be mixed with (something else)|At this stage of making the cake, blend in the nuts
blende	n|an ore that is the chief source of zinc; consists largely of zinc sulfide in crystalline form|
blended	adj|combined or mixed together so that the constituent parts are indistinguishable|
blended whiskey	n|mixture of two or more whiskeys or of a whiskey and neutral spirits|
blended whisky	n|mixture of two or more whiskeys or of a whiskey and neutral spirits|
blender	n|an electrically powered mixer with whirling blades that mix or chop or liquefy foods|
blending	n|the act of blending components together thoroughly|	n|a gradation involving small or imperceptible differences between grades|
blenheim	n|the First Duke of Marlborough and Prince Eugene of Savoy defeated the French in 1704 during the War of the Spanish Succession|
blenheim spaniel	n|red-and-white variety of English toy spaniel|
blenniidae	n|a family of fish including: combtooth blennies|
blennioid	n|elongated mostly scaleless marine fishes with large pectoral fins and reduced pelvic fins|
blennioid fish	n|elongated mostly scaleless marine fishes with large pectoral fins and reduced pelvic fins|
blennioidea	n|blennies; butterfishes; gunnels|
blennius	n|type genus of the Blenniidae|
blennius pholis	n|European scaleless blenny|
blenny	n|small usually scaleless fishes with comb-like teeth living about rocky shores; are territorial and live in holes between rocks|
blepharism	n|condition in which a person blinks continuously|
blepharitis	n|inflammation of the eyelids characterized by redness and swelling and dried crusts|
blepharospasm	n|spasm of the eyelid muscle resulting in closure of the eye|
blephilia celiata	n|a variety of wood mint|
blephilia hirsuta	n|a variety of wood mint|
bleriot	n|French aviator who in 1909 made the first flight across the English Channel (1872-1936)|
bless	v|give a benediction to|The dying man blessed his son	v|confer prosperity or happiness on|	v|make the sign of the cross over someone in order to call on God for protection; consecrate|	v|render holy by means of religious rites|
blessed	adj|highly favored or fortunate (as e.g. by divine grace)|our blessed land	adj|worthy of worship|the Blessed Trinity	adj|expletives used informally as intensifiers|he's a blasted idiot	adj|Roman Catholic; proclaimed one of the blessed and thus worthy of veneration|
blessed event	n|the live birth of a child|
blessed thistle	n|tall Old World biennial thistle with large clasping white-blotched leaves and purple flower heads; naturalized in California and South America|	n|annual of Mediterranean to Portugal having hairy stems and minutely spiny-toothed leaves and large heads of yellow flowers|
blessed trinity	n|the union of the Father and Son and Holy Ghost in one Godhead|
blessed virgin	n|the mother of Jesus; Christians refer to her as the Virgin Mary; she is especially honored by Roman Catholics|
blessedly	adv|in a blessed manner|
blessedness	n|a state of supreme happiness|
blessing	n|the formal act of approving|he gave the project his blessing	n|a desirable state|enjoy the blessings of peace	n|a short prayer of thanks before a meal|their youngest son said grace	n|a ceremonial prayer invoking divine protection|
blest	adj|highly favored or fortunate (as e.g. by divine grace)|our blessed land
blether	n|idle or foolish and irrelevant talk|	v|to talk foolishly|The two women babbled and crooned at the baby
bletia	n|any of various orchids of the genus Bletia having pseudobulbs and erect leafless racemes of large purple or pink flowers|
bletia striata	n|Japanese orchid with white-striped leaves and slender erect racemes of rose to magenta flowers; often cultivated; sometimes placed in genus Bletia|
bletilla	n|small genus of chiefly east Asiatic hardy terrestrial orchids similar to genus Bletia|
bletilla striata	n|Japanese orchid with white-striped leaves and slender erect racemes of rose to magenta flowers; often cultivated; sometimes placed in genus Bletia|
bleu	n|cheese containing a blue mold|
bleu cheese dressing	n|creamy dressing containing crumbled blue cheese|
blewits	n|edible agaric that is pale lilac when young; has a smooth moist cap|
blida	n|a city in northern Algeria at the foot of the Atlas Mountains to the southwest of Algiers|
bligh	n|British admiral; was captain of the H.M.S. Bounty in 1789 when part of the crew mutinied and set him afloat in an open boat; a few weeks later he arrived safely in Timor 4,000 miles away (1754-1817)|
blighia	n|small genus of western African evergreen trees and shrubs bearing fleshy capsular three-seeded fruits edible when neither unripe nor overripe|
blighia sapida	n|widely cultivated in tropical and subtropical regions for its fragrant flowers and colorful fruits; introduced in Jamaica by William Bligh|
blight	n|a state or condition being blighted|	n|any plant disease resulting in withering without rotting|	v|cause to suffer a blight|Too much rain may blight the garden with mold
blight canker	n|a phase of fire blight in which cankers appear|
blighted	adj|affected by blight; anything that mars or prevents growth or prosperity|a blighted rose
blighter	n|a persistently annoying person|	n|a boy or man|that chap is your host
blighty	n|a slang term for Great Britain used by British troops serving abroad|
blighty wound	n|a wound that would cause an English soldier to be sent home from service abroad|
blimp	n|any elderly pompous reactionary ultranationalistic person (after the cartoon character created by Sir David Low)|	n|a small nonrigid airship used for observation or as a barrage balloon|
blimpish	adj|pompously ultraconservative and nationalistic|
blind	adj|unable to see|a person is blind to the extent that he must devise alternative techniques to do efficiently those things he would do with sight if he had normal vision"--Kenneth Jernigan	adj|unable or unwilling to perceive or understand|blind to a lover's faults	adj|not based on reason or evidence|blind hatred	n|people who have severe visual impairments, considered as a group|he spent hours reading to the blind
blind alley	n|a street with only one way in or out|	n|(figurative) a course of action that is unproductive and offers no hope of improvement|all the clues led the police into blind alleys
blind bend	n|a curve or bend in the road that you cannot see around as you are driving|
blind corner	n|a street corner that you cannot see around as you are driving|
blind curve	n|a curve or bend in the road that you cannot see around as you are driving|
blind date	n|a participant in a blind date (someone you meet for the first time when you have a date with them)|	n|a date with a stranger|she never goes on blind dates
blind drunk	adj|very drunk|
blind flying	n|using only instruments for flying an aircraft because you cannot see through clouds or mists etc.|
blind gentian	n|similar to Gentiana andrewsii but with larger flowers|	n|gentian of eastern North America having tubular blue or white flowers that open little if at all|
blind gut	n|the cavity in which the large intestine begins and into which the ileum opens|the appendix is an offshoot of the cecum
blind landing	n|using only instruments for flying an aircraft because you cannot see through clouds or mists etc.|
blind person	n|a person with a severe visual impairment|
blind side	n|the side on which your vision is limited or obstructed|
blind snake	n|wormlike burrowing snake of warm regions having vestigial eyes|
blind spot	n|a subject about which you are ignorant or prejudiced and fail to exercise good judgment|golf is one of his blind spots and he's proud of it	n|the point where the optic nerve enters the retina; not sensitive to light|
blind staggers	n|a disease of the central nervous system affecting especially horses and cattle; characterized by an unsteady swaying gait and frequent falling|
blind stitching	n|stitching that is not easily seen or noticed|
blind trust	n|a trust that enables a person to avoid possible conflict of interest by transferring assets to a fiduciary; the person establishing the trust gives up the right to information about the assets|
blinded	adj|deprived of sight|
blinder	n|blind consisting of a leather eyepatch sewn to the side of the halter that prevents a horse from seeing something on either side|
blindfold	adj|wearing a blindfold|	n|a cloth used to cover the eyes|	v|cover the eyes of (someone) to prevent him from seeing|the hostage was blindfolded and driven away
blindfolded	adj|wearing a blindfold|
blinding	adj|shining intensely|the blazing sun
blindly	adv|without seeing or looking|he felt around his desk blindly	adv|without preparation or reflection; without a rational basis|they bought the car blindly
blindman's bluff	n|a children's game in which a blindfolded player tries to catch and identify other players|
blindman's buff	n|a children's game in which a blindfolded player tries to catch and identify other players|
blindness	n|the state of being blind or lacking sight|
blindside	v|catch unawares, especially with harmful consequences|The economic downturn blindsided many investors	v|attack or hit on or from the side where the attacked person's view is obstructed|
blindworm	n|small burrowing legless European lizard with tiny eyes; popularly believed to be blind|	n|any of the small slender limbless burrowing wormlike amphibians of the order Gymnophiona; inhabit moist soil in tropical regions|
bling	n|flashy, ostentatious jewelry|the rapper was loaded with bling
bling bling	n|flashy, ostentatious jewelry|the rapper was loaded with bling
blini	n|Russian pancake of buckwheat flour and yeast; usually served with caviar and sour cream|
blink	v|briefly shut the eyes|The TV announcer never seems to blink	v|keep back by blinking|blink away tears	v|gleam or glow intermittently|The lights were flashing	n|a reflex that closes and opens the eyes rapidly|
blink away	v|keep back by blinking|blink away tears
blink of an eye	n|a very short time (as the time it takes the eye to blink or the heart to beat)|if I had the chance I'd do it in a flash
blinker	n|a light that flashes on and off; used as a signal or to send messages|	n|a blinking light on a motor vehicle that indicates the direction in which the vehicle is about to turn|	n|blind consisting of a leather eyepatch sewn to the side of the halter that prevents a horse from seeing something on either side|	v|put blinders on (a horse)|
blinking	adj|closing the eyes intermittently and rapidly|he stood blinking in the bright sunlight	adj|informal intensifiers|what a bally (or blinking) nuisance	n|a reflex that closes and opens the eyes rapidly|
blinking chickweed	n|small Indian lettuce of northern regions|
blinks	n|small Indian lettuce of northern regions|
blintz	n|(Judaism) thin pancake folded around a filling and fried or baked|
blintze	n|(Judaism) thin pancake folded around a filling and fried or baked|
bliny	n|Russian pancake of buckwheat flour and yeast; usually served with caviar and sour cream|
blip	n|a sudden minor shock or meaningless interruption|the market had one bad blip today	n|a radar echo displayed so as to show the position of a reflecting surface|
bliss	n|a state of extreme happiness|
blissful	adj|completely happy and contented|blissful young lovers
blissfully	adv|in a blissful manner|he was blissfully unaware of the danger
blissfulness	n|a state of extreme happiness|
blissus	n|chinch bugs|
blissus leucopterus	n|small black-and-white insect that feeds on cereal grasses|
blister	v|get blistered|Her feet blistered during the long hike	v|subject to harsh criticism|The Senator blistered the administration in his speech on Friday	v|cause blisters to form on|the tight shoes and perspiration blistered her feet	n|a flaw on a surface resulting when an applied substance does not adhere (as an air bubble in a coat of paint)|
blister beetle	n|beetle that produces a secretion that blisters the skin|
blister blight	n|a disease of Scotch pines|	n|a disease of tea plants|
blister copper	n|an impure form of copper having a black blistered surface|
blister pack	n|packaging in which a product is sealed between a cardboard backing and clear plastic cover|
blister rust	n|any of several diseases of pines caused by rust fungi of the genus Cronartium and marked by destructive invasion of bark and sapwood and producing blisters externally|	n|fungus causing white pine blister rust and having a complex life cycle requiring a plant of genus Ribes as alternate host|
blistering	adj|harsh or corrosive in tone|an acerbic tone piercing otherwise flowery prose	adj|hot enough to raise (or as if to raise) blisters|blistering sun	adj|very fast; capable of quick response and great speed|a hot sports car	n|the formation of vesicles in or beneath the skin|
blistering agent	n|a toxic war gas with sulfide based compounds that raises blisters and attacks the eyes and lungs; there is no known antidote|
blistery	adj|hot enough to raise (or as if to raise) blisters|blistering sun	adj|covered with small blisters|
blithe	adj|lacking or showing a lack of due concern|spoke with blithe ignorance of the true situation	adj|carefree and happy and lighthearted|was loved for her blithe spirit
blithely	adv|in a joyous manner|they shouted happily
blitheness	n|a feeling of spontaneous good spirits|his cheerfulness made everyone feel better
blither	v|to talk foolishly|The two women babbled and crooned at the baby
blithesome	adj|carefree and happy and lighthearted|was loved for her blithe spirit
blitt	n|a bachelor's degree in literature|
blitz	n|a swift and violent military offensive with intensive aerial bombardment|	v|attack suddenly and without warning|Hitler blitzed Poland
blitzkrieg	n|a swift and violent military offensive with intensive aerial bombardment|	v|fight a quick and surprising war|
blixen	n|Danish writer who lived in Kenya for 19 years and is remembered for her writings about Africa (1885-1962)|
blizzard	n|a storm with widespread snowfall accompanied by strong winds|	n|a series of unexpected and unpleasant occurrences|a rash of bank robberies
bloat	n|swelling of the rumen or intestinal tract of domestic animals caused by excessive gas|	v|become bloated or swollen or puff up|The dead man's stomach was bloated	v|make bloated or swollen|Hunger bloated the child's belly
bloater	n|large fatty herring lightly salted and briefly smoked|
blob	n|an indistinct shapeless form|	v|make a spot or mark onto|The wine spotted the tablecloth
bloc	n|a group of countries in special alliance|
blocadren	n|a beta blocker (trade name Blocadren) administered after heart attacks|
block	n|a solid piece of something (usually having flat rectangular sides)|the pyramids were built with large stone blocks	n|a rectangular area in a city surrounded by streets and usually containing several buildings|he lives in the next block	n|a three-dimensional shape with six square or rectangular sides|	n|a number or quantity of related things dealt with as a unit|he reserved a large block of seats
block anaesthesia	n|anesthesia of an area supplied by a nerve; produced by an anesthetic agent applied to the nerve|
block and tackle	n|pulley blocks with associated rope or cable|
block anesthesia	n|anesthesia of an area supplied by a nerve; produced by an anesthetic agent applied to the nerve|
block capital	n|a plain hand-drawn letter|
block diagram	n|a diagram showing the interconnections between the components of system (especially an electronic system)|
block grant	n|a grant of federal money to state and local governments to support social welfare programs|block grants reduce federal responsibility for social welfare
block letter	n|a plain hand-drawn letter|
block off	v|obstruct access to|	v|render unsuitable for passage|block the way	v|block off the passage through|We shut off the valve
block out	v|plan where and when songs should be inserted into a theatrical production, or plan a theatrical production in general|	v|prevent from entering|block out the strong sunlight	v|shield from light|	v|indicate roughly|We sketched out our plan
block plane	n|a small plane used on end grains of wood|
block up	v|render unsuitable for passage|block the way
block vote	n|a vote proportional in magnitude to the number of people that a delegate represents|
blockade	n|a war measure that isolates some area of importance to the enemy|	n|prevents access or progress|	v|hinder or prevent the progress or accomplishment of|His brother blocked him at every turn	v|render unsuitable for passage|block the way
blockade-runner	n|a ship that runs through or around a naval blockade|
blockaded	adj|preventing entry or exit or a course of action|a barricaded street
blockading	adj|blocking entrance to and exit from seaports and harbors|the blockading ships prevented delivery of munitions
blockage	n|the physical condition of blocking or filling a passage with an obstruction|	n|an obstruction in a pipe or tube|we had to call a plumber to clear out the blockage in the drainpipe	n|the act of blocking|
blockbuster	n|a large bomb used to demolish extensive areas (as a city block)|	n|an unusually successful hit with widespread popularity and huge sales (especially a movie or play or recording or novel)|
blocked	adj|closed to traffic|the repaving results in many blocked streets	adj|completely obstructed or closed off|the storm was responsible for many blocked roads and bridges
blocker	n|a football player whose responsibility is to block players attempting to stop an offensive play|	n|a class of drugs that inhibit (block) some biological process|
blockhead	n|a stupid person; these words are used to express a low opinion of someone's intelligence|
blockheaded	adj|(used informally) stupid|
blockhouse	n|a stronghold that is reinforced for protection from enemy fire; with apertures for defensive fire|
blocking	n|the act of obstructing or deflecting someone's movements|
blocking agent	n|a class of drugs that inhibit (block) some biological process|
blockish	adj|resembling a block in shape|
blocky	adj|resembling a block in shape|
bloemfontein	n|the seat of the supreme court|
blog	n|a shared on-line journal where people can post diary entries about their personal experiences and hobbies|postings on a blog are usually in chronological order	v|read, write, or edit a shared on-line journal|
blogger	n|a person who keeps and updates a blog|
blok	n|Russian poet (1880-1921)|
bloke	n|a boy or man|that chap is your host
blolly	n|evergreen climbing shrub of southern Florida and West Indies grown for its racemes of fragrant white to creamy flowers followed by globose white succulent berries|
blond	adj|being or having light colored skin and hair and usually blue or grey eyes|blond Scandinavians	n|a person with fair skin and hair|	n|a light grayish yellow to near white|
blonde	adj|being or having light colored skin and hair and usually blue or grey eyes|blond Scandinavians	n|a person with fair skin and hair|	n|a light grayish yellow to near white|
blondness	n|the property of having a naturally light complexion|
blood	n|the fluid (red in vertebrates) that is pumped through the body by the heart and contains plasma, blood cells, and platelets|blood carries oxygen and nutrients to the tissues and carries away waste products	n|temperament or disposition|a person of hot blood	n|a dissolute man in fashionable society|	n|the descendants of one individual|his entire lineage has been warriors
blood agar	n|a culture medium containing whole blood as the nutrient|
blood bank	n|a place for storing whole blood or blood plasma|the Red Cross created a blood bank for emergencies
blood berry	n|bushy houseplant having white to pale pink flowers followed by racemes of scarlet berries; tropical Americas|
blood blister	n|blister containing blood or bloody serum usually caused by an injury|
blood brother	n|a male with the same parents as someone else|my brother still lives with our parents	n|a male sworn (usually by a ceremony involving the mingling of blood) to treat another as his brother|
blood brotherhood	n|the friendship characteristic of blood brothers|
blood cell	n|either of two types of cells (erythrocytes and leukocytes) and sometimes including platelets|
blood clam	n|red-blooded clam|
blood clot	n|a semisolid mass of coagulated red and white blood cells|
blood clotting	n|a process in which liquid blood is changed into a semisolid mass (a blood clot)|
blood coagulation	n|a process in which liquid blood is changed into a semisolid mass (a blood clot)|
blood corpuscle	n|either of two types of cells (erythrocytes and leukocytes) and sometimes including platelets|
blood count	n|the number of red and white corpuscles in a blood sample|	n|the act of estimating the number of red and white corpuscles in a blood sample|
blood cup	n|a scarlet European fungus with cup-shaped ascocarp|
blood cyst	n|a cyst containing blood|
blood disease	n|a disease or disorder of the blood|
blood disorder	n|a disease or disorder of the blood|
blood donor	n|someone who gives blood to be used for transfusions|
blood dyscrasia	n|any abnormal condition of the blood|
blood extravasation	n|the leakage of blood from a vessel into tissues surrounding it; can occur in injuries or burns or allergic reactions|
blood feud	n|a feud in which members of the opposing parties murder each other|
blood flower	n|tropical herb having orange-red flowers followed by pods suggesting a swallow with outspread wings; a weed throughout the tropics|
blood fluke	n|flatworms parasitic in the blood vessels of mammals|
blood glucose	n|glucose in the bloodstream|
blood group	n|human blood cells (usually just the red blood cells) that have the same antigens|
blood heat	n|temperature of the body; normally 98.6 F or 37 C in humans; usually measured to obtain a quick evaluation of a person's health|
blood kinship	n|(anthropology) related by blood|
blood knot	n|a knot used for tying fishing leaders together; the ends of the two leaders are wrapped around each other two or three times|
blood lily	n|any of various deciduous or evergreen herbs of the genus Haemanthus; South Africa and Namibia|
blood line	n|the descendants of one individual|his entire lineage has been warriors
blood meal	n|the dried and powdered blood of animals|
blood money	n|compensation paid to the family of a murdered person|	n|a reward for information about a murderer|	n|paid to a hired murderer|
blood plasma	n|the colorless watery fluid of the blood and lymph that contains no cells, but in which the blood cells (erythrocytes, leukocytes, and thrombocytes) are suspended|
blood platelet	n|tiny bits of protoplasm found in vertebrate blood; essential for blood clotting|
blood poisoning	n|invasion of the bloodstream by virulent microorganisms from a focus of infection|
blood pressure	n|the pressure of the circulating blood against the walls of the blood vessels; results from the systole of the left ventricle of the heart; sometimes measured for a quick evaluation of a person's health|adult blood pressure is considered normal at 120/80 where the first number is the systolic pressure and the second is the diastolic pressure
blood profile	n|counting the number of white and red blood cells and the number of platelets in 1 cubic millimeter of blood|
blood pudding	n|a black sausage containing pig's blood and other ingredients|
blood relation	n|one related by blood or origin; especially on sharing an ancestor with another|
blood relative	n|one related by blood or origin; especially on sharing an ancestor with another|
blood sausage	n|a black sausage containing pig's blood and other ingredients|
blood serum	n|an amber, watery fluid, rich in proteins, that separates out when blood coagulates|
blood spavin	n|spavin caused by distension of the veins|
blood sport	n|sport that involves killing animals (especially hunting)|
blood stream	n|the blood flowing through the circulatory system|
blood sugar	n|glucose in the bloodstream|
blood test	n|a serologic analysis of a sample of blood|
blood transfusion	n|the introduction of blood or blood plasma into a vein or artery|
blood type	n|human blood cells (usually just the red blood cells) that have the same antigens|
blood typing	n|determining a person's blood type by serological methods|
blood vessel	n|a vessel in which blood circulates|
blood-and-guts	adj|marked by great zeal or violence|real blood-and-guts fiction
blood-brain barrier	n|a mechanism that creates a barrier between brain tissues and circulating blood; serves to protect the central nervous system|the brain was protected from the large molecules of the virus by the blood-brain barrier
blood-filled	adj|containing blood|the blood-filled centers of arteries and veins
blood-oxygenation level dependent functional magnetic resonance imaging	n|functional magnetic resonance imaging that relies on intrinsic changes in hemoglobin oxygenation|
blood-red	adj|of a color at the end of the color spectrum (next to orange); resembling the color of blood or cherries or tomatoes or rubies|
blood-related	adj|related by blood|
blood-twig	n|European deciduous shrub turning red in autumn having dull white flowers|
bloodbath	n|indiscriminate slaughter|a bloodbath took place when the leaders of the plot surrendered
bloodberry	n|bushy houseplant having white to pale pink flowers followed by racemes of scarlet berries; tropical Americas|
bloodcurdling	adj|extremely alarming|
bloodguilt	n|the state of being guilty of bloodshed and murder|
bloodguilty	adj|guilty of murder or bloodshed|
bloodhound	n|a breed of large powerful hound of European origin having very acute smell and used in tracking|
bloodily	adv|involving a great bloodshed|
bloodiness	n|the state of being bloody|	n|a disposition to shed blood|
bloodleaf	n|any plant of the genus Iresine having colored foliage|
bloodless	adj|destitute of blood or apparently so|the bloodless carcass of my Hector sold"- John Dryden	adj|free from blood or bloodshed|bloodless surgery	adj|without vigor or zest or energy|an insipid and bloodless young man	adj|devoid of human emotion or feeling|charts of bloodless economic indicators
bloodless revolution	n|the revolution against James II; there was little armed resistance to William and Mary in England although battles were fought in Scotland and Ireland (1688-1689)|
bloodlessly	adv|without bloodshed; in a bloodless manner; without shedding blood|the coup disposed of the dictator bloodlessly
bloodletting	n|formerly used as a treatment to reduce excess blood (one of the four humors of medieval medicine)|	n|indiscriminate slaughter|a bloodbath took place when the leaders of the plot surrendered
bloodline	n|the descendants of one individual|his entire lineage has been warriors	n|ancestry of a purebred animal|
bloodlust	n|a desire for bloodshed|
bloodmobile	n|a motor vehicle equipped to collect blood donations|
bloodroot	n|perennial woodland native of North America having a red root and red sap and bearing a solitary lobed leaf and white flower in early spring and having acrid emetic properties; rootstock used as a stimulant and expectorant|
bloodshed	n|the shedding of blood resulting in murder|he avenged the bloodshed of his kinsmen	n|indiscriminate slaughter|a bloodbath took place when the leaders of the plot surrendered
bloodshot	adj|(of an eye) reddened as a result of locally congested blood vessels; inflamed|bloodshot eyes
bloodstain	n|a discoloration caused by blood|
bloodstained	adj|covered with blood|a bloodstained shirt
bloodstock	n|thoroughbred horses (collectively)|
bloodstone	n|green chalcedony with red spots that resemble blood|
bloodstream	n|the blood flowing through the circulatory system|
bloodsucker	n|carnivorous or bloodsucking aquatic or terrestrial worms typically having a sucker at each end|
bloodsucking	adj|drawing blood from the body of another|a plague of bloodsucking insects	adj|of plants or persons; having the nature or habits of a parasite or leech; living off another|a wealthy class parasitic upon the labor of the masses
bloodthirstiness	n|a disposition to shed blood|
bloodthirsty	adj|marked by eagerness to resort to violence and bloodshed|bloody-minded tyrants
bloodwood tree	n|deciduous South African tree having large odd-pinnate leaves and profuse fragrant orange-yellow flowers; yields a red juice and heavy strong durable wood|	n|spiny shrub or small tree of Central America and West Indies having bipinnate leaves and racemes of small bright yellow flowers and yielding a hard brown or brownish-red heartwood used in preparing a black dye|
bloodworm	n|a segmented marine worm with bright red body; often used for bait|
bloodwort	n|any of various plants of the family Haemodoraceae; roots contain a deep red coloring matter|
bloodwort family	n|some genera placed in family Liliaceae|
bloody	adj|having or covered with or accompanied by blood|a bloody nose	adj|informal intensifiers|what a bally (or blinking) nuisance	adv|extremely|you are bloody right	v|cover with blood|bloody your hands
bloody mary	n|daughter of Henry VIII and Catherine of Aragon who was Queen of England from 1553 to 1558; she was the wife of Philip II of Spain and when she restored Roman Catholicism to England many Protestants were burned at the stake as heretics (1516-1558)|	n|a cocktail made with vodka and spicy tomato juice|
bloody shame	n|a Bloody Mary made without alcohol|
bloody-minded	adj|stubbornly obstructive and unwilling to cooperate|unions...have never been as bloody-minded about demarcation as the shipbuilders"- Spectator	adj|marked by eagerness to resort to violence and bloodshed|bloody-minded tyrants
bloom	n|the organic process of bearing flowers|you will stop all bloom if you let the flowers go to seed	n|reproductive organ of angiosperm plants especially one having showy or colorful parts|	n|the best time of youth|	n|a rosy color (especially in the cheeks) taken as a sign of good health|
bloom of youth	n|the best time of youth|
bloomer	n|a flower that blooms in a particular way|a night bloomer	n|an embarrassing mistake|
bloomeria crocea	n|California plant having grasslike leaves and showy orange flowers|
bloomers	n|(used in the plural) underpants worn by women|she was afraid that her bloomers might have been showing
blooming	n|the organic process of bearing flowers|you will stop all bloom if you let the flowers go to seed	adj|informal intensifiers|what a bally (or blinking) nuisance
blooming-fool begonia	n|hybrid winter-blooming begonia grown for its many large pink flowers|
bloomington	n|a university town in south central Indiana|
bloomsbury	n|a city district of central London laid out in garden squares|
bloomsbury group	n|an inner circle of writers and artists and philosophers who lived in or around Bloomsbury early in the 20th century and were noted for their unconventional lifestyles|
blooper	n|an embarrassing mistake|
blossom	v|produce or yield flowers|The cherry tree bloomed	v|develop or come to a promising stage|Youth blossomed into maturity	n|reproductive organ of angiosperm plants especially one having showy or colorful parts|	n|the period of greatest prosperity or productivity|
blossom forth	v|develop or come to a promising stage|Youth blossomed into maturity
blossom out	v|develop or come to a promising stage|Youth blossomed into maturity
blossoming	n|the time and process of budding and unfolding of blossoms|
blot	n|a blemish made by dirt|he had a smudge on his cheek	n|an act that brings discredit to the person who does it|he made a huge blot on his copybook	v|dry (ink) with blotting paper|	v|make a spot or mark onto|The wine spotted the tablecloth
blot out	v|make undecipherable or imperceptible by obscuring or concealing|a hidden message
blotch	n|an irregularly shaped spot|	v|mark with spots or blotches of different color or shades of color as if stained|
blotched	adj|marked with irregularly shaped spots or blots|
blotchy	adj|marked with irregularly shaped spots or blots|	adj|marred by discolored spots or blotches|blotchy skin
blotted out	adj|reduced to nothingness|
blotter	n|absorbent paper used to dry ink|	n|the daily written record of events (as arrests) in a police station|
blotting paper	n|absorbent paper used to dry ink|
blotto	adj|very drunk|
blouse	n|a top worn by women|
bloviate	v|orate verbosely and windily|
blow	v|exhale hard|blow on the soup to cool it down	v|be blowing or storming|The wind blew from the West	v|free of obstruction by blowing air through|blow one's nose	v|be in motion due to some air or water current|The leaves were blowing in the wind
blow a fuse	v|get very angry and fly into a rage|The professor combusted when the student didn't know the answer to a very elementary question
blow drier	n|a hand-held electric blower that can blow warm air onto the hair; used for styling hair|
blow dryer	n|a hand-held electric blower that can blow warm air onto the hair; used for styling hair|
blow fly	n|large usually hairy metallic blue or green fly; lays eggs in carrion or dung or wounds|
blow gas	n|the gas leaving a generator during a blow period|
blow off	v|come off due to an explosion or other strong force|
blow one's stack	v|get very angry and fly into a rage|The professor combusted when the student didn't know the answer to a very elementary question
blow out	v|melt, break, or become otherwise unusable|The lightbulbs blew out	v|put out, as of fires, flames, or lights|Too big to be extinguished at once, the forest fires at best could be contained	v|erupt in an uncontrolled manner|The oil well blew out
blow out of the water	v|surprise greatly; knock someone's socks off|I was floored when I heard that I was promoted
blow over	v|disappear gradually|The pain eventually passed off
blow tube	n|a tube that directs air or gas into a flame to concentrate heat|	n|a tube through which darts can be shot by blowing|
blow up	v|cause to burst with a violent release of energy|We exploded the nuclear bomb	v|make large|blow up an image	v|get very angry and fly into a rage|The professor combusted when the student didn't know the answer to a very elementary question	v|add details to|
blow-by-blow	adj|providing great detail|a blow-by-blow account of the movie
blow-dry	v|dry hair with a hair dryer|
blowback	n|the backward escape of gases and unburned gunpowder after a gun is fired|	n|misinformation resulting from the recirculation into the source country of disinformation previously planted abroad by that country's intelligence service|
blowball	n|any of several herbs of the genus Taraxacum having long tap roots and deeply notched leaves and bright yellow flowers followed by fluffy seed balls|
blower	n|a device that produces a current of air|	n|a fan run by an electric motor|	n|large aquatic carnivorous mammal with fin-like forelimbs no hind limbs, including: whales; dolphins; porpoises; narwhals|
blowfish	n|delicacy that is highly dangerous because of a potent nerve poison in ovaries and liver|	n|any of numerous marine fishes whose elongated spiny body can inflate itself with water or air to form a globe; several species contain a potent nerve poison; closely related to spiny puffers|
blowfly	n|large usually hairy metallic blue or green fly; lays eggs in carrion or dung or wounds|
blowgun	n|a tube through which darts can be shot by blowing|
blowhard	n|a very boastful and talkative person|
blowhole	n|the spiracle of a cetacean located far back on the skull|	n|a hole for the escape of gas or air|
blowing	n|processing that involves blowing a gas|
blowing gas	n|the gas leaving a generator during a blow period|
blowing up	n|a severe rebuke|he deserved the berating that the coach gave him
blowjob	n|slang for fellatio|
blowlamp	n|a burner that mixes air and gas to produce a very hot flame|
blown	adj|being moved or acted upon by moving air or vapor|blown clouds of dust choked the riders	adj|breathing laboriously or convulsively|
blown-up	adj|as of a photograph; made larger|the enlarged photograph revealed many details
blowout	n|an easy victory|	n|a sudden malfunction of a part or apparatus|the right front tire had a blowout	n|a gay festivity|
blowpipe	n|a tube that directs air or gas into a flame to concentrate heat|	n|a tube through which darts can be shot by blowing|
blowsy	adj|characteristic of or befitting a slut or slattern; used especially of women|
blowtorch	n|a burner that mixes air and gas to produce a very hot flame|
blowtube	n|a tube that directs air or gas into a flame to concentrate heat|	n|a tube through which darts can be shot by blowing|
blowup	n|a violent release of energy caused by a chemical or nuclear reaction|	n|an unrestrained expression of emotion|	n|a photographic print that has been enlarged|
blowy	adj|abounding in or exposed to the wind or breezes|blowy weather
blowzy	adj|characteristic of or befitting a slut or slattern; used especially of women|
blt	n|sandwich filled with slices of bacon and tomato with lettuce|
blu-82	n|a reliable and deadly 15,000-pound fragmentation bomb that explodes just above ground with a large radius; the largest conventional bomb in existence; used in Afghanistan|
blub	v|cry or whine with snuffling|Stop snivelling--you got yourself into this mess!
blubber	v|cry or whine with snuffling|Stop snivelling--you got yourself into this mess!	v|utter while crying|	n|an insulating layer of fat under the skin of whales and other large marine mammals; used as a source of oil|	n|excess bodily weight|she disliked fatness in herself as well as in others
blubber out	v|utter while crying|
blubberer	n|someone who sniffles and weeps with loud sobs|
blubbery	adj|swollen with fat|blubber cheeks
blucher	n|Prussian general who is remembered for his leadership in the wars against Napoleon (1742-1819)|	n|a high shoe with laces over the tongue|
bludgeon	n|a club used as a weapon|	v|overcome or coerce as if by using a heavy club|The teacher bludgeoned the students into learning the math formulas	v|strike with a club or a bludgeon|
bludgeoner	n|an assailant who uses a bludgeon|
blue	adj|of the color intermediate between green and violet; having a color similar to that of a clear unclouded sky|October's bright blue weather"- Helen Hunt Jackson	adj|filled with melancholy and despondency|gloomy at the thought of what he had to face	adj|characterized by profanity or cursing|foul-mouthed and blasphemous	adj|suggestive of sexual impropriety|a blue movie
blue african lily	n|African plant with bright green evergreen leaves and umbels of many usually deep violet-blue flowers|
blue air	n|the sky as viewed during daylight|he shot an arrow into the blue
blue angel	n|the sodium salt of amobarbital that is used as a barbiturate; used as a sedative and a hypnotic|
blue baby	n|an infant born with a bluish color; usually has a defective heart|
blue blood	n|a member of the aristocracy|
blue book	n|a report published by the British government; bound in blue|	n|a register of persons who are socially prominent|	n|a blue booklet used in universities for writing examinations|
blue bugle	n|upright rhizomatous perennial with bright blue flowers; southern Europe|
blue bull	n|large Indian antelope; male is blue-grey with white markings; female is brownish with no horns|
blue cardinal flower	n|tall erect and very leafy perennial herb of eastern North America having dense spikes of blue flowers|
blue cat	n|a large catfish of the Mississippi valley|
blue catfish	n|a large catfish of the Mississippi valley|
blue channel cat	n|a large catfish of the Mississippi valley|
blue channel catfish	n|a large catfish of the Mississippi valley|
blue cheese	n|cheese containing a blue mold|
blue cheese dressing	n|vinaigrette containing crumbled Roquefort or blue cheese|	n|creamy dressing containing crumbled blue cheese|
blue chip	n|a common stock of a nationally known company whose value and dividends are reliable; typically have high price and low yield|blue chips are usually safe investments	n|a blue poker chip with the highest value|
blue cohosh	n|tall herb of eastern North America and Asia having blue berrylike fruit and a thick knotty rootstock formerly used medicinally|
blue columbine	n|columbine of the Rocky Mountains having long-spurred blue flowers|
blue copperas	n|hydrated blue crystalline form of copper sulfate|
blue crab	n|Atlantic crab; most common source of fresh crabmeat|	n|bluish edible crab of Atlantic and Gulf Coasts of North America|
blue curls	n|any of several plants of the genus Trichostema having whorls of small blue flowers|
blue daisy	n|hairy South African or Australian subshrub that has daisylike flowers with blue rays|
blue devil	n|the sodium salt of amobarbital that is used as a barbiturate; used as a sedative and a hypnotic|
blue devils	n|a state of depression|he had a bad case of the blues
blue fig	n|the fruit of the Brisbane quandong tree|	n|Australian tree having hard white timber and glossy green leaves with white flowers followed by one-seeded glossy blue fruit|
blue fleabane	n|widespread weed with pale purple-blue flowers|
blue fox	n|a variety of Arctic fox having a pale grey winter coat|
blue funk	n|a state of nervous depression|he was in a funk
blue grama	n|a pasture grass of western North America|
blue grass	n|any of various grasses of the genus Poa|
blue green	n|a blue-green color or pigment|they painted it a light shade of bluish green
blue gum	n|tall fast-growing timber tree with leaves containing a medicinal oil; young leaves are bluish|
blue jack	n|small salmon of northern Pacific coasts and the Great Lakes|
blue jay	n|common jay of eastern North America; bright blue with grey breast|
blue jeans	n|(used in the plural) close-fitting trousers of heavy denim for manual work or casual wear|
blue jet	n|atmospheric discharges (lasting 10 msec) bursting from the tops of giant storm clouds in blue cones that widen as they flash upward|
blue joke	n|an indelicate joke|
blue law	n|a statute regulating work on Sundays|
blue lotus	n|blue lotus of India and southeastern Asia|	n|blue Egyptian lotus: held sacred by the Egyptians|
blue mahoe	n|erect forest tree of Cuba and Jamaica having variably hairy leaves and orange-yellow or orange-red flowers; yields a moderately dense timber for cabinetwork and gunstocks|
blue marguerite	n|hairy South African or Australian subshrub that has daisylike flowers with blue rays|
blue marlin	n|largest marlin; may reach 2000 pounds; found worldwide in warm seas|
blue mockingbird	n|mockingbird of Mexico|
blue mold fungus	n|fungus causing a serious disease in tobacco plants characterized by bluish-grey mildew on undersides of leaves|
blue moon	n|a long time|something that happens once in blue moon almost never happens
blue mountain tea	n|goldenrod of eastern America having aromatic leaves from which a medicinal tea is made|
blue murder	n|an extravagantly loud outcry|she screamed blue murder
blue nile	n|a headstream of the Nile; joins the White Nile at Khartoum to form the Nile|
blue note	n|a flattened third or seventh|
blue orchid	n|famous orchid of northern India having large pale to deep lilac-blue flowers|
blue pea	n|vine of tropical Asia having pinnate leaves and bright blue flowers with yellow centers|
blue peafowl	n|peafowl of India and Ceylon|
blue peter	n|a blue flag with a white square in the center indicates that the vessel is ready to sail|
blue pickerel	n|variety inhabiting the Great Lakes|
blue pike	n|variety inhabiting the Great Lakes|
blue pikeperch	n|variety inhabiting the Great Lakes|
blue point	n|oysters originally from Long Island Sound but now from anywhere along the northeastern seacoast; usually eaten raw|	n|small edible oyster typically from the southern shore of Long Island|
blue point siamese	n|Siamese cat having a bluish cream-colored body and dark grey points|
blue pointed	n|common blue-grey shark of southwest Pacific; sport and food fish|
blue poppy	n|Chinese perennial having mauve-pink to bright sky blue flowers in drooping cymes|
blue racer	n|bluish-green blacksnake found from Ohio to Texas|
blue ribbon	n|an honor or award gained for excellence|
blue ribbon commission	n|an independent and exclusive commission of nonpartisan statesmen and experts formed to investigate some important governmental issue|
blue ribbon committee	n|an independent and exclusive commission of nonpartisan statesmen and experts formed to investigate some important governmental issue|
blue ribbon jury	n|a jury whose members are selected for special knowledge for a case involving complicated issues|
blue ridge	n|a range of the Appalachians extending from southern Pennsylvania to northern Georgia|
blue ridge mountains	n|a range of the Appalachians extending from southern Pennsylvania to northern Georgia|
blue runner	n|fish of western Atlantic: Cape Cod to Brazil|
blue sage	n|sage of western North America to Central America having violet-blue flowers; widespread in cultivation|	n|Texas sage having intensely blue flowers|	n|aromatic shrub of arid regions of western North America having hoary leaves|
blue shark	n|slender cosmopolitan, pelagic shark; blue body shades to white belly; dangerous especially during maritime disasters|
blue sky	n|the sky as viewed during daylight|he shot an arrow into the blue
blue sky law	n|a state law regulating the sale of securities in an attempt to control the sale of securities in fraudulent enterprises|
blue stone	n|hydrated blue crystalline form of copper sulfate|
blue story	n|an indelicate joke|
blue succory	n|south European plant having dark-eyed flowers with flat blue rays|
blue tit	n|widely distributed European titmouse with bright cobalt blue wings and tail and crown of the head|
blue tulip	n|short hairy perennial with early spring blue-violet or lilac flowers; North America and Siberia|
blue vitriol	n|hydrated blue crystalline form of copper sulfate|
blue wall	n|the secrecy of police officers who lie or look the other way to protect other police officers|the blue wall cracked when some officers refused to take part in the cover-up
blue wall of silence	n|the secrecy of police officers who lie or look the other way to protect other police officers|the blue wall cracked when some officers refused to take part in the cover-up
blue walleye	n|variety inhabiting the Great Lakes|
blue whale	n|largest mammal ever known; bluish-grey migratory whalebone whale mostly of southern hemisphere|
blue-belly	n|common western lizard; seen on logs or rocks|
blue-black	adj|of black tinged with blue|
blue-blind	adj|inability to see the color blue or to distinguish the colors blue and yellow|
blue-blindness	n|rare form of dichromacy characterized by a lowered sensitivity to blue light resulting in an inability to distinguish blue and yellow|
blue-blooded	adj|belonging to or characteristic of the nobility or aristocracy|an aristocratic family
blue-chip	adj|extremely valuable|Rembrandt is considered a blue-chip artist
blue-chip stock	n|a common stock of a nationally known company whose value and dividends are reliable; typically have high price and low yield|blue chips are usually safe investments
blue-collar	adj|of or designating manual industrial work or workers|	adj|of those who work for wages especially manual or industrial laborers|party of the propertyless proletariat"- G.B.Shaw
blue-eyed	adj|favorite|the fair-haired boy of the literary set	adj|having blue eyes|
blue-eyed african daisy	n|bushy perennial of South Africa with white or violet flowers; in its native region often clothes entire valley sides in a sheet of color|
blue-eyed grass	n|plant with grasslike foliage and delicate blue flowers|
blue-flowered	adj|having blue flowers|
blue-fruited	adj|bearing blue fruit|
blue-gray	adj|of grey tinged with blue|
blue-green	adj|of a bluish shade of green|
blue-green algae	n|predominantly photosynthetic prokaryotic organisms containing a blue pigment in addition to chlorophyll; occur singly or in colonies in diverse habitats; important as phytoplankton|
blue-grey	adj|of grey tinged with blue|
blue-headed vireo	n|common vireo of northeastern North America with bluish slaty-grey head|
blue-lilac	adj|of lavender tinged with blue|
blue-pencil	v|cut or eliminate|she edited the juiciest scenes
blue-purple	adj|of purple tinged with blue|
blue-ribbon	adj|selected or chosen for special qualifications|the blue-ribbon event of the season
blue-sky	adj|without immediate commercial value|the company cannot afford to do blue-sky research
blue-violet	adj|of violet tinted with blue|
blue-white	adj|of white tinged with blue|
blueback salmon	n|small salmon with red flesh; found in rivers and tributaries of the northern Pacific and valued as food; adults die after spawning|
bluebeard	n|(fairytale) a monstrous villain who marries seven women; he kills the first six for disobedience|
bluebell	n|sometimes placed in genus Scilla|	n|one of the most handsome prairie wildflowers having large erect bell-shaped bluish flowers; of moist places in prairies and fields from eastern Colorado and Nebraska south to New Mexico and Texas|	n|perennial of northern hemisphere with slender stems and bell-shaped blue flowers|
blueberry	n|any of numerous shrubs of the genus Vaccinium bearing blueberries|	n|sweet edible dark-blue berries of either low-growing or high-growing blueberry plants|
blueberry bush	n|any of numerous shrubs of the genus Vaccinium bearing blueberries|
blueberry pie	n|pie containing blueberries and sugar|
blueberry root	n|tall herb of eastern North America and Asia having blue berrylike fruit and a thick knotty rootstock formerly used medicinally|
blueberry yogurt	n|yogurt with sweetened blueberries or blueberry jam|
bluebill	n|diving ducks of North America having a bluish-grey bill|
bluebird	n|fruit-eating mostly brilliant blue songbird of the East Indies|
bluebonnet	n|a brimless dark blue Scottish cap with a flat top and a plume on one side|
bluebottle	n|an annual Eurasian plant cultivated in North America having showy heads of blue or purple or pink or white flowers|	n|blowfly with iridescent blue body; makes a loud buzzing noise in flight|
bluecoat	n|a person dressed all in blue (as a soldier or sailor)|
bluefin	n|flesh of very large tuna|	n|largest tuna; to 1500 pounds; of mostly temperate seas: feed in polar regions but breed in tropics|
bluefin tuna	n|flesh of very large tuna|	n|largest tuna; to 1500 pounds; of mostly temperate seas: feed in polar regions but breed in tropics|
bluefish	n|bluish warm-water marine food and game fish that follow schools of small fishes into shallow waters|	n|fatty bluish flesh of bluefish|
bluegrass	n|any of various grasses of the genus Poa|	n|an area in central Kentucky noted for its bluegrass and thoroughbred horses|	n|a type of country music played at a rapid tempo on banjos and guitars|
bluegrass country	n|an area in central Kentucky noted for its bluegrass and thoroughbred horses|
bluegrass region	n|an area in central Kentucky noted for its bluegrass and thoroughbred horses|
bluegrass stater	n|a native or resident of Kentucky|
bluehead	n|small Atlantic wrasse the male of which has a brilliant blue head|
blueing	n|used to whiten laundry or hair or give it a bluish tinge|	n|a process that makes something blue (or bluish)|
blueish	adj|of the color intermediate between green and violet; having a color similar to that of a clear unclouded sky|October's bright blue weather"- Helen Hunt Jackson
bluejacket	n|a serviceman in the navy|
blueness	n|blue color or pigment; resembling the color of the clear sky in the daytime|he had eyes of bright blue
bluenose	n|a native or inhabitant of Nova Scotia|
bluepoint	n|oysters originally from Long Island Sound but now from anywhere along the northeastern seacoast; usually eaten raw|	n|small edible oyster typically from the southern shore of Long Island|
blueprint	n|something intended as a guide for making something else|a blueprint for a house	n|photographic print of plans or technical drawings etc.|	v|make a blueprint of|
blueprint paper	n|sensitized paper used to make blueprints|
blues	n|a state of depression|he had a bad case of the blues
bluestocking	n|a woman having literary or intellectual interests|
bluestone	n|bluish-grey sandstone used for paving and building|
bluethroat	n|songbird of northern Europe and Asia|
bluethroat pikeblenny	n|found from Florida to Cuba|
bluetongue	n|a viral disease of sheep and cattle that is transmitted by biting midges|
bluff	n|a high steep bank (usually formed by river erosion)|	n|pretense that your position is stronger than it really is|his bluff succeeded in getting him accepted	n|the act of bluffing in poker; deception by a false show of confidence in the strength of your cards|	adj|very steep; having a prominent and almost vertical front|a bluff headland
bluff out	v|deceive an opponent by a bold bet on an inferior hand with the result that the opponent withdraws a winning hand|
bluffer	n|a person who tries to bluff other people|
bluffly	adv|in a blunt direct manner|he spoke bluntly
bluffness	n|good-natured frankness|
bluing	n|used to whiten laundry or hair or give it a bluish tinge|	n|a process that makes something blue (or bluish)|
bluish	adj|of the color intermediate between green and violet; having a color similar to that of a clear unclouded sky|October's bright blue weather"- Helen Hunt Jackson
bluish black	adj|of black tinged with blue|
bluish green	adj|of a bluish shade of green|	n|a blue-green color or pigment|they painted it a light shade of bluish green
bluish-gray	adj|of grey tinged with blue|
bluish-grey	adj|of grey tinged with blue|
bluish-lilac	adj|of lavender tinged with blue|
bluish-purple	adj|of purple tinged with blue|
bluish-violet	adj|of violet tinted with blue|
bluish-white	adj|of white tinged with blue|
blunder	n|an embarrassing mistake|	v|commit a faux pas or a fault or make a serious mistake|I blundered during the job interview	v|make one's way clumsily or blindly|He fumbled towards the door	v|utter impulsively|He blurted out the secret
blunder out	v|utter impulsively|He blurted out the secret
blunderbuss	n|a short musket of wide bore with a flared muzzle|
blunderer	n|someone who makes mistakes because of incompetence|
blunt	adj|having a broad or rounded end|thick marks made by a blunt pencil	adj|used of a knife or other blade; not sharp|a blunt instrument	adj|characterized by directness in manner or speech; without subtlety or evasion|blunt talking and straight shooting	adj|devoid of any qualifications or disguise or adornment|the blunt truth
blunt file	n|a file with parallel edges|
blunt trauma	n|injury incurred when the human body hits or is hit by a large outside object (as a car)|
blunt-leaf heath	n|small erect shrub of Australia and Tasmania with fragrant ivory flowers|
blunted	adj|made dull or blunt|
bluntly	adv|in a blunt direct manner|he spoke bluntly
bluntness	n|the quality of being direct and outspoken|the bluntness of a Yorkshireman	n|without sharpness or clearness of edge or point|the dullness of the pencil made his writing illegible
blur	v|become glassy; lose clear vision|Her eyes glazed over from lack of sleep	v|to make less distinct or clear|The haze blurs the hills	v|make unclear, indistinct, or blurred|Her remarks confused the debate	v|make a smudge on; soil by smudging|
blurb	n|a promotional statement (as found on the dust jackets of books)|the author got all his friends to write blurbs for his book
blurred	adj|indistinct or hazy in outline|a landscape of blurred outlines	adj|unclear in form or expression|the blurred aims of the group
blurriness	n|the quality of being indistinct and without sharp outlines|
blurry	adj|indistinct or hazy in outline|a landscape of blurred outlines
blurt	v|utter impulsively|He blurted out the secret
blurt out	v|utter impulsively|He blurted out the secret
blush	v|turn red, as if in embarrassment or shame|The girl blushed when a young man whistled as she walked by	v|become rosy or reddish|her cheeks blushed in the cold winter air	n|a rosy color (especially in the cheeks) taken as a sign of good health|	n|sudden reddening of the face (as from embarrassment or guilt or shame or modesty)|
blush wine	n|pinkish table wine from red grapes whose skins were removed after fermentation began|
blusher	n|yellowish edible agaric that usually turns red when touched|	n|makeup consisting of a pink or red powder applied to the cheeks|
blushful	adj|having a red face from embarrassment or shame or agitation or emotional upset|the blushing boy was brought before the Principal	adj|of blush color|blushful mists
blushing	adj|having a red face from embarrassment or shame or agitation or emotional upset|the blushing boy was brought before the Principal
blushing mushroom	n|yellowish edible agaric that usually turns red when touched|
bluster	n|noisy confusion and turbulence|he was awakened by the bluster of their preparations	n|a swaggering show of courage|	n|a violent gusty wind|	n|vain and empty boasting|
blusterer	n|a person who causes trouble by speaking indiscreetly|
blustering	adj|blowing in violent and abrupt bursts|blustering (or blusterous) winds of Patagonia
blusterous	adj|blowing in violent and abrupt bursts|blustering (or blusterous) winds of Patagonia
blustery	adj|blowing in violent and abrupt bursts|blustering (or blusterous) winds of Patagonia	adj|noisily domineering; tending to browbeat others|
bm	n|solid excretory product evacuated from the bowels|	n|a euphemism for defecation|he had a bowel movement
bmdo	n|an agency in the Department of Defense that is responsible for making ballistic missile defense a reality|
bmi	n|a measure of someone's weight in relation to height; to calculate one's BMI, multiply one's weight in pounds and divide that by the square of one's height in inches; overweight is a BMI greater than 25; obese is a BMI greater than 30|
bmr	n|the rate at which heat is produced by an individual in a resting state|
bmus	n|a bachelor's degree in music|
bns	n|a bachelor's degree in naval science|
bo hai	n|an inlet of the Yellow Sea, on the coast of Eastern China|
bo tree	n|fig tree of India noted for great size and longevity; lacks the prop roots of the banyan; regarded as sacred by Buddhists|
bo's'n	n|a petty officer on a merchant ship who controls the work of other seamen|
bo'sun	n|a petty officer on a merchant ship who controls the work of other seamen|
boa	n|a long thin fluffy scarf of feathers or fur|	n|any of several chiefly tropical constrictors with vestigial hind limbs|
boa constrictor	n|very large boa of tropical America and West Indies|
boann	n|Celtic goddess; mother of Angus Og|
boar	n|an uncastrated male hog|
board	n|a committee having supervisory powers|the board has seven members	n|a stout length of sawn timber; made in a wide variety of sizes and used for many purposes|	n|a flat piece of material designed for a special purpose|he nailed boards across the windows	n|food or meals in general|she sets a fine table
board foot	n|the volume of a piece of wood 1 foot square and 1 inch thick|
board game	n|a game played on a specially designed board|
board measure	n|a system of units for measuring lumber based on the board foot|
board meeting	n|a meeting for administrative purposes|
board member	n|a member of a governing board|
board of appeals	n|a board of officials that are not judicial but are appointed to hear appeals|
board of directors	n|a group of persons chosen to govern the affairs of a corporation or other large institution|
board of education	n|a board in charge of local public schools|
board of regents	n|a committee of university officers who have general supervision over the welfare and conduct of students|
board of selectmen	n|a board of officials elected to administer the public business of a New England town|
board of trade unit	n|a unit of energy equal to the work done by a power of 1000 watts operating for one hour|
board of trustees	n|a governing board elected or appointed to direct the policies of an educational institution|
board rule	n|a measure used in computing board feet|
board up	v|cover with wooden boards|board up windows before the hurricane
boarder	n|a tenant in someone's house|	n|someone who forces their way aboard ship|stand by to repel boarders	n|a pupil who lives at school during term time|
boarding	n|the act of passengers and crew getting aboard a ship or aircraft|	n|a structure of boards|
boarding card	n|a pass that allows you to board a ship or plane|
boarding house	n|a private house that provides accommodations and meals for paying guests|
boarding pass	n|a pass that allows you to board a ship or plane|
boarding school	n|a private school where students are lodged and fed as well as taught|
boardinghouse	n|a private house that provides accommodations and meals for paying guests|
boardroom	n|a room where a committee meets (such as the board of directors of a company)|
boards	n|(used in the plural) the stage of a theater|most actors love to stride the boards	n|(used in the plural) the boarding that surrounds an ice hockey rink|
boardwalk	n|a walkway made of wooden boards; usually at seaside|
boarfish	n|fish with large eyes and long snouts|	n|fish with a projecting snout|
boarhound	n|large hound used in hunting wild boars|
boast	v|show off|	v|wear or display in an ostentatious or proud manner|she was sporting a new hat	n|speaking of yourself in superlatives|
boaster	n|a very boastful and talkative person|
boastful	adj|exhibiting self-importance|big talk
boastfully	adv|in a boastful manner|he talked big all evening
boastfulness	n|outspoken conceit|
boasting	n|speaking of yourself in superlatives|
boat	n|a small vessel for travel on water|	n|a dish (often boat-shaped) for serving gravy or sauce|	v|ride in a boat on water|
boat bug	n|carnivorous aquatic bug having paddle-like hind legs|
boat club	n|club that promotes and supports yachting and boating|
boat deck	n|the upper deck on which lifeboats are stored|
boat hook	n|pole-handled hook used to pull or push boats|
boat paddle	n|a short light oar used without an oarlock to propel a canoe or small boat|
boat race	n|a race between people rowing or driving boats|
boat racing	n|the sport of racing boats|
boat train	n|a train taking passengers to or from a port|
boat whistle	n|a whistle on a boat that is sounded as a warning|
boat-race	v|participate in a boat race|
boat-shaped	adj|having a concave shape like a boat|
boatbuilder	n|a person who builds boats|
boater	n|a stiff hat made of straw with a flat crown|	n|someone who drives or rides in a boat|
boathouse	n|a shed at the edge of a river or lake; used to store boats|
boating	n|water travel for pleasure|
boatload	n|the amount of cargo that can be held by a boat or ship or a freight car|he imported wine by the boatload
boatman	n|someone who drives or rides in a boat|
boatmanship	n|skill in handling boats|
boatswain	n|a petty officer on a merchant ship who controls the work of other seamen|
boatswain bird	n|mostly white web-footed tropical seabird often found far from land|
boatswain's chair	n|a seat consisting of a board and a rope; used while working aloft or over the side of a ship|
boatyard	n|a place where boats are built or maintained or stored|
bob	v|move up and down repeatedly|her rucksack bobbed gently on her back	v|ride a bobsled|The boys bobbed down the hill screaming with pleasure	v|remove or shorten the tail of an animal|	v|make a curtsy; usually done only by girls and women; as a sign of respect|She curtsied when she shook the Queen's hand
bob about	v|move up and down with no specific path|the cork bobbed around in the pool
bob around	v|move up and down with no specific path|the cork bobbed around in the pool
bob marley	n|Jamaican singer who popularized reggae (1945-1981)|
bob under	v|disappear suddenly, as if under the surface of a body of water|
bob up	v|originate or come into being|a question arose
bobber	n|a small float usually made of cork; attached to a fishing line|
bobbin	n|a winder around which thread or tape or film or other flexible materials can be wound|
bobbin lace	n|a handmade lace worked on a pillow with threads wound on bobbins; the pattern is marked out on the pillow by pins|
bobble	n|the momentary juggling of a batted or thrown baseball|the second baseman made a bobble but still had time to throw the runner out	v|make a mess of, destroy or ruin|I botched the dinner and we had to eat out
bobby	n|an informal term for a British policeman|
bobby orr	n|Canadian hockey player (born 1948)|
bobby pin	n|a flat wire hairpin whose prongs press tightly together; used to hold bobbed hair in place|in Britain they call a bobby pin a grip
bobby-socker	n|an adolescent girl wearing bobby socks (common in the 1940s)|
bobbysock	n|a sock that reaches just above the ankle|
bobbysocks	n|a sock that reaches just above the ankle|
bobbysoxer	n|an adolescent girl wearing bobby socks (common in the 1940s)|
bobcat	n|small lynx of North America|
bobfloat	n|a small float usually made of cork; attached to a fishing line|
bobsled	n|formerly two short sleds coupled together|	n|a long racing sled (for 2 or more people) with a steering mechanism|	v|ride a bobsled|The boys bobbed down the hill screaming with pleasure
bobsledding	n|riding on a bobsled|
bobsleigh	n|formerly two short sleds coupled together|	n|a long racing sled (for 2 or more people) with a steering mechanism|
bobtail	adj|having a short or shortened tail|bobtail mare	n|a short or shortened tail of certain animals|	n|large sheepdog with a profuse shaggy bluish-grey-and-white coat and short tail; believed to trace back to the Roman occupation of Britain|
bobtailed	adj|having a short or shortened tail|bobtail mare
boccaccio	n|Italian poet (born in France) (1313-1375)|
bocce	n|Italian bowling played on a long narrow dirt court|
bocce ball	n|wooden ball that is bowled in the Italian game of bocce|
bocci	n|Italian bowling played on a long narrow dirt court|
bocci ball	n|wooden ball that is bowled in the Italian game of bocce|
boccie	n|Italian bowling played on a long narrow dirt court|
boccie ball	n|wooden ball that is bowled in the Italian game of bocce|
bocconia	n|herb of China and Japan widely cultivated for its plumelike panicles of creamy white flowers|
boche	n|offensive term for a person of German descent|
bock	n|a very strong lager traditionally brewed in the fall and aged through the winter for consumption in the spring|
bock beer	n|a very strong lager traditionally brewed in the fall and aged through the winter for consumption in the spring|
bod	n|alternative names for the body of a human being|Leonardo studied the human body
bodacious	adj|incorrigible|a bodacious gossip	adj|unrestrained by convention or propriety|an audacious trick to pull
boddhisatva	n|Buddhist worthy of nirvana who postpones it to help others|
bode	v|indicate, as with a sign or an omen|These signs bode bad news
bodega	n|a small Hispanic shop selling wine and groceries|
bodensee	n|a lake in southeastern Germany on the northern side of the Swiss Alps; forms part of the Rhine River|
bodge	v|make a mess of, destroy or ruin|I botched the dinner and we had to eat out
bodhisattva	n|Buddhist worthy of nirvana who postpones it to help others|
bodice	n|part of a dress above the waist|
bodice ripper	n|a romantic novel containing scenes in which the heroine is sexually violated|
bodied	adj|having a body or a body of a specified kind; often used in combination|strong-bodied	adj|possessing or existing in bodily form|what seemed corporal melted as breath into the wind"- Shakespeare
bodiless	adj|not having a material body|bodiless ghosts	adj|having no trunk or main part|a bodiless head
bodily	adv|in bodily form|he was translated bodily to heaven	adj|of or relating to or belonging to the body|a bodily organ	adj|affecting or characteristic of the body as opposed to the mind or spirit|bodily needs	adj|having or relating to a physical material body|bodily existence
bodily cavity	n|(anatomy) a natural hollow or sinus within the body|
bodily fluid	n|the liquid parts of the body|
bodily function	n|an organic process that takes place in the body|respiratory activity
bodily process	n|an organic process that takes place in the body|respiratory activity
bodily property	n|an attribute of the body|
bodily structure	n|a particular complex anatomical part of a living thing and its construction and arrangement|he has good bone structure
boding	n|a feeling of evil to come|a steadily escalating sense of foreboding
bodkin	n|a dagger with a slender blade|	n|formerly a long hairpin; usually with an ornamental head|	n|a small sharp-pointed tool for punching holes in leather or fabric|	n|a blunt needle for threading ribbon through loops|
bodo-garo	n|Kamarupan languages spoken in the state of Assam in northeastern India|
bodoni	n|Italian printer who designed the Bodoni font (1740-1813)|	n|a typeface (based on an 18th century design by Gianbattista Bodoni) distinguished by regular shape and hairline serifs and heavy downstrokes|
bodoni font	n|a typeface (based on an 18th century design by Gianbattista Bodoni) distinguished by regular shape and hairline serifs and heavy downstrokes|
body	n|the entire physical structure of an organism (an animal, plant, or human being)|he felt as if his whole body were on fire	n|a group of persons associated by some common tie or occupation and regarded as an entity|the whole body filed out of the auditorium	n|a natural object consisting of a dead animal or person|they found the body in the lake	n|an individual 3-dimensional object that has mass and that is distinguishable from other objects|heavenly body
body and soul	adv|with complete faith|she was with him heart and soul
body armor	n|armor that protects the wearer's whole body|
body armour	n|armor that protects the wearer's whole body|
body bag	n|a bag in which the body of a dead soldier is placed|
body count	n|a count of troops killed in an operation or time period|the daily body count increased as the war went on
body covering	n|any covering for the body or a body part|
body english	n|a motion of the body by a player as if to make an object already propelled go in the desired direction|
body fluid	n|the liquid parts of the body|
body forth	v|represent in bodily form|He embodies all that is evil wrong with the system
body guard	v|accompany and protect from physical harm|
body hair	n|short hair growing over a person's body|
body image	n|an individual's idea as assessment of his or her own body|some teenagers are obsessed with their body image
body language	n|communication via the movements or attitudes of the body|
body length	n|the length of your body|
body lotion	n|lotion applied to the body after bathing|
body louse	n|a parasitic louse that infests the body of human beings|
body mass index	n|a measure of someone's weight in relation to height; to calculate one's BMI, multiply one's weight in pounds and divide that by the square of one's height in inches; overweight is a BMI greater than 25; obese is a BMI greater than 30|
body odor	n|malodorousness resulting from a failure to bathe|
body odour	n|malodorousness resulting from a failure to bathe|
body of water	n|the part of the earth's surface covered with water (such as a river or lake or ocean)|they invaded our territorial waters
body of work	n|the total output of a writer or artist (or a substantial part of it)|he studied the entire Wagnerian oeuvre
body pad	n|a pad worn by hockey goalkeeper|
body part	n|any part of an organism such as an organ or extremity|
body plethysmograph	n|plethysmograph consisting of a chamber surrounding the entire body; used in studies of respiration|
body politic	n|a politically organized body of people under a single government|the state has elected a new president
body process	n|an organic process that takes place in the body|respiratory activity
body servant	n|a valet or personal maid|
body snatcher	n|someone who takes bodies from graves and sells them for anatomical dissection|
body stocking	n|a one-piece tight-fitting undergarment for women that covers the torso (and may have sleeves and legs)|
body structure	n|a particular complex anatomical part of a living thing and its construction and arrangement|he has good bone structure
body substance	n|the substance of the body|
body suit	n|a tight-fitting garment of stretchy material that covers the body from the shoulders to the thighs (and may have long sleeves or legs reaching down to the ankles); worn by ballet dancers and acrobats for practice or performance|
body temperature	n|temperature of the body; normally 98.6 F or 37 C in humans; usually measured to obtain a quick evaluation of a person's health|
body type	n|a category of physique|
body waste	n|waste matter (as urine or sweat but especially feces) discharged from the body|
body weight	n|the weight of a person's body|
body-build	n|constitution of the human body|
body-surf	v|ride the crest of a wave without a surfboard|
bodybuilder	n|someone who does special exercises to develop a brawny musculature|
bodybuilding	n|exercise that builds muscles through tension|
bodyguard	n|someone who escorts and protects a prominent person|	n|a group of men who escort and protect some important person|
bodyless	adj|having no trunk or main part|a bodiless head
bodypaint	v|apply paint to a body|
bodywork	n|the exterior body of a motor vehicle|	n|the work of making or repairing vehicle bodies|
boehm	n|German mystic and theosophist who founded modern theosophy; influenced George Fox (1575-1624)|
boehme	n|German mystic and theosophist who founded modern theosophy; influenced George Fox (1575-1624)|
boehmenism	n|the mystical theological doctrine of Jakob Boehme that influenced the Quakers|
boehmeria	n|false nettle|
boehmeria nivea	n|tall perennial herb of tropical Asia with dark green leaves; cultivated for the fiber from its woody stems that resembles flax|
boell	n|German novelist and writer of short stories (1917-1985)|
boeotia	n|a district of ancient Greece to the northwest of Athens|
boeotian	adj|of or relating to ancient Boeotia or its people or to the dialect spoken there in classical times|Boeotian dialects
boer	n|a white native of Cape Province who is a descendant of Dutch settlers and who speaks Afrikaans|
boer war	n|either of two wars: the first when the Boers fought England in order to regain the independence they had given up to obtain British help against the Zulus (1880-1881); the second when the Orange Free State and Transvaal declared war on Britain (1899-1902)|
boethius	n|a Roman who was an early Christian philosopher and statesman who was executed for treason; Boethius had a decisive influence on medieval logic (circa 480-524)|
boeuf	n|meat from an adult domestic bovine|
boeuf bourguignonne	n|beef and mushrooms and onions stewed in red wine and seasonings|
boeuf fondu bourguignon	n|cubes of beef cooked in hot oil and then dipped in various tasty sauces|
boffin	n|(British slang) a scientist or technician engaged in military research|
boffo	adj|resoundingly successful and popular|for years he was a boffo box office certainty
bofors gun	n|an automatic double-barreled antiaircraft gun|
bog	n|wet spongy ground of decomposing vegetation; has poorer drainage than a swamp; soil is unfit for cultivation but can be cut and dried and used for fuel|	v|cause to slow down or get stuck|The vote would bog down the house	v|get stuck while doing something|She bogged down many times while she wrote her dissertation
bog asphodel	n|either of two herbaceous rushlike bog plants having small yellow flowers and grasslike leaves; north temperate regions|
bog aster	n|a variety of aster|
bog bilberry	n|an evergreen shrub with leathery leaves|
bog candles	n|orchid with spikes of many fragrant white flowers on erect leafy stems; of wet or boggy ground through most of the West and northern North America|
bog down	v|get stuck while doing something|She bogged down many times while she wrote her dissertation	v|cause to get stuck as if in a mire|The mud mired our cart	v|be unable to move further|The car bogged down in the sand	v|cause to slow down or get stuck|The vote would bog down the house
bog hemp	n|any of several flowering weeds of the genus Boehmeria lacking stinging hairs|
bog moss	n|any of various pale or ashy mosses of the genus Sphagnum whose decomposed remains form peat|
bog myrtle	n|perennial plant of Europe and America having racemes of white or purplish flowers and intensely bitter trifoliate leaves; often rooting at water margin and spreading across the surface|
bog pimpernel	n|small creeping European herb having delicate pink flowers|
bog plant	n|a semiaquatic plant that grows in soft wet land; most are monocots: sedge, sphagnum, grasses, cattails, etc; possibly heath|
bog rein orchid	n|orchid with spikes of many fragrant white flowers on erect leafy stems; of wet or boggy ground through most of the West and northern North America|
bog rhubarb	n|small Eurasian herb having broad leaves and lilac-pink rayless flowers; found in moist areas|
bog rose	n|a bog orchid with usually a solitary fragrant magenta pink blossom with a wide gaping corolla; Canada|
bog soil	n|poorly drained soils on top of peat and under marsh or swamp vegetation|
bog spavin	n|spavin caused by collection of fluids|
bog star	n|plant having ovate leaves in a basal rosette and white starlike flowers netted with green|
bog whortleberry	n|an evergreen shrub with leathery leaves|
bogartian	adj|of or relating to or in the style of Humphrey Bogart|
bogbean	n|perennial plant of Europe and America having racemes of white or purplish flowers and intensely bitter trifoliate leaves; often rooting at water margin and spreading across the surface|
bogey	n|an evil spirit|	n|(golf) a score of one stroke over par on a hole|	n|an unidentified (and possibly enemy) aircraft|	v|to shoot in one stroke over par|
bogeyman	n|an imaginary monster used to frighten children|
boggle	v|startle with amazement or fear|	v|hesitate when confronted with a problem, or when in doubt or fear|	v|overcome with amazement|This boggles the mind!
boggy	adj|(of soil) soft and watery|the ground was boggy under foot
bogie	n|an evil spirit|	n|an unidentified (and possibly enemy) aircraft|
bogmat	n|having narrow flat sickle-shaped submerged fronds; North America|
bogota	n|capital and largest city of Colombia; located in central Colombia on a high fertile plain|
bogus	adj|fraudulent; having a misleading appearance|
bogy	n|an unidentified (and possibly enemy) aircraft|	n|an evil spirit|
bohemia	n|a historical area and former kingdom in the Czech Republic|	n|a group of artists and writers with real or pretended artistic or intellectual aspirations and usually an unconventional life style|
bohemian	adj|of or relating to Bohemia or its language or people|	adj|unconventional in especially appearance and behavior|a bohemian life style	n|a member of a people with dark skin and hair who speak Romany and who traditionally live by seasonal work and fortunetelling; they are believed to have originated in northern India but now are living on all continents (but mostly in Europe, North Africa, and North America)|	n|a native or inhabitant of Bohemia in the Czech Republic|
bohemian waxwing	n|large waxwing of northern North America; similar to but larger than the cedar waxwing|
bohemianism	n|conduct characteristic of a bohemian|
bohme	n|German mystic and theosophist who founded modern theosophy; influenced George Fox (1575-1624)|
bohr	n|Danish physicist who studied atomic structure and radiations; the Bohr theory of the atom accounted for the spectrum of hydrogen (1885-1962)|
bohr theory	n|(physics) a theory of atomic structure that combined Rutherford's model with the quantum theory; electrons orbiting a nucleus can only be in certain stationary energy states and light is emitted when electrons jump from one energy state to another|
bohrium	n|a transuranic element|
boidae	n|boas and pythons|
boil	v|come to the boiling point and change from a liquid to vapor|Water boils at 100 degrees Celsius	v|immerse or be immersed in a boiling liquid, often for cooking purposes|boil potatoes	v|bring to, or maintain at, the boiling point|boil this liquid until it evaporates	v|be agitated|the sea was churning in the storm
boil down	v|be the essential element|The proposal boils down to a compromise	v|be cooked until very little liquid is left|The sauce should reduce to one cup	v|cook until very little liquid is left|The cook reduced the sauce by boiling it for a long time
boil over	v|overflow or cause to overflow while boiling|The milk is boiling over
boil smut	n|a common smut attacking Indian corn causing greyish white swellings that rupture to expose a black spore mass|
boiled	adj|cooked in hot water|
boiled dinner	n|corned beef simmered with onions and cabbage and usually other vegetables|
boiled egg	n|egg cooked briefly in the shell in gently boiling water|
boiler	n|sealed vessel where water is converted to steam|	n|a metal pot for stewing or boiling; usually has a lid|
boilerplate	n|standard formulations uniformly found in certain types of legal documents or news stories|	n|thick plate iron used in the production of boilers|
boilers suit	n|a loose protective coverall or smock worn over ordinary clothing for dirty work|
boilersuit	n|a loose protective coverall or smock worn over ordinary clothing for dirty work|
boiling	n|the application of heat to change something from a liquid to a gas|	n|cooking in a liquid that has been brought to a boil|	adv|extremely|boiling mad
boiling point	n|the temperature at which a liquid boils at sea level|they brought the water to a boil	n|being highly angry or excited; ready to boil over|after an hour of waiting I was at the boiling point
boiling water reactor	n|a nuclear reactor that uses water as a coolant and moderator; the water boils in the reactor core and the steam produced can drive a steam turbine|
boise	n|the capital and largest city of Idaho|
boisterous	adj|noisy and lacking in restraint or discipline|a boisterous crowd	adj|full of rough and exuberant animal spirits|boisterous practical jokes	adj|violently agitated and turbulent|boisterous winds and waves
boisterously	adv|in a carefree manner|she was rollickingly happy
boisterousness	n|a turbulent and stormy state of the sea|	n|the property of being noisy and lively and unrestrained|
bok choi	n|Asiatic plant grown for its cluster of edible white stalks with dark green leaves|	n|elongated head of dark green leaves on thick white stalks|
bok choy	n|Asiatic plant grown for its cluster of edible white stalks with dark green leaves|	n|elongated head of dark green leaves on thick white stalks|
bokkos	n|a Chadic language spoken in northern Nigeria|
bokmaal	n|book language; one of two official languages of Norway; closely related to Danish|
bokmal	n|book language; one of two official languages of Norway; closely related to Danish|
bola	n|a cord fastened around the neck with an ornamental clasp and worn as a necktie|
bola tie	n|a cord fastened around the neck with an ornamental clasp and worn as a necktie|
bolanci	n|a Chadic language spoken in northern Nigeria and closely related to Hausa|
bolbitis	n|terrestrial or less than normally scandent ferns of tropical regions of northern hemisphere|
bold	adj|fearless and daring|bold settlers on some foreign shore	adj|clear and distinct|bold handwriting	adj|very steep; having a prominent and almost vertical front|a bluff headland	n|a typeface with thick heavy lines|
bold face	n|a typeface with thick heavy lines|
bold fmri	n|functional magnetic resonance imaging that relies on intrinsic changes in hemoglobin oxygenation|
boldface	n|a typeface with thick heavy lines|	v|print in boldface|
boldly	adv|with boldness, in a bold manner|we must tackle these tasks boldly
boldness	n|the trait of being willing to undertake things that involve risk or danger|the proposal required great boldness	n|impudent aggressiveness|I couldn't believe her boldness	n|the quality of standing out strongly and distinctly|
bole	n|a soft oily clay used as a pigment (especially a reddish brown pigment)|	n|the main stem of a tree; usually covered with bark; the bole is usually the part that is commercially useful for lumber|	n|a Chadic language spoken in northern Nigeria and closely related to Hausa|
bolero	n|music written in the rhythm of the bolero dance|	n|a short jacket; worn mostly by women|	n|a Spanish dance in triple time accompanied by guitar and castanets|
boletaceae	n|family of fleshy fungi having the germ pores easily separating from the cup and often from each other|
bolete	n|any fungus of the family Boletaceae|
boletellus	n|a genus of fungi belonging to the family Boletaceae|
boletellus russellii	n|a fungus with a long coarsely shaggy reticulate stalk and a rimose areolate cap surface|
boletus	n|type genus of Boletaceae; genus of soft early-decaying pore fungi; some poisonous and some edible|
boletus chrysenteron	n|a fungus convex cap and a dingy yellow under surface and a dry stalk|
boletus edulis	n|an edible and choice fungus; has a convex cap that is slightly viscid when fresh and moist but soon dries and a thick bulbous tan stalk|
boletus frostii	n|a fungus with a red cap and a red coarsely reticulate stalk|
boletus luridus	n|a poisonous fungus with a dingy yellow cap and orange red undersurface and a cylindrical reticulate stalk|
boletus mirabilis	n|a fungus that is edible when young and fresh; has a dark brown convex cap with a yellow to greenish under surface and reddish stalk|
boletus pallidus	n|a fungus that has an off-white cap when it is young but later becomes dingy brown and a stalk of the same color; the under surface of the cap (the tubes) a pale greenish yellow|
boletus pulcherrimus	n|a beautiful but poisonous bolete; has a brown cap with a scarlet pore surface and a thick reticulate stalk|
boletus pulverulentus	n|an edible fungus with a broadly convex blackish brown cap and a pore surface that is yellow when young and darkens with age; stalk is thick and enlarges toward the base|
boletus roxanae	n|a fungus with a rusty red cap and a white pore surface that becomes yellow with age and a pale yellow stalk|
boletus subvelutipes	n|a fungus with a velvety stalk and usually a dingy brown cap; injured areas turn blue instantly|
boletus variipes	n|an edible (but not choice) fungus found on soil under hardwoods; has a dry convex cap with whitish under surface and a reticulate stalk|
boletus zelleri	n|an edible and choice fungus that has a brown cap with greenish yellow under surface and a stalk that become dull red with age|
boleyn	n|the second wife of Henry VIII and mother of Elizabeth I; was executed on a charge of adultery (1507-1536)|
bolide	n|an especially luminous meteor (sometimes exploding)|
bolingbroke	n|the first Lancastrian king of England from 1399 to 1413; deposed Richard II and suppressed rebellions (1367-1413)|
bolivar	n|the basic unit of money in Venezuela; equal to 100 centimos|
bolivia	n|a landlocked republic in central South America; Simon Bolivar founded Bolivia in 1825 after winning independence from Spain|	n|a form of canasta in which sequences can be melded|
bolivian	adj|of or relating to or characteristic of Bolivia or its people|	n|a native or inhabitant of Bolivia|
bolivian monetary unit	n|monetary unit in Bolivia|
boliviano	n|the basic unit of money in Bolivia; equal to 100 centavos|
boll	n|the rounded seed-bearing capsule of a cotton or flax plant|
boll weevil	n|greyish weevil that lays its eggs in cotton bolls destroying the cotton|
bollard	n|a strong post (as on a wharf or quay or ship for attaching mooring lines)|the road was closed to vehicular traffic with bollards
bollix	v|make a mess of, destroy or ruin|I botched the dinner and we had to eat out
bollix up	v|make a mess of, destroy or ruin|I botched the dinner and we had to eat out
bollock	n|one of the two male reproductive glands that produce spermatozoa and secrete androgens|she kicked him in the balls and got away	n|a pulley-block at the head of a topmast|
bollocks	v|make a mess of, destroy or ruin|I botched the dinner and we had to eat out
bollocks up	v|make a mess of, destroy or ruin|I botched the dinner and we had to eat out
bollworm	n|any of various moth caterpillars that destroy cotton bolls|
bollywood	n|the film industry of India|
bolo	n|a cord fastened around the neck with an ornamental clasp and worn as a necktie|	n|long heavy knife with a single edge; of Philippine origin|
bolo knife	n|long heavy knife with a single edge; of Philippine origin|
bolo tie	n|a cord fastened around the neck with an ornamental clasp and worn as a necktie|
bologna	n|the capital of Emilia-Romagna; located in northern Italy to the east of the Apennines|	n|large smooth-textured smoked sausage of beef and veal and pork|
bologna sausage	n|large smooth-textured smoked sausage of beef and veal and pork|
bolognese pasta sauce	n|sauce for pasta; contains mushrooms and ham and chopped vegetables and beef and tomato paste|
bologram	n|record or recording made by a bolometer|
bolograph	n|record or recording made by a bolometer|
bolographic	adj|of or relating to a bolograph|
bolometer	n|an instrument that measures heat radiation; extremely sensitive|
bolometric	adj|of or relating to a bolometer|
boloney	n|pretentious or silly talk or writing|
bolshevik	n|emotionally charged terms used to refer to extreme radicals or revolutionaries|	n|a Russian member of the left-wing majority group that followed Lenin and eventually became the Russian communist party|	adj|of or relating to Bolshevism|Bolshevik Revolution
bolshevise	v|make Communist or bring in accord with Communist principles|communize the government
bolshevism	n|Soviet communism|
bolshevist	adj|of or relating to Bolshevism|Bolshevik Revolution	n|a Russian member of the left-wing majority group that followed Lenin and eventually became the Russian communist party|
bolshevistic	adj|of or relating to Bolshevism|Bolshevik Revolution
bolshevize	v|make Communist or bring in accord with Communist principles|communize the government
bolshie	n|emotionally charged terms used to refer to extreme radicals or revolutionaries|
bolshy	adj|obstreperous|	n|emotionally charged terms used to refer to extreme radicals or revolutionaries|
bolster	n|a pillow that is often put across a bed underneath the regular pillows|	v|support and strengthen|bolster morale	v|prop up with a pillow or bolster|	v|add padding to|pad the seat of the chair
bolster up	v|support and strengthen|bolster morale
bolt	n|a discharge of lightning accompanied by thunder|	n|a sliding bar in a breech-loading firearm that ejects an empty cartridge and replaces it and closes the breech|	n|the part of a lock that is engaged or withdrawn with a key|	n|the act of moving with great haste|he made a dash for the door
bolt cutter	n|an implement for cutting bolts|
bolt down	v|drink down entirely|He downed three martinis before dinner	v|eat a large amount of food quickly|The children gobbled down most of the birthday cake
bolt of lightning	n|a discharge of lightning accompanied by thunder|
bolt out	v|leave suddenly and as if in a hurry|The listeners bolted when he discussed his strange ideas
bolt-hole	n|a hole through which an animal may bolt when pursued into its burrow or den|
bolti	n|important food fish of the Nile and other rivers of Africa and Asia Minor|
boltonia	n|genus of tall leafy perennial herbs of eastern America and eastern Asia having flowers that resemble asters|
boltzmann	n|Austrian physicist who contributed to the kinetic theory of gases (1844-1906)|
boltzmann distribution law	n|(physics) a law expressing the distribution of energy among the molecules of a gas in thermal equilibrium|
boltzmann's constant	n|constant used in the calculation of the ideal gas constant|
bolus	n|a small round soft mass (as of chewed food)|	n|a large pill; used especially in veterinary medicine|
bolzano	n|an Italian city in Trentino-Alto Adige near the Austrian border; noted as a resort and for its Alpine scenery|
bomarea edulis	n|tropical vine having pink-and-yellow flowers spotted purple and edible roots sometimes boiled as a potato substitute; West Indies to northern South America|
bomarea salsilla	n|tropical vine having umbels of small purple flowers and edible roots sometimes boiled as a potato substitute; Colombia|
bomb	n|an explosive device fused to explode under specific conditions|	n|strong sealed vessel for measuring heat of combustion|	n|an event that fails badly or is totally ineffectual|the first experiment was a real turkey	v|fail to get a passing grade|She studied hard but failed nevertheless
bomb blast	n|the explosion of a bomb|
bomb calorimeter	n|strong sealed vessel for measuring heat of combustion|
bomb out	v|make somebody homeless by destroying their houses with bombs|
bomb rack	n|a device on an aircraft for carrying bombs|
bomb shelter	n|a chamber (often underground) reinforced against bombing and provided with food and living facilities; used during air raids|
bomb site	n|an area in a town that has been devastated by bombs|they opened a parking lot on the bomb site
bomb up	v|load an aircraft with bombs|
bombacaceae	n|tropical trees with large dry or fleshy fruit containing usually woolly seeds|
bombard	n|a large shawm; the bass member of the shawm family|	v|cast, hurl, or throw repeatedly with some missile|They pelted each other with snowballs	v|address with continuously or persistently, as if with a barrage|The speaker was barraged by an angry audience	v|direct high energy particles or radiation against|
bombardier	n|a noncommissioned officer in the British artillery|	n|the member of a bomber crew responsible for using the bombsight and releasing the bombs on the target|
bombardier beetle	n|beetle that ejects audibly a pungent vapor when disturbed|
bombardment	n|the rapid and continuous delivery of linguistic communication (spoken or written)|a barrage of questions	n|the heavy fire of artillery to saturate an area rather than hit a specific target|they laid down a barrage in front of the advancing troops	n|the act (or an instance) of subjecting a body or substance to the impact of high-energy particles (as electrons or alpha rays)|	n|an attack by dropping bombs|
bombardon	n|a tuba that coils over the shoulder of the musician|	n|a large shawm; the bass member of the shawm family|
bombast	n|pompous or pretentious talk or writing|
bombastic	adj|ostentatiously lofty in style|a man given to large talk
bombastically	adv|in a turgid manner|he lectured bombastically about his theories	adv|in a grandiose manner|the building was bombastically spacious
bombax	n|trees of chiefly South America|
bombax ceiba	n|East Indian silk cotton tree yielding fibers inferior to kapok|
bombax malabarica	n|East Indian silk cotton tree yielding fibers inferior to kapok|
bombay	n|a city in western India just off the coast of the Arabian Sea; India's 2nd largest city (after Calcutta); has the only natural deep-water harbor in western India|
bombay ceiba	n|massive tropical tree with deep ridges on its massive trunk and bearing large pods of seeds covered with silky floss; source of the silky kapok fiber|
bombay hemp	n|valuable fiber plant of East Indies now widespread in cultivation|
bombazine	n|a twilled fabric used for dresses; the warp is silk and the weft is worsted|black bombazine is frequently used for mourning garments
bomber	n|a military aircraft that drops bombs during flight|	n|a person who plants bombs|
bomber aircrew	n|the crew of a bomber|
bomber crew	n|the crew of a bomber|
bomber harris	n|British marshal of the Royal Air Force; during World War II he directed mass bombing raids against German cities that resulted in heavy civilian casualties (1892-1984)|
bomber jacket	n|a jacket gathered into a band at the waist|
bombie	n|an unexploded bomblet|unexploded bomblets known in Laos as `bombies' caused farmers to fear cultivating their fields
bombilate	v|make a buzzing sound|bees were buzzing around the hive
bombilation	n|sound of rapid vibration|the buzz of a bumble bee
bombina	n|fire-bellied toads|
bombina bombina	n|toad of central and eastern Europe having red or orange patches mixed with black on its underside|
bombinate	v|make a buzzing sound|bees were buzzing around the hive
bombination	n|sound of rapid vibration|the buzz of a bumble bee
bombing	n|an attack by dropping bombs|	n|the use of bombs for sabotage; a tactic frequently used by terrorists|
bombing run	n|that part of the flight that begins with the approach to the target; includes target acquisition and ends with the release of the bombs|
bomblet	n|one of the smaller bombs that are released from a cluster bomb|
bombproof	n|a chamber (often underground) reinforced against bombing and provided with food and living facilities; used during air raids|	adj|able to resist the explosive force of bombs and shells|bombproof shelter	v|make safe against bombings|
bombshell	n|an entertainer who has a sensational effect|she was a blonde bombshell	n|a shocking surprise|news of the attack came like a bombshell	n|an explosive bomb or artillery shell|
bombsight	n|a sighting device in an aircraft for aiming bombs|
bombus	n|bumblebees|
bombycid	n|moderate-sized Asiatic moth whose larvae feed on mulberry leaves and produce silk|
bombycid moth	n|moderate-sized Asiatic moth whose larvae feed on mulberry leaves and produce silk|
bombycidae	n|Chinese silkworm moth|
bombycilla	n|waxwings|
bombycilla cedrorun	n|widely distributed over temperate North America|
bombycilla garrulus	n|large waxwing of northern North America; similar to but larger than the cedar waxwing|
bombycillidae	n|a family of birds of the suborder Oscines|
bombyliidae	n|bee flies|
bombyx	n|type genus of the Bombycidae: Chinese silkworm moth|
bombyx mori	n|stocky creamy-white Asiatic moth found almost entirely under human care; the source of most of the silk commerce|
bon mot	n|a clever remark|
bon ton	n|the fashionable elite|
bon vivant	n|a person devoted to refined sensuous enjoyment (especially good food and drink)|
bon voyage	n|an organized expression of goodwill at the start of a trip or new venture|
bona fide	adj|undertaken in good faith|a bona fide offer	adj|not counterfeit or copied|an authentic signature
bonaire	n|a popular island resort in the Netherlands Antilles|
bonanza	n|an especially rich vein of precious ore|	n|a sudden happening that brings good fortune (as a sudden opportunity to make money)|the demand for testing has created a boom for those unregulated laboratories where boxes of specimen jars are processed like an assembly line
bonaparte	n|French general who became emperor of the French (1769-1821)|
bonasa	n|ruffed grouse|
bonavist	n|perennial twining vine of Old World tropics having trifoliate leaves and racemes of fragrant purple pea-like flowers followed by maroon pods of edible seeds; grown as an ornamental and as a vegetable on the Indian subcontinent; sometimes placed in genus Dolichos|
bonbon	n|a candy that usually has a center of fondant or fruit or nuts coated in chocolate|
bonce	n|informal terms for a human head|
bond	n|an electrical force linking atoms|	n|a certificate of debt (usually interest-bearing or discounted) that is issued by a government or corporation in order to raise money; the issuer is required to pay a fixed sum annually until maturity and then a fixed sum to repay the principal|	n|a connection based on kinship or marriage or common interest|the shifting alliances within a large family	n|(criminal law) money that must be forfeited by the bondsman if an accused person fails to appear in court for trial|the judge set bail at $10,000
bond certificate	n|a certificate of debt (usually interest-bearing or discounted) that is issued by a government or corporation in order to raise money; the issuer is required to pay a fixed sum annually until maturity and then a fixed sum to repay the principal|
bond issue	n|bonds sold by a corporation or government agency at a particular time and identifiable by date of maturity|
bond paper	n|a superior quality of strong durable white writing paper; originally made for printing documents|
bond rating	n|an evaluation by a rating company of the probability that a particular bond issue will default|the bonds of highest quality are said to have bond ratings of AAA
bond servant	n|someone bound to labor without wages|
bond trading	n|trading in bonds (usually by a broker on the floor of an exchange)|
bond-trading activity	n|trading in bonds (usually by a broker on the floor of an exchange)|
bondable	adj|capable of being fastened or secured with a rope or bond|	adj|capable of holding together or cohering; as particles in a mass|
bondage	n|the state of being under the control of a force or influence or abstract power|he was in bondage to fear	n|the state of being under the control of another person|	n|sexual practice that involves physically restraining (by cords or handcuffs) one of the partners|
bonderise	v|coat with a substance that will prevent corrosion|bonderize steel
bonderize	v|coat with a substance that will prevent corrosion|bonderize steel
bondholder	n|a holder of bonds issued by a government or corporation|
bonding	n|a close personal relationship that forms between people (as between husband and wife or parent and child)|	n|(dentistry) a technique for repairing a tooth; resinous material is applied to the surface of the tooth where it adheres to the tooth's enamel|	n|fastening firmly together|
bondmaid	n|a female bound to serve without wages|	n|a female slave|
bondman	n|a male bound to serve without wages|	n|a male slave|
bondsman	n|a male slave|	n|someone who signs a bond as surety for someone else|	n|a male bound to serve without wages|
bondswoman	n|someone who signs a bond as surety for someone else|	n|a female bound to serve without wages|	n|a female slave|
bonduc	n|handsome tree of central and eastern North America having large bipinnate leaves and green-white flowers followed by large woody brown pods whose seeds are used as a coffee substitute|	n|tropical tree with large prickly pods of seeds that resemble beans and are used for jewelry and rosaries|
bonduc nut	n|hard shiny grey seed of a bonduc tree; used for making e.g. jewelry|
bonduc tree	n|tropical tree with large prickly pods of seeds that resemble beans and are used for jewelry and rosaries|
bondwoman	n|a female bound to serve without wages|	n|a female slave|
bone	n|rigid connective tissue that makes up the skeleton of vertebrates|	n|the porous calcified substance from which bones are made|	n|a shade of white the color of bleached bones|	adj|consisting of or made up of bone|a bony substance
bone age	n|a person's age measured by matching their bone development (as shown by X rays) with bone development of an average person of known chronological age|
bone ash	n|ash left when bones burn; high in calcium phosphate; used as fertilizer and in bone china|
bone black	n|black substance containing char in the form of carbonized bone; used as a black pigment|
bone cell	n|a cell that is part of a bone|
bone char	n|black substance containing char in the form of carbonized bone; used as a black pigment|
bone china	n|fine porcelain that contains bone ash|
bone dry	adj|without a trace of moisture; as dry as a weathered bone|bone-dry leaves are a fire hazard
bone fat	n|fatty matter in bones extracted with solvents or by boiling or steaming; used chiefly in candles and cheap soaps and in lubricating greases|
bone marrow	n|the fatty network of connective tissue that fills the cavities of bones|	n|very tender and very nutritious tissue from marrowbones|
bone of contention	n|the subject of a dispute|the real bone of contention, as you know, is money
bone oil	n|the liquid portion of bone fat; used as a lubricant and in leather manufacture|	n|dark-colored ill-smelling oil obtained by carbonizing bone; used especially in sheep dips and in denaturing alcohol|
bone spavin	n|spavin caused by a bony growth|
bone up	v|study intensively, as before an exam|I had to bone up on my Latin verbs before the final exam
bone-ash cup	n|a small porous bowl made of bone ash used in assaying to separate precious metals from e.g. lead|
bone-covered	adj|(of animals) armored with bone|
bone-dry	adj|without a trace of moisture; as dry as a weathered bone|bone-dry leaves are a fire hazard
bone-forming cell	n|a cell from which bone develops|
bone-headed dinosaur	n|bipedal herbivorous dinosaurs with bony crowns|
bone-idle	adj|constitutionally lazy or idle|
bone-lazy	adj|constitutionally lazy or idle|
boned	adj|having had the bones removed|a boneless rib roast	adj|having bones as specified|his lanky long-boned body
bonefish	n|slender silvery marine fish found in tropical mud flats and mangrove lagoons|
bonehead	n|a stupid person; these words are used to express a low opinion of someone's intelligence|
boneheaded	adj|(used informally) stupid|
boneless	adj|being without a bone or bones|jellyfish are boneless
bonelet	n|a small bone; especially one in the middle ear|
bonelike	adj|resembling bone|a bonelike tumor
bonemeal	n|fertilizer made of ground bones|
boner	n|an embarrassing mistake|
bones	n|(used in the plural) a percussion instrument consisting of a pair of hollow pieces of wood or bone (usually held between the thumb and fingers) that are made to click together (as by Spanish dancers) in rhythm with the dance|
boneset	n|European herb having small white, pink or purple flowers; naturalized as a weed in North America|
bonesetter	n|someone (not necessarily a licensed physician) who sets broken bones|
boneshaker	n|any wheeled vehicle that is dilapidated and uncomfortable|that old bike without rubber tires was a real boneshaker
bonete	n|a mountain in the Andes in Argentina (22,546 feet high)|
boney	adj|having bones especially many or prominent bones|a bony shad fillet	adj|being very thin|a child with skinny freckled legs
bonfire	n|a large outdoor fire that is lighted as a signal or in celebration|
bonfire night	n|effigies of Guy Fawkes are burned on this night|
bong	n|a dull resonant sound as of a bell|	v|ring loudly and deeply|the big bell bonged
bongo	n|a small drum; played with the hands|	n|large forest antelope of central Africa having a reddish-brown coat with white stripes and spiral horns|
bongo drum	n|a small drum; played with the hands|
bonheur	n|(French) happiness and good humor|
bonhoeffer	n|German Lutheran theologian and pastor whose works concern Christianity in the modern world; an active opponent of Nazism, he was arrested and sent to Buchenwald and later executed (1906-1945)|
bonhomie	n|a disposition to be friendly and approachable (easy to talk to)|
boniface	n|(Roman Catholic Church) Anglo-Saxon missionary who was sent to Frisia and Germany to spread the Christian faith; was martyred in Frisia (680-754)|	n|the owner or manager of an inn|
boniface viii	n|pope who declared that Catholic princes are subject to the pope in temporal as well as in theological matters (1235-1303)|
boniness	n|extreme leanness (usually caused by starvation or disease)|
bonito	n|flesh of mostly Pacific food fishes of the genus Sarda of the family Scombridae; related to but smaller than tuna|	n|fish whose flesh is dried and flaked for Japanese cookery; may be same species as skipjack tuna|	n|any of various scombroid fishes intermediate in size and characteristics between mackerels and tunas|
bonito shark	n|common blue-grey shark of southwest Pacific; sport and food fish|
bonk	v|have sexual intercourse with|This student sleeps with everyone in her dorm	v|hit hard|
bonkers	adj|informal or slang terms for mentally irregular|it used to drive my husband balmy
bonn	n|a city in western Germany on the Rhine River; was the capital of West Germany between 1949 and 1989|
bonnet	n|a hat tied under the chin|	n|protective covering consisting of a metal part that covers the engine|there are powerful engines under the hoods of new cars	v|dress in a bonnet|
bonnet macaque	n|Indian macaque with a bonnet-like tuft of hair|
bonnet monkey	n|Indian macaque with a bonnet-like tuft of hair|
bonnet shark	n|small harmless hammerhead having a spade-shaped head; abundant in bays and estuaries|
bonnethead	n|small harmless hammerhead having a spade-shaped head; abundant in bays and estuaries|
bonnie	adj|very pleasing to the eye|my bonny lass
bonnily	adv|in a bonny manner|
bonny	adj|very pleasing to the eye|my bonny lass
bonobo	n|small chimpanzee of swamp forests in Zaire; a threatened species|
bonsai	n|a dwarfed ornamental tree or shrub grown in a tray or shallow pot|
bonus	n|anything that tends to arouse|his approval was an added fillip	n|an additional payment (or other remuneration) to employees as a means of increasing output|
bonxie	n|gull-like jaeger of northern seas|
bony	adj|being very thin|a child with skinny freckled legs	adj|composed of or containing bone|osseous tissue	adj|having bones especially many or prominent bones|a bony shad fillet
bony fish	n|any fish of the class Osteichthyes|
bony labyrinth	n|cavity in the petrous part of the temporal bone that contains the membranous labyrinth|
bony-plated	adj|covered with bony plates|
bonyness	n|extreme leanness (usually caused by starvation or disease)|
bonzer	adj|remarkable or wonderful|
boo	v|show displeasure, as after a performance or speech|	n|a cry or noise made to express displeasure or contempt|
boo-boo	n|an embarrassing mistake|
boob	n|an ignorant or foolish person|	n|either of two soft fleshy milk-secreting glandular organs on the chest of a woman|	v|commit a faux pas or a fault or make a serious mistake|I blundered during the job interview
boob tube	n|an electronic device that receives television signals and displays them on a screen|the British call a tv set a telly
booboisie	n|class consisting of all those who are considered boobs|
booby	n|an ignorant or foolish person|	n|small tropical gannet having a bright bill or bright feet or both|
booby hatch	n|pejorative terms for an insane asylum|
booby prize	n|a prize given to one who finishes last in a contest|
booby trap	n|an explosive mine hidden underground; explodes when stepped on or driven over|	n|an unforeseen or unexpected or surprising difficulty|
boocercus eurycerus	n|large forest antelope of central Africa having a reddish-brown coat with white stripes and spiral horns|
boodle	n|informal terms for money|	n|a gambling card game in which chips are placed on the ace and king and queen and jack of separate suits (taken from a separate deck); a player plays the lowest card of a suit in his hand and successively higher cards are played until the sequence stops; the player who plays a card matching one in the layout wins all the chips on that card|
booger	n|an imaginary monster used to frighten children|	n|dried nasal mucus|
boogeyman	n|an imaginary monster used to frighten children|
boogie	n|an instrumental version of the blues (especially for piano)|	v|dance to boogie music|
boogie-woogie	n|an instrumental version of the blues (especially for piano)|
boojum tree	n|candlewood of Mexico and southwestern California having tall columnar stems and bearing honey-scented creamy yellow flowers|
book	n|a written work or composition that has been published (printed on pages bound together)|I am reading a good book on economics	n|physical objects consisting of a number of pages bound together|he used a large book as a doorstop	n|a compilation of the known facts regarding something or someone|Al Smith used to say, `Let's look at the record'	n|a written version of a play or other dramatic composition; used in preparing for a performance|
book agent	n|a book salesman|
book bag	n|a bag in which students carry their books|
book binding	n|the protective covering on the front, back, and spine of a book|the book had a leather binding
book fair	n|fair organized by publishers or booksellers to promote the sale of books|	n|bazaar at which books are sold or auctioned off in order to raise funds for a worthy cause|
book jacket	n|a paper jacket for a book; a jacket on which promotional information is usually printed|
book louse	n|minute wingless psocopterous insects injurious to books and papers|
book lover	n|someone who loves (and usually collects) books|
book lung	n|organ in many arachnids containing many thin folds of membrane resembling the leaves of a book|
book matches	n|a paper match that strikes only on a specially prepared surface|
book of account	n|a record in which commercial accounts are recorded|they got a subpoena to examine our books
book of amos	n|an Old Testament book telling Amos's prophecies|
book of baruch	n|an Apocryphal book ascribed to Baruch|
book of common prayer	n|the Anglican service book of the Church of England; has had several revisions since the Reformation and is widely admired for the dignity and beauty of its language|
book of daniel	n|an Old Testament book that tells of the apocalyptic visions and the experiences of Daniel in the court of Nebuchadnezzar|
book of deuteronomy	n|the fifth book of the Old Testament; contains a second statement of Mosaic law|
book of ecclesiastes	n|an Old Testament book consisting of reflections on the vanity of human life; is traditionally attributed to Solomon but probably was written about 250 BC|
book of esther	n|an Old Testament book telling of a beautiful Jewess who became queen of Persia and saved her people from massacre|
book of exodus	n|the second book of the Old Testament: tells of the departure of the Israelites out of slavery in Egypt led by Moses; God gave them the Ten Commandments and the rest of Mosaic law on Mount Sinai during the Exodus|
book of ezekiel	n|an Old Testament book containing Ezekiel's prophecies of the downfall of Jerusalem and Judah and their subsequent restoration|
book of ezra	n|an Old Testament book telling of a rabbi's efforts in the 5th century BC to reconstitute Jewish law and worship in Jerusalem after the Babylonian Captivity|
book of facts	n|a book to which you can refer for authoritative facts|he contributed articles to the basic reference work on that topic
book of genesis	n|the first book of the Old Testament: tells of Creation; Adam and Eve; the Fall of Man; Cain and Abel; Noah and the flood; God's covenant with Abraham; Abraham and Isaac; Jacob and Esau; Joseph and his brothers|
book of habakkuk	n|an Old Testament book telling Habakkuk's prophecies|
book of haggai	n|an Old Testament book telling the prophecies of Haggai which are concerned mainly with rebuilding the temples after the Babylonian Captivity|
book of hosea	n|an Old Testament book telling Hosea's prophecies|
book of instructions	n|a manual usually accompanying a technical device and explaining how to install or operate it|
book of isaiah	n|an Old Testament book consisting of Isaiah's prophecies|
book of jeremiah	n|a book in the Old Testament containing the oracles of the prophet Jeremiah|
book of job	n|a book in the Old Testament containing Job's pleas to God about his afflictions and God's reply|
book of joel	n|an Old Testament book telling Joel's prophecies|
book of jonah	n|a book in the Old Testament that tells the story of Jonah and the whale|
book of joshua	n|a book in the Old Testament describing how Joshua led the Israelites into Canaan (the Promised Land) after the death of Moses|
book of judges	n|a book of the Old Testament that tells the history of Israel under the leaders known as judges|
book of judith	n|an Apocryphal book telling how Judith saved her people|
book of knowledge	n|an elementary encyclopedia dealing with general knowledge|
book of lamentations	n|an Old Testament book lamenting the desolation of Judah after the destruction of Jerusalem in 586 BC; traditionally attributed to the prophet Jeremiah|
book of leviticus	n|the third book of the Old Testament; contains Levitical law and ritual precedents|
book of malachi	n|an Old Testament book containing the prophecies of Malachi|
book of maps	n|a collection of maps in book form|
book of micah	n|an Old Testament book telling the prophecies of Micah foretelling the destruction of Jerusalem|
book of mormon	n|a sacred text revealed to Joseph Smith in 1830 by an ancient prophet Mormon; supposedly a record of ancient peoples of America translated by Joseph Smith|
book of nahum	n|an Old Testament book telling Nahum's prophecy of the fall of Nineveh|
book of nehemiah	n|an Old Testament book telling how a Jewish official at the court of Artaxerxes I in 444 BC became a leader in rebuilding Jerusalem after the Babylonian Captivity|
book of numbers	n|the fourth book of the Old Testament; contains a record of the number of Israelites who followed Moses out of Egypt|
book of obadiah	n|an Old Testament book telling Obadiah's prophecies; the shortest book in the Christian Bible|
book of proverbs	n|an Old Testament book consisting of proverbs from various Israeli sages (including Solomon)|
book of psalms	n|an Old Testament book consisting of a collection of 150 Psalms|	n|a collection of Psalms for liturgical use|
book of revelation	n|the last book of the New Testament; contains visionary descriptions of heaven and of conflicts between good and evil and of the end of the world; attributed to Saint John the Apostle|
book of ruth	n|a book of the Old Testament that tells the story of Ruth who was not an Israelite but who married an Israelite and who stayed with her mother-in-law Naomi after her husband died|
book of susanna	n|an Apocryphal book consisting of text added to the Book of Daniel|
book of the prophet daniel	n|an Old Testament book that tells of the apocalyptic visions and the experiences of Daniel in the court of Nebuchadnezzar|
book of tobit	n|an Apocryphal book that was a popular novel for several centuries|
book of zachariah	n|an Old Testament book telling the prophecies of Zechariah which are concerned mainly with the renewal of Israel after the Babylonian Captivity|
book of zephaniah	n|an Old Testament book telling the prophecies of Zephaniah which are concerned mainly with the approaching judgment by God upon the sinners of Judah|
book review	n|a critical review of a book (usually a recently published book)|
book scorpion	n|minute arachnid sometimes found in old papers|
book seller	n|a dealer in books; a merchant who sells books|
book token	n|a gift voucher that can be exchanged for books costing up to an amount given on the voucher|
book up	v|book all available places or tickets|
book value	n|the value at which an asset is carried on a balance sheet; equals cost minus accumulated depreciation|
bookable	adj|subject to being reserved or booked|all seats bookable in advance
bookbinder	n|a worker whose trade is binding books|
bookbindery	n|a bookbinder's workshop; a place for binding books|
bookbinding	n|the craft of binding books|
bookcase	n|a piece of furniture with shelves for storing books|
bookclub	n|a club that people join in order to buy selected books at reduced prices|
bookdealer	n|a dealer in books; a merchant who sells books|
booked	adj|reserved in advance|
bookend	n|a support placed at the end of a row of books to keep them upright (on a shelf or table)|
booker	n|someone who engages a person or company for performances|
bookfair	n|fair organized by publishers or booksellers to promote the sale of books|	n|bazaar at which books are sold or auctioned off in order to raise funds for a worthy cause|
bookie	n|a gambler who accepts and pays off bets (especially on horse races)|
booking	n|employment for performers or performing groups that lasts for a limited period of time|the play had bookings throughout the summer	n|the act of reserving (a place or passage) or engaging the services of (a person or group)|wondered who had made the booking
booking agent	n|someone who engages a person or company for performances|
booking clerk	n|someone who sells tickets (e.g., theater seats or travel accommodations)|
bookish	adj|characterized by diligent study and fondness for reading|a bookish farmer who always had a book in his pocket
bookishness	n|exaggerated studiousness|
bookkeeper	n|someone who records the transactions of a business|
bookkeeping	n|the activity of recording business transactions|
booklet	n|a small book usually having a paper cover|
booklouse	n|minute wingless psocopterous insects injurious to books and papers|
booklover	n|someone who loves (and usually collects) books|
bookmaker	n|a maker of books; someone who edits or publishes or binds books|	n|a gambler who accepts and pays off bets (especially on horse races)|
bookman	n|a learned person (especially in the humanities); someone who by long study has gained mastery in one or more disciplines|
bookmark	n|a marker (a piece of paper or ribbon) placed between the pages of a book to mark the reader's place|
bookmarker	n|a marker (a piece of paper or ribbon) placed between the pages of a book to mark the reader's place|
bookmobile	n|a van with shelves of books; serves as a mobile library or bookstore|
bookplate	n|a label identifying the owner of a book in which it is pasted|
bookseller	n|the proprietor of a bookstore|
bookshelf	n|a shelf on which to keep books|
bookshop	n|a shop where books are sold|
bookstall	n|a shop where books are sold|
bookstore	n|a shop where books are sold|
bookworm	n|a person who pays more attention to formal rules and book learning than they merit|	n|someone who spends a great deal of time reading|
boole	n|English mathematician; creator of Boolean algebra (1815-1864)|
boolean	adj|of or relating to a combinatorial system devised by George Boole that combines propositions with the logical operators AND and OR and IF THEN and EXCEPT and NOT|
boolean algebra	n|a system of symbolic logic devised by George Boole; used in computers|
boolean logic	n|a system of symbolic logic devised by George Boole; used in computers|
boolean operation	n|an operation that follows the rules of Boolean algebra; each operand and the result take one of two values|
boom	v|make a resonant sound, like artillery|His deep voice boomed through the hall	v|hit hard|He smashed a 3-run homer	v|be the case that thunder is being heard|Whenever it thunders, my dog crawls under the bed	v|make a deep hollow sound|Her voice booms out the words of the song
boom box	n|a portable stereo|
boom out	v|make a deep hollow sound|Her voice booms out the words of the song
boom town	n|a town enjoying sudden prosperity|
boomer	n|a member of the baby boom generation in the 1950s|they expanded the schools for a generation of baby boomers
boomerang	v|return to the initial position from where it came; like a boomerang|	n|a curved piece of wood; when properly thrown will return to thrower|	n|a miscalculation that recoils on its maker|
booming	adj|very lively and profitable|flourishing businesses	adj|(used of the voice or sound) deep and resonant|
boon	adj|very close and convivial|boon companions	n|a desirable state|enjoy the blessings of peace
boondocks	n|a remote and undeveloped area|
boondoggle	n|work of little or no value done merely to look busy|	v|do useless, wasteful, or trivial work|
boor	n|a crude uncouth ill-bred person lacking culture or refinement|
boorish	adj|ill-mannered and coarse and contemptible in behavior or appearance|was boorish and insensitive
boorishly	adv|like a boor|he behaved boorishly at the party
boorishness	n|the manner of a rude or insensitive person|	n|inelegance by virtue of being an uncouth boor|
boost	v|increase|The landlord hiked up the rents	v|give a boost to; be beneficial to|The tax cut will boost the economy	v|contribute to the progress or growth of|I am promoting the use of computers in the classroom	v|increase or raise|boost the voltage in an electrical circuit
boost up	v|push upward|She pushed up her children when the policeman came by
booster	n|a person who backs a politician or a team etc.|all their supporters came out for the game	n|someone who is an active supporter and advocate|	n|a thief who steals goods that are in a store|	n|an amplifier for restoring the strength of a transmitted signal|
booster amplifier	n|an amplifier for restoring the strength of a transmitted signal|
booster cable	n|a jumper that consists of a short piece of wire|it was a tangle of jumper cables and clip leads
booster dose	n|an additional dose that makes sure the first dose was effective|
booster rocket	n|the first stage of a multistage rocket|
booster shot	n|an additional dose that makes sure the first dose was effective|
booster station	n|an amplifier for restoring the strength of a transmitted signal|
booster unit	n|the first stage of a multistage rocket|
boot	n|footwear that covers the whole foot and lower leg|	n|compartment in an automobile that carries luggage or shopping or tools|he put his golf bag in the trunk	n|the swift release of a store of affective force|they got a great bang out of it	n|protective casing for something that resembles a leg|
boot camp	n|camp for training military recruits|
boot maker	n|a maker of boots|
boot out	v|remove from a position or office|The chairman was ousted after he misappropriated funds	v|put out or expel from a place|The unruly student was excluded from the game
boot sale	n|an outdoor sale at which people sell things from the trunk of their car|
boot-shaped	adj|shaped like a boot|
bootblack	n|a person who polishes shoes and boots|
bootboys	n|a youth subculture that appeared first in England in the late 1960s as a working-class reaction to the hippies; hair was cropped close to the scalp; wore work-shirts and short jeans (supported by suspenders) and heavy red boots; involved in attacks against Asians and football hooliganism|
booted	adj|wearing boots|
booted armillaria	n|fungus with a brown cap and white gills and a membranous ring halfway up the stalk|
bootee	n|a slipper that is soft and wool (for babies)|
bootes	n|a constellation in the northern hemisphere near Ursa Major|
booth	n|a table (in a restaurant or bar) surrounded by two high-backed benches|	n|small area set off by walls for special use|	n|a small shop at a fair; for selling goods or entertainment|
boothose	n|protective stockings worn with or in place of boots|
bootie	n|a slipper that is soft and wool (for babies)|
bootjack	n|has V-shaped notch for pulling off boots|
bootlace	n|a long lace for fastening boots|
bootleg	adj|distributed or sold illicitly|the black economy pays no taxes	n|whiskey illegally distilled from a corn mash|	n|the part of a boot above the instep|	v|sell illicit products such as drugs or alcohol|They were bootlegging whiskey
bootlegger	n|someone who makes or sells illegal liquor|
bootlegging	n|the act of making or transporting alcoholic liquor for sale illegally|the Prohibition amendment made bootlegging profitable	n|the act of selling illegally or without permission|the bootlegging of videotapes is common in Asia
bootless	adj|unproductive of success|a fruitless search
bootlick	v|try to gain favor by cringing or flattering|He is always kowtowing to his boss
bootlicker	n|someone who humbles himself as a sign of respect; who behaves as if he had no self-respect|
bootlicking	adj|attempting to win favor from influential people by flattery|	adj|attempting to win favor by flattery|
bootmaker	n|a maker of boots|
bootstrap	n|a strap that is looped and sewn to the top of a boot for pulling it on|	v|help oneself, often through improvised means|
boott's goldenrod	n|a variety of goldenrod|
booty	n|goods or money obtained illegally|
booyong	n|large tree of Australasia|
booze	n|an alcoholic beverage that is distilled rather than fermented|	v|consume alcohol|We were up drinking all night
booze-up	n|revelry in drinking; a merry drinking party|
boozer	n|a person who drinks alcohol to excess habitually|
boozing	n|the act of drinking alcoholic beverages to excess|drink was his downfall
boozy	adj|given to or marked by the consumption of alcohol|a bibulous fellow
bop	n|the law enforcement agency of the Justice Department that operates a nationwide system of prisons and detention facilities to incarcerate inmates sentenced to imprisonment for federal crimes|	n|an early form of modern jazz (originating around 1940)|	v|dance the bebop|	v|hit hard|
bopeep	n|a game played with young children; you hide your face and suddenly reveal it as you say boo!|
boracic	adj|of or relating to or derived from or containing boron|boric acid
boracic acid	n|any of various acids containing boron and oxygen|
borage	n|hairy blue-flowered European annual herb long used in herbal medicine and eaten raw as salad greens or cooked like spinach|	n|an herb whose leaves are used to flavor sauces and punches; young leaves can be eaten in salads or cooked|
borage family	n|a widely distributed family of plants distinguished by circinate flowers and nutlike fruit|
boraginaceae	n|a widely distributed family of plants distinguished by circinate flowers and nutlike fruit|
borago	n|perennial herbs of the Mediterranean region|
borago officinalis	n|hairy blue-flowered European annual herb long used in herbal medicine and eaten raw as salad greens or cooked like spinach|
borassus	n|palmyra|
borassus flabellifer	n|tall fan palm of Africa and India and Malaysia yielding a hard wood and sweet sap that is a source of palm wine and sugar; leaves used for thatching and weaving|
borate	n|a salt or ester of boric acid|
borated	adj|mixed or impregnated with borax|
borax	n|an ore of boron consisting of hydrated sodium borate; used as a flux or cleansing agent|
bordeaux	n|a port city in southwestern France; a major center of the wine trade|	n|any of several red or white wines produced around Bordeaux, France or wines resembling them|
bordeaux mixture	n|antifungal agent consisting of a solution of copper sulphate and quicklime|
bordeaux wine	n|any of several red or white wines produced around Bordeaux, France or wines resembling them|
bordelaise	n|brown sauce with beef marrow and red wine|
bordello	n|a building where prostitutes are available|
border	n|a line that indicates a boundary|	n|the boundary line or the area immediately inside the boundary|	n|the boundary of a surface|	n|a decorative recessed or relieved surface on an edge|
border collie	n|developed in the area between Scotland and England usually having a black coat with white on the head and tip of tail used for herding both sheep and cattle|
border district	n|district consisting of the area on either side of a border or boundary of a country or an area|the Welsh marches between England and Wales
border on	v|come near or verge on, resemble, come nearer in quality, or character|This borders on discrimination!
border patrol	n|a group of officers who patrol the borders of a country|
border patrolman	n|someone who patrols the borders of a country|
border terrier	n|small rough-coated terrier of British origin|
bordered	adj|having a border especially of a specified kind; sometimes used as a combining term|black-bordered handkerchief
borderer	n|an inhabitant of a border area (especially the border between Scotland and England)|
borderland	n|district consisting of the area on either side of a border or boundary of a country or an area|the Welsh marches between England and Wales
borderline	adj|of questionable or minimal quality|borderline grades	n|a line that indicates a boundary|
borderline intelligence	n|the minimal IQ required for someone to function normally and independently in the world (without some form of institutional assistance)|
borderline schizophrenia	n|schizophrenia characterized by mild symptoms or by some preexisting tendency to schizophrenia|
bore	v|cause to be bored|	v|make a hole, especially with a pointed power or hand tool|don't drill here, there's a gas pipe	n|a person who evokes boredom|	n|a high wave (often dangerous) caused by tidal flow (as by colliding tidal currents or in a narrow estuary)|
bore bit	n|a drill for penetrating rock|
bore-hole	n|a hole or passage made by a drill; usually made for exploratory purposes|
boreal	adj|relating to or marked by qualities associated with the north wind|	adj|toward or located in the north|the boreal signs of the Zodiac	adj|comprising or throughout far northern regions|
boreas	n|a wind that blows from the north|	n|(Greek mythology) the god who personified the north wind|Boreas was pictured as bearded and powerful and winged and draped against the cold
borecole	n|a hardy cabbage with coarse curly leaves that do not form a head|
bored	adj|tired of the world|bored with life	adj|uninterested because of frequent exposure or indulgence|his blase indifference
boredom	n|the feeling of being bored by something tedious|
borer	n|a drill for penetrating rock|	n|any of various insects or larvae or mollusks that bore into wood|
borges	n|Argentinian writer remembered for his short stories (1899-1986)|
borgia	n|Italian pope whose nepotism put the Borgia family in power in Italy (1378-1458)|	n|Italian noblewoman and patron of the arts (1480-1519)|	n|Italian cardinal and military leader; model for Machiavelli's prince (1475-1507)|	n|Pope and father of Cesare Borgia and Lucrezia Borgia (1431-1503)|
boric	adj|of or relating to or derived from or containing boron|boric acid
boric acid	n|a white or colorless slightly acid solid that is soluble in water and ethanol; used in the manufacture of glass and paper and adhesives and in detergents and as a flux in welding; also used as an antiseptic and food preservative|	n|any of various acids containing boron and oxygen|
boring	adj|so lacking in interest as to cause mental weariness|a boring evening with uninteresting people	n|the act of drilling|	n|the act of drilling a hole in the earth in the hope of producing petroleum|
boringly	adv|in a tedious manner|boringly slow work
boringness	n|extreme dullness; lacking spirit or interest|
boris fyodorovich godunov	n|czar of Russia (1551-1605)|
boris godunov	n|czar of Russia (1551-1605)|
boris leonidovich pasternak	n|Russian writer whose best known novel was banned by Soviet authorities but translated and published abroad (1890-1960)|
boris pasternak	n|Russian writer whose best known novel was banned by Soviet authorities but translated and published abroad (1890-1960)|
boris spassky	n|Russian chess master who moved to Paris; world champion from 1969 to 1972 (born in 1937)|
boris vasilevich spassky	n|Russian chess master who moved to Paris; world champion from 1969 to 1972 (born in 1937)|
born	adj|brought into existence|he was a child born of adultery	adj|being talented through inherited qualities|a natural leader	n|British nuclear physicist (born in Germany) honored for his contributions to quantum mechanics (1882-1970)|
born-again	adj|spiritually reborn or converted|a born-again Christian
born-again christian	n|a Christian who has experienced a dramatic conversion to faith in Jesus|
bornean	n|a native or inhabitant of Borneo|
borneo	n|3rd largest island in the world; in the western Pacific to the north of Java; largely covered by dense jungle and rain forest; part of the Malay Archipelago|
bornholm disease	n|an acute infectious disease occurring in epidemic form and featuring paroxysms of pain (usually in the chest)|
bornite	n|a mineral consisting of sulfides of copper and iron that is found in copper deposits|
borodin	n|Russian composer (1833-1887)|
borodino	n|Napoleon defeated the Russians in 1812 in a pitched battle at a village in western Russia west of Moscow, but irreparably weakened his army|
boron	n|a trivalent metalloid element; occurs both in a hard black crystal and in the form of a yellow or brown powder|
boron chamber	n|an ionization chamber lined with boron or filled with boron trifluoride gas for counting low velocity neutrons|
boron counter tube	n|a proportional counter tube for counting neutrons|
boron trifluoride	n|a pungent colorless gas|
boronic	adj|of or relating to boron|
borosilicate	n|a salt of boric and silicic acids|
borough	n|one of the administrative divisions of a large city|	n|an English town that forms the constituency of a member of parliament|
borough english	n|a former English custom by which the youngest son inherited land to the exclusion of his older brothers|
borrelia	n|cause of e.g. European and African relapsing fever|
borrelia burgdorferi	n|cause of Lyme disease; transmitted primarily by ticks of genus Ixodes|
borrow	v|get temporarily|May I borrow your lawn mower?	v|take up and practice as one's own|
borrow pit	n|a pit created to provide earth that can be used as fill at another site|
borrower	n|someone who receives something on the promise to return it or its equivalent|
borrower's card	n|a card certifying the bearer's right to use the library|
borrowing	n|the appropriation (of ideas or words etc) from another source|the borrowing of ancient motifs was very apparent	n|obtaining funds from a lender|
borrowing cost	n|the cost of borrowing something|
borsch	n|a Russian or Polish soup usually containing beet juice as a foundation|
borscht	n|a Russian or Polish soup usually containing beet juice as a foundation|
borscht belt	n|(informal) a resort area in the Catskill Mountains of New York that was patronized primarily by Jewish guests|many comedians learned their trade playing the borscht circuit
borscht circuit	n|(informal) a resort area in the Catskill Mountains of New York that was patronized primarily by Jewish guests|many comedians learned their trade playing the borscht circuit
borsh	n|a Russian or Polish soup usually containing beet juice as a foundation|
borshch	n|a Russian or Polish soup usually containing beet juice as a foundation|
borsht	n|a Russian or Polish soup usually containing beet juice as a foundation|
borsht belt	n|(informal) a resort area in the Catskill Mountains of New York that was patronized primarily by Jewish guests|many comedians learned their trade playing the borscht circuit
borsht circuit	n|(informal) a resort area in the Catskill Mountains of New York that was patronized primarily by Jewish guests|many comedians learned their trade playing the borscht circuit
borstal	n|formerly a British reform school for youths considered too young to send to prison|
bortsch	n|a Russian or Polish soup usually containing beet juice as a foundation|
borzoi	n|tall fast-moving dog breed|
bos	n|wild and domestic cattle; in some classifications placed in the subfamily Bovinae or tribe Bovini|
bos banteng	n|wild ox of the Malay Archipelago|
bos grunniens	n|large long-haired wild ox of Tibet often domesticated|
bos primigenius	n|large recently extinct long-horned European wild ox; considered one of the ancestors of domestic cattle|
bos taurus	n|domesticated bovine animals as a group regardless of sex or age|so many head of cattle
bos'n	n|a petty officer on a merchant ship who controls the work of other seamen|
bosc	n|greenish-yellow pear|
bosch	n|Dutch painter (1450-1516)|
bose	n|Indian physicist who with Albert Einstein proposed statistical laws based on the indistinguishability of particles; led to the description of fundamental particles that later came to be known as bosons|
bose-einstein statistics	n|(physics) statistical law obeyed by a system of particles whose wave function is not changed when two particles are interchanged (the Pauli exclusion principle does not apply)|
boselaphus	n|Indian antelopes: nilgais|
boselaphus tragocamelus	n|large Indian antelope; male is blue-grey with white markings; female is brownish with no horns|
bosh	n|pretentious or silly talk or writing|
bosie	n|a cricket ball bowled as if to break one way that actually breaks in the opposite way|
bosie ball	n|a cricket ball bowled as if to break one way that actually breaks in the opposite way|
bosin's disease	n|a rare chronic progressive encephalitis caused by the measles virus and occurring primarily in children and young adults; death usually occurs within three years; characterized by primary measles infection before the age of two years|
bosk	n|a small wooded area|
boskop man	n|possible early Homo sapiens represented by a cranium found in the Transvaal; formerly considered a separate species|
boskopoid	adj|belonging or relating to or resembling Boskop man|
bosky	adj|covered with or consisting of bushes or thickets|brushy undergrowth
bosna i hercegovina	n|a mountainous republic of south-central Europe; formerly part of the Ottoman Empire and then a part of Yugoslavia; voted for independence in 1992 but the mostly Serbian army of Yugoslavia refused to accept the vote and began ethnic cleansing in order to rid Bosnia of its Croats and Muslims|
bosnia	n|the northern part of Bosnia-Herzegovina|	n|a mountainous republic of south-central Europe; formerly part of the Ottoman Empire and then a part of Yugoslavia; voted for independence in 1992 but the mostly Serbian army of Yugoslavia refused to accept the vote and began ethnic cleansing in order to rid Bosnia of its Croats and Muslims|
bosnia and herzegovina	n|a mountainous republic of south-central Europe; formerly part of the Ottoman Empire and then a part of Yugoslavia; voted for independence in 1992 but the mostly Serbian army of Yugoslavia refused to accept the vote and began ethnic cleansing in order to rid Bosnia of its Croats and Muslims|
bosnia-herzegovina	n|a mountainous republic of south-central Europe; formerly part of the Ottoman Empire and then a part of Yugoslavia; voted for independence in 1992 but the mostly Serbian army of Yugoslavia refused to accept the vote and began ethnic cleansing in order to rid Bosnia of its Croats and Muslims|
bosnian	adj|of or relating to or characteristic of Bosnia-Herzegovina or the people of Bosnia|
bosom	n|the chest considered as the place where secret thoughts are kept|his bosom was bursting with the secret	n|a person's breast or chest|	n|cloth that covers the chest or breasts|	n|a close affectionate and protective acceptance|his willing embrace of new ideas
bosom of abraham	n|the place where the just enjoy the peace of heaven after death|
bosomed	adj|having a bosom as specified or having something likened to a bosom; usually used in compounds|full-bosomed women
bosomy	adj|(of a woman's body) having a large bosom and pleasing curves|Hollywood seems full of curvaceous blondes
boson	n|any particle that obeys Bose-Einstein statistics but not the Pauli exclusion principle; all nuclei with an even mass number are bosons|
bosporus	n|a strait connecting the Mediterranean and the Black Sea; separates the European and Asian parts of Turkey; an important shipping route|
bosporus bridge	n|a suspension bridge across the Bosporus at Istanbul|
boss	n|a person who exercises control over workers|if you want to leave early you have to ask the foreman	n|a person responsible for hiring workers|the boss hired three more men for the new job	n|a person who exercises control and makes decisions|he is his own boss now	n|a leader in a political party who controls votes and dictates appointments|party bosses have a reputation for corruption
boss around	v|be bossy towards|Her big brother always bullied her when she was young
boss-eyed	adj|(British informal) cross-eyed|
bossism	n|domination of a political organization by a party boss|
bossy	adj|offensively self-assured or given to exercising usually unwarranted power|an autocratic person
boston	n|state capital and largest city of Massachusetts; a major center for banking and financial services|
boston baked beans	n|dried navy beans baked slowly with molasses and salt pork|
boston brown bread	n|dark steamed bread made of cornmeal wheat and flour with molasses and soda and milk or water|
boston cream pie	n|layer cake filled with custard|
boston fern	n|a sword fern with arching or drooping pinnate fronds; a popular houseplant|
boston harbor	n|the seaport at Boston|
boston ivy	n|Asiatic vine with three-lobed leaves and purple berries|
boston lettuce	n|lettuce with relatively soft leaves|
boston rocker	n|a rocking chair that has a high spindle back and a decorative top panel|
boston tea party	n|demonstration (1773) by citizens of Boston who (disguised as Indians) raided three British ships in Boston harbor and dumped hundreds of chests of tea into the harbor; organized as a protest against taxes on tea|
bostonian	n|a native or resident of Boston|
bosun	n|a petty officer on a merchant ship who controls the work of other seamen|
bosun's chair	n|a seat consisting of a board and a rope; used while working aloft or over the side of a ship|
boswell	n|Scottish author noted for his biography of Samuel Johnson (1740-1795)|	n|a devoted admirer and recorder of another's words and deeds|
boswellia	n|genus of trees of North Africa and India that yield incense|
boswellia carteri	n|tree yielding an aromatic gum resin burned as incense|
boswellia serrata	n|East Indian tree yielding a resin used medicinally and burned as incense|
bosworth field	n|the battle that ended the Wars of the Roses (1485); Richard III was killed and Henry Tudor was crowned as Henry VII|
bot	n|botfly larva; typically develops inside the body of a horse or sheep or human|
bota	n|a wine bottle made of leather|
botanic	adj|of or relating to plants or botany|botanical garden
botanical	adj|of or relating to plants or botany|botanical garden	n|a drug made from part of a plant (as the bark or root or leaves)|
botanical garden	n|a facility where trees and shrubs are cultivated for exhibition|
botanical medicine	n|the use of plants or plant extracts for medicinal purposes (especially plants that are not part of the normal diet)|
botanise	v|collect and study plants|
botanist	n|a biologist specializing in the study of plants|
botanize	v|collect and study plants|
botany	n|all the plant life in a particular region or period|Pleistocene vegetation	n|the branch of biology that studies plants|
botany bay fig	n|Australian tree resembling the banyan often planted for ornament; introduced into South Africa for brushwood|
botaurus	n|bitterns|
botaurus lentiginosus	n|a kind of bittern|
botaurus stellaris	n|a kind of bittern|
botch	n|an embarrassing mistake|	v|make a mess of, destroy or ruin|I botched the dinner and we had to eat out
botch up	v|make a mess of, destroy or ruin|I botched the dinner and we had to eat out
botched	adj|spoiled through incompetence or clumsiness|a bungled job
botcher	n|someone who makes mistakes because of incompetence|
botchy	adj|poorly done|a botchy piece of work
botfly	n|stout-bodied hairy dipterous fly whose larvae are parasites on humans and other mammals|
both	adj|(used with count nouns) two considered together; the two|both girls are pretty
bother	v|take the trouble to do something; concern oneself|He did not trouble to call his mother on her birthday	v|cause annoyance in; disturb, especially by minor irritations|Mosquitoes buzzing in my ear really bothers me	v|to cause inconvenience or discomfort to|Sorry to trouble you, but...	v|intrude or enter uninvited|Don't bother the professor while she is grading term papers
botheration	n|the psychological state of being irritated or annoyed|	n|something or someone that causes trouble; a source of unhappiness|washing dishes was a nuisance before we got a dish washer
bothered	adj|caused to show discomposure|refused to be fazed by the objections
bothersome	adj|causing irritation or annoyance|tapping an annoying rhythm on his glass with his fork
bothidae	n|a family of fish of the order Heterosomata|
bothrops	n|fer-de-lance|
bothrops atrops	n|large extremely venomous pit viper of Central America and South America|
botonee	adj|(of a heraldic cross) having a cluster of three buttons or knobs at the end of each arm|
botonnee	adj|(of a heraldic cross) having a cluster of three buttons or knobs at the end of each arm|
botox	n|a neurotoxin (trade name Botox) that is used clinically in small quantities to treat strabismus and facial spasms and other neurological disorders characterized by abnormal muscle contractions; is also used by cosmetic surgeons to smooth frown lines temporarily|
botrychium	n|grape fern; moonwort|
botrychium lunaria	n|of America and Eurasia and Australia|
botrychium matricariifolium	n|of North America and Eurasia|
botrychium multifidum	n|European fern with leathery and sparsely hairy fronds|
botryoid	adj|resembling a cluster of grapes in form|
botryoidal	adj|resembling a cluster of grapes in form|
botswana	n|a landlocked republic in south-central Africa that became independent from British control in the 1960s|
botswana monetary unit	n|monetary unit in Botswana|
botswanan	adj|of or pertaining to Botswana or the people of Botswana|
botticelli	n|Italian painter of mythological and religious paintings (1444-1510)|
bottle	n|a glass or plastic vessel used for storing drinks or other liquids; typically cylindrical without handles and with a narrow neck that can be plugged or capped|	n|the quantity contained in a bottle|	n|a vessel fitted with a flexible teat and filled with milk or formula; used as a substitute for breast feeding infants and very young children|	v|store (liquids or gases) in bottles|
bottle bank	n|a place where bottles can be deposited for recycling|
bottle bill	n|a statute that would require merchants to reclaim used bottles|
bottle collection	n|a collection of bottles|her bottle collection is arranged on glass shelves in the window	n|the activity of collecting bottles|bottle collection is a hobby of hers	n|collecting bottles for reuse|
bottle cork	n|the plug in the mouth of a bottle (especially a wine bottle)|
bottle gentian	n|gentian of eastern North America having tubular blue or white flowers that open little if at all|
bottle gourd	n|Old World climbing plant with hard-shelled bottle-shaped gourds as fruits|
bottle grass	n|European foxtail naturalized in North America; often a troublesome weed|
bottle green	n|dark to moderate or greyish green|
bottle opener	n|an opener for removing caps or corks from bottles|
bottle screw	n|a bottle opener that pulls corks|
bottle tree	n|an Australian tree of the genus Brachychiton|
bottle up	v|consciously restrain from showing; of emotions, desires, impulses, or behavior|suppress a smile
bottle-fed	adj|(of an infant) given milk from a bottle|
bottle-grass	n|European foxtail naturalized in North America; often a troublesome weed|
bottle-green	adj|of a dark to moderate greyish green color|
bottle-nosed dolphin	n|any of several dolphins with rounded forehead and well-developed beak; chiefly of northern Atlantic and Mediterranean|
bottle-nosed whale	n|northern Atlantic beaked whale with a bulbous forehead|
bottle-shaped	adj|shaped like a bottle|
bottle-tree	n|an Australian tree of the genus Brachychiton|
bottlebrush	n|a cylindrical brush on a thin shaft that is used to clean bottles|
bottlecap	n|a cap that seals a bottle|
bottled gas	n|hydrocarbon gases, usually propane or butane, kept under pressure|
bottled water	n|drinking water (often spring water) that is put into bottles and offered for sale|
bottlefeed	v|feed (infants) with a bottle|
bottleful	n|the quantity contained in a bottle|
bottleneck	n|a narrowing that reduces the flow through a channel|	n|the narrow part of a bottle near the top|	v|slow down or impede by creating an obstruction|His laziness has bottlenecked our efforts to reform the system	v|become narrow, like a bottleneck|Right by the bridge, the road bottlenecks
bottlenose	n|any of several dolphins with rounded forehead and well-developed beak; chiefly of northern Atlantic and Mediterranean|	n|northern Atlantic beaked whale with a bulbous forehead|
bottlenose dolphin	n|any of several dolphins with rounded forehead and well-developed beak; chiefly of northern Atlantic and Mediterranean|
bottlenose whale	n|northern Atlantic beaked whale with a bulbous forehead|
bottler	n|a manufacturer that makes and bottles beverages|
bottling plant	n|a plant where beverages are put into bottles with caps|
bottom	n|the lower side of anything|	n|the lowest part of anything|they started at the bottom of the hill	n|the fleshy part of the human body that you sit on|he deserves a good kick in the butt	n|the second half of an inning; while the home team is at bat|
bottom dog	n|a person of low status|
bottom feeder	n|an opportunist who profits from the misfortunes of others|
bottom fermentation	n|a slow kind of alcoholic fermentation at a temperature low enough that the yeast cells can sink to the bottom of the fermenting liquid; used in the production of lager|
bottom fermenting yeast	n|brewer's yeast used in bottom fermentation of lager|
bottom fish	n|fish that live on the sea bottom (particularly the commercially important gadoid fish like cod and haddock, or flatfish like flounder)|
bottom line	n|the last line in an audit; the line that shows profit or loss|	n|the decisive point|
bottom lurkers	n|a fish that lurks on the bottom of a body of water|
bottom of the inning	n|the second half of an inning; while the home team is at bat|
bottom out	v|reach the low point|Prices bottomed out and started to rise again after a while	v|hit the ground|the car bottomed out where the driveway meets the road
bottom quark	n|a quark with a charge of -1/3 and a mass about 10,000 times that of an electron|
bottom rot	n|fungous disease of lettuce that first rots lower leaves and spreads upward|
bottom rot fungus	n|fungus causing bottom rot in lettuce|
bottom round	n|cut from the round; suitable for pot roast|
bottom-dweller	n|a fish that lives and feeds on the bottom of a body of water|
bottom-dwelling	adj|of or relating to fish and marine life that dwell on the bottom of a body of water|
bottom-feeder	n|a scavenger that feeds low on the food chain|	n|a fish that lives and feeds on the bottom of a body of water|
bottom-feeding	adj|of or relating to fish and marine life that feed on the bottom of a body of water|
bottom-up	adj|of an approach to a problem that begins with details and works up to the highest conceptual level|bottom-up parser
bottomed	adj|having a bottom of a specified character|
bottomland	n|low-lying alluvial land near a river|
bottomless	adj|extremely deep|a bottomless pit	adj|having no bottom|bottomless pajamas consisting simply of a long top opening down the front	adj|having no apparent limits or bounds|a bottomless supply of money	adj|unclothed especially below the waist or featuring such nudeness|bottomless dancers
bottomlessness	n|the property of being very deep; without limit|
bottommost	adj|farthest down|bottommost shelf
botuliform	adj|shaped like a sausage|
botulin	n|potent bacterial toxin produced by the bacterium Clostridium botulinum that causes botulism; can be used as a bioweapon|
botulinal	adj|of or relating to or produced by the botulinus|
botulinum	n|anaerobic bacterium producing botulin the toxin that causes botulism|
botulinum toxin	n|any of several neurotoxins that are produced by the anaerobic bacterium Clostridium botulinum; causes muscle paralysis|
botulinum toxin a	n|a neurotoxin (trade name Botox) that is used clinically in small quantities to treat strabismus and facial spasms and other neurological disorders characterized by abnormal muscle contractions; is also used by cosmetic surgeons to smooth frown lines temporarily|
botulinus	n|anaerobic bacterium producing botulin the toxin that causes botulism|
botulinus toxin	n|potent bacterial toxin produced by the bacterium Clostridium botulinum that causes botulism; can be used as a bioweapon|
botulism	n|food poisoning from ingesting botulin; not infectious; affects the CNS; can be fatal if not treated promptly|
botulismotoxin	n|potent bacterial toxin produced by the bacterium Clostridium botulinum that causes botulism; can be used as a bioweapon|
bouchee	n|shell of puff paste|
boucle	n|a fabric of uneven yarn that has an uneven knobby effect|
boudoir	n|a lady's bedroom or private sitting room|
bouffant	adj|being puffed out; used of hair style or clothing|a bouffant skirt	n|a woman's hairstyle in which the hair gives a puffy appearance|
bouffe	n|opera with a happy ending and in which some of the text is spoken|
bougainvillaea	n|ornamental tropical woody vines|
bougainville	n|French explorer who circumnavigated the globe accompanied by scientists (1729-1811)|	n|the largest of the Solomon Islands; a province of Papua New Guinea|
bougainville trench	n|a depression in the floor of the Pacific Ocean between New Guinea and the Solomon Islands|
bougainvillea glabra	n|Brazilian vine that tends to flower continuously|
bough	n|any of the larger branches of a tree|
boughed	adj|having boughs (of trees)|
boughless	adj|having no boughs (of trees)|
boughten	adj|purchased; not homemade|my boughten clothes
bouillabaisse	n|highly seasoned Mediterranean soup or stew made of several kinds of fish and shellfish with tomatoes and onions or leeks and seasoned with saffron and garlic and herbs|
bouillon	n|a clear seasoned broth|
bouillon cube	n|a cube of evaporated seasoned meat extract|
boulder	n|a large smooth mass of rock detached from its place of origin|	n|a town in north central Colorado; Rocky Mountains resort center and university town|
boulder clay	n|unstratified soil deposited by a glacier; consists of sand and clay and gravel and boulders mixed together|
boulder fern	n|fern of eastern North America with pale green fronds and an aroma like hay|
bouldered	adj|abounding in rocks or stones|rocky fields
bouldery	adj|abounding in rocks or stones|rocky fields
boule	n|an inlaid furniture decoration; tortoiseshell and yellow and white metal form scrolls in cabinetwork|
boulevard	n|a wide street or thoroughfare|
boulevardier	n|a visitor of a city boulevard (especially in Paris)|
boulez	n|French composer of serial music (born in 1925)|
boulle	n|an inlaid furniture decoration; tortoiseshell and yellow and white metal form scrolls in cabinetwork|
bounce	v|spring back; spring away from an impact|The rubber ball bounced	v|hit something so that it bounces|bounce a ball	v|move up and down repeatedly|	v|come back after being refused|the check bounced
bounce back	v|improve in health|He got well fast
bounce out	v|bounce a ball so that it becomes an out|
bouncer	n|a person whose duty is to throw troublemakers out of a bar or public meeting|
bounciness	n|the quality of a substance that is able to rebound|
bouncing	n|rebounding from an impact (or series of impacts)|	adj|vigorously healthy|a bouncing baby	adj|marked by lively action|a bouncing gait
bouncing bess	n|plant of European origin having pink or white flowers and leaves yielding a detergent when bruised|
bouncing bet	n|plant of European origin having pink or white flowers and leaves yielding a detergent when bruised|
bouncing betty	n|an antipersonnel land mine|
bouncing putty	n|a soft elastic silicone polymer that increases in elasticity with the application of force; used in the center of golf balls and as shock-absorbent padding|
bouncy	adj|elastic; rebounds readily|clean bouncy hair	adj|marked by lively action|a bouncing gait
bound	adj|confined by bonds|bound and gagged hostages	adj|held with another element, substance or material in chemical or physical union|	adj|secured with a cover or binding; often used as a combining form|bound volumes	adj|(usually followed by `to') governed by fate|bound to happen
bound form	n|a morpheme that occurs only as part of a larger construction; eg an -s at the end of plural nouns|
bound morpheme	n|a morpheme that occurs only as part of a larger construction; eg an -s at the end of plural nouns|
bound off	v|bound off one point after another|
bound up	adj|closely or inseparably connected or associated with|his career is bound up with the fortunes of the enterprise	adj|deeply devoted to|bound up in her teaching
boundary	n|the line or plane indicating the limit or extent of something|	n|a line determining the limits of an area|	n|the greatest possible degree of something|what he did was beyond the bounds of acceptable behavior
boundary condition	n|(mathematics) a condition specified for the solution to a set of differential equations|
boundary layer	n|the layer of slower flow of a fluid past a surface|
boundary line	n|a line that indicates a boundary|
bounded	adj|having the limits or boundaries established|a delimited frontier through the disputed region
bounded interval	n|an interval that includes its endpoints|
boundedness	n|the quality of being finite|
bounden	adj|morally obligatory|my bounden duty
bounder	n|someone who is morally reprehensible|you dirty dog	n|someone who bounds or leaps (as in competition)|
bounderish	adj|(of persons) lacking in refinement or grace|
boundless	adj|seemingly boundless in amount, number, degree, or especially extent|unbounded enthusiasm
boundlessly	adv|without bounds|he is infinitely wealthy
boundlessness	n|the quality of being infinite; without bound or limit|
bounds	n|the line or plane indicating the limit or extent of something|
bounteous	adj|given or giving freely|was a big tipper
bounteously	adv|in a bountiful manner|
bounteousness	n|generosity evidenced by a willingness to give freely|
bountied	adj|rewarded or able to be rewarded by a bounty|a bountied animal pelt
bountiful	adj|given or giving freely|was a big tipper	adj|producing in abundance|the bountiful earth
bountifully	adv|in a bountiful manner|
bountifulness	n|the property of copious abundance|
bounty	n|payment or reward (especially from a government) for acts such as catching criminals or killing predatory animals or enlisting in the military|	n|the property of copious abundance|	n|generosity evidenced by a willingness to give freely|	n|a ship of the British navy; in 1789 part of the crew mutinied against their commander William Bligh and set him afloat in an open boat|
bounty hunter	n|someone who pursues fugitives or criminals for whom a reward is offered|	n|a hunter who kills predatory wild animals in order to collect a bounty|
bouquet	n|an arrangement of flowers that is usually given as a present|	n|a pleasingly sweet olfactory property|
bourbon	n|whiskey distilled from a mash of corn and malt and rye and aged in charred oak barrels|	n|a member of the European royal family that ruled France|	n|a European royal line that ruled in France (from 1589-1793) and Spain and Naples and Sicily|
bourbon dynasty	n|a European royal line that ruled in France (from 1589-1793) and Spain and Naples and Sicily|
bourdon	n|a pipe of the bagpipe that is tuned to produce a single continuous tone|
bourgeois	adj|(according to Marxist thought) being of the property-owning class and exploitive of the working class|	adj|conforming to the standards and conventions of the middle class|a bourgeois mentality	adj|belonging to the middle class|	n|a capitalist who engages in industrial commercial enterprise|
bourgeoisie	n|the social class between the lower and upper classes|
bourgeon	v|produce buds, branches, or germinate|the potatoes sprouted
bourgogne	n|a former province of eastern France that is famous for its wines|
bourguignon	n|reduced red wine with onions and parsley and thyme and butter|
bourguignon sauce	n|reduced red wine with onions and parsley and thyme and butter|
bourn	n|an archaic term for a boundary|	n|an archaic term for a goal or destination|
bourne	n|an archaic term for a boundary|	n|an archaic term for a goal or destination|
bourse	n|the stock exchange in Paris|
bourtree	n|a common shrub with black fruit or a small tree of Europe and Asia; fruit used for wines and jellies|
bouse	v|haul with a tackle|
boustrophedon	n|an ancient writing system: having alternate lines written in opposite directions; literally `as the ox ploughs'|
boustrophedonic	adj|of or relating to writing alternate lines in opposite directions|
bout	n|(sports) a division during which one team is on the offensive|	n|a period of illness|a bout of fever	n|a contest or fight (especially between boxers or wrestlers)|	n|an occasion for excessive eating or drinking|they went on a bust that lasted three days
bouteloua	n|forage grasses|
bouteloua eriopoda	n|a pasture grass (especially of western coastal regions of North America)|
bouteloua gracilis	n|a pasture grass of western North America|
boutique	n|a shop that sells women's clothes and jewelry|
boutonneuse fever	n|a disease (common in India and around the Mediterranean area) caused by a rickettsia that is transmitted to humans by a reddish brown tick (ixodid) that lives on dogs and other mammals|
boutonniere	n|a flower that is worn in a buttonhole|
bouvet island	n|an island belonging to Norway in the South Atlantic near the Antarctic Circle|
bouvier des flandres	n|rough-coated breed used originally in Belgium for herding and guarding cattle|
bouviers des flandres	n|rough-coated breed used originally in Belgium for herding and guarding cattle|
bouvines	n|in 1214 the French under Philip Augustus defeated a coalition formed against him in one of the greatest battles of the middle ages|
bouyei	n|a branch of the Tai languages|
bovid	adj|of or relating to or belonging to the genus Bos (cattle)|	n|hollow-horned ruminants|
bovidae	n|true antelopes; cattle; oxen; sheep; goats|
bovinae	n|term not used technically; essentially coextensive with genus Bos: cattle; buffalo; and sometimes includes kudu|
bovine	adj|of or relating to or belonging to the genus Bos (cattle)|	adj|dull and slow-moving and stolid; like an ox|showed a bovine apathy	n|any of various members of the genus Bos|
bovine spongiform encephalitis	n|a fatal disease of cattle that affects the central nervous system; causes staggering and agitation|
bovini	n|term not used technically; essentially coextensive with genus Bos|
bovril	n|an extract of beef (given to people who are ill)|
bow	n|a knot with two loops and loose ends; used to tie shoelaces|	n|a slightly curved piece of resilient wood with taut horsehair strands; used in playing certain stringed instruments|	n|front part of a vessel or aircraft|he pointed the bow of the boat toward the finish line	n|a weapon for shooting arrows, composed of a curved piece of resilient wood with a taut cord to propel the arrow|
bow and arrow	n|a weapon consisting of arrows and the bow to shoot them|
bow down	v|get into a prostrate position, as in submission|	v|bend one's knee or body, or lower one's head|He bowed before the King
bow leg	n|outward curvature of the legs|	n|a leg bowed outward at the knee (or below the knee)|
bow legs	n|outward curvature of the legs|
bow out	v|remove oneself from an obligation|He bowed out when he heard how much work was involved	v|retire gracefully|He bowed out when he realized he could no longer handle the demands of the chairmanship
bow tie	n|a man's tie that ties in a bow|
bow window	n|a window that sticks out from the outside wall of a house|
bow-tie	n|a man's tie that ties in a bow|
bow-wow	n|the bark of a dog|	n|informal terms for dogs|
bowdler	n|English editor who in 1818 published an expurgated edition of the works of Shakespeare (1754-1825)|
bowdlerisation	n|written material that has been bowdlerized|	n|the act of deleting or modifying all passages considered to be indecent|
bowdlerise	v|edit by omitting or modifying parts considered indelicate|bowdlerize a novel
bowdleriser	n|a person who edits a text by removing obscene or offensive words or passages|Thomas Bowdler was a famous expurgator
bowdlerism	n|censorship in the form of prudish expurgation|
bowdlerization	n|written material that has been bowdlerized|	n|the act of deleting or modifying all passages considered to be indecent|
bowdlerize	v|edit by omitting or modifying parts considered indelicate|bowdlerize a novel
bowdlerizer	n|a person who edits a text by removing obscene or offensive words or passages|Thomas Bowdler was a famous expurgator
bowed	adj|of a stringed instrument; sounded by stroking with a bow|	adj|forming or resembling an arch|an arched ceiling	adj|have legs that curve outward at the knees|	adj|showing an excessively deferential manner|
bowed down	adj|heavily burdened with work or cares|bowed down with troubles
bowed stringed instrument	n|stringed instruments that are played with a bow|the strings played superlatively well
bowel	n|the part of the alimentary canal between the stomach and the anus|
bowel movement	n|a euphemism for defecation|he had a bowel movement
bowelless	adj|ruthless in competition|cutthroat competition
bowels	n|the center of the Earth|
bower	n|a framework that supports climbing plants|the arbor provided a shady resting place in the park	v|enclose in a bower|
bower actinidia	n|climbing Asiatic vine having long finely serrate leaves and racemes of white flowers followed by greenish-yellow edible fruit|
bowerbird	n|any of various birds of the Australian region whose males build ornamented structures resembling bowers in order to attract females|
bowery	adj|like a bower; leafy and shady|a bowery lane	n|a street in Manhattan noted for cheap hotels frequented by homeless derelicts|
bowfin	n|primitive long-bodied carnivorous freshwater fish with a very long dorsal fin; found in sluggish waters of North America|
bowfront	adj|having an outward curving front|a bowfront dresser
bowhead	n|large-mouthed Arctic whale|
bowhead whale	n|large-mouthed Arctic whale|
bowie knife	n|a stout hunting knife with a single edge|
bowiea	n|small genus of tropical African perennial bulbous herbs with deciduous twining stems; sometimes placed in family Hyacinthaceae|
bowiea volubilis	n|much-branched leafless twining South African herb cultivated as an ornamental for its bright green stems growing from large aboveground bulbs|
bowing	adj|showing an excessively deferential manner|	n|bending the head or body or knee as a sign of reverence or submission or shame or greeting|	n|managing the bow in playing a stringed instrument|the violinist's bowing was excellent
bowknot	n|a knot with two loops and loose ends; used to tie shoelaces|
bowl	n|a round vessel that is open at the top; used chiefly for holding food or liquids|	n|a concave shape with an open top|	n|a dish that is round and open at the top for serving foods|	n|the quantity contained in a bowl|
bowl over	v|cause to overturn from an upright or normal position|The cat knocked over the flower vase	v|overcome with amazement|This boggles the mind!
bowl-shaped	adj|having a concave shape with an open top like a bowl|
bowlder	n|a large smooth mass of rock detached from its place of origin|
bowleg	adj|have legs that curve outward at the knees|	n|a leg bowed outward at the knee (or below the knee)|
bowlegged	adj|have legs that curve outward at the knees|
bowler	n|a cricketer who delivers the ball to the batsman in cricket|	n|a player who rolls balls down an alley at pins|	n|a felt hat that is round and hard with a narrow brim|
bowler hat	n|a felt hat that is round and hard with a narrow brim|
bowlful	n|the quantity contained in a bowl|
bowline	n|a loop knot that neither slips nor jams|
bowline knot	n|a loop knot that neither slips nor jams|
bowling	n|a game in which balls are rolled at an object or group of objects with the aim of knocking them over or moving them|	n|(cricket) the act of delivering a cricket ball to the batsman|	n|the playing of a game of tenpins or duckpins etc|
bowling alley	n|a building that contains several alleys for bowling|	n|a lane down which a bowling ball is rolled toward pins|
bowling ball	n|a large ball with finger holes used in the sport of bowling|
bowling equipment	n|equipment used in bowling|
bowling green	n|a town in southern Kentucky|	n|a field of closely mowed turf for playing bowls|
bowling league	n|a league of bowling teams|
bowling pin	n|a club-shaped wooden object used in bowling; set up in triangular groups of ten as the target|
bowling score	n|the score in a bowling match|
bowling shoe	n|a special shoe worn when bowling|
bowls	n|a bowling game played on a level lawn with biased wooden balls that are rolled at a jack|
bowman	n|a person who is expert in the use of a bow and arrow|
bowman's capsule	n|thin double membrane surrounding the glomerulus of a nephron|
bowse	v|haul with a tackle|
bowsprit	n|a spar projecting from the bow of a vessel|
bowstring	n|the string of an archer's bow|
bowstring hemp	n|hemp obtained from the sansevieria|	n|strong fiber that resembles hemp; obtained from sansevieria and used for e.g. cordage|	n|grown as a houseplant for its mottled fleshy sword-shaped leaves or as a source of fiber|
bowtie	n|a man's tie that ties in a bow|
bowtie pasta	n|pasta shaped with scalloped edges and pinched in the middle, suggestive of a bow tie|
box	n|a (usually rectangular) container; may have a lid|he rummaged through a box of spare parts	n|private area in a theater or grandstand where a small group can watch the performance|the royal box was empty	n|the quantity contained in a box|he gave her a box of chocolates	n|a predicament from which a skillful or graceful escape is impossible|his lying got him into a tight corner
box beam	n|a beam built up from boards; has a hollow rectangular cross section|
box calf	n|black calfskin leather tanned with chromium salts|
box camera	n|a simple camera shaped like a rectangular box|
box coat	n|a short coat that hangs loosely from the shoulders|
box end wrench	n|a wrench with a closed loop (a socket) that fits over a nut or bolt head|
box family	n|widely distributed evergreen shrubs and trees|
box girder	n|a beam built up from boards; has a hollow rectangular cross section|
box in	v|enclose or confine as if in a box|
box kite	n|a kite shaped like a box open at both ends|
box kodak	n|a simple camera shaped like a rectangular box|
box number	n|the number of a letter box at the post office where mail is collected|	n|a mailing address to which answers to a newspaper ad can be sent|
box office	n|total admission receipts for an entertainment|	n|the office where tickets of admission are sold|
box pleat	n|a flat double pleat made by folding under the fabric on either side of it|
box seat	n|a special seat in a theater or grandstand box|	n|the driver's seat on a coach|an armed guard sat in the box with the driver
box spring	n|a coiled bedspring in a frame that is covered with cloth|
box tortoise	n|chiefly terrestrial turtle of North America; shell can be closed tightly|
box turtle	n|chiefly terrestrial turtle of North America; shell can be closed tightly|
box up	v|enclose or confine as if in a box|
box wrench	n|a wrench with a closed loop (a socket) that fits over a nut or bolt head|
box-shaped	adj|resembling a box in rectangularity|
boxberry	n|creeping woody plant of eastern North America with shiny evergreen leaves and scarlet berries|	n|spicy red berrylike fruit; source of wintergreen oil|
boxcar	n|a freight car with roof and sliding doors in the sides|
boxcars	n|(usually plural) an expression used when two dice are thrown and both come up showing six spots|
boxed	adj|enclosed in or set off by a border or box|boxed sections of the report	adj|enclosed in or as if in a box|boxed cigars
boxed in	adj|enclosed in or as if in a box|boxed cigars
boxed-in	adj|enclosed in or as if in a box|boxed cigars
boxer	n|someone who fights with his fists for sport|	n|a workman employed to pack things into containers|	n|a member of a nationalistic Chinese secret society that led an unsuccessful rebellion in 1900 against foreign interests in China|	n|a breed of stocky medium-sized short-haired dog with a brindled coat and square-jawed muzzle developed in Germany|
boxers	n|underpants worn by men|
boxershorts	n|underpants worn by men|
boxfish	n|any of numerous small tropical fishes having body and head encased in bony plates|
boxful	n|the quantity contained in a box|he gave her a box of chocolates
boxing	n|fighting with the fists|	n|the enclosure of something in a package or box|
boxing day	n|first weekday after Christmas|
boxing equipment	n|equipment used in boxing|
boxing glove	n|boxing equipment consisting of big and padded coverings for the fists of the fighters; worn for the sport of boxing|
boxing match	n|a match between boxers; usually held in a boxing ring|
boxing ring	n|a square ring where boxers fight|
boxlike	adj|resembling a box in rectangularity|
boxthorn	n|any of various shrubs or vines of the genus Lycium with showy flowers and bright berries|
boxwood	n|very hard tough close-grained light yellow wood of the box (particularly the common box); used in delicate woodwork: musical instruments and inlays and engraving blocks|	n|evergreen shrubs or small trees|
boxy	adj|resembling a box in rectangularity|
boy	n|a youthful male person|the baby was a boy	n|a friendly informal reference to a grown man|he likes to play golf with the boys	n|a male human offspring|their son became a famous judge
boy scout	n|a boy who is a member of the Boy Scouts|	n|a man who is considered naive|
boy scouts	n|an international (but decentralized) movement started in 1908 in England with the goal of teaching good citizenship to boys|
boy wonder	n|an extremely talented young male person|
boycott	v|refuse to sponsor; refuse to do business with|	n|a group's refusal to have commercial dealings with some organization in protest against its policies|
boyfriend	n|a man who is the lover of a man or woman|if I'd known he was her boyfriend I wouldn't have asked
boyhood	n|the childhood of a boy|
boyish	adj|befitting or characteristic of a young boy|a boyish grin
boyishly	adv|like a boy|he smiled boyishly at his fiancee
boyishness	n|being characteristic of a boy|
boykinia	n|genus of perennial rhizomatous herbs with flowers in panicles; North America; Japan|
boykinia elata	n|plant with leaves mostly at the base and openly branched clusters of small white flowers; western North America|
boykinia occidentalis	n|plant with leaves mostly at the base and openly branched clusters of small white flowers; western North America|
boyle	n|Irish chemist who established that air has weight and whose definitions of chemical elements and chemical reactions helped to dissociate chemistry from alchemy (1627-1691)|
boyle's law	n|the pressure of an ideal gas at constant temperature varies inversely with the volume|
boylike	adj|befitting or characteristic of a young boy|a boyish grin	adv|like a boy|he smiled boyishly at his fiancee
boyne	n|a battle in the War of the Grand Alliance in Ireland in 1690; William III defeated the deposed James II and so ended the Catholicism that had been reintroduced in England by the Stuarts|
boys-and-girls	n|Eurafrican annual naturalized in America as a weed; formerly dried for use as a purgative, diuretic or antisyphilitic|
boysenberry	n|cultivated hybrid bramble of California having large dark wine-red fruit with a flavor resembling raspberries|	n|large raspberry-flavored fruit; cross between blackberries and raspberries|
boysenberry bush	n|cultivated hybrid bramble of California having large dark wine-red fruit with a flavor resembling raspberries|
boytrose	adj|resembling a cluster of grapes in form|
bozeman	n|a town in southwestern Montana; gateway to Yellowstone National Park|
bozo	n|a man who is a stupid incompetent fool|	n|an informal term for a youth or man|a nice guy
bph	n|enlarged prostate; appears to be part of the natural aging process|
bpi	n|a measure of how densely information is packed on a storage medium|
bpm	n|the pace of music measured by the number of beats occurring in 60 seconds|
bps	n|(computer science) the rate at which data is transferred (as by a modem)|
br	n|a nonmetallic heavy volatile corrosive dark brown liquid element belonging to the halogens; found in sea water|	n|a Marxist-Leninist terrorist organization that arose out of a student protest movement in the late 1960s; wants to separate Italy from NATO and advocates violence in the service of class warfare and revolution; mostly inactive since 1989|
bra	n|an undergarment worn by women to support their breasts|
brabancon griffon	n|a variety of Brussels griffon having a short smooth coat|
brabble	v|argue over petty things|Let's not quibble over pennies
brace	v|prepare (oneself) for something unpleasant or difficult|	v|support or hold steady and make steadfast, with or as if with a brace|brace your elbows while working on the potter's wheel	v|support by bracing|	v|cause to be alert and energetic|Coffee and tea stimulate me
brace and bit	n|a drill consisting of a bit and a brace to hold and turn it|
brace oneself for	v|prepare mentally or emotionally for something unpleasant|
brace up	v|make secure underneath|undergird the ship
brace wrench	n|a wrench shaped like a brace (has a handle shaped like a crank) and a socket head|
braced	adj|positioned so as to be ready for confrontation or danger|he stood to attention with his shoulders braced	adj|held up by braces or buttresses|
bracelet	n|a band of cloth or leather or metal links attached to a wristwatch and wrapped around the wrist|	n|jewelry worn around the wrist for decoration|
bracelet wood	n|small West Indian shrub or tree with hard glossy seeds patterned yellow and brown that are used to make bracelets|
bracer	n|a protective covering for the wrist or arm that is used in archery and fencing and other sports|	n|a tonic or restorative (especially a drink of liquor)|
braces	n|an appliance that corrects dental irregularities|
brachial	adj|of or relating to an arm|brachial artery
brachial artery	n|the main artery of the upper arm; a continuation of the axillary artery; bifurcates into the radial and ulnar arteries at the elbow|
brachial plexus	n|a network of nerves formed by cervical and thoracic spinal nerves and supplying the arm and parts of the shoulder|
brachial vein	n|two veins in either arm that accompany the brachial artery and empty into the axillary vein|
brachiate	adj|having widely spreading paired branches|maples are brachiate	adj|having arms or armlike appendages|	v|swing from one hold to the next|the monkeys brachiate
brachiation	n|swinging by the arms from branch to branch|
brachinus	n|bombardier beetles|
brachiocephalic vein	n|veins formed by the union of the internal jugular and subclavian veins|
brachiopod	adj|of or belonging to the phylum Brachiopoda|	n|marine animal with bivalve shell having a pair of arms bearing tentacles for capturing food; found worldwide|
brachiopoda	n|marine invertebrates that resemble mollusks|
brachiopodous	adj|of or belonging to the phylum Brachiopoda|
brachium	n|(biology) a branching or armlike part of an animal|
brachycephalic	adj|having a short broad head with a cephalic index of over 80|	n|an adult with a short broad head|
brachycephalism	n|the quality of being brachycephalic|
brachycephaly	n|the quality of being brachycephalic|
brachychiton	n|Australian trees (usually with swollen trunks)|
brachychiton acerifolius	n|south Australian tree having panicles of brilliant scarlet flowers|
brachychiton australis	n|north Australian tree having white flowers and broad leaves|
brachychiton populneus	n|widely distributed tree of eastern Australia yielding a tough durable fiber and soft light attractively grained wood; foliage is an important emergency food for cattle|
brachychiton rupestris	n|large tree of Queensland having cream-colored flowers blotched with red inside; sometimes placed in genus Sterculia|
brachycome	n|mostly Australian herbs having basal or alternate leaves and loosely corymbose flower heads|
brachycome iberidifolia	n|western Australian annual much cultivated for its flower heads with white or bluish to violet or variegated rays|
brachycranial	adj|having a short broad head with a cephalic index of over 80|
brachycranic	adj|having a short broad head with a cephalic index of over 80|
brachydactylia	n|abnormal shortness of fingers and toes|
brachydactylic	adj|having abnormally short finger or toes|
brachydactylous	adj|having abnormally short finger or toes|
brachydactyly	n|abnormal shortness of fingers and toes|
brachypterous	adj|(especially of certain insects) having very short or rudimentary wings|
brachystegia	n|small genus of tropical African timber trees having pale golden heartwood uniformly striped with dark brown or black:|
brachystegia speciformis	n|small shrubby African tree having compound leaves and racemes of small fragrant green flowers|
brachyura	n|an order of crustaceans (including true crabs) having a reduced abdomen folded against the ventral surface|
brachyuran	n|typical crabs|
brachyurous	adj|of or belonging to the suborder Brachyura|
bracing	n|a structural member used to stiffen a framework|	adj|imparting vitality and energy|the bracing mountain air
bracken	n|fern of southeastern Asia; not hardy in cold temperate regions|	n|large coarse fern often several feet high; essentially weed ferns; cosmopolitan|
bracket	n|a category falling within certain defined limits|	n|either of two punctuation marks (`<' or `>') used in computer programming and sometimes used to enclose textual material|	n|either of two punctuation marks ([ or ]) used to enclose textual material|	n|a support projecting from a wall (as to hold a shelf)|
bracket creep	n|a movement into a higher tax bracket as taxable income increases|
bracket fungus	n|a woody fungus that forms shelflike sporophores on tree trunks and wood structures|
bracket out	v|place into brackets|Please bracket this remark
bracketed blenny	n|small eellike fishes common in shallow waters of the northern Atlantic|
brackish	adj|distasteful and unpleasant; spoiled by mixture|a thin brackish gruel	adj|slightly salty (especially from containing a mixture of seawater and fresh water)|a brackish lagoon
brackishness	n|the quality of being salty, as the saltiness of water|
bract	n|a modified leaf or leaflike part just below and protecting an inflorescence|
bracteal	adj|pertaining to or resembling or functioning as a bract|
bracteate	adj|having bracts|
bracted	adj|having bracts|
bracteolate	adj|having bracteoles|
bracteole	n|a small bract|
bractlet	n|a small bract|
brad	n|a small nail|	v|fasten with brads|
bradawl	n|an awl for making small holes for brads or small screws|
bradley method	n|a method that prepares a mother for natural childbirth by providing education and exercises and nutrition and techniques of breathing and relaxation (with the assistance of the father)|
bradley method of childbirth	n|a method that prepares a mother for natural childbirth by providing education and exercises and nutrition and techniques of breathing and relaxation (with the assistance of the father)|
bradstreet	n|poet in colonial America (born in England) (1612-1672)|
bradycardia	n|abnormally slow heartbeat|
bradypodidae	n|a family of edentates comprising the true sloths|
bradypus	n|type genus of the Bradypodidae: three-toed sloths|
bradypus tridactylus	n|a sloth that has three long claws on each forefoot and each hindfoot|
brae	n|a slope or hillside|
brag	v|show off|	adj|exceptionally good|a boss hand at carpentry	n|an instance of boastful talk|his brag is worse than his fight
braga	n|an ancient city in northern Portugal|
brage	n|(Norse mythology) god of poetry and music; son of Odin|
braggadocio	n|vain and empty boasting|
braggart	adj|exhibiting self-importance|big talk	n|a very boastful and talkative person|
bragger	n|a very boastful and talkative person|
bragging	adj|exhibiting self-importance|big talk	n|an instance of boastful talk|his brag is worse than his fight
braggy	adj|exhibiting self-importance|big talk
bragi	n|(Norse mythology) god of poetry and music; son of Odin|
brahe	n|Danish astronomer whose observations of the planets provided the basis for Kepler's laws of planetary motion (1546-1601)|
brahma	n|the Creator; one of the three major deities in the later Hindu pantheon|
brahman	n|a member of a social and cultural elite (especially a descendant of an old New England family)|a Boston brahman	n|a member of the highest of the four Hindu varnas|originally all brahmans were priests	n|the highest of the four varnas: the priestly or sacerdotal category|
brahmana	n|prose works attached to the Samhitas instructing the brahmins to perform the very elaborate sacrificial rituals|
brahmanism	n|the religious and social system of orthodox Hinduism|	n|the religious beliefs of ancient India as prescribed in the sacred Vedas and Brahmanas and Upanishads|
brahmaputra	n|an Asian river; flows into the Bay of Bengal|
brahmaputra river	n|an Asian river; flows into the Bay of Bengal|
brahmi	n|a script (probably adapted from the Aramaic about the 7th century BC) from which later Indian scripts developed|
brahmin	n|a member of a social and cultural elite (especially a descendant of an old New England family)|a Boston brahman	n|a member of the highest of the four Hindu varnas|originally all brahmans were priests	n|the highest of the four varnas: the priestly or sacerdotal category|
brahminic	adj|of or relating to or characteristic of a brahmin|
brahminical	adj|of or relating to or characteristic of a brahmin|
brahminism	n|the religious and social system of orthodox Hinduism|	n|the religious beliefs of ancient India as prescribed in the sacred Vedas and Brahmanas and Upanishads|
brahms	n|German composer who developed the romantic style of both lyrical and classical music (1833-1897)|	n|the music of Brahms|Brahms was included in the program
brahui	n|a member of a Dravidian people living in Pakistan|	n|an isolated Dravidian language spoken by the Brahui in Pakistan|
braid	n|a hairdo formed by braiding or twisting the hair|	n|trimming used to decorate clothes or curtains|	v|make by braiding or interlacing|lace a tablecloth	v|decorate with braids or ribbons|braid a collar
braided	adj|woven by (or as if by) braiding|braided cordage
braiding	n|trimming used to decorate clothes or curtains|
brail	n|a small net used to draw fish into a boat|	n|a small rope (one of several) used to draw a sail in|	v|take in a sail with a brail|	v|haul fish aboard with brails|
braille	n|French educator who lost his sight at the age of three and who invented a system of writing and printing for sightless people (1809-1852)|	n|a point system of writing in which patterns of raised dots represent letters and numerals|	v|transcribe in braille|
brain	n|that part of the central nervous system that includes all the higher nervous centers; enclosed within the skull; continuous with the spinal cord|	n|mental ability|he's got plenty of brains but no common sense	n|that which is responsible for one's thoughts, feelings, and conscious brain functions; the seat of the faculty of reason|his mind wandered	n|someone who has exceptional intellectual ability and originality|Mozart was a child genius
brain cell	n|a nerve cell in the brain|
brain coral	n|massive reef-building coral having a convoluted and furrowed surface|
brain damage	n|injury to the brain that impairs its functions (especially permanently); can be caused by trauma to the head, infection, hemorrhage, inadequate oxygen, genetic abnormality, etc.|
brain dead	adj|having irreversible loss of brain function as indicated by a persistent flat electroencephalogram|was declared brain dead
brain death	n|death when respiration and other reflexes are absent; consciousness is gone; organs can be removed for transplantation before the heartbeat stops|
brain disease	n|any disorder or disease of the brain|
brain disorder	n|any disorder or disease of the brain|
brain doctor	n|a medical specialist in the nervous system and the disorders affecting it|
brain drain	n|depletion or loss of intellectual and technical personnel|
brain edema	n|swelling of the brain due to the uptake of water in the neuropile and white matter|
brain fever	n|meningitis caused by bacteria and often fatal|
brain mushroom	n|a poisonous gyromitra; the surface of the fertile body is smooth at first and becomes progressively undulating and wrinkled (but never truly pitted); color varies from dull yellow to brown|
brain science	n|the branch of neuroscience concerned with the brain|
brain stem	n|the part of the brain continuous with the spinal cord and comprising the medulla oblongata and pons and midbrain and parts of the hypothalamus|
brain sugar	n|a simple sugar found in lactose|
brain surgeon	n|someone who does surgery on the nervous system (especially the brain)|
brain surgery	n|any surgical procedure involving the brain|
brain trust	n|an inner circle of unofficial advisors to the head of a government|
brain truster	n|an expert adviser involved in making important decisions but usually lacking official status|
brain tumor	n|a tumor in the brain|
brain tumour	n|a tumor in the brain|
brain wave	n|(neurophysiology) rapid fluctuations of voltage between parts of the cerebral cortex that are detectable with an electroencephalograph|
brain-fag	n|exhaustion that affects mental keenness|
brain-stem	n|the part of the brain continuous with the spinal cord and comprising the medulla oblongata and pons and midbrain and parts of the hypothalamus|
brain-teaser	n|a difficult problem|
brain-worker	n|someone whose profession involves using his head to solve problems|
braincase	n|the part of the skull that encloses the brain|
brainchild	n|a product of your creative thinking and work|he had little respect for the inspirations of other artists
brainiac	n|someone who has exceptional intellectual ability and originality|Mozart was a child genius
brainish	adj|characterized by undue haste and lack of thought or deliberation; (`brainish' is archaic)|a hotheaded decision
brainless	adj|not using intelligence|
brainpan	n|the part of the skull that encloses the brain|
brainpower	n|mental ability|he's got plenty of brains but no common sense
brainsick	adj|affected with madness or insanity|a man who had gone mad
brainstem	n|the part of the brain continuous with the spinal cord and comprising the medulla oblongata and pons and midbrain and parts of the hypothalamus|
brainstorm	n|the clear (and often sudden) understanding of a complex situation|	v|try to solve a problem by thinking intensely about it|
brainstorming	n|a group problem-solving technique in which members spontaneously share ideas and solutions|we had an intense brainstorming session today
brainwash	v|persuade completely, often through coercion|The propaganda brainwashed many people	v|submit to brainwashing; indoctrinate forcibly|
brainwashed	adj|subjected to intensive forced indoctrination resulting in the rejection of old beliefs and acceptance of new ones|brainwashed prisoners of war
brainwashing	n|forcible indoctrination into a new set of attitudes and beliefs|
brainwave	n|(neurophysiology) rapid fluctuations of voltage between parts of the cerebral cortex that are detectable with an electroencephalograph|	n|the clear (and often sudden) understanding of a complex situation|
brainworker	n|someone whose profession involves using his head to solve problems|
brainy	adj|having or marked by unusual and impressive intelligence|our project needs brainy women
braise	v|cook in liquid|braise beef
braised	adj|cooked by browning in fat and then simmering in a closed container|
braising	n|cooking slowly in fat in a closed pot with little moisture|
brake	n|a restraint used to slow or stop a vehicle|	n|any of various ferns of the genus Pteris having pinnately compound leaves and including several popular houseplants|	n|large coarse fern often several feet high; essentially weed ferns; cosmopolitan|	n|an area thickly overgrown usually with one kind of plant|
brake band	n|a band that can be tightened around a shaft to stop its rotation|
brake cylinder	n|a cylinder that contains brake fluid that is compressed by a piston|
brake disk	n|a disk or plate that is fixed to the wheel; pressure is applied to it by the brake pads|
brake drum	n|a hollow cast iron cylinder attached to the wheel that forms part of the brakes|
brake failure	n|brakes fail to stop a vehicle|
brake light	n|a red light on the rear of a motor vehicle that signals when the brakes are applied to slow or stop|
brake lining	n|the lining on the brake shoes that comes in contact with the brake drum|
brake pad	n|one of the pads that apply friction to both sides of the brake disk|
brake pedal	n|foot pedal that moves a piston in the master brake cylinder|
brake shoe	n|a restraint provided when the brake linings are moved hydraulically against the brake drum to retard the wheel's rotation|
brake system	n|a braking device consisting of a combination of interacting parts that work to slow a motor vehicle|
brakeman	n|a railroad employee responsible for a train's brakes|
brakes	n|a braking device consisting of a combination of interacting parts that work to slow a motor vehicle|
braky	adj|covered with brambles and ferns and other undergrowth|	adj|abounding with bracken|the woods and braky glens"- William Browne
braless	adj|having the breasts uncovered or featuring such nudity|topless waitresses
bram stoker	n|Irish writer of the horror novel about Dracula (1847-1912)|
brama	n|type genus of the Bramidae|
brama raii	n|deep-bodied sooty-black pelagic spiny-finned fish of the northern Atlantic and northern Pacific; valued for food|
bramante	n|great Italian architect of the High Renaissance in Italy (1444-1514)|
bramble	n|any of various rough thorny shrubs or vines|
bramble bush	n|any prickly shrub of the genus Rubus bearing edible aggregate fruits|
brambling	n|Eurasian finch|
brambly	adj|covered with brambles and ferns and other undergrowth|
bramidae	n|deep-bodied percoid fishes of the open seas|
bramley's seedling	n|very large cooking apple|
bran	n|broken husks of the seeds of cereal grains that are separated from the flour by sifting|	n|food prepared from the husks of cereal grains|
bran flake	n|wheat flake including the bran|
bran muffin	n|muffin containing bran|
bran-new	adj|conspicuously new|shiny brand-new shoes
branch	n|a division of some larger or more complex organization|a branch of Congress	n|a division of a stem, or secondary stem arising from the main stem of a plant|	n|a part of a forked or branching shape|he broke off one of the branches	n|a natural consequence of development|
branch line	n|a railway line connected to a trunk line|
branch out	v|vary in order to spread risk or to expand|The company diversified
branch water	n|pure natural water from a stream or brook; often distinguished from soda water|
branched	adj|resembling a fork; divided or separated into two branches|the biramous appendages of an arthropod	adj|having branches|
branched chain	n|an open chain of atoms with one or more side chains attached to it|
branched chain ketoaciduria	n|an inherited disorder of metabolism in which the urine has a odor characteristic of maple syrup; if untreated it can lead to mental retardation and death in early childhood|
branchia	n|respiratory organ of aquatic animals that breathe oxygen dissolved in water|
branchial	adj|of or relating to gills (or to parts of the body derived from embryonic gills)|
branchial arch	n|one of the bony or cartilaginous arches on each side of the pharynx that support the gills of fishes and aquatic amphibians|
branchial cleft	n|one of a series of slit openings in the pharynxes of fishes and aquatic amphibians through which water passes|
branchiate	adj|provided with gills|a gilled tadpole
branching	adj|having branches|	adj|resembling the branches of a tree|	n|the act of branching out or dividing into branches|
branchiobdella	n|type genus of the Branchiobdellidae: a small worm that lives on the gills or surface of a crayfish attached by a sucker|
branchiobdellidae	n|small annelid worms with the posterior end modified into an adhesive sucker; especially formerly regarded as modified leeches|
branchiopod	adj|of or relating to or characteristic of the subclass Branchiopoda|	n|aquatic crustaceans typically having a carapace and many pairs of leaflike appendages used for swimming as well as respiration and feeding|
branchiopod crustacean	n|aquatic crustaceans typically having a carapace and many pairs of leaflike appendages used for swimming as well as respiration and feeding|
branchiopoda	n|primitive aquatic mainly freshwater crustaceans: fairy shrimps; brine shrimps; tadpole shrimps; can shrimps; water fleas|
branchiopodan	adj|of or relating to or characteristic of the subclass Branchiopoda|	n|aquatic crustaceans typically having a carapace and many pairs of leaflike appendages used for swimming as well as respiration and feeding|
branchiopodous	adj|of or relating to or characteristic of the subclass Branchiopoda|
branchiostegidae	n|small family of marine fishes having covered gills|
branchiostomidae	n|lancelets|
branchiura	n|copepods with suctorial mouthparts; parasitic on fishes|
branchless	adj|having no branches|
branchlet	n|a small branch or division of a branch (especially a terminal division); usually applied to branches of the current or preceding year|
branchy	adj|having many branches|a branchy tree trunk
brancusi	n|Romanian sculptor noted for abstractions of animal forms (1876-1957)|
brand	n|a name given to a product or service|	n|a recognizable kind|there's a new brand of hero in the movies now	n|identification mark on skin, made by burning|	n|a piece of wood that has been burned or is burning|
brand name	n|a name given to a product or service|
brand-name drug	n|a drug that has a trade name and is protected by a patent (can be produced and sold only by the company holding the patent)|
brand-new	adj|conspicuously new|shiny brand-new shoes
brand-newness	n|the property of being very new|
branded	adj|(of goods and merchandise) marked or labeled by a distinctive word or symbol indicating exclusive rights|branded merchandise is that bearing a standard brand name	adj|marked with a brand|branded cattle
brandenburg	n|the territory of an Elector (of the Holy Roman Empire) that expanded to become the kingdom of Prussia in 1701|
branding	n|the act of stigmatizing|
branding iron	n|implement used to brand live stock|
brandish	v|move or swing back and forth|She waved her gun	v|exhibit aggressively|brandish a sword	n|the act of waving|
brandmark	v|mark with a brand or trademark|when this product is not branded it sells for a lower price
brandt	n|German statesman who as chancellor of West Germany worked to reduce tensions with eastern Europe (1913-1992)|
brandy	n|distilled from wine or fermented fruit juice|
brandy glass	n|a globular glass with a small top; used for serving brandy|
brandy nose	n|enlargement of the nose with dilation of follicles and redness and prominent vascularity of the skin; often associated with excessive consumption of alcohol|
brandy sling	n|a sling made with brandy|
brandy snifter	n|a globular glass with a small top; used for serving brandy|
brandyball	n|a British candy flavored with brandy|
brandysnap	n|a gingersnap flavored with brandy|
brant	n|small dark geese that breed in the north and migrate southward|
brant goose	n|small dark geese that breed in the north and migrate southward|
branta	n|wild geese|
branta bernicla	n|the best known variety of brant goose|
branta canadensis	n|common greyish-brown wild goose of North America with a loud, trumpeting call|
branta leucopsis	n|European goose smaller than the brant; breeds in the far north|
braque	n|French painter who led the cubist movement (1882-1963)|
brasenia	n|alternatively, a member of the family Nymphaeaceae|
brasenia schreberi	n|aquatic plant with floating oval leaves and purple flowers; in lakes and slow-moving streams; suitable for aquariums|
brash	adj|offensively bold|a brash newcomer disputed the age-old rules for admission to the club
brashly	adv|in a brash cheeky manner|brashly, she asked for a rebate
brashness	n|tasteless showiness|	n|the trait of being rash and hasty|
brasier	n|large metal container in which coal or charcoal is burned; warms people who must stay outside for long times|
brasilia	n|the capital of Brazil; a city built on the central plateau and inaugurated in 1960|
brasov	n|a city in central Romania in the foothills of the Transylvanian Alps|
brass	n|an alloy of copper and zinc|	n|a wind instrument that consists of a brass tube (usually of variable length) that is blown by means of a cup-shaped or funnel-shaped mouthpiece|	n|the persons (or committees or departments etc.) who make up a body for the purpose of administering something|he claims that the present administration is corrupt	n|impudent aggressiveness|I couldn't believe her boldness
brass band	n|a group of musicians playing only brass and percussion instruments|
brass buttons	n|South African herb with golden-yellow globose flower heads; naturalized in moist areas along coast of California; cultivated as an ornamental|
brass family	n|(music) the family of brass instruments|
brass hat	n|a high-ranking military officer|
brass instrument	n|a wind instrument that consists of a brass tube (usually of variable length) that is blown by means of a cup-shaped or funnel-shaped mouthpiece|
brass knuckles	n|(used in the plural) a small metal weapon; worn over the knuckles on the back of the hand|
brass knucks	n|(used in the plural) a small metal weapon; worn over the knuckles on the back of the hand|
brass monkey	n|a metal stand that formerly held cannon balls on sailing ships|
brass ring	n|a rich opportunity or a prize|he missed the brass ring at the Miami convention
brass section	n|the section of a band or orchestra that plays brass instruments|
brassaia actinophylla	n|erect evergreen shrub or small tree of Australia and northern New Guinea having palmately compound leaves|
brassard	n|armor plate that protects the arm|
brassbound	adj|inflexibly entrenched and unchangeable|brassbound traditions	adj|having trim or fittings of brass|a brassbound campaign chest
brasserie	n|a small restaurant serving beer and wine as well as food; usually cheap|
brassica	n|mustards: cabbages; cauliflowers; turnips; etc.|
brassica hirta	n|Eurasian mustard cultivated for its pungent seeds; a source of table mustard and mustard oil|
brassica juncea	n|Asiatic mustard used as a potherb|
brassica kaber	n|weedy Eurasian plant often a pest in grain fields|
brassica napus	n|Eurasian plant cultivated for its seed and as a forage crop|
brassica napus napobrassica	n|a cruciferous plant with a thick bulbous edible yellow root|
brassica nigra	n|widespread Eurasian annual plant cultivated for its pungent seeds; a principal source of table mustard|
brassica oleracea	n|any of various cultivars of the genus Brassica oleracea grown for their edible leaves or flowers|	n|wild original of cultivated cabbages; common in western coastal Europe|
brassica oleracea acephala	n|a hardy cabbage with coarse curly leaves that do not form a head|
brassica oleracea botrytis	n|a plant having a large edible head of crowded white flower buds|
brassica oleracea capitata	n|any of various cultivated cabbage plants having a short thick stalk and large compact head of edible usually green leaves|
brassica oleracea gemmifera	n|plant grown for its stout stalks of edible small green heads resembling diminutive cabbages|
brassica oleracea gongylodes	n|plant cultivated for its enlarged fleshy turnip-shaped edible stem|
brassica oleracea italica	n|plant with dense clusters of tight green flower buds|
brassica perviridis	n|Asiatic plant cultivated for its swollen root crown and edible foliage|
brassica rapa	n|widely cultivated plant having a large fleshy edible white or yellow root|
brassica rapa chinensis	n|Asiatic plant grown for its cluster of edible white stalks with dark green leaves|
brassica rapa pekinensis	n|plant with an elongated head of broad stalked leaves resembling celery; used as a vegetable in east Asia|
brassica rapa perviridis	n|Asiatic plant cultivated for its swollen root crown and edible foliage|
brassica rapa ruvo	n|plant grown for its pungent edible leafy shoots|
brassicaceae	n|a large family of plants with four-petaled flowers; includes mustards, cabbages, broccoli, turnips, cresses, and their many relatives|
brassie	n|(formerly) a golfing wood with a face more elevated that a driver but less than a spoon|
brassiere	n|an undergarment worn by women to support their breasts|
brasslike	adj|resembling the sound of a brass instrument|
brassy	adj|resembling the sound of a brass instrument|	adj|tastelessly showy|a flash car	adj|unrestrained by convention or propriety|an audacious trick to pull
brat	n|a very troublesome child|	n|a small pork sausage|
bratislava	n|capital and largest city of Slovakia|
brattice	n|a partition (often temporary) of planks or cloth that is used to control ventilation in a mine|	v|supply with a brattice, to ventilate mines|
brattish	adj|(used of an ill-mannered child) impolitely unruly|
brattle	v|make a rattling sound|clattering dishes
brattleboro	n|a town in southeastern Vermont on the Connecticut River|
bratty	adj|(used of an ill-mannered child) impolitely unruly|
bratwurst	n|a small pork sausage|
braun	n|the German mistress of Adolf Hitler (1910-1945)|
braunschweig	n|a city in central Germany|
bravado	n|a swaggering show of courage|
bravais lattice	n|a 3-dimensional geometric arrangement of the atoms or molecules or ions composing a crystal|
brave	adj|possessing or displaying courage; able to face and deal with danger or fear without flinching|Familiarity with danger makes a brave man braver but less daring"- Herman Melville	adj|invulnerable to fear or intimidation|audacious explorers	adj|brightly colored and showy|girls decked out in brave new dresses	v|face and withstand with courage|She braved the elements
brave out	v|face and withstand with courage|She braved the elements
bravely	adv|in a courageous manner|bravely he went into the burning house
braveness	n|a quality of spirit that enables you to face danger or pain without showing fear|
bravery	n|a quality of spirit that enables you to face danger or pain without showing fear|	n|feeling no fear|
bravo	n|a murderer (especially one who kills a prominent political figure) who kills by a surprise attack and often is hired to do the deed|his assassins were hunted down like animals	n|a cry of approval as from an audience at the end of great performance|	v|applaud with shouts of `bravo' or `brava'|
bravura	n|brilliant and showy technical skill|in a final bravura the ballerina appeared to be floating in water
braw	adj|brightly colored and showy|girls decked out in brave new dresses
brawl	n|an uproarious party|	n|a noisy fight in a crowd|	v|to quarrel noisily, angrily or disruptively|The bar keeper threw them out, but they continued to wrangle on down the street
brawler	n|a fighter (especially one who participates in brawls)|
brawn	n|possessing muscular strength|
brawniness	n|possessing muscular strength|
brawny	adj|(of a person) possessing physical strength and weight; rugged and powerful|a hefty athlete
braxton-hicks contraction	n|painless contractions of the muscles of the uterus that continue throughout pregnancy with increasing frequency|
bray	n|the cry of an ass|	v|braying characteristic of donkeys|	v|reduce to small pieces or particles by pounding or abrading|grind the spices in a mortar	v|laugh loudly and harshly|
braze	v|solder together by using hard solder with a high melting point|
brazen	adj|unrestrained by convention or propriety|an audacious trick to pull	adj|made of or resembling brass (as in color or hardness)|	v|face with defiance or impudence|brazen it out
brazen-faced	adj|unrestrained by convention or propriety|an audacious trick to pull
brazenly	adv|in a brazen manner|he spoke brazenly
brazenness	n|behavior marked by a bold defiance of the proprieties and lack of shame|
brazier	n|large metal container in which coal or charcoal is burned; warms people who must stay outside for long times|
brazilian	adj|of or relating to or characteristic of Brazil or the people of Brazil|	n|a native or inhabitant of Brazil|
brazilian capital	n|the capital of Brazil; a city built on the central plateau and inaugurated in 1960|
brazilian ironwood	n|thornless tree yielding heavy wood|
brazilian monetary unit	n|monetary unit in Brazil|
brazilian pepper tree	n|small Brazilian evergreen resinous tree or shrub having dark green leaflets and white flowers followed by bright red fruit; used as a street tree and lawn specimen|
brazilian rosewood	n|an important Brazilian timber tree yielding a heavy hard dark-colored wood streaked with black|
brazilian trumpeter	n|trumpeter of Brazil and Guiana; often kept to protect poultry in Brazil|
brazilwood	n|heavy wood of various brazilwood trees; used for violin bows and as dyewoods|	n|tropical tree with prickly trunk; its heavy red wood yields a red dye and is used for cabinetry|
brazos	n|a river that rises in Mexico and flows across Texas into the Gulf of Mexico|
brazos river	n|a river that rises in Mexico and flows across Texas into the Gulf of Mexico|
brazzaville	n|the capital and largest city of the Republic of the Congo|
breach	v|act in disregard of laws, rules, contracts, or promises|offend all laws of humanity	v|make an opening or gap in|	n|a failure to perform some promised act or obligation|	n|an opening (especially a gap in a dike or fortification)|
breach of contract	n|a breach of a legal duty; failure to do something that is required in a contract|
breach of duty	n|a breach of due care|
breach of promise	n|failure to keep a promise (of marriage)|
breach of the covenant of warranty	n|a failure of the seller's guarantee of good title|
breach of the peace	n|any act of molesting, interrupting, hindering, agitating, or arousing from a state of repose or otherwise depriving inhabitants of the peace and quiet to which they are entitled|
breach of trust	n|violation (either through fraud or negligence) by a trustee of a duty that equity requires of him|
breach of trust with fraudulent intent	n|larceny after trust rather than after unlawful taking|
breach of warranty	n|a breach that occurs when an item is deficient according to the terms of a warranty|
bread	n|food made from dough of flour or meal and usually raised with yeast or baking powder and then baked|	n|informal terms for money|	v|cover with bread crumbs|bread the pork chops before frying them
bread and butter	n|the financial means whereby one lives|each child was expected to pay for their keep
bread and butter pickle	n|thinly sliced sweet pickles|
bread board	n|a wooden or plastic board on which dough is kneaded or bread is sliced|
bread dough	n|any of various doughs for bread|
bread knife	n|a knife used to cut bread|
bread line	n|a queue of people waiting for free food|
bread maker	n|someone who bakes bread or cake|
bread mold	n|a mold of the genus Rhizopus|
bread sauce	n|creamy white sauce made with bread instead of flour and seasoned with cloves and onion|
bread-and-butter issue	n|an issue whose settlement will affect financial resources|
bread-bin	n|a container used to keep bread or cake in|
bread-stick	n|a crisp stick-shaped roll; often served with soup|
breadbasket	n|a geographic region serving as the principal source of grain|	n|an enlarged and muscular saclike organ of the alimentary canal; the principal organ of digestion|	n|a basket for serving bread|
breadboard	n|a wooden or plastic board on which dough is kneaded or bread is sliced|
breadbox	n|a container used to keep bread or cake in|
breadcrumb	n|crumb of bread; used especially for coating or thickening|
breadfruit	n|native to Pacific islands and having edible fruit with a texture like bread|	n|a large round seedless or seeded fruit with a texture like bread; eaten boiled or baked or roasted or ground into flour; the roasted seeds resemble chestnuts|
breadfruit tree	n|native to Pacific islands and having edible fruit with a texture like bread|
breadline	n|a queue of people waiting for free food|
breadroot	n|densely hairy perennial of central North America having edible tuberous roots|
breadstick	n|a crisp stick-shaped roll; often served with soup|
breadstuff	n|food made from dough of flour or meal and usually raised with yeast or baking powder and then baked|	n|flour or meal or grain used in baking bread|
breadth	n|the capacity to understand a broad range of topics|a teacher must have a breadth of knowledge of the subject	n|the extent of something from side to side|
breadth index	n|ratio (in percent) of the maximum breadth to the maximum length of a skull|
breadthways	adv|in the direction of the breadth|cut the cloth breadthwise
breadthwise	adv|in the direction of the breadth|cut the cloth breadthwise
breadwinner	n|one whose earnings are the primary source of support for their dependents|
break	v|terminate|She interrupted her pregnancy	v|become separated into pieces or fragments|The figurine broke	v|render inoperable or ineffective|You broke the alarm clock when you took it apart!	v|ruin completely|He busted my radio!
break apart	v|take apart into its constituent pieces|	v|break violently or noisily; smash|	v|break up or separate|The country is disunifying
break away	v|move away or escape suddenly|The horses broke from the stable	v|break off (a piece from a whole)|Her tooth chipped	v|interrupt a continued activity|She had broken with the traditional patterns	v|withdraw from an organization or communion|After the break up of the Soviet Union, many republics broke away
break bread	v|have a meal, usually with company|The early Christian disciples broke bread together
break camp	v|leave a camp|The hikers decamped before dawn
break dance	n|a form of solo dancing that involves rapid acrobatic moves in which different parts of the body touch the ground; normally performed to the rhythm of rap music|	v|do a break dance|Kids were break-dancing at the street corner
break dancing	n|a form of solo dancing that involves rapid acrobatic moves in which different parts of the body touch the ground; normally performed to the rhythm of rap music|
break down	v|make ineffective|Martin Luther King tried to break down racial discrimination	v|make a mathematical, chemical, or grammatical analysis of; break down into components or essential features|analyze a specimen	v|lose control of one's emotions|When she heard that she had not passed the exam, she lost it completely	v|stop operating or functioning|The engine finally went
break even	v|make neither profit nor loss|	v|attain a level at which there is neither gain nor loss, as in business, gambling, or a competitive sport|
break in	v|enter someone's (virtual or real) property in an unauthorized manner, usually with the intent to steal or commit a violent act|Someone broke in while I was on vacation	v|break into a conversation|her husband always chimes in, even when he is not involved in the conversation	v|start in a certain activity, enterprise, or role|	v|intrude on uninvited|The nosy couple broke in on our conversation
break into	v|express or utter spontaneously|break into a yodel	v|change pace|The dancers broke into a cha-cha
break loose	v|be unleashed; emerge with violence or noise|His anger exploded	v|run away from confinement|The convicted murderer escaped from a high security prison
break of day	n|the first light of day|we got up before dawn
break of serve	n|(tennis) a score consisting of winning a game when your opponent was serving|he was up two breaks in the second set
break of the day	n|the first light of day|we got up before dawn
break off	v|interrupt before its natural or planned end|We had to cut short our vacation	v|prevent completion|stop the project	v|break off (a piece from a whole)|Her tooth chipped	v|break a piece from a whole|break a branch from a tree
break one's back	v|work very hard, like a slave|
break open	v|open with force|He broke open the picnic basket	v|come open suddenly and violently, as if from internal pressure|The bubble burst	v|erupt or intensify suddenly|Unrest erupted in the country
break out	v|start abruptly|After 1989, peace broke out in the former East Bloc	v|begin suddenly and sometimes violently|He broke out shouting	v|move away or escape suddenly|The horses broke from the stable	v|take from stowage in preparation for use|
break seal	n|a seal that must be broken when first used and cannot easily be resealed|it was stored in a tube with a break seal
break short	v|interrupt before its natural or planned end|We had to cut short our vacation
break someone's heart	v|cause deep emotional pain and grief to somebody|The young man broke the girl's heart when he told her was going to marry her best friend
break through	v|pass through (a barrier)|Registrations cracked through the 30,000 mark in the county	v|penetrate|The sun broke through the clouds	v|break out|The tooth erupted and had to be extracted
break up	v|to cause to separate and go in different directions|She waved her hand and scattered the crowds	v|discontinue an association or relation; go different ways|The business partners broke over a tax question	v|come apart|the group broke up	v|break violently or noisily; smash|
break water	v|show the fins above the water while swimming|The sharks were finning near the surface
break wind	v|expel intestinal gases through the anus|
break with	v|end a relationship|China broke with Russia
break-axe	n|West Indian timber tree having very hard wood|
break-dance	v|do a break dance|Kids were break-dancing at the street corner
break-in	n|trespassing for an unlawful purpose; illegal entrance into premises with criminal intent|
breakability	n|quality of being easily damaged or destroyed|
breakable	n|an article that is fragile and easily broken|pack the breakables separately	adj|capable of being broken or damaged|earthenware pottery is breakable
breakableness	n|the consistency of something that breaks under pressure|
breakage	n|the quantity broken|the total breakage was huge	n|reimbursement for goods damaged while in transit or in use|	n|the act of breaking something|the breakage was unavoidable
breakaway	n|the act of breaking away or withdrawing from|there was a breakaway by the discontented members	adj|having separated or advocating separation from another entity or policy or attitude|a breakaway faction
breakax	n|West Indian timber tree having very hard wood|
breakaxe	n|West Indian timber tree having very hard wood|
breakbone fever	n|an infectious disease of the tropics transmitted by mosquitoes and characterized by rash and aching head and joints|
breakdown	n|the act of disrupting an established order so it fails to continue|the social dislocations resulting from government policies	n|a mental or physical breakdown|	n|(biology) the process of decay caused by bacterial or fungal action|	n|a cessation of normal operation|there was a power breakdown
breaker	n|a quarry worker who splits off blocks of stone|	n|waves breaking on the shore|	n|a device that trips like a switch and opens the circuit when overloaded|
breaker point	n|a contact in the distributor; as the rotor turns its projecting arm contacts them and current flows to the spark plugs|
breakers	n|waves breaking on the shore|
breakfast	n|the first meal of the day (usually in the morning)|	v|eat an early morning meal|We breakfast at seven	v|provide breakfast for|
breakfast area	n|a place for light meals (usually near a kitchen)|the breakfast nook had a built in table and seats
breakfast food	n|any food (especially cereal) usually served for breakfast|
breakfast nook	n|a place for light meals (usually near a kitchen)|the breakfast nook had a built in table and seats
breakfast table	n|a table where breakfast is eaten|
breakfast time	n|the customary or habitual hour for eating breakfast|
breaking	n|the act of breaking something|the breakage was unavoidable
breaking and entering	n|trespassing for an unlawful purpose; illegal entrance into premises with criminal intent|
breaking away	n|the act of breaking away or withdrawing from|there was a breakaway by the discontented members	n|departing hastily|
breaking ball	n|a pitch of a baseball that is thrown with spin so that its path curves as it approaches the batter|
breaking off	n|an instance of sudden interruption|
breaking point	n|(psychology) stress at which a person breaks down or a situation becomes crucial|	n|the degree of tension or stress at which something breaks|
breaking wind	n|a reflex that expels intestinal gas through the anus|
breakneck	adj|moving at very high speed|a breakneck pace
breakout	n|an escape from jail|the breakout was carefully planned
breakstone	n|any of various plants of the genus Saxifraga|
breakthrough	n|a productive insight|	n|making an important discovery|	n|a penetration of a barrier such as an enemy's defense|
breakup	n|the termination or disintegration of a relationship (between persons or nations)|	n|coming apart|
breakwater	n|a protective structure of stone or concrete; extends from shore into the water to prevent a beach from washing away|
bream	n|flesh of various freshwater fishes of North America or of Europe|	n|flesh of any of various saltwater fishes of the family Sparidae or the family Bramidae|	n|any of numerous marine percoid fishes especially (but not exclusively) of the family Sparidae|	n|any of various usually edible freshwater percoid fishes having compressed bodies and shiny scales; especially (but not exclusively) of the genus Lepomis|
breast	n|the front of the trunk from the neck to the abdomen|he beat his breast in anger	n|either of two soft fleshy milk-secreting glandular organs on the chest of a woman|	n|meat carved from the breast of a fowl|	n|the part of an animal's body that corresponds to a person's chest|
breast drill	n|a portable drill with a plate that is pressed against the chest to force the drill point into the work|
breast feeding	n|nourishing at the breast|
breast implant	n|an implant for cosmetic purposes to replace a breast that has been surgically removed|
breast of lamb	n|a cut of lamb including the breastbone and attached muscles dressed as meat|
breast of veal	n|usually stuffed and roasted|
breast pocket	n|a pocket inside of a man's coat|
breast-deep	adv|up to the breast|we were standing breast-high in the water
breast-fed	adj|(of an infant) fed milk from the mother's breast|
breast-high	adv|up to the breast|we were standing breast-high in the water
breastbone	n|the flat bone that articulates with the clavicles and the first seven pairs of ribs|
breasted	adj|having a breast or breasts; or breasts as specified; used chiefly in compounds|small-breasted
breastfeed	v|give suck to|The wetnurse suckled the infant
breastless	adj|without a breast|
breastpin	n|a decorative pin worn by women|
breastplate	n|armor plate that protects the chest; the front part of a cuirass|
breaststroke	n|a swimming stroke; the arms are extended together in front of the head and swept back on either side accompanied by a frog kick|	v|swim with the face down and extend the arms forward and outward while kicking with the leg|
breaststroker	n|someone who swims the breaststroke|
breastwork	n|fortification consisting of a low wall|
breath	n|the process of taking in and expelling air during breathing|he took a deep breath and dived into the pool	n|the air that is inhaled and exhaled in respiration|his sour breath offended her	n|a short respite|	n|an indirect suggestion|not a breath of scandal ever touched her
breath of fresh air	n|a welcome relief|the new management was like a breath of fresh air
breathalyse	v|test someone's alcohol level in his blood by means of a breathalyzer|
breathalyser	n|a device that measures chemicals (especially the alcohol content) in a person's expired breath|
breathalyze	v|test someone's alcohol level in his blood by means of a breathalyzer|
breathalyzer	n|a device that measures chemicals (especially the alcohol content) in a person's expired breath|
breathe	v|draw air into, and expel out of, the lungs|I can breathe better when the air is clean	v|be alive|Every creature that breathes	v|impart as if by breathing|He breathed new life into the old house	v|allow the passage of air through|Our new synthetic fabric breathes and is perfect for summer wear
breathe in	v|draw in (air)|Inhale deeply
breathe out	v|expel air|Exhale when you lift the weight
breathed	adj|uttered without voice|could hardly hear her breathed plea, `Help me'
breather	n|a short respite|	n|air passage provided by a retractable device containing intake and exhaust pipes; permits a submarine to stay submerged for extended periods of time|
breathing	adj|passing or able to pass air in and out of the lungs normally; sometimes used in combination|the boy was disappointed to find only skeletons instead of living breathing dinosaurs	n|the bodily process of inhalation and exhalation; the process of taking in oxygen from inhaled air and releasing carbon dioxide by exhalation|
breathing apparatus	n|a device that facilitates breathing in cases of respiratory failure|
breathing device	n|a device that facilitates breathing in cases of respiratory failure|
breathing in	n|the act of inhaling; the drawing in of air (or other gases) as in breathing|
breathing machine	n|a device that facilitates breathing in cases of respiratory failure|
breathing out	n|the act of expelling air from the lungs|
breathing place	n|a short respite|
breathing room	n|sufficient room for easy breathing or movement|moved to the country to find breathing room
breathing space	n|a short respite|	n|sufficient room for easy breathing or movement|moved to the country to find breathing room
breathing spell	n|a short respite|
breathing time	n|a short respite|
breathless	adj|not breathing or able to breathe except with difficulty|breathless at thought of what I had done	adj|tending to cause suspension of regular breathing|a breathless flight	adj|appearing dead; not breathing or having no perceptible pulse|an inanimate body
breathlessly	adv|in a breathless manner|she spoke breathlessly
breathlessness	n|a dyspneic condition|
breathtaking	adj|tending to cause suspension of regular breathing|a breathless flight
breccia	n|a rudaceous rock consisting of sharp fragments embedded in clay or sand|
brecciate	v|form into breccia|brecciated rock	v|break into breccia|brecciate rock
brecht	n|German dramatist and poet who developed a style of epic theater (1898-1956)|
breech	n|opening in the rear of the barrel of a gun where bullets can be loaded|
breech birth	n|delivery of an infant whose feet or buttocks appear first|
breech closer	n|a metal block in breech-loading firearms that is withdrawn to insert a cartridge and replaced to close the breech before firing|
breech delivery	n|delivery of an infant whose feet or buttocks appear first|
breech presentation	n|delivery of an infant whose feet or buttocks appear first|
breech-loading	adj|(of guns) designed to be loaded at the breech|
breechblock	n|a metal block in breech-loading firearms that is withdrawn to insert a cartridge and replaced to close the breech before firing|
breechcloth	n|a garment that provides covering for the loins|
breechclout	n|a garment that provides covering for the loins|
breeched	adj|dressed in trousers|
breeches	n|(used in the plural) trousers ending above the knee|
breeches buoy	n|a life buoy in the form of a ring with short breeches for support; used to transfer people from a ship|
breechloader	n|a gun that is loaded at the breech|
breed	v|call forth|	v|copulate with a female, used especially of horses|The horse covers the mare	v|cause to procreate (animals)|She breeds dogs	v|have young (animals) or reproduce (organisms)|pandas rarely breed in captivity
breed's hill	n|a hill in Charlestown that was the site of the battle of Bunker Hill in 1775|
breeder	n|a person who breeds animals|
breeder reactor	n|a nuclear reactor that produces more fissile material than it burns|
breeding	adj|producing offspring or set aside especially for producing offspring|the breeding population	n|elegance by virtue of fineness of manner and expression|	n|the result of good upbringing (especially knowledge of correct social behavior)|a woman of breeding and refinement	n|helping someone grow up to be an accepted member of the community|they debated whether nature or nurture was more important
breeding ground	n|a place where animals breed|
breeze	n|a slight wind (usually refreshing)|the breeze was cooled by the lake	n|any undertaking that is easy to do|marketing this product will be no picnic	v|blow gently and lightly|It breezes most evenings at the shore	v|to proceed quickly and easily|
breeze block	n|a light concrete building block made with cinder aggregate|cinder blocks are called breeze blocks in Britain
breeze through	v|succeed at easily|She sailed through her exams
breezily	adv|in a breezy manner|he swings breezily into the title song
breeziness	n|a mildly windy state of the air|	n|a breezy liveliness|a delightful breeziness of manner
breezy	adj|fresh and animated|her breezy nature	adj|abounding in or exposed to the wind or breezes|blowy weather
bregma	n|the craniometric point at the junction of the sagittal and coronal sutures at the top of the cranium|
bregmatic	adj|of or relating to the bregma of the skull|
breiz	n|a former province of northwestern France on a peninsula between the English Channel and the Bay of Biscay|
bremen	n|a city of northwestern Germany linked by the Weser River to the port of Bremerhaven and the North Sea; in the Middle Ages it was a leading member of the Hanseatic League|
bremerhaven	n|a port city in northwestern Germany at the mouth of the Weser River on the North Sea; has a deep natural harbor and is an important shipping center|
bren	n|a submachine gun operated by gas pressure; used by the British in World War II|
bren gun	n|a submachine gun operated by gas pressure; used by the British in World War II|
brenner pass	n|an Alpine mountain pass connecting Innsbruck in Austria with Bolzano in Italy that has long been a route for trade and for invasions|
brent	n|small dark geese that breed in the north and migrate southward|
brent goose	n|small dark geese that breed in the north and migrate southward|
brer rabbit	n|the fictional character of a rabbit who appeared in tales supposedly told by Uncle Remus and first published in 1880|
brescia	n|an ancient Italian city in central Lombardy|
breslau	n|a city in southwestern Poland on the Oder|
brest	n|a port city in northwestern France (in Brittany); the chief naval station of France|
bretagne	n|a former province of northwestern France on a peninsula between the English Channel and the Bay of Biscay|
brethren	n|(plural) the lay members of a male religious order|
breton	n|a native or inhabitant of Brittany (especially one who speaks the Breton language)|	n|a Celtic language of Brittany|
breughel	n|Flemish painter of landscapes (1525-1569)|
breughel the elder	n|Flemish painter of landscapes (1525-1569)|
breve	n|a diacritical mark (U-shaped) placed over a vowel to indicate a short sound|
brevet	n|a document entitling a commissioned officer to hold a higher rank temporarily (but without higher pay)|	v|promote somebody by brevet, in the military|
breviary	n|(Roman Catholic Church) a book of prayers to be recited daily certain priests and members of religious orders|
brevibloc	n|intravenous beta blocker (trade name Brevibloc) that acts for only a short time; used primarily for cardiac arrhythmias|
brevicipitidae	n|narrow-mouthed toads and sheep frogs; some burrow and some are arboreal; found worldwide|
brevity	n|the use of brief expressions|	n|the attribute of being brief or fleeting|
brevoortia	n|menhaden|
brew	n|drink made by steeping and boiling and fermenting rather than distilling|	v|prepare by brewing|people have been brewing beer for thousands of years	v|sit or let sit in boiling water so as to extract the flavor|the tea is brewing
brewage	n|drink made by steeping and boiling and fermenting rather than distilling|
brewer	n|someone who brews beer or ale from malt and hops and water|	n|the owner or manager of a brewery|
brewer's mole	n|mole of eastern North America|
brewer's spruce	n|medium-sized spruce of California and Oregon having pendulous branches|
brewer's yeast	n|yeast used in fermenting beer|	n|used as a leaven in baking and brewing|
brewery	n|a plant where beer is brewed by fermentation|
brewing	n|the production of malt beverages (as beer or ale) from malt and hops by grinding and boiling them and fermenting the result with yeast|
brewpub	n|a combination brewery and restaurant; beer is brewed for consumption on the premises and served along with food|
brezhnev	n|Soviet statesman who became president of the Soviet Union (1906-1982)|
briar	n|Eurasian rose with prickly stems and fragrant leaves and bright pink flowers followed by scarlet hips|	n|evergreen treelike Mediterranean shrub having fragrant white flowers in large terminal panicles and hard woody roots used to make tobacco pipes|	n|a pipe made from the root (briarroot) of the tree heath|
briar pipe	n|a pipe made from the root (briarroot) of the tree heath|
briard	n|old French breed of large strong usually black dogs having a long tail and long wavy and slightly stiff coat|
briarroot	n|hard woody root of the briar Erica arborea|
briarwood	n|wood from the hard woody root of the briar Erica arborea; used to make tobacco pipes|
briary	adj|having or covered with protective barbs or quills or spines or thorns or setae etc.|a horse with a short bristly mane
bribable	adj|capable of being corrupted|corruptible judges
bribe	n|payment made to a person in a position of trust to corrupt his judgment|	v|make illegal payments to in exchange for favors or influence|This judge can be bought
briber	n|someone who pays (or otherwise incites) you to commit a wrongful act|
bribery	n|the practice of offering something (usually money) in order to gain an illicit advantage|
bric-a-brac	n|miscellaneous curios|
brick	n|rectangular block of clay baked by the sun or in a kiln; used as a building or paving material|	n|a good fellow; helpful and trustworthy|
brick in	v|wall up with brick|
brick over	v|wall up with brick|
brick red	n|a bright reddish-brown color|
brick trowel	n|a trowel used in masonry|
brick up	v|wall up with brick|
brick-shaped	adj|shaped like a brick|
brickbat	n|a fragment of brick used as a weapon|	n|blunt criticism|
brickellia	n|genus of herbs of southwestern America having usually creamy florets followed by one-seeded fruits in a prominent bristly sheath|
brickfield	n|a place where bricks are made and sold|
brickkiln	n|a kiln for making bricks|
bricklayer	n|a craftsman skilled in building with bricks|
bricklayer's hammer	n|a hammer used in laying bricks|
bricklaying	n|the craft of laying bricks|
brickle	adj|having little elasticity; hence easily cracked or fractured or snapped|brittle bones
brickly	adj|having little elasticity; hence easily cracked or fractured or snapped|brittle bones
bricks and mortar	n|building material consisting of bricks laid with mortar between them|
brickwork	n|masonry done with bricks and mortar|
brickyard	n|a place where bricks are made and sold|
bricolage	n|construction of something by whatver material are available|
bricole	n|an engine that provided medieval artillery used during sieges; a heavy war engine for hurling large stones and other missiles|
bridal	adj|of or relating to a wedding|bridal procession	adj|of or pertaining to a bride|bridal gown	n|archaic terms for a wedding or wedding feast|
bridal gown	n|a gown worn by the bride at a wedding|
bridal wreath	n|Chilean evergreen shrub having delicate spikes of small white flowers|	n|shrub having copious small white flowers in spring|
bridal-wreath	n|Chilean evergreen shrub having delicate spikes of small white flowers|	n|shrub having copious small white flowers in spring|
bride	n|a woman who has recently been married|	n|Irish abbess; a patron saint of Ireland (453-523)|	n|a woman participant in her own marriage ceremony|
bride price	n|money or property given (in some societies) by the bridegroom to the family of his bride|
bride's bonnet	n|plant with 1 or 2 white starlike flowers on short leafless stalks; Alaska to California and east to Oregon and Montana|
bride-gift	n|a wedding present to the bride|
bride-to-be	n|a woman who is engaged to be married|
bridecake	n|a rich cake with two or more tiers and covered with frosting and decorations; served at a wedding reception|
bridegroom	n|a man who has recently been married|	n|a man participant in his own marriage ceremony|
bridesmaid	n|an unmarried woman who attends the bride at a wedding|
bridge	n|a structure that allows people or vehicles to cross an obstacle such as a river or canal or railway etc.|	n|a circuit consisting of two branches (4 arms arranged in a diamond configuration) across which a meter is connected|	n|something resembling a bridge in form or function|his letters provided a bridge across the centuries	n|the hard ridge that forms the upper part of the nose|her glasses left marks on the bridge of her nose
bridge agent	n|an operative who acts as a courier or go-between from a case officer to a secret agent in a hostile area|
bridge circuit	n|a circuit consisting of two branches (4 arms arranged in a diamond configuration) across which a meter is connected|
bridge deck	n|an upper deck where a ship is steered and the captain stands|
bridge hand	n|the cards held in a game of bridge|
bridge over	v|suffice for a period between two points|This money will keep us going for another year	v|connect or reduce the distance between|
bridge partner	n|one of a pair of bridge players who are on the same side of the game|
bridge player	n|a card player in a game of bridge|we need a 4th hand for bridge
bridge whist	n|the earliest form of bridge; the dealer could name the trump suit|
bridgeable	adj|capable of being connected by a bridge or as if by a bridge|
bridged-t	n|a circuit consisting of a T-network with an additional shunt bridging the two series circuits|
bridgehead	n|an area in hostile territory that has been captured and is held awaiting further troops and supplies|an attempt to secure a bridgehead behind enemy lines	n|a defensive post at the end of a bridge nearest to the enemy|
bridgeport	n|a port in southwestern Connecticut on Long Island Sound|
bridget	n|Irish abbess; a patron saint of Ireland (453-523)|
bridgetown	n|capital of Barbados; a port city on the southwestern coast of Barbados|
bridgework	n|a denture anchored to teeth on either side of missing teeth|
bridle	n|headgear for a horse; includes a headstall and bit and reins to give the rider or driver control|	n|the act of restraining power or action or limiting excess|his common sense is a bridle to his quick temper	v|anger or take offense|She bridled at his suggestion to elope	v|put a bridle on|bridle horses
bridle at	v|show anger or indignation|She bristled at his insolent remarks
bridle path	n|a path suitable for riding or leading horses (but not for cars)|
bridle road	n|a path suitable for riding or leading horses (but not for cars)|
bridle up	v|show anger or indignation|She bristled at his insolent remarks
bridoon	n|a bit resembling a snaffle bit; used with a separate curb|
brie	n|soft creamy white cheese; milder than Camembert|
brief	adj|of short duration or distance|a brief stay in the country	adj|concise and succinct|covered the matter in a brief statement	adj|(of clothing) very short|an abbreviated swimsuit	n|a document stating the facts and points of law of a client's case|
briefcase	n|a case with a handle; for carrying papers or files or books|
briefcase bomb	n|a bomb consisting of an explosive and timer hidden inside a briefcase|
briefcase computer	n|a portable computer housed in a box that resembles a briefcase|
briefing	n|detailed instructions, as for a military operation|
briefless	adj|(of lawyers or barristers) lacking clients|
briefly	adv|for a short time|she visited him briefly	adv|in a concise manner; in a few words|the history is summed up concisely in this book
briefness	n|the temporal property of being very short|	n|the attribute of being brief or fleeting|
briefs	n|(used in the plural) short tight-fitting underpants (trade name Jockey shorts)|
brier	n|tangled mass of prickly plants|	n|a thorny stem or twig|	n|Eurasian rose with prickly stems and fragrant leaves and bright pink flowers followed by scarlet hips|	n|evergreen treelike Mediterranean shrub having fragrant white flowers in large terminal panicles and hard woody roots used to make tobacco pipes|
brier patch	n|tangled mass of prickly plants|
brier-wood	n|wood from the hard woody root of the briar Erica arborea; used to make tobacco pipes|
brierpatch	n|tangled mass of prickly plants|
brierwood	n|wood from the hard woody root of the briar Erica arborea; used to make tobacco pipes|
briery	adj|having or covered with protective barbs or quills or spines or thorns or setae etc.|a horse with a short bristly mane
brig	n|two-masted sailing vessel square-rigged on both masts|	n|a penal institution (especially on board a ship)|
brigade	n|army unit smaller than a division|	v|form or unite into a brigade|
brigadier	n|a general officer ranking below a major general|
brigadier general	n|a general officer ranking below a major general|
brigand	n|an armed thief who is (usually) a member of a band|
brigandine	n|a medieval coat of chain mail consisting of metal rings sewn onto leather or cloth|
brigantine	n|two-masted sailing vessel square-rigged on the foremast and fore-and-aft rigged on the mainmast|
brigate rosse	n|a Marxist-Leninist terrorist organization that arose out of a student protest movement in the late 1960s; wants to separate Italy from NATO and advocates violence in the service of class warfare and revolution; mostly inactive since 1989|
bright	adj|emitting or reflecting light readily or in large amounts|the sun was bright and hot	adj|having strong or striking color|bright dress	adj|characterized by quickness and ease in learning|some children are brighter in one subject than another	adj|having lots of light either natural or artificial|the room was bright and airy
bright as a new penny	adj|(metaphor) shining brightly|
bright blue	adj|of a deep somewhat purplish blue color similar to that of a clear October sky|October's bright blue weather
bright side	n|a consoling aspect of a difficult situation|every cloud has a silver lining
bright's disease	n|an inflammation of the kidney|
bright-red	adj|of the red of fresh raspberries|
brighten	v|make more cheerful through the use of color|The paint will brighten the room	v|become clear|The sky cleared after the storm
brightly	adv|with brightness|the stars shone brilliantly
brightly-colored	adj|having a bright color|
brightly-coloured	adj|having a bright color|
brightness	n|the location of a visual perception along a continuum from black to white|	n|intelligence as manifested in being quick and witty|	n|the quality of being luminous; emitting or reflecting light|its luminosity is measured relative to that of our sun
brightness constancy	n|the tendency for a visual object to be perceived as having the same brightness under widely different conditions of illumination|
brightness level	n|the quality of being luminous; emitting or reflecting light|its luminosity is measured relative to that of our sun
brighton	n|a city in East Sussex in southern England that is a popular resort; site of the University of Sussex|
brigid	n|Irish abbess; a patron saint of Ireland (453-523)|
brigit	n|Celtic goddess of fire and fertility and agriculture and household arts and wisdom; later associated with Saint Bridget|
brigit nilsson	n|Swedish operatic soprano who played Wagnerian roles (born in 1918)|
brihaspati	n|personification of the power of ritual devotion|
brill	n|European food fish|
brilliance	n|a light within the field of vision that is brighter than the brightness to which the eyes are adapted|a glare of sunlight	n|the quality of being magnificent or splendid or grand|for magnificence and personal service there is the Queen's hotel	n|unusual mental ability|
brilliancy	n|a quality that outshines the usual|
brilliant	adj|of surpassing excellence|a brilliant performance	adj|having or marked by unusual and impressive intelligence|our project needs brainy women	adj|characterized by grandeur|the brilliant court life at Versailles	adj|having strong or striking color|bright dress
brilliant pebble	n|a code name for a small computerized heat-seeking missile that was supposed to intercept and destroy enemy missiles|
brilliantine	n|a pomade to make the hair manageable and lustrous|
brilliantly	adv|with brightness|the stars shone brilliantly	adv|in an extremely intelligent way|he solved the problem brilliantly
brim	n|the top edge of a vessel or other container|	n|a circular projection that sticks outward from the crown of a hat|	v|be completely full|His eyes brimmed with tears	v|fill as much as possible|brim a cup to good fellowship
brim over	v|flow or run over (a limit or brim)|
brimful	adj|filled to capacity|a brimful cup
brimfull	adj|filled to capacity|a brimful cup
brimless	adj|without a brim|a brimless hat
brimming	adj|filled to capacity|a brimful cup
brimstone	n|an old name for sulfur|
brinded	adj|having a grey or brown streak or a pattern or a patchy coloring; used especially of the patterned fur of cats|
brindisi	n|a port city in southeastern Apulia in Italy; a center for the Crusades in the Middle Ages|
brindle	adj|having a grey or brown streak or a pattern or a patchy coloring; used especially of the patterned fur of cats|
brindled	adj|having a grey or brown streak or a pattern or a patchy coloring; used especially of the patterned fur of cats|
brine	n|water containing salts|the water in the ocean is all saltwater	n|a strong solution of salt and water used for pickling|	v|soak in brine|
brine shrimp	n|common to saline lakes|
brine-cured	adj|(used especially of meats) preserved in salt|
brinell number	n|measure of the hardness of a material|
bring	v|take something or somebody with oneself somewhere|Bring me the box from the other room	v|cause to come into a particular state or condition|Long hard years of on the job training had brought them to their competence	v|cause to happen or to occur as a consequence|I cannot work a miracle	v|go or come after and bring or take back|Get me those books over there, please
bring about	v|cause to move into the opposite direction|they brought about the boat when they saw a storm approaching	v|cause to happen, occur or exist|This procedure produces a curious effect
bring around	v|cause to adopt an opinion or course of action|His urgent letter finally brought me around to give money to the school	v|provide a cure for, make healthy again|The treatment cured the boy's acne	v|return to consciousness|These pictures bring back sad memories
bring back	v|bring back to the point of departure|	v|return to consciousness|These pictures bring back sad memories
bring down	v|move something or somebody to a lower position|take down the vase from the shelf	v|cause the downfall of; of rulers|The Czar was overthrown	v|impose something unpleasant|The principal visited his rage on the students	v|cause to come to the ground|the pilot managed to land the airplane safely
bring forth	v|bring into existence|The new manager generated a lot of problems	v|bring out for display|The proud father produced many pictures of his baby	v|bring forth or yield|The tree would not produce fruit	v|make (offspring) by reproduction|Abraham begot Isaac
bring forward	v|cause to move forward|Can you move the car seat forward?	v|bring forward for consideration|The case was called up in court
bring home	v|make understandable and clear|This brings home my point	v|earn as a salary or wage|How much does your wife take home after taxes and other deductions?
bring home the bacon	v|attain success or reach a desired goal|The enterprise succeeded	v|supply means of subsistence; earn a living|He provides for his large family by working three jobs
bring in	v|bring in a new person or object into a familiar environment|He brought in a new judge	v|earn on some commercial or business transaction; earn as salary or wages|How much do you make a month in your new job?	v|be sold for a certain price|The painting brought $10,000	v|submit (a verdict) to a court|
bring off	v|be successful; achieve a goal|She succeeded in persuading us all
bring on	v|cause to arise|induce a crisis	v|bring onto the market or release|produce a movie	v|cause to appear|bring on the birthday cake
bring oneself	v|cause to undertake a certain action, usually used in the negative|He could not bring himself to call his parents
bring out	v|make visible|Summer brings out bright clothes	v|bring out of a specific state|	v|prepare and issue for public distribution or sale|publish a magazine or newspaper	v|direct attention to, as if by means of contrast|This dress accentuates your nice figure!
bring outside	v|bring outside the body for surgery, of organs|
bring round	v|cause to adopt an opinion or course of action|His urgent letter finally brought me around to give money to the school	v|return to consciousness|These pictures bring back sad memories
bring through	v|bring into safety|We pulled through most of the victims of the bomb attack
bring to	v|return to consciousness|These pictures bring back sad memories
bring to bear	v|bring into operation or effect|The new members brought to bear new concerns to the U.N.
bring up	v|summon into action or bring into existence, often as if by magic|raise the specter of unemployment	v|look after a child until it is an adult|raise a family	v|promote from a lower position or rank|This player was brought up to the major league	v|raise from a lower to a higher position|Raise your hands
bringing	n|the act of delivering or distributing something (as goods or mail)|his reluctant delivery of bad news
bringing close together	n|the act of bringing near or bringing together especially the cut edges of tissue|
bringing up	n|helping someone grow up to be an accepted member of the community|they debated whether nature or nurture was more important
brininess	n|the relative proportion of salt in a solution|
brinjal	n|hairy upright herb native to southeastern Asia but widely cultivated for its large glossy edible fruit commonly used as a vegetable|
brink	n|a region marking a boundary|	n|the edge of a steep place|	n|the limit beyond which something happens or changes|on the verge of tears
brinkmanship	n|the policy of pushing a dangerous situation to the brink of disaster (to the limits of safety)|
briny	adj|slightly salty (especially from containing a mixture of seawater and fresh water)|a brackish lagoon	n|any very large body of (salt) water|
brio	n|quality of being active or spirited or alive and vigorous|
brioche	n|a light roll rich with eggs and butter and somewhat sweet|
briony	n|a vine of the genus Bryonia having large leaves and small flowers and yielding acrid juice with emetic and purgative properties|
brioschi	n|an antacid|
briquet	n|a block made from charcoal or coal dust and burned as fuel|
briquette	n|a block made from charcoal or coal dust and burned as fuel|
bris	n|the Jewish rite of circumcision performed on a male child on the eighth day of his life|
brisance	n|the shattering or crushing effect of a sudden release of energy as in an explosion|
brisant	adj|of or relating to the power (the shattering effect) of an explosive|
brisbane	n|capital and largest city of Queensland state; located in the southeastern corner of Queensland on the Pacific; settled by British as a penal colony; 3rd largest city in Australia|
brisbane quandong	n|Australian tree having hard white timber and glossy green leaves with white flowers followed by one-seeded glossy blue fruit|
brisk	adj|quick and energetic|a brisk walk in the park	adj|imparting vitality and energy|the bracing mountain air	adj|very active|doing a brisk business	v|become brisk|business brisked up
brisk up	v|become brisk|business brisked up
brisken	v|become brisk|business brisked up
brisket	n|a cut of meat from the breast or lower chest especially of beef|
briskly	adv|in a brisk manner|she walked briskly in the cold air
briskness	n|liveliness and eagerness|he accepted with alacrity
brisling	n|small fatty European fish; usually smoked or canned like sardines|	n|small herring processed like a sardine|
briss	n|the Jewish rite of circumcision performed on a male child on the eighth day of his life|
bristle	n|a stiff fiber (coarse hair or filament); natural or synthetic|	n|a stiff hair|	v|be in a state of movement or action|The room abounded with screaming children	v|rise up as in fear|The dog's fur bristled
bristle at	v|show anger or indignation|She bristled at his insolent remarks
bristle brush	n|a brush that is made with the short stiff hairs of an animal or plant|
bristle fern	n|any fern of the genus Trichomanes having large pinnatifid often translucent fronds; most are epiphytic on tree branches and twigs or terrestrial on mossy banks|
bristle grass	n|grasses of grasslands and woodlands having large gracefully arching spikes with long bristles beneath each spikelet|
bristle up	v|show anger or indignation|She bristled at his insolent remarks
bristle-pointed	adj|pointed like bristles|
bristlecone fir	n|a pyramidal fir of southwestern California having spiny pointed leaves and cone scales with long spines|
bristled	adj|having or covered with protective barbs or quills or spines or thorns or setae etc.|a horse with a short bristly mane
bristlegrass	n|grasses of grasslands and woodlands having large gracefully arching spikes with long bristles beneath each spikelet|
bristlelike	adj|resembling a bristle|
bristletail	n|small wingless insect with a long bristlelike tail|
bristliness	n|the quality of being covered with prickly thorns or spines|
bristly	adj|very irritable|bristly exchanges between the White House and the press	adj|having or covered with protective barbs or quills or spines or thorns or setae etc.|a horse with a short bristly mane
bristly sarsaparilla	n|bristly herb of eastern and central North America having black fruit and medicinal bark|
bristly sarsparilla	n|bristly herb of eastern and central North America having black fruit and medicinal bark|
bristol	n|an industrial city and port in southwestern England near the mouth of the River Avon|
bristol channel	n|an inlet of the Atlantic Ocean between southern Wales and southwestern England|
brit	n|a native or inhabitant of Great Britain|	n|the young of a herring or sprat or similar fish|	n|minute crustaceans forming food for right whales|
britain	n|a monarchy in northwestern Europe occupying most of the British Isles; divided into England and Scotland and Wales and Northern Ireland; `Great Britain' is often used loosely to refer to the United Kingdom|
britannia metal	n|an alloy similar to pewter|
britannic	adj|of Britain|Her Britannic Majesty
britches	n|(used in the plural) informal term for breeches|
brith	n|the Jewish rite of circumcision performed on a male child on the eighth day of his life|
british	adj|of or relating to or characteristic of Great Britain or its people or culture|his wife is British	n|the people of Great Britain|
british cabinet	n|the senior ministers of the British government|
british capacity unit	n|a unit of measure for capacity officially adopted in the British Imperial System; British units are both dry and wet|
british capital	n|the capital and largest city of England; located on the Thames in southeastern England; financial and industrial and cultural center|
british columbia	n|a province in western Canada|
british commonwealth	n|an association of nations consisting of the United Kingdom and several former British colonies that are now sovereign states but still pay allegiance to the British Crown|
british crown	n|the symbol of the power of the British monarchy|members of the British Commonwealth owe allegiance to the British Crown
british east africa	n|the former British territories of eastern Africa, including Kenya, Tanganyika, Uganda, and Zanzibar|
british empire	n|a former empire consisting of Great Britain and all the territories under its control; reached its greatest extent at the end of World War I; it included the British Isles, British West Indies, Canada, British Guiana; British West Africa, British East Africa, India, Australia, New Zealand|the sun never sets on the British Empire
british empiricism	n|the predominant philosophical tradition in Great Britain since the 17th century|
british guiana	n|a republic in northeastern South America; formerly part of the British Empire, but it achieved independence from the United Kingdom in 1966|
british honduras	n|a country on the northeastern coast of Central America on the Caribbean; formerly under British control|
british house of commons	n|the lower house of the British parliament|
british house of lords	n|the upper house of the British parliament|
british imperial system	n|a system of weights and measures based on the foot and pound and second and pint|
british isles	n|Great Britain and Ireland and adjacent islands in the north Atlantic|
british labour party	n|a political party formed in Great Britain in 1900; characterized by the promotion of labor's interests and formerly the socialization of key industries|
british monetary unit	n|monetary unit in Great Britain|
british parliament	n|the British legislative body|
british people	n|the people of Great Britain|
british pound	n|the basic unit of money in Great Britain and Northern Ireland; equal to 100 pence|
british pound sterling	n|the basic unit of money in Great Britain and Northern Ireland; equal to 100 pence|
british shilling	n|a former monetary unit in Great Britain|
british system	n|a system of weights and measures based on the foot and pound and second and pint|
british thermal unit	n|a unit of heat equal to the amount of heat required to raise one pound of water one degree Fahrenheit at one atmosphere pressure; equivalent to 251.997 calories|
british virgin islands	n|more than 40 northeastern Virgin Islands (15 inhabited); a dependent territory of the United Kingdom|
british west africa	n|the former British territories of western Africa, including Nigeria, Cameroon, Gambia, Togo, Sierra Leone, and the Gold Coast|
british west indies	n|the islands in the West Indies that were formerly under British control, including the Bahamas, Saint Lucia, Antigua, Grenada, Jamaica, Barbados, and Trinidad|
britisher	n|a native or inhabitant of Great Britain|
britishism	n|a custom that is peculiar to England or its citizens|
briton	adj|characteristic of or associated with the Britons|the Briton inhabitants of England	n|a native or inhabitant of Great Britain|	n|an inhabitant of southern Britain prior to the Anglo-Saxon invasions|
brits	n|the people of Great Britain|
britt	n|the young of a herring or sprat or similar fish|	n|minute crustaceans forming food for right whales|
brittanic	n|a southern group of Celtic languages|
brittany	n|a former province of northwestern France on a peninsula between the English Channel and the Bay of Biscay|
brittany spaniel	n|tall active short-tailed French breed of bird dog having a usually smooth orange- or liver-and-white coat|
britten	n|major English composer of the 20th century; noted for his operas (1913-1976)|
brittle	adj|having little elasticity; hence easily cracked or fractured or snapped|brittle bones	adj|lacking warmth and generosity of spirit|a brittle and calculating woman	adj|(of metal or glass) not annealed and consequently easily cracked or fractured|	n|caramelized sugar cooled in thin sheets|
brittle bladder fern	n|delicate fern widely distributed in North America and European having thin pinnatifid fronds with brittle stems|
brittle fern	n|delicate fern widely distributed in North America and European having thin pinnatifid fronds with brittle stems|
brittle star	n|an animal resembling a starfish with fragile whiplike arms radiating from a small central disc|
brittle willow	n|large willow tree with stiff branches that are easily broken|
brittle-star	n|an animal resembling a starfish with fragile whiplike arms radiating from a small central disc|
brittleness	n|firm but easily broken|
brix scale	n|a system for measuring the concentration of sugar solutions|
brno	n|an industrial city in Moravia in Czech Republic to the southeast of Prague|
broach	n|a decorative pin worn by women|	v|bring up a topic for discussion|
broached	adj|of a cask or barrel|the cask was set abroach
broad	adj|having great (or a certain) extent from one side to the other|wide roads	adj|broad in scope or content|across-the-board pay increases	adj|not detailed or specific|a broad rule	adj|lacking subtlety; obvious|gave us a broad hint that it was time to leave
broad arrow	n|an arrowhead mark identifying British government property|	n|a mark shaped like an arrowhead; used to mark convicts' clothing|	n|an arrow with a wide barbed head|
broad bean	n|seed of the broad-bean plant|	n|Old World upright plant grown especially for its large flat edible seeds but also as fodder|	n|a bean plant cultivated for use animal fodder|	n|shell beans cooked as lima beans|
broad buckler-fern	n|European shield fern|
broad gauge	n|a railroad track (or its width) broader than the standard 56.5 inches|
broad hatchet	n|a short-handled hatchet with a broad blade opposite a hammerhead|
broad jump	n|a competition that involves jumping as far as possible from a running start|	n|the act of jumping as far as possible from a running start|
broad leaved centaury	n|a variety of centaury with broad leaves|
broad leaved goldenrod	n|a variety of goldenrod|
broad-bean	n|Old World upright plant grown especially for its large flat edible seeds but also as fodder|
broad-bean plant	n|Old World upright plant grown especially for its large flat edible seeds but also as fodder|
broad-brimmed	adj|(of hats) having a broad brim|
broad-headed	adj|having a brachycephalic head|
broad-leafed	adj|having relatively broad rather than needlelike or scalelike leaves|
broad-leaved	adj|having relatively broad rather than needlelike or scalelike leaves|
broad-leaved bottletree	n|north Australian tree having white flowers and broad leaves|
broad-leaved dock	n|European dock with broad obtuse leaves and bitter rootstock common as a weed in North America|
broad-leaved everlasting pea	n|perennial climber of central and southern Europe having purple or pink or white flowers; naturalized in North America|
broad-leaved montia	n|succulent plant with mostly basal leaves; stem bears 1 pair of broadly ovate or heart-shaped leaves and a loose raceme of 3-10 white flowers; western North America|
broad-leaved plantain	n|common European perennial naturalized worldwide; a troublesome weed|
broad-leaved twayblade	n|small orchid with two elliptic leaves and a slender raceme of small green flowers; western North America|
broad-minded	adj|incapable of being shocked|he was warmhearted, sensible and unshockable	adj|inclined to respect views and beliefs that differ from your own|a judge who is broad-minded but even-handed
broad-mindedly	adv|in a broad-minded manner|the authorities broad-mindedly permitted the opening of a center for teenagers
broad-mindedness	n|an inclination to tolerate or overlook opposing or shocking opinions or behavior|
broad-shouldered	adj|having broad shoulders|big-shouldered and heavy-armed
broadax	n|a large ax with a broad cutting blade|
broadaxe	n|a large ax with a broad cutting blade|
broadband	adj|of or relating to or being a communications network in which the bandwidth can be divided and shared by multiple simultaneous signals (as for voice or data or video)|	adj|responding to or operating at a wide band of frequencies|a broadband antenna
broadbill	n|diving ducks of North America having a bluish-grey bill|	n|freshwater duck of the northern hemisphere having a broad flat bill|	n|small birds of the Old World tropics having bright plumage and short wide bills|
broadcast	n|message that is transmitted by radio or television|	n|a radio or television show|did you see his program last night?	v|broadcast over the airwaves, as in radio or television|We cannot air this X-rated song	v|sow over a wide area, especially by hand|broadcast seeds
broadcast area	n|the area over which a radio or tv transmission can be received|
broadcast journalist	n|a journalist who broadcasts on radio or television|
broadcast medium	n|a medium that disseminates via telecommunications|
broadcast station	n|a station equipped to broadcast radio or television programs|
broadcaster	n|someone who broadcasts on radio or television|	n|a mechanical device for scattering something (seed or fertilizer or sand etc.) in all directions|
broadcasting	n|a medium that disseminates via telecommunications|	n|taking part in a radio or tv program|
broadcasting company	n|a company that manages tv or radio stations|
broadcasting station	n|a station equipped to broadcast radio or television programs|
broadcasting studio	n|a studio where broadcasts originate|
broadcloth	n|a densely textured woolen fabric with a lustrous finish|	n|a closely woven silk or synthetic fabric with a narrow crosswise rib|
broaden	v|make broader|broaden the road	v|extend in scope or range or area|The law was extended to all citizens	v|vary in order to spread risk or to expand|The company diversified	v|become broader|The road broadened
broadening	n|the act of making something wider|	n|the action of making broader|the broadening of travel	n|an increase in width|
broadleaf	adj|having relatively broad rather than needlelike or scalelike leaves|
broadloom	adj|(of rugs or carpets) woven full width|a broadloom rug	n|a carpet woven on a wide loom to obviate the need for seams|
broadly	adv|without regard to specific details or exceptions|he interprets the law broadly	adv|in a wide fashion|he smiled broadly
broadly speaking	adv|without regard to specific details or exceptions|he interprets the law broadly
broadness	n|the property of being wide; having great width|
broadnosed	adj|of or related to New World monkeys having nostrils far apart or to people with broad noses|
broadsheet	n|an advertisement (usually printed on a page or in a leaflet) intended for wide distribution|he mailed the circular to all subscribers
broadside	n|an advertisement (usually printed on a page or in a leaflet) intended for wide distribution|he mailed the circular to all subscribers	n|a speech of violent denunciation|	n|all of the armament that is fired from one side of a warship|	n|the whole side of a vessel from stem to stern|the ship was broadside to the dock
broadsword	n|a sword with a broad blade and (usually) two cutting edges; used to cut rather than stab|
broadtail	n|the fur of a very young karakul lamb|	n|hardy coarse-haired sheep of central Asia; lambs are valued for their soft curly black fur|
broadway	n|a street in Manhattan that passes through Times Square; famous for its theaters|
broadwise	adv|in the direction of the breadth|cut the cloth breadthwise
brobdingnag	n|a land imagined by Jonathan Swift where everything was enormous|
brobdingnagian	adj|huge; relating to or characteristic of the imaginary country of Brobdingnag|	adj|unusually great in size or amount or degree or especially extent or scope|huge government spending
broca	n|French anthropologist who studied the craniums and brains of different people; remembered for his discovery that articulate speech depends on an area of the brain now known as Broca's area (1824-1880)|
broca's aphasia	n|aphasia in which expression by speech or writing is severely impaired|
broca's area	n|the motor speech center in the left hemisphere of the brain in most people|
broca's center	n|the motor speech center in the left hemisphere of the brain in most people|
broca's convolution	n|the motor speech center in the left hemisphere of the brain in most people|
broca's gyrus	n|the motor speech center in the left hemisphere of the brain in most people|
brocade	n|thick heavy expensive material with a raised pattern|	v|weave a design into (textiles)|
brocaded	adj|embellished with a raised pattern created by pressure or embroidery|brocaded silk
brocadopa	n|the levorotatory form of dopa (trade names Bendopa and Brocadopa and Larodopa); as a drug it is used to treat Parkinson's disease|
broccoli	n|plant with dense clusters of tight green flower buds|	n|branched green undeveloped flower heads|
broccoli raab	n|plant grown for its pungent edible leafy shoots|	n|slightly bitter dark green leaves and clustered flower buds|
broccoli rabe	n|plant grown for its pungent edible leafy shoots|	n|slightly bitter dark green leaves and clustered flower buds|
brochette	n|a small spit or skewer|
brochure	n|a small book usually having a paper cover|
brocket	n|male red deer in its second year|
brockhouse	n|Canadian physicist who bounced neutron beams off of atomic nuclei to study the structure of matter (1918-2003)|
brodiaea	n|any of several plants of the genus Brodiaea having basal grasslike leaves and globose flower heads on leafless stems resembling those of genus Allium|
brodiaea elegans	n|brodiaea having an umbel of violet or blue-violet flowers atop a leafless stalk; northern Oregon to southern California|
brodmann's area	n|one of the cortical areas mapped out on the basis of its cytoarchitecture|
brodmann's area 17	n|the part of the occipital cortex that receives the fibers of the optic radiation from the lateral geniculate body and is the primary receptive area for vision|
brogan	n|a thick and heavy shoe|
broglie	n|French nuclear physicist who generalized the wave-particle duality by proposing that particles of matter exhibit wavelike properties (1892-1987)|
brogue	n|a thick and heavy shoe|
broider	v|decorate with needlework|
broil	v|cook under a broiler|broil fish	v|heat by a natural force|The sun broils the valley in the summer	v|be very hot, due to hot weather or exposure to the sun|The town was broiling in the sun	n|cooking by direct exposure to radiant heat (as over a fire or under a grill)|
broiled	adj|cooked by radiant heat (as over a grill)|
broiler	n|an oven or part of a stove used for broiling|	n|flesh of a small young chicken not over 2 1/2 lb suitable for broiling|
broiling	n|cooking by direct exposure to radiant heat (as over a fire or under a grill)|
broke	adj|lacking funds|`skint' is a British slang term
broken	adj|physically and forcibly separated into pieces or cracked or split|a broken mirror	adj|not continuous in space, time, or sequence or varying abruptly|broken lines of defense	adj|subdued or brought low in condition or status|brought low	adj|(especially of promises or contracts) having been violated or disregarded|broken (or unkept) promises
broken arch	n|an arch with a gap at the apex; the gap is usually filled with some decoration|
broken heart	n|devastating sorrow and despair|he is recovering from a broken heart
broken home	n|a family in which the parents have separated or divorced|
broken in	adj|tamed or trained to obey|a horse broken to the saddle
broken wind	n|a chronic emphysema of the horse that causes difficult expiration and heaving of the flanks|
broken-backed	adj|having the spine damaged|a broken-backed book	adj|(of a horse) having bones of the back united by a bony growth|	adj|(of a ship) so weakened as to sag at each end|
broken-down	adj|in deplorable condition|a street of bedraggled tenements	adj|not in working order|had to push the broken-down car
broken-field	adj|varying in direction suddenly and frequently|broken-field running
brokenhearted	adj|full of sorrow|
brokenheartedness	n|intense sorrow caused by loss of a loved one (especially by death)|
broker	n|a businessman who buys or sells for another in exchange for a commission|	v|act as a broker|
broker-dealer	n|a financial specialist who trades for his own account and so acts both as a broker and principal|
brokerage	n|a stock broker's business; charges a fee to act as intermediary between buyer and seller|	n|the business of a broker; charges a fee to arrange a contract between two parties|	n|place where a broker conducts his business|
brokerage account	n|a fund that a customer has entrusted to a securities brokerage|you can't get a brokerage account unless you have $20,000
brokerage firm	n|a stock broker's business; charges a fee to act as intermediary between buyer and seller|
brokerage house	n|place where a broker conducts his business|
brolly	n|colloquial terms for an umbrella|
bromate	v|react with bromine|	v|treat with bromine|
bromberg	n|an industrial city and river port in northern Poland|
brome	n|any of various woodland and meadow grasses of the genus Bromus; native to temperate regions|
bromegrass	n|any of various woodland and meadow grasses of the genus Bromus; native to temperate regions|
bromeosin	n|a red fluorescent dye resulting from the action of bromine on fluorescein; used in cosmetics and as a biological stain for studying cell structures|
bromic	adj|relating to or containing bromine (especially pentavalent bromine)|
bromic acid	n|an unstable acid used as an oxidizing agent|
bromide	n|any of the salts of hydrobromic acid; formerly used as a sedative but now generally replaced by safer drugs|	n|a trite or obvious remark|
bromidic	adj|given to uttering bromides|	adj|dull and tiresome but with pretensions of significance or originality|bromidic sermons
brominate	v|react with bromine|	v|treat with bromine|
bromine	n|a nonmetallic heavy volatile corrosive dark brown liquid element belonging to the halogens; found in sea water|
bromo-seltzer	n|an antacid|
bromoform	n|colorless liquid haloform CHBr3|
bromophenol blue	n|a dye used as an acid-base indicator|
bromothymol blue	n|a dye used as an acid-base indicator|
brompheniramine maleate	n|antihistamine (trade name Dimetane) used to treat hypersensitivity reactions (as rhinitis)|
bromphenol blue	n|a dye used as an acid-base indicator|
brompton stock	n|European plant with racemes of sweet-scented flowers; widely cultivated as an ornamental|
bromthymol blue	n|a dye used as an acid-base indicator|
bromus	n|a genus of grasses of the family Gramineae|
bromus arvensis	n|annual grass of Europe and temperate Asia|
bromus inermis	n|drought-resistant perennial with awns lacking or very short and long creeping rhizomes; Europe and temperate Asia|
bromus japonicus	n|grass of Mediterranean and temperate Asia|
bromus secalinus	n|weedy annual native to Europe but widely distributed as a weed especially in wheat|
bromus tectorum	n|annual or winter annual grass with softly hairy leaves of the Mediterranean|
bronc	n|an unbroken or imperfectly broken mustang|
bronchial	adj|relating to or associated with the bronchi|bronchial tubes
bronchial artery	n|arteries that accompany the bronchioles|
bronchial asthma	n|respiratory disorder characterized by wheezing; usually of allergic origin|
bronchial pneumonia	n|pneumonia characterized by acute inflammation of the walls of the bronchioles|
bronchial tube	n|either of the two main branches of the trachea|
bronchial vein	n|veins serving the bronchi; empty into the azygos vein|
bronchiolar	adj|of or relating to or involving bronchioles|
bronchiole	n|any of the smallest bronchial ducts; ending in alveoli|
bronchiolitis	n|inflammation of the membranes lining the bronchioles|
bronchitic	adj|suffering from or prone to bronchitis|
bronchitis	n|inflammation of the membranes lining the bronchial tubes|
broncho	n|an unbroken or imperfectly broken mustang|
bronchodilator	n|a drug that relaxes and dilates the bronchial passageways and improves the passages of air into the lungs|
bronchopneumonia	n|pneumonia characterized by acute inflammation of the walls of the bronchioles|
bronchoscope	n|a slender tubular instrument used to examine the bronchial tubes|
bronchoscopic	adj|of or relating to an instrument for examining the interior of the bronchi|
bronchoscopic smear	n|any of several cytologic smears obtained from different parts of the lower respiratory tract; used for cytologic study of cancer and other diseases of the lungs|
bronchospasm	n|a spasm of the bronchi that makes exhalation difficult and noisy; associated with asthma and bronchitis|
bronchus	n|either of the two main branches of the trachea|
bronco	n|an unbroken or imperfectly broken mustang|
bronco buster	n|a person who breaks horses|
bronco busting	n|breaking a bronco to saddle|
broncobuster	n|a person who breaks horses|
bronislaw kasper malinowski	n|British anthropologist (born in Poland) who introduced the technique of the participant observer (1884-1942)|
bronislaw malinowski	n|British anthropologist (born in Poland) who introduced the technique of the participant observer (1884-1942)|
bronte	n|English novelist; youngest of three Bronte sisters (1820-1849)|	n|English novelist; one of three Bronte sisters (1818-1848)|	n|English novelist; oldest of three Bronte sisters (1816-1855)|
bronte sisters	n|a 19th century family of three sisters who all wrote novels|
brontosaur	n|huge quadrupedal herbivorous dinosaur common in North America in the late Jurassic|
brontosaurus	n|huge quadrupedal herbivorous dinosaur common in North America in the late Jurassic|
bronx	n|a borough of New York City|
bronx cheer	n|a cry or noise made to express displeasure or contempt|
bronx-whitestone bridge	n|a suspension bridge across the East River in New York City|
bronze	adj|of the color of bronze|	adj|made from or consisting of bronze|	n|an alloy of copper and tin and sometimes other elements; also any copper-base alloy containing other elements in place of tin|	n|a sculpture made of bronze|
bronze age	n|(archeology) a period between the Stone and Iron Ages, characterized by the manufacture and use of bronze tools and weapons|	n|(classical mythology) the third age of the world, marked by war and violence|
bronze medal	n|a trophy made of bronze (or having the appearance of bronze) that is usually awarded for winning third place in a competition|
bronze-red	adj|of red tinged with bronze|
bronzed	adj|(of skin) having a tan color from exposure to the sun|a young bronzed Apollo
bronzed diabetes	n|pathology in which iron accumulates in the tissues; characterized by bronzed skin and enlarged liver and diabetes mellitus and abnormalities of the pancreas and the joints|
bronzy	adj|of the color of bronze|
brooch	n|a decorative pin worn by women|	v|fasten with or as if with a brooch|
brood	v|think moodily or anxiously about something|	v|hang over, as of something threatening, dark, or menacing|The terrible vision brooded over her all day long	v|be in a huff and display one's displeasure|She is pouting because she didn't get what she wanted	v|be in a huff; be silent or sullen|
brood bitch	n|a bitch used for breeding|
brood hen	n|a domestic hen ready to brood|
brooder	n|apparatus consisting of a box designed to maintain a constant temperature by the use of a thermostat; used for chicks or premature infants|
brooder pneumonia	n|severe respiratory disease of birds that takes the form of an acute rapidly fatal pneumonia in young chickens and turkeys|
brooding	n|sitting on eggs so as to hatch them by the warmth of the body|	n|persistent morbid meditation on a problem|	adj|deeply or seriously thoughtful|Byron lives on not only in his poetry, but also in his creation of the `Byronic hero' - the persona of a brooding melancholy young man
broodmare	n|a female horse used for breeding|
broody	adj|physiologically ready to incubate eggs|a broody hen	adj|deeply or seriously thoughtful|Byron lives on not only in his poetry, but also in his creation of the `Byronic hero' - the persona of a brooding melancholy young man	n|a domestic hen ready to brood|
broody hen	n|a domestic hen ready to brood|
brook	n|a natural stream of water smaller than a river (and often a tributary of a river)|the creek dried up every summer	v|put up with something or somebody unpleasant|I cannot bear his constant criticism
brook thistle	n|of central and southwestern Europe|
brook trout	n|a delicious freshwater food fish|
brooke	n|English lyric poet (1887-1915)|
brooklet	n|a small brook|
brooklime	n|European plant having low-lying stems with blue flowers; sparsely naturalized in North America|	n|plant of western North America and northeastern Asia having prostrate stems with dense racemes of pale violet to lilac flowers|
brooklyn	n|a borough of New York City|
brooklyn bridge	n|a suspension bridge across the East River in New York City; opened in 1883|
brookweed	n|water pimpernel of Europe to China|
broom	n|a cleaning implement for sweeping; bundle of straws or twigs attached to a long handle|	n|any of various shrubs of the genera Cytisus or Genista or Spartium having long slender branches and racemes of yellow flowers|	n|common Old World heath represented by many varieties; low evergreen grown widely in the northern hemisphere|	v|sweep with a broom or as if with a broom|Sweep the crumbs off the table
broom closet	n|a small room for storing brooms and other cleaning equipment|
broom grass	n|any of several grasses of the genus Andropogon; used in broom making|
broom handle	n|the handle of a broom|
broom palm	n|small palm of southern Florida and West Indies closely resembling the silvertop palmetto|
broom tree	n|prickly yellow-flowered shrub of the moors of New England and Europe|
broomcorn	n|tall grasses grown for the elongated stiff-branched panicle used for brooms and brushes|
broomrape family	n|brown or yellow leafless herbs; sometimes placed in the order Scrophulariales|
broomstick	n|the handle of a broom|
brosme brosme	n|large edible marine fish of northern coastal waters; related to cod|
brosmius	n|cusk|
broth	n|liquid in which meat and vegetables are simmered; used as a basis for e.g. soups or sauces|she made gravy with a base of beef stock	n|a thin soup of meat or fish or vegetable stock|
broth of a boy	n|an outstanding person; as if produced by boiling down a savory broth|
broth of a man	n|an outstanding person; as if produced by boiling down a savory broth|
brothel	n|a building where prostitutes are available|
brothel keeper	n|a woman who runs a house of prostitution|
brother	n|a male with the same parents as someone else|my brother still lives with our parents	n|a male person who is a fellow member (of a fraternity or religion or other group)|none of his brothers would betray him	n|a close friend who accompanies his buddies in their activities|	n|used as a term of address for those male persons engaged in the same movement|Greetings, comrade!
brother-in-law	n|a brother by marriage|
brotherhood	n|the kinship relation between a male offspring and the siblings|	n|people engaged in a particular occupation|the medical fraternity	n|the feeling that men should treat one another like brothers|	n|an organization of employees formed to bargain with the employer|you have to join the union in order to get a job
brotherlike	adj|like or characteristic of or befitting a brother|brotherly feelings
brotherly	adj|like or characteristic of or befitting a brother|brotherly feelings	adv|(archaic as adverb) in a brotherly manner|
brotherly love	n|a kindly and lenient attitude toward people|
brotula	n|deep-sea fishes|
brotulidae	n|chiefly deep-sea fishes related to the Ophidiidae|
brougham	n|light carriage; pulled by a single horse|	n|a sedan that has no roof over the driver's seat|
brouhaha	n|loud confused noise from many sources|	n|a confused disturbance far greater than its cause merits|
broussonetia	n|paper mulberry|
broussonetia papyrifera	n|shrubby Asiatic tree having bark (tapa) that resembles cloth; grown as a shade tree in Europe and America; male flowers are pendulous catkins and female are urn-shaped followed by small orange-red aggregate berries|
brow	n|the part of the face above the eyes|	n|the arch of hair above each eye|	n|the peak of a hill|the sun set behind the brow of distant hills
brow ptosis	n|sagging eyebrows|
browallia	n|any of several herbs of the genus Browallia cultivated for their blue or violet or white flowers|
browbeat	v|be bossy towards|Her big brother always bullied her when she was young	v|discourage or frighten with threats or a domineering manner; intimidate|
brown	adj|of a color similar to that of wood or earth|	adj|(of skin) deeply suntanned|	n|an orange of low brightness and saturation|	n|Scottish botanist who first observed the movement of small particles in fluids now known a Brownian motion (1773-1858)|
brown algae	n|algae having the chlorophyll masked by brown and yellow pigments|
brown bat	n|any of numerous medium to small insectivorous bats found worldwide in caves and trees and buildings|
brown bear	n|large ferocious bear of Eurasia|
brown bells	n|California herb with brownish-purple or greenish bell-shaped flowers|
brown bent	n|common grass with slender stems and narrow leaves|
brown betty	n|baked pudding of apples and breadcrumbs|
brown bread	n|bread made with whole wheat flour|	n|dark steamed bread made of cornmeal wheat and flour with molasses and soda and milk or water|
brown butter	n|clarified butter browned slowly and seasoned with vinegar or lemon juice and capers|
brown coal	n|intermediate between peat and bituminous coal|
brown creeper	n|a common creeper in North America with a down-curved bill|
brown cup	n|a variety of sclerotinia|
brown hyena	n|of southern Africa|
brown lacewing	n|small dark-colored lacewing fly|
brown lemming	n|of northwestern Canada and Alaska|
brown oak	n|large tree of Australasia|
brown onion sauce	n|brown sauce with sauteed chopped onions and parsley and dry white wine or vinegar|
brown pine	n|large Australian tree with straight-grained yellow wood that turns brown on exposure|
brown rat	n|common domestic rat; serious pest worldwide|
brown rice	n|unpolished rice retaining the yellowish-brown outer layer|
brown root rot fungus	n|fungus causing brown root rot in plants of the pea and potato and cucumber families|
brown rot	n|any of certain fungous diseases of plants characterized by browning and decay of tissues|
brown rot gummosis	n|disease of citrus trees caused by the fungus Phytophthora citrophthora|
brown sauce	n|a sauce based on soy sauce|	n|bouillon or beef stock thickened with butter and flour roux and variously seasoned with herbs or Worcestershire etc.|
brown snail	n|serious garden pest having a brown shell with paler zigzag markings; nearly cosmopolitan in distribution|
brown soft scale	n|pest on citrus trees|
brown study	n|a state of deep absorption or thoughtfulness|
brown sugar	n|unrefined or only partly refined sugar|
brown swiss	n|large hardy brown breed of dairy cattle from Switzerland|
brown trout	n|speckled trout of European rivers; introduced in North America|
brown university	n|a university in Rhode Island|
brown-black	adj|of black tinged with brown|
brown-gray	adj|of grey tinged with brown|
brown-green	adj|of green tinged with brown|
brown-grey	adj|of grey tinged with brown|
brown-haired	adj|having hair of a dark color|a dark-haired beauty
brown-nose	v|flatter with the intention of getting something|
brown-purple	adj|of dark purple tinted with brown|
brown-speckled	adj|having brown speckles|
brown-striped	adj|having brown stripes|
browne	n|English illustrator of several of Dickens' novels (1815-1882)|
browned	adj|(of skin) deeply suntanned|
browned off	adj|greatly annoyed; out of patience|had an exasperated look on his face
brownian motion	n|the random motion of small particles suspended in a gas or liquid|
brownian movement	n|the random motion of small particles suspended in a gas or liquid|
brownie	n|a junior Girl Scout|	n|(folklore) fairies that are somewhat mischievous|	n|square or bar of very rich chocolate cake usually with nuts|
brownie mix	n|a commercial mix for making brownies|
browning	n|English poet and husband of Elizabeth Barrett Browning noted for his dramatic monologues (1812-1889)|	n|English poet best remembered for love sonnets written to her husband Robert Browning (1806-1861)|	n|cooking to a brown crispiness over a fire or on a grill|proper toasting should brown both sides of a piece of bread
brownish	adj|of a color similar to that of wood or earth|
brownish yellow	n|a yellow color of low lightness with a brownish tinge|
brownish-black	adj|of black tinged with brown|
brownish-gray	adj|of grey tinged with brown|
brownish-green	adj|of green tinged with brown|
brownish-grey	adj|of grey tinged with brown|
brownish-orange	adj|of a light brownish color|
brownish-purple	adj|of dark purple tinted with brown|
brownish-red	adj|of dark brownish to purplish red|
brownish-speckled	adj|having brown speckles|
brownish-striped	adj|having brown stripes|
brownish-yellow	adj|of a medium to dark brownish yellow color|
brownness	n|an orange of low brightness and saturation|
brownout	n|darkness resulting from the extinction of lights (as in a city invisible to enemy aircraft)|
brownshirt	n|a member of the Nazi SA which wore brown uniforms|
brownstone	n|a reddish brown sandstone; used in buildings|	n|a row house built of brownstone; reddish brown in color|
brownsville	n|a city in southern Texas on the Rio Grande near its mouth into the Gulf of Mexico; has a channel that accommodates oceangoing ships|
browse	n|vegetation (such as young shoots, twigs, and leaves) that is suitable for animals to eat|a deer needs to eat twenty pounds of browse every day	n|reading superficially or at random|	n|the act of feeding by continual nibbling|	v|shop around; not necessarily buying|I don't need help, I'm just browsing
browser	n|a viewer who looks around casually without seeking anything in particular|	n|a program used to view HTML documents|
browsing	n|reading superficially or at random|	n|the act of feeding by continual nibbling|
bruce	n|Australian physician and bacteriologist who described the bacterium that causes undulant fever or brucellosis (1855-1931)|	n|king of Scotland from 1306 to 1329; defeated the English army under Edward II at Bannockburn and gained recognition of Scottish independence (1274-1329)|
brucella	n|an aerobic Gram-negative coccobacillus that causes brucellosis; can be used as a bioweapon|
brucellosis	n|infectious bacterial disease of human beings transmitted by contact with infected animals or infected meat or milk products; characterized by fever and headache|	n|an infectious disease of domestic animals often resulting in spontaneous abortion; transmittable to human beings|
bruch	n|German composer (1838-1920)|
bruchidae	n|seed beetles|
bruchus	n|type genus of the Bruchidae|
bruchus pisorum	n|larvae live in and feed on seeds of the pea plant|
brucine	n|a bitter alkaloid poison resembling strychnine and extracted from nux vomica|
bruckenthalia	n|a genus containing only one species: spike heath|
bruckenthalia spiculifolia	n|small evergreen mat-forming shrub of southern Europe and Asia Minor having stiff stems and terminal clusters of small bell-shaped flowers|
bruckner	n|Austrian organist and composer of romantic music (1824-1896)|
bruegel	n|Flemish painter of landscapes (1525-1569)|
brueghel	n|Flemish painter of landscapes (1525-1569)|
bruges	n|a city in northwestern Belgium that is connected by canal to the North Sea; in the 13th century it was a leading member of the Hanseatic League; the old city (known as the City of Bridges) is a popular tourist attraction|
brugmansia	n|includes some plants often placed in the genus Datura: angel's trumpets|
bruin	n|a conventional name for a bear used in tales following usage in the old epic `Reynard the Fox'|	n|large ferocious bear of Eurasia|
bruise	n|an injury that doesn't break the skin but results in some discoloration|	v|injure the underlying soft tissue or bone of|I bruised my knee	v|hurt the feelings of|She hurt me when she did not include me among her guests	v|break up into small pieces for food preparation|bruise the berries with a wooden spoon and strain them
bruiser	n|a large and strong and heavyset man|he was a bull of a man
bruising	adj|causing mental or emotional injury|a bruising experience	adj|brutally forceful and compelling|protected from the bruising facts of battle
bruit	v|tell or spread rumors|It was rumored that the next president would be a woman
brule	n|a member of a group of Siouan people who constituted a division of the Teton Sioux|
brumaire	n|second month of the Revolutionary calendar (October and November); the month of mist|
brumal	adj|characteristic of or relating to winter|bears in brumal sleep
brummagem	adj|cheap and showy|a cheap Brummagem imitation	n|a city in central England; 2nd largest English city and an important industrial and transportation center|
brummell	n|English dandy who was a fashion leader during the Regency (1778-1840)|
brummie	n|a native or resident of Birmingham, England|
brummy	n|a native or resident of Birmingham, England|
brumous	adj|filled or abounding with fog or mist|a brumous October morning
brunanburh	n|a battle in 937 when Athelstan defeated the Scots|
brunch	n|combination breakfast and lunch; usually served in late morning|	v|eat a meal in the late morning|We brunch in Sundays
brunch coat	n|a woman's short housecoat or wrapper|
brunei	n|a sultanate in northwestern Borneo; became independent of Great Britain in 1984|
brunei dollar	n|the basic unit of money in Brunei|
bruneian	adj|of or relating to or characteristic of Brunei or its people|Bruneian oil production	n|a native or inhabitant of Brunei|
brunelleschi	n|Florentine architect who was the first great architect of the Italian Renaissance (1377-1446)|
brunet	adj|marked by dark or relatively dark pigmentation of hair or skin or eyes|a brunette beauty	n|a person with dark (brown) hair|
brunette	adj|marked by dark or relatively dark pigmentation of hair or skin or eyes|a brunette beauty	n|a person with dark (brown) hair|
brunfelsia americana	n|West Indian shrub with fragrant showy yellowish-white flowers|
brunhild	n|a Valkyrie or a queen in the Nibelungenlied who loved the hero Siegfried; when he deceived her she had him killed and then committed suicide|
brunn	n|an industrial city in Moravia in Czech Republic to the southeast of Prague|
brunnhilde	n|a Valkyrie or a queen in the Nibelungenlied who loved the hero Siegfried; when he deceived her she had him killed and then committed suicide|
bruno	n|German pope from 1049 to 1054 whose papacy was the beginning of papal reforms in the 11th century (1002-1054)|	n|(Roman Catholic Church) a French cleric (born in Germany) who founded the Carthusian order in 1084 (1032-1101)|	n|Italian philosopher who used Copernican principles to develop a pantheistic monistic philosophy; condemned for heresy by the Inquisition and burned at the stake (1548-1600)|
bruno of toul	n|German pope from 1049 to 1054 whose papacy was the beginning of papal reforms in the 11th century (1002-1054)|
bruno walter	n|German conductor (1876-1962)|
brunswick	n|a university town in southwestern Maine|	n|a town in southeast Georgia near the Atlantic coast; a port of entry|	n|a city in central Germany|
brunswick stew	n|spicy southern specialty: chicken (or small game) with corn and tomatoes and lima beans and okra and onions and potatoes|
brunt	n|main force of a blow etc|bore the brunt of the attack
brusa	n|a city in northwestern Turkey|
brush	v|rub with a brush, or as if with a brush|Johnson brushed the hairs from his jacket	v|touch lightly and briefly|He brushed the wall lightly	v|clean with a brush|She brushed the suit before hanging it back into the closet	v|sweep across or over|Her long skirt brushed the floor
brush aside	v|bar from attention or consideration|She dismissed his advances
brush cut	n|a short haircut with hairs standing up like a brush|
brush discharge	n|discharge between electrodes creating visible streamers of ionized particles|
brush down	v|reprimand|She told the misbehaving student off
brush fire	n|an uncontrolled fire that consumes brush and shrubs and bushes|
brush kangaroo	n|any of various small or medium-sized kangaroos; often brightly colored|
brush off	v|bar from attention or consideration|She dismissed his advances
brush on	v|apply with a brush|Brush butter on the roast
brush turkey	n|black megapode of wooded regions of Australia and New Guinea|
brush up	v|refresh one's memory|I reviewed the material before the test	v|bring to a highly developed, finished, or refined state|polish your social manners
brush wolf	n|small wolf native to western North America|
brush-footed butterfly	n|medium to large butterflies found worldwide typically having brightly colored wings and much-reduced nonfunctional forelegs carried folded on the breast|
brush-off	n|a curt or disdainful rejection|
brush-tail porcupine	n|porcupine with a tuft of large beaded bristles on the tail|
brush-tailed phalanger	n|bushy-tailed phalanger|
brush-tailed porcupine	n|porcupine with a tuft of large beaded bristles on the tail|
brushed	adj|touched lightly in passing; grazed against|of all the people brushed against in a normal day on a city street I remember not a one	adj|(of hair or clothing) groomed with a brush|with shining hair neatly brushed	adj|(of fabrics) having soft nap produced by brushing|a dress of brushed cotton
brushing	n|the act of brushing your teeth|the dentist recommended two brushes a day	n|the act of brushing your hair|he gave his hair a quick brush
brushlike	adj|resembling a brush|brushlike blue blooms
brushup	n|practice intended to polish performance or refresh the memory|
brushwood	n|the wood from bushes or small branches|they built a fire of brushwood	n|a dense growth of bushes|
brushwork	n|an artist's distinctive technique of applying paint with a brush|
brushy	adj|covered with or consisting of bushes or thickets|brushy undergrowth
brusk	adj|marked by rude or peremptory shortness|try to cultivate a less brusque manner
brusque	adj|marked by rude or peremptory shortness|try to cultivate a less brusque manner
brusquely	adv|in a blunt direct manner|he spoke bluntly
brusqueness	n|an abrupt discourteous manner|
brussels	n|the capital and largest city of Belgium; seat of the North Atlantic Treaty Organization|
brussels biscuit	n|slice of sweet raised bread baked again until it is brown and hard and crisp|
brussels carpet	n|a carpet with a strong linen warp and a heavy pile of colored woolen yarns drawn up in uncut loops to form a pattern|
brussels griffon	n|breed of various very small compact wiry-coated dogs of Belgian origin having a short bearded muzzle|
brussels lace	n|fine lace with a raised or applique design|
brussels sprout	n|plant grown for its stout stalks of edible small green heads resembling diminutive cabbages|
brussels sprouts	n|the small edible cabbage-like buds growing along a stalk of the brussels sprout plant|
brut	adj|(of champagne) extremely dry|
brutal	adj|(of persons or their actions) able or disposed to inflict pain or suffering|a barbarous crime	adj|punishingly harsh|the brutal summer sun	adj|resembling a beast; showing lack of human sensibility|beastly desires	adj|disagreeably direct and precise|he spoke with brutal honesty
brutalisation	n|the condition of being treated in a cruel and savage manner|	n|the activity of treating someone savagely or viciously|	n|an act that makes people cruel or lacking normal human qualities|
brutalise	v|treat brutally|	v|make brutal, unfeeling, or inhuman|Life in the camps had brutalized him	v|become brutal or insensitive and unfeeling|
brutality	n|the trait of extreme cruelty|	n|a brutal barbarous savage act|
brutalization	n|the condition of being treated in a cruel and savage manner|	n|the activity of treating someone savagely or viciously|	n|an act that makes people cruel or lacking normal human qualities|
brutalize	v|treat brutally|	v|make brutal, unfeeling, or inhuman|Life in the camps had brutalized him	v|become brutal or insensitive and unfeeling|
brutally	adv|in a vicious manner|he was viciously attacked
brute	adj|resembling a beast; showing lack of human sensibility|beastly desires	n|a cruelly rapacious person|	n|a living organism characterized by voluntary movement|
brutish	adj|resembling a beast; showing lack of human sensibility|beastly desires
brutishly	adv|in an inhumane manner|she treated her husband bestially
brutus	n|statesman of ancient Rome who (with Cassius) led a conspiracy to assassinate Julius Caesar (85-42 BC)|
bruxelles	n|the capital and largest city of Belgium; seat of the North Atlantic Treaty Organization|
bruxism	n|involuntarily or unconsciously clenching or grinding the teeth, typically during sleep|
brya	n|genus of prickly shrubs and small trees of the Caribbean region; source of a durable hardwood|
brya ebenus	n|West Indian tree yielding a fine grade of green ebony|
bryaceae	n|a family of acrocarpous mosses|
bryales	n|category used in some classification systems for mosses having the spore case separated from the capsule wall by a hollow intercellular space|
bryan	n|a town of east central Texas|
bryan donkin	n|English engineer who developed a method of preserving food by sterilizing it with heat and sealing it inside a steel container--the first tin can (1768-1855)|
bryanthus	n|procumbent Old World mat-forming evergreen shrub with racemes of pinkish-white flowers|
bryce canyon national park	n|a national park in Utah having multicolored rock erosions|
brynhild	n|a Valkyrie or a queen in the Nibelungenlied who loved the hero Siegfried; when he deceived her she had him killed and then committed suicide|
bryonia alba	n|white-flowered vine having thick roots and bearing small black berries; Europe to Iran|
bryonia dioica	n|bryony having fleshy roots pale green flowers and very small red berries; Europe; North Africa; western Asia|
bryony	n|a vine of the genus Bryonia having large leaves and small flowers and yielding acrid juice with emetic and purgative properties|
bryophyta	n|a division of nonflowering plants characterized by rhizoids rather than true roots and having little or no organized vascular tissue and showing alternation of generations between gamete-bearing forms and spore-bearing forms; comprises true mosses (Bryopsida) and liverworts (Hepaticopsida) and hornworts (Anthoceropsida)|
bryophyte	n|any of numerous plants of the division Bryophyta|
bryophytic	adj|relating to plants of the division Bryophyta|
bryopsida	n|true mosses: bryophytes having leafy rather than thalloid gametophytes: comprises orders Andreaeales; Bryales; Dicranales; Eubryales; Sphagnales|
bryozoa	n|marine or freshwater animals that form colonies of zooids|
bryozoan	n|sessile aquatic animal forming mossy colonies of small polyps each having a curved or circular ridge bearing tentacles; attach to stones or seaweed and reproduce by budding|
brythonic	n|a southern group of Celtic languages|
bryum	n|type genus of the Bryaceae: mosses distinguished by mostly erect and tufted gametophytes and symmetrical short-necked capsules|
bs	n|a bachelor's degree in science|
bsarch	n|a bachelor's degree in architecture|
bse	n|a fatal disease of cattle that affects the central nervous system; causes staggering and agitation|
btu	n|a unit of heat equal to the amount of heat required to raise one pound of water one degree Fahrenheit at one atmosphere pressure; equivalent to 251.997 calories|
bubaline	adj|relating to or resembling a buffalo|
bubalus	n|in some classification systems included in genus Bos; water buffaloes|
bubalus bubalis	n|an Asian buffalo that is often domesticated for use as a draft animal|
bubalus mindorensis	n|small buffalo of Mindoro in the Philippines|
bubble	n|a hollow globule of gas (e.g., air or carbon dioxide)|	n|a speculative scheme that depends on unstable factors that the planner cannot control|his proposal was nothing but a house of cards	n|an impracticable and illusory idea|he didn't want to burst the newcomer's bubble	n|a dome-shaped covering made of transparent glass or plastic|
bubble and squeak	n|leftover cabbage fried with cooked potatoes and sometimes meat|
bubble bath	n|a bath in which you add something to foam and scent the bath water|
bubble chamber	n|an instrument that records the tracks of ionizing particles|
bubble dance	n|a solo dance similar to a fan dance except large balloons are used instead of fans|
bubble gum	n|a kind of chewing gum that can be blown into bubbles|
bubble gum dermatitis	n|an allergic contact dermatitis developed around the lips of children who chew bubble gum|
bubble jet printer	n|a kind of ink-jet printer|
bubble over	v|overflow with a certain feeling|The children bubbled over with joy
bubble pack	n|packaging in which a product is sealed between a cardboard backing and clear plastic cover|
bubble shell	n|marine gastropod mollusk having a very small thin shell|
bubble up	v|move upwards in bubbles, as from the effect of heating; also used metaphorically|Gases bubbled up from the earth
bubble-jet printer	n|a kind of ink-jet printer|
bubblejet	n|a kind of ink-jet printer|
bubbler	n|a public fountain to provide a jet of drinking water|	n|any of various devices in which air or some other gas is bubbled through a liquid|
bubbliness	n|the property of giving off bubbles|
bubbling	adj|emitting or filled with bubbles as from carbonation or fermentation|bubbling champagne	adj|marked by high spirits or excitement|his fertile effervescent mind
bubbly	adj|emitting or filled with bubbles as from carbonation or fermentation|bubbling champagne	adj|full of or showing high spirits|bright bubbly children	n|a white sparkling wine either produced in Champagne or resembling that produced there|
buber	n|Israeli religious philosopher (born in Austria); as a Zionist he promoted understanding between Jews and Arabs; his writings affected Christian thinkers as well as Jews (1878-1965)|
bubo	n|a lymph node that is inflamed and swollen because of plague or gonorrhea or tuberculosis|	n|a genus of Strigidae|
bubonic	adj|of or evidencing buboes|bubonic plague
bubonic plague	n|the most common form of the plague in humans; characterized by chills, prostration, delirium and the formation of buboes in the armpits and groin; does not spread from person to person|
bubulcus	n|small white egrets|
bubulcus ibis	n|small white egret widely distributed in warm regions often found around grazing animals|
buccal	adj|of or relating to or toward the cheek|the buccal aspect of the gum	adj|of or involving the mouth or mouth region or the surface on which the mouth is located|the oral cavity
buccal artery	n|a branch of the maxillary artery that supplies blood to the buccinator muscle and the cheek|
buccal cavity	n|the cavity between the jaws and the cheeks|
buccaneer	n|someone who robs at sea or plunders the land from the sea without having a commission from any sovereign nation|	v|live like a buccaneer|
buccaneering	n|hijacking on the high seas or in similar contexts; taking a ship or plane away from the control of those who are legally entitled to it|air piracy
buccinator muscle	n|a muscle that flattens the cheek and retracts the angle of the mouth|
buccinidae	n|whelks|
bucconidae	n|puffbirds|
buccula	n|a fold of fatty tissue under the chin|
bucephala	n|buffleheads and goldeneyes|
bucephela clangula	n|large-headed swift-flying diving duck of Arctic regions|
buceros	n|type genus of the family Bucerotidae|
bucerotidae	n|hornbills|
bucharest	n|national capital and largest city of Romania in southeastern Romania|
bucharesti	n|national capital and largest city of Romania in southeastern Romania|
buchenwald	n|a Nazi concentration camp for Jews in World War II that was located in central Germany|
buchloe	n|buffalo grass|
buchner	n|German organic chemist who studied alcoholic fermentation and discovered zymase (1860-1917)|
buck	v|to strive with determination|John is bucking for a promotion	v|resist|buck the trend	v|move quickly and violently|The car tore down the street	v|jump vertically, with legs stiff and back arched|the yung filly bucked
buck fever	n|nervous excitement of an inexperienced hunter|
buck private	n|an enlisted man of the lowest rank in the Army or Marines|our prisoner was just a private and knew nothing of value
buck sergeant	n|a sergeant of the lowest rank in the military|
buck up	v|gain courage|
buck's fizz	n|a mixed drink containing champagne and orange juice|
buck-and-wing	n|a solo tap dance emphasizing sharp taps|
buck-toothed	adj|having protruding upper front teeth|
buckaroo	n|local names for a cowboy (`vaquero' is used especially in southwestern and central Texas and `buckaroo' is used especially in California)|
buckbean	n|perennial plant of Europe and America having racemes of white or purplish flowers and intensely bitter trifoliate leaves; often rooting at water margin and spreading across the surface|
buckbean family	n|a dicotyledonous family of marsh plants of order Gentianales|
buckboard	n|an open horse-drawn carriage with four wheels; has a seat attached to a flexible board between the two axles|
bucked up	adj|inspired with confidence|felt bucked up by his success
buckeroo	n|local names for a cowboy (`vaquero' is used especially in southwestern and central Texas and `buckaroo' is used especially in California)|
bucket	n|a roughly cylindrical vessel that is open at the top|	n|the quantity contained in a bucket|	v|put into a bucket|	v|carry in a bucket|
bucket along	v|move hurridly|He rushed down the hall to receive his guests
bucket seat	n|a low single seat as in cars or planes|
bucket shop	n|an unethical or overly aggressive brokerage firm|	n|(formerly) a cheap saloon selling liquor by the bucket|
bucketful	n|the quantity contained in a bucket|
buckeye	n|the inedible nutlike seed of the horse chestnut|	n|tree having palmate leaves and large clusters of white to red flowers followed by brown shiny inedible seeds|	n|a native or resident of Ohio|
bucking bronco	n|a wild horse that is vicious and difficult or impossible to break in|
buckingham palace	n|the London residence of the British sovereign|
buckle	v|fasten with a buckle or buckles|	v|fold or collapse|His knees buckled	v|bend out of shape, as under pressure or from heat|The highway buckled during the heat wave	n|fastener that fastens together two ends of a belt or strap; often has loose prong|
buckle down	v|work very hard, like a slave|
buckle under	v|consent reluctantly|
buckler	n|armor carried on the arm to intercept blows|
buckler fern	n|any of various ferns of the genera Dryopteris or Polystichum or Lastreopsis having somewhat shield-shaped coverings on the sori|
buckler mustard	n|plant of southeastern Europe having yellow flowers like those of mustard and pods with open valves resembling bucklers|
buckminsterfullerene	n|a spheroidal fullerene; the first known example of a fullerene|
buckram	adj|rigidly formal|a starchy manner	n|a coarse cotton fabric stiffened with glue; used in bookbinding and to stiffen clothing|	v|stiffen with or as with buckram|buckram the skirt
bucksaw	n|a saw that is set in a frame in the shape of an H; used with both hands to cut wood that is held in a sawbuck|
buckshee	adj|free of charge|if they deposit these shares in the scheme they will get further buckshee shares on a one-for-one basis"- Economist
buckshot	n|small lead shot for shotgun shells|
buckskin	n|horse of a light yellowish dun color with dark mane and tail|	n|a soft yellowish suede leather originally from deerskin but now usually from sheepskin|
buckskins	n|(used in the plural) breeches made of buckskin|
buckthorn	n|a shrub or shrubby tree of the genus Rhamnus; fruits are source of yellow dyes or pigments|	n|any shrub or small tree of the genus Bumelia|	n|an Old World plantain with long narrow ribbed leaves widely established in temperate regions|
buckthorn berry	n|fruit of various buckthorns yielding dyes or pigments|
buckthorn family	n|trees and shrubs usually thorny bearing drupaceous fruit many having medicinal value|
bucktooth	n|a large projecting front tooth|
buckwheat	n|a member of the genus Fagopyrum; annual Asian plant with clusters of small pinkish white flowers and small edible triangular seeds which are used whole or ground into flour|	n|grain ground into flour|
buckwheat cake	n|a pancake made with buckwheat flour|
buckwheat family	n|a family of plants of order Polygonales chiefly of the north temperate zone; includes the buckwheats|
buckyball	n|a spheroidal fullerene; the first known example of a fullerene|
bucolic	adj|(used with regard to idealized country life) idyllically rustic|a country life of arcadian contentment	adj|relating to shepherds or herdsmen or devoted to raising sheep or cattle|pastoral seminomadic people	n|a country person|	n|a short poem descriptive of rural or pastoral life|
bucuresti	n|national capital and largest city of Romania in southeastern Romania|
bud	n|a partially opened flower|	n|a swelling on a plant stem consisting of overlapping immature leaves or petals|	v|develop buds|The hibiscus is budding!	v|start to grow or develop|a budding friendship
budapest	n|capital and largest city of Hungary; located on the Danube River in north-central Hungary|
buddha	n|founder of Buddhism (c 563-483 BC)|	n|one who has achieved a state of perfect enlightenment|
buddhism	n|a religion represented by the many groups (especially in Asia) that profess various forms of the Buddhist doctrine and that venerate Buddha|	n|the teaching of Buddha that life is permeated with suffering caused by desire, that suffering ceases when desire ceases, and that enlightenment obtained through right conduct and wisdom and meditation releases one from desire and suffering and rebirth|
buddhist	adj|of or relating to or supporting Buddhism|Buddhist sculpture	n|one who follows the teachings of Buddha|
buddhistic	adj|of or relating to or supporting Buddhism|Buddhist sculpture
budding	adj|beginning to develop|a budding genius	n|reproduction of some unicellular organisms (such as yeasts) by growth and specialization followed by the separation by constriction of a part of the parent|
buddleia	n|tropical shrub having clusters of white or violet or yellow flowers|
buddy	n|a close friend who accompanies his buddies in their activities|
buddy system	n|a cooperative practice of pairing two or more people together for mutual assistance or safety (especially in recreational swimming)|
buddy-buddy	adj|(used informally) associated on close terms|a close friend
budge	v|move very slightly|He shifted in his seat
budgereegah	n|small Australian parakeet usually light green with black and yellow markings in the wild but bred in many colors|
budgerigar	n|small Australian parakeet usually light green with black and yellow markings in the wild but bred in many colors|
budgerygah	n|small Australian parakeet usually light green with black and yellow markings in the wild but bred in many colors|
budget	n|a sum of money allocated for a particular purpose|the laboratory runs on a budget of a million a year	n|a summary of intended expenditures along with proposals for how to meet them|the president submitted the annual budget to Congress	v|make a budget|
budget cut	n|the act of reducing budgeted expenditures|
budget deficit	n|an excess of expenditures over revenues|
budget for	v|calculate enough money for; provide for in the budget|I have not budgeted for these expensive meals
budget items	n|the expense of maintaining property (e.g., paying property taxes and utilities and insurance); it does not include depreciation or the cost of financing or income taxes|
budgetary	adj|of or relating to a budget|budgetary considerations
budgie	n|small Australian parakeet usually light green with black and yellow markings in the wild but bred in many colors|
budorcas	n|gnu goats|
budorcas taxicolor	n|large heavily built goat antelope of eastern Himalayan area|
buenos aires	n|capital and largest city of Argentina; located in eastern Argentina near Uruguay; Argentina's chief port and industrial and cultural center|
buff	n|an ardent follower and admirer|	n|a soft thick undyed leather from the skins of e.g. buffalo or oxen|	n|bare skin|swimming in the buff means to swim naked	n|a medium to dark tan color|
buff-brown	adj|of brown tinged with buff|
buff-colored	adj|having a buff color|
buff-coloured	adj|having a buff color|
buffalo	n|a city on Lake Erie in western New York (near Niagara Falls)|	n|any of several Old World animals resembling oxen including, e.g., water buffalo; Cape buffalo|	v|intimidate or overawe|
buffalo carpet beetle	n|a small black and red and white carpet beetle|
buffalo chip	n|a piece of dried bovine dung|
buffalo fish	n|any of several large suckers of the Mississippi valley|
buffalo gnat	n|small blackish stout-bodied biting fly having aquatic larvae; sucks the blood of birds as well as humans and other mammals|
buffalo nut	n|oily drupaceous fruit of rabbitwood|
buffalo wing	n|crisp spicy chicken wings|
buffalofish	n|any of several large suckers of the Mississippi valley|
buffel grass	n|erect tussock-forming perennial bur grass used particularly in South Africa and Australia for pasture and forage|
buffer	n|(chemistry) an ionic compound that resists changes in its pH|	n|a neutral zone between two rival powers that is created in order to diminish the danger of conflict|	n|an inclined metal frame at the front of a locomotive to clear the track|	n|(computer science) a part of RAM used for temporary storage of data that is waiting to be sent to a device; used to compensate for differences in the rate of flow of data between components of a computer system|
buffer country	n|a small neutral state between two rival powers|
buffer solution	n|a solution containing a buffer|
buffer state	n|a small neutral state between two rival powers|
buffer storage	n|(computer science) a part of RAM used for temporary storage of data that is waiting to be sent to a device; used to compensate for differences in the rate of flow of data between components of a computer system|
buffer store	n|(computer science) a part of RAM used for temporary storage of data that is waiting to be sent to a device; used to compensate for differences in the rate of flow of data between components of a computer system|
buffer zone	n|a neutral zone between two rival powers that is created in order to diminish the danger of conflict|
buffered aspirin	n|aspirin coated with a substance capable of neutralizing acid (trade name Bufferin)|
bufferin	n|aspirin coated with a substance capable of neutralizing acid (trade name Bufferin)|
buffet	n|a piece of furniture that stands at the side of a dining room; has shelves and drawers|	n|a meal set out on a buffet at which guests help themselves|	n|usually inexpensive bar|	v|strike against forcefully|Winds buffeted the tent
buffet car	n|a passenger car where food is served in transit|
buffeted	adj|pounded or hit repeatedly by storms or adversities|
buffeting	n|repeated heavy blows|
buffing wheel	n|a wheel that is covered with soft material|
buffoon	n|a rude or vulgar fool|	n|a person who amuses others by ridiculous behavior|
buffoonery	n|acting like a clown or buffoon|
buffoonish	adj|like a clown|a buffoonish walk
bufo	n|any toad of the genus Bufo|
bufo americanus	n|common toad of America|
bufo boreas	n|of a great variety of habitats from southern Alaska to Baja California west of the Rockies|
bufo bufo	n|common toad of Europe|
bufo calamita	n|common brownish-yellow short-legged toad of western Europe; runs rather than hops|
bufo canorus	n|of high Sierra Nevada meadows and forest borders|
bufo debilis	n|small green or yellow-green toad with small black bars and stripes|
bufo marinus	n|largest known toad species; native to Central America; valuable destroyer of insect pests|
bufo viridis	n|Eurasian toad with variable chiefly green coloring|
bufonidae	n|true toads|
bug	n|general term for any insect or similar creeping or crawling invertebrate|	n|a fault or defect in a computer program, system, or machine|	n|a small hidden microphone; for listening secretly|	n|insects with sucking mouthparts and forewings thickened and leathery at the base; usually show incomplete metamorphosis|
bug out	v|bulge outward|His eyes popped
bug-hunter	n|a zoologist who studies insects|
bugaboo	n|an imaginary monster used to frighten children|	n|a source of concern|the old bugaboo of inflation still bothers them
buganda	n|a state of Uganda and site of a former Bantu kingdom|
bugbane	n|a plant of the genus Cimicifuga having flowers in long racemes or panicles reported to be distasteful to insects|
bugbear	n|an imaginary monster used to frighten children|	n|an object of dread or apprehension|Germany was always a bugbear for France
bugged	adj|having hidden electronic eavesdropping devices|wired hotel rooms
bugger	n|someone who engages in anal copulation (especially a male who engages in anal copulation with another male)|	v|practice anal sex upon|
bugger all	n|little or nothing at all|I asked for a raise and they gave me bugger-all
bugger off	v|leave immediately; used usually in the imperative form|Scram!
buggery	n|intercourse via the anus, committed by a man with a man or woman|
bugginess	n|the state of having bugs|
buggy	n|a small lightweight carriage; drawn by a single horse|	adj|informal or slang terms for mentally irregular|it used to drive my husband balmy	adj|infested with bugs|
buggy whip	n|a horsewhip once used by a driver of a buggy|since buggies have been replaced by cars the buggy whip has become a symbol for anything that is hopelessly outmoded
bugle	n|a brass instrument without valves; used for military calls and fanfares|	n|any of various low-growing annual or perennial evergreen herbs native to Eurasia; used for ground cover|	n|a tubular glass or plastic bead sewn onto clothing for decoration|	v|play on a bugle|
bugle call	n|a signal broadcast by the sound of a bugle|
bugler	n|someone who plays a bugle|
bugleweed	n|any of various low-growing annual or perennial evergreen herbs native to Eurasia; used for ground cover|
bugloss	n|perennial or biennial herb cultivated for its delicate usually blue flowers|
bugologist	n|a zoologist who studies insects|
bugology	n|the branch of zoology that studies insects|
buhl	n|an inlaid furniture decoration; tortoiseshell and yellow and white metal form scrolls in cabinetwork|
build	v|make by combining materials and parts|this little pig made his house out of straw	v|form or accumulate steadily|Resistance to the manager's plan built up quickly	v|build or establish something abstract|build a reputation	v|improve the cleansing action of|build detergents
build in	v|make something an integral part of something else|we can build in a special clause to make the contract better for you
build on	v|be based on; of theories and claims, for example|What's this new evidence based on?
build up	v|enlarge, develop, or increase by degrees or in stages|build up your savings	v|form or accumulate steadily|Resistance to the manager's plan built up quickly	v|bolster or strengthen|We worked up courage	v|change the use of and make available or usable|develop land
build upon	v|be based on; of theories and claims, for example|What's this new evidence based on?
builder	n|a substance added to soaps or detergents to increase their cleansing action|	n|a person who creates a business or who organizes and develops a country|empire builder	n|someone who contracts for and supervises construction (as of a building)|
building	n|a structure that has a roof and walls and stands more or less permanently in one place|there was a three-story building on the corner	n|the act of constructing something|during the construction we had to take a detour	n|the commercial activity involved in repairing old structures or constructing new ones|their main business is home construction	n|the occupants of a building|the entire building complained about the noise
building block	n|a single undivided natural thing occurring in the composition of something else|units of nucleic acids	n|a block of material used in construction work|
building code	n|set of standards established and enforced by local government for the structural safety of buildings|
building complex	n|a whole structure (as a building) made up of interconnected or related structures|
building department	n|the division of a business responsible for building and maintaining the physical plant|
building material	n|material used for constructing buildings|
building permit	n|a document authorizing the holder to construct a building of a particular kind on a particular lot|
building site	n|a lot on which there are no permanent buildings|
building supply house	n|a store where builders can purchase materials for building houses and related structures|
building supply store	n|a store where builders can purchase materials for building houses and related structures|
buildup	n|the act of building up an accumulation|I envied his rapid buildup of assets	n|the result of the process of accumulation|the buildup of leaves blocked the drain pipes	n|highly favorable publicity and praise|his letter of recommendation gave her a terrific buildup
built	adj|(used of soaps or cleaning agents) having a substance (an abrasive or filler) added to increase effectiveness|the built liquid detergents
built in bed	n|a bed on a ship or train; usually in tiers|
built-in	adj|existing as an essential constituent or characteristic|the Ptolemaic system with its built-in concept of periodicity
built-in bed	n|a bed that is built in and fixed to a wall|
built-soap powder	n|soap in powdered form mixed with alkaline builders|
built-up	adj|peopled with settlers|the built-up areas
buirdly	adj|muscular and heavily built|a beefy wrestler
bujumbura	n|the capital and largest city of Burundi|Usumbura was renamed Bujumbura when Burundi became independent in 1962
bukharin	n|Bolshevik leader in Russia who advocated gradual collectivism of the farms; was executed in a purge by Stalin (1888-1938)|
bulawayo	n|industrial city in southwestern Zimbabwe|
bulb	n|a modified bud consisting of a thickened globular underground stem serving as a reproductive structure|	n|electric lamp consisting of a transparent or translucent glass housing containing a wire filament (usually tungsten) that emits light when heated by electricity|	n|a rounded part of a cylindrical instrument (usually at one end)|the bulb of a syringe	n|anything with a round shape resembling a teardrop|
bulb-shaped	adj|shaped like a bulb|
bulbaceous	adj|producing or growing from bulbs|
bulbar	adj|involving the medulla oblongata|bulbar paralysis
bulbar conjunctiva	n|the part of the conjunctiva covering the anterior face of the sclera and the surface epithelium of the cornea|
bulbed	adj|having a bulb|
bulbil	n|small bulb or bulb-shaped growth arising from the leaf axil or in the place of flowers|
bulblet	n|small bulb or bulb-shaped growth arising from the leaf axil or in the place of flowers|
bulblike	adj|shaped like a bulb|
bulbourethral gland	n|either of two glands that discharge a component of seminal fluid into the urethra; homologous to Bartholin's gland in the female|
bulbous	adj|shaped like a bulb|	adj|curving outward|
bulbous iris	n|any of various irises having a rootstock formed like a bulb|
bulbous plant	n|plant growing from a bulb|
bulbul	n|nightingale spoken of in Persian poetry|
bulgaria	n|a republic in the eastern part of the Balkan Peninsula in southeastern Europe|
bulgarian	adj|of or relating to or characteristic of Bulgaria or its people|the Bulgarian capital is Sofia	n|a native or inhabitant of Bulgaria|	n|a Slavic language spoken in Bulgaria|
bulgarian capital	n|capital and largest city of Bulgaria located in western Bulgaria|
bulgarian monetary unit	n|monetary unit in Bulgaria|
bulge	n|something that bulges out or is protuberant or projects from its surroundings|the gun in his pocket made an obvious bulge	v|swell or protrude outwards|His stomach bulged after the huge meal	v|bulge out; form a bulge outward, or be so full as to appear to bulge|	v|bulge outward|His eyes popped
bulge out	v|bulge outward|His eyes popped
bulghur	n|parched crushed wheat|
bulginess	n|the property possessed by a rounded convexity|
bulging	adj|curving or bulging outward|	adj|curving outward|
bulgur	n|parched crushed wheat|
bulgur pilaf	n|pilaf made with bulgur wheat instead of rice and usually without meat|
bulgur wheat	n|parched crushed wheat|
bulgy	adj|curving outward|
bulima nervosa	n|a disorder of eating in which the person alternates between strong craving for food and aversion to food; characterized by excessive eating followed by periods of fasting or self-induced vomiting|
bulimarexia	n|a disorder of eating in which the person alternates between strong craving for food and aversion to food; characterized by excessive eating followed by periods of fasting or self-induced vomiting|
bulimia	n|a disorder of eating seen among young women who go on eating binges and then feel guilt and depression and self-condemnation|	n|pathologically insatiable hunger (especially when caused by brain lesions)|
bulimic	adj|suffering from bulimia|	n|a person suffering from bulimia|
bulk	n|the property resulting from being or relating to the greater in number of two parts; the main part|the majority of his customers prefer it	n|the property of something that is great in magnitude|it is cheaper to buy it in bulk	n|the property possessed by a large mass|	v|stick out or up|The parcel bulked in the sack
bulk large	v|hang over, as of something threatening, dark, or menacing|The terrible vision brooded over her all day long
bulk mail	n|mail consisting of large numbers of identical items (circulars or advertisements) sent to individual addresses at less than 1st-class rates and paid for in one lot|
bulk modulus	n|the ratio of the change in pressure acting on a volume to the fractional change in volume|
bulkhead	n|a partition that divides a ship or plane into compartments|
bulkiness	n|an unwieldy largeness|
bulky	adj|of large size for its weight|
bull	n|uncastrated adult male of domestic cattle|	n|a large and strong and heavyset man|he was a bull of a man	n|obscene words for unacceptable behavior|I put up with a lot of bullshit from that jerk	n|a serious and ludicrous blunder|he made a bad bull of the assignment
bull fiddle	n|largest and lowest member of the violin family|
bull market	n|a market characterized by rising prices for securities|
bull mastiff	n|large powerful breed developed by crossing the bulldog and the mastiff|
bull neck	n|a thick short powerful neck|
bull nose	n|a disease of pigs resulting in swelling of the snout|
bull pine	n|common and widely distributed tall timber pine of western North America having dark green needles in bunches of 2 to 5 and thick bark with dark brown plates when mature|
bull session	n|an informal discussion (usually among men)|
bull shark	n|a most common shark in temperate and tropical coastal waters worldwide; heavy-bodied and dangerous|
bull terrier	n|a powerful short-haired terrier originated in England by crossing the bulldog with terriers|
bull through	v|push or force|He bulled through his demands
bull tongue	n|a heavy plow with a single wide blade; used chiefly in cotton fields|
bull's eye	n|in target shooting: a score made by hitting the center of the target|in repeated sets of five shots his numbers of bull's-eyes varied	n|the center of a target|	n|something that exactly succeeds in achieving its goal|the new advertising campaign was a bell ringer
bull's-eye	n|a lantern with a single opening and a sliding panel that can be closed to conceal the light|
bulla	n|(pathology) an elevation of the skin filled with serous fluid|	n|the round leaden seal affixed to a papal bull|
bullace	n|small wild or half-domesticated Eurasian plum bearing small ovoid fruit in clusters|
bullate	adj|of leaves; appearing puckered as if blistered|
bulldog	n|a sturdy thickset short-haired breed with a large head and strong undershot lower jaw; developed originally in England for bull baiting|	v|attack viciously and ferociously|	v|throw a steer by seizing the horns and twisting the neck, as in a rodeo|
bulldog ant	n|any of the large fierce Australian ants of the genus Myrmecia|
bulldog clip	n|a clip with a spring that closes the metal jaws|
bulldog wrench	n|a wrench designed to provide a firm grip on something|
bulldoze	v|flatten with or as if with a bulldozer|
bulldozer	n|large powerful tractor; a large blade in front flattens areas of ground|
bullet	n|a projectile that is fired from a gun|	n|a high-speed passenger train|	n|(baseball) a pitch thrown with maximum velocity|he swung late on the fastball
bullet fingerprinting	n|identification of the gun that fired a bullet from an analysis of the unique marks that every gun makes on the bullet it fires and on the shell ejected from it|
bullet hole	n|a hole made by a bullet passing through it|
bullet train	n|a high-speed passenger train|
bullet vote	v|vote cumulatively and distribute the votes according to some principle|
bullet-headed	adj|obstinate and stupid|	adj|having a small round head|
bullethead	n|a head shaped like a bullet|
bulletin	n|a brief report (especially an official statement issued for immediate publication or broadcast)|	v|make public by bulletin|
bulletin board	n|a computer that is running software that allows users to leave messages and access information of general interest|	n|a board that hangs on a wall; displays announcements|
bulletin board system	n|a computer that is running software that allows users to leave messages and access information of general interest|
bulletproof	adj|without flaws or loopholes|an ironclad contract	adj|not penetrable by bullets|bulletproof glass	v|make bulletproof|bulletproof the car
bulletproof vest	n|a vest capable of resisting the impact of a bullet|
bullfighter	n|someone who fights bulls|
bullfighting	n|the activity at a bullfight|
bullfinch	n|common European finch mostly black and white with red throat and breast|
bullhead	n|freshwater sculpin with a large flattened bony-plated head with hornlike spines|
bullheaded	adj|obstinate and stupid|
bullheadedness	n|resolute adherence to your own ideas or desires|
bullhorn	n|a portable loudspeaker with built-in microphone and amplifier|
bullion	n|a mass of precious metal|	n|gold or silver in bars or ingots|
bullish	adj|expecting a rise in prices|
bullnecked	adj|having a thick short powerful neck|
bullnose	n|a small carpenter's plane with the cutting edge near the front|
bullnosed plane	n|a small carpenter's plane with the cutting edge near the front|
bullock	n|young bull|	n|castrated bull|
bullock block	n|a pulley-block at the head of a topmast|
bullock's heart	n|large heart-shaped tropical fruit with soft acid pulp|
bullock's oriole	n|western subspecies of northern oriole|
bullocky	adj|resembling a bullock in strength and power|thick bullocky shoulders
bullpen	n|a place on a baseball field where relief pitchers can warm up during a game|	n|a large cell where prisoners (people awaiting trial or sentence or refugees or illegal immigrants) are confined together temporarily|
bullring	n|a stadium where bullfights take place|
bullrush	n|tall marsh plant with cylindrical seed heads that explode when mature shedding large quantities of down; its long flat leaves are used for making mats and chair seats; of North America, Europe, Asia and North Africa|	n|tall rush with soft erect or arching stems found in Eurasia, Australia, New Zealand, and common in North America|
bullshit	v|speak insincerely or without regard for facts or truths|The politician was not well prepared for the debate and faked it	n|obscene words for unacceptable behavior|I put up with a lot of bullshit from that jerk
bullshot	n|a cocktail made with vodka and beef bouillon or consomme|
bullterrier	n|a powerful short-haired terrier originated in England by crossing the bulldog with terriers|
bully	adj|very good|he did a bully job	n|a cruel and brutal fellow|	n|a hired thug|	v|be bossy towards|Her big brother always bullied her when she was young
bully beef	n|beef cured or pickled in brine|
bully off	v|start a game by a face-off|
bully tree	n|a tropical hardwood tree yielding balata gum and heavy red timber|
bullyboy	n|a swaggering tough; usually one acting as an agent of a political faction|
bullying	adj|noisily domineering; tending to browbeat others|	n|the act of intimidating a weaker person to make them do something|
bullyrag	v|be bossy towards|Her big brother always bullied her when she was young
bulnesia	n|palo santo|
bulrush	n|tall marsh plant with cylindrical seed heads that explode when mature shedding large quantities of down; its long flat leaves are used for making mats and chair seats; of North America, Europe, Asia and North Africa|	n|tall rush with soft erect or arching stems found in Eurasia, Australia, New Zealand, and common in North America|
bultmann	n|a Lutheran theologian in Germany (1884-1976)|
bulwark	n|an embankment built around a space for defensive purposes|they stormed the ramparts of the city	n|a fencelike structure around a deck (usually plural)|	n|a protective structure of stone or concrete; extends from shore into the water to prevent a beach from washing away|	v|defend with a bulwark|
bulwer-lytton	n|English writer of historical romances (1803-1873)|
bum	n|a person who is deemed to be despicable or contemptible|only a rotter would do that	n|a vagrant|a homeless tramp	n|person who does no work|a lazy bum	n|the fleshy part of the human body that you sit on|he deserves a good kick in the butt
bum about	v|be lazy or idle|Her son is just bumming around all day
bum around	v|be lazy or idle|Her son is just bumming around all day
bumble	v|make a mess of, destroy or ruin|I botched the dinner and we had to eat out	v|walk unsteadily|The drunk man stumbled about	v|speak haltingly|The speaker faltered when he saw his opponent enter the room
bumblebee	n|robust hairy social bee of temperate regions|
bumbler	n|someone who makes mistakes because of incompetence|
bumbling	adj|lacking physical movement skills, especially with the hands|a bumbling mechanic
bumboat	n|a small boat that ferries supplies and commodities for sale to a larger ship at anchor|
bumf	n|reading materials (documents, written information) that you must read and deal with but that you think are extremely boring|
bummer	n|an experience that is irritating or frustrating or disappointing|having to stand in line so long was a real bummer	n|a bad reaction to a hallucinogenic drug|
bump	v|knock against with force or violence|My car bumped into the tree	v|come upon, as if by accident; meet with|We find this idea in Plato	v|dance erotically or dance with the pelvis thrust forward|bump and grind	v|assign to a lower position; reduce in rank|She was demoted because she always speaks up
bump around	v|shock physically|Georgia was shaken up in the Tech game
bump into	v|collide violently with an obstacle|I ran into the telephone pole
bump off	v|kill intentionally and with premeditation|The mafia boss ordered his enemies murdered
bump up	v|increase or raise|OPEC bumped up the price of oil
bumper	n|a glass filled to the brim (especially as a toast)|we quaffed a bumper of ale	n|a mechanical device consisting of bars at either end of a vehicle to absorb shock and prevent serious damage|
bumper car	n|a small low-powered electrically powered vehicle driven on a special platform where there are many others to be dodged|
bumper guard	n|vertical bars attached to a bumper to prevent locking bumpers with another vehicle|
bumper jack	n|a jack for lifting a motor vehicle by the bumper|
bumper-to-bumper	adj|used of traffic|bumper-to-bumper traffic
bumph	n|reading materials (documents, written information) that you must read and deal with but that you think are extremely boring|
bumpiness	n|the texture of a surface that has many bumps|
bumpkin	n|a person who is not very intelligent or interested in culture|
bumpkinly	adj|awkwardly simple and provincial|bumpkinly country boys
bumptious	adj|offensively self-assertive|
bumptiously	adv|in a bumptious manner|he behaved rather bumptiously and offended the hostess
bumptiousness	n|offensive boldness and assertiveness|
bumpy	adj|causing or characterized by jolts and irregular movements|a rough ride	adj|covered with or full of bumps|a bumpy country road
bun	n|small rounded bread either plain or sweet|
bun-fight	n|(Briticism) a grand formal party on an important occasion|
buna	n|made by polymerizing butadiene|
buna rubber	n|made by polymerizing butadiene|
bunce	n|a sudden happening that brings good fortune (as a sudden opportunity to make money)|the demand for testing has created a boom for those unregulated laboratories where boxes of specimen jars are processed like an assembly line
bunch	n|a grouping of a number of similar things|a bunch of trees	n|an informal body of friends|he still hangs out with the same crowd	n|any collection in its entirety|she bought the whole caboodle	v|form into a bunch|The frightened children bunched together in the corner of the classroom
bunch together	v|form into a bunch|The frightened children bunched together in the corner of the classroom
bunch up	v|form into a bunch|The frightened children bunched together in the corner of the classroom
bunchberry	n|creeping perennial herb distinguished by red berries and clustered leaf whorls at the tips of shoots; Greenland to Alaska|
bunchy	adj|occurring close together in bunches or clusters|
bunco	n|a swindle in which you cheat at gambling or persuade a person to buy worthless property|	v|deprive of by deceit;|He swindled me out of my inheritance
bunco game	n|a swindle in which you cheat at gambling or persuade a person to buy worthless property|
buncombe	n|unacceptable behavior (especially ludicrously false statements)|
bundesbank	n|the central bank of Germany|
bundle	n|a collection of things wrapped or boxed together|	n|a package of several things tied together for carrying or storing|	n|a large sum of money (especially as pay or profit)|she made a bundle selling real estate	v|make into a bundle|he bundled up his few possessions
bundle of his	n|a bundle of modified heart muscle that transmits the cardiac impulse from the atrioventricular node to the ventricles causing them to contract|
bundle off	v|send off unceremoniously|
bundle up	v|make into a bundle|he bundled up his few possessions	v|dress warmly|Mother bundled up the children for the long way to school
bundled-up	adj|dressed warmly|bundled-up sailors and soldiers
bundling	n|a onetime custom during courtship of unmarried couples occupying the same bed without undressing|	n|the act of binding something into a bundle|	n|the act of shoving hastily|she complained about bundling the children off to school
bunfight	n|(Briticism) a grand formal party on an important occasion|
bung	n|a plug used to close a hole in a barrel or flask|	v|give a tip or gratuity to in return for a service, beyond the compensation agreed on|Remember to tip the waiter	v|close with a cork or stopper|
bungaloid	adj|characterized by bungalows|the bungaloid suburbs
bungalow	n|a small house with a single story|
bungarus	n|kraits|
bungarus fasciatus	n|sluggish krait banded with black and yellow|
bungee	n|an elasticized rope|
bungee cord	n|an elasticized rope|
bunghole	n|vulgar slang for anus|	n|a hole in a barrel or cask; used to fill or empty it|
bungle	n|an embarrassing mistake|	v|make a mess of, destroy or ruin|I botched the dinner and we had to eat out	v|spoil by behaving clumsily or foolishly|I bungled it!
bungled	adj|spoiled through incompetence or clumsiness|a bungled job
bungler	n|someone who makes mistakes because of incompetence|
bunglesome	adj|difficult to handle or manage especially because of shape|an awkward bundle to carry
bungling	adj|showing lack of skill or aptitude|a bungling workman	adj|lacking physical movement skills, especially with the hands|a bumbling mechanic
bunion	n|a painful swelling of the bursa of the first joint of the big toe|
bunji-bunji	n|Australian timber tree whose bark yields a poison|
bunk	n|a long trough for feeding cattle|	n|a bed on a ship or train; usually in tiers|	n|a rough bed (as at a campsite)|	n|unacceptable behavior (especially ludicrously false statements)|
bunk bed	n|beds built one above the other|
bunk down	v|go to bed|We bedded down at midnight
bunk off	v|play truant from work or school|The boy often plays hooky
bunker	n|a hazard on a golf course|	n|a large container for storing fuel|the ship's bunkers were full of coal	n|a fortification of earth; mostly or entirely below ground|	v|hit a golf ball into a bunker|
bunker buster	n|a 5,000 pound laser-guided bomb that can be programmed to penetrate to a given depth before exploding; used to penetrate hardened underground facilities|
bunker mentality	n|defensiveness resulting from repeated attacks|after so many suicide bombings the Israelis have to resist developing a bunker mentality
bunkmate	n|someone who occupies the same sleeping quarters as yourself|
bunko	n|a swindle in which you cheat at gambling or persuade a person to buy worthless property|
bunko game	n|a swindle in which you cheat at gambling or persuade a person to buy worthless property|
bunkum	n|unacceptable behavior (especially ludicrously false statements)|
bunny	n|a young waitress in a nightclub whose costume includes the tail and ears of a rabbit|	n|(usually informal) especially a young rabbit|
bunny girl	n|a young waitress in a nightclub whose costume includes the tail and ears of a rabbit|
bunny rabbit	n|(usually informal) especially a young rabbit|
buns	n|the fleshy part of the human body that you sit on|he deserves a good kick in the butt
bunsen	n|German chemist who with Kirchhoff pioneered spectrum analysis but is remembered mainly for his invention of the Bunsen burner (1811-1899)|	n|a gas burner used in laboratories; has an air valve to regulate the mixture of gas and air|
bunsen burner	n|a gas burner used in laboratories; has an air valve to regulate the mixture of gas and air|
bunt	n|(baseball) the act of hitting a baseball lightly without swinging the bat|	n|disease of wheat characterized by replacement of the grains with greasy masses of smelly smut spores|	n|similar to Tilletia caries|	n|fungus that destroys kernels of wheat by replacing them with greasy masses of smelly spores|
buntal	n|fine white Philippine fiber from stalks of unopened leaves of talipot palms; used in making hats|
bunter	n|a batter who bunts|
bunting	n|a loosely woven fabric used for flags, etc.|	n|any of numerous seed-eating songbirds of Europe or North America|
bunuel	n|Spanish film director (1900-1983)|
bunya bunya	n|Australian conifer bearing two-inch seeds tasting like roasted chestnuts; among the aborigines the tree is hereditary property protected by law|	n|nut tasting like roasted chestnuts; a staple food of Australian aborigines|
bunya bunya tree	n|Australian conifer bearing two-inch seeds tasting like roasted chestnuts; among the aborigines the tree is hereditary property protected by law|
bunyan	n|English preacher and author of an allegorical novel, Pilgrim's Progress (1628-1688)|
bunyaviridae	n|a large family of arboviruses that affect a wide range of hosts (mainly vertebrates and arthropods)|
bunyavirus	n|an animal virus belonging to the family Bunyaviridae; can be used as a bioweapon|
buoy	n|bright-colored; a float attached by rope to the seabed to mark channels in a harbor or underwater hazards|	v|float on the surface of water|	v|keep afloat|The life vest buoyed him up	v|mark with a buoy|
buoy up	v|become more cheerful|after a glass of wine, he lightened up a bit	v|make more cheerful|the conversation lightened me up a bit	v|keep afloat|The life vest buoyed him up
buoyancy	n|cheerfulness that bubbles to the surface|	n|the property of something weightless and insubstantial|	n|the tendency to float in water or other liquid|	n|irrepressible liveliness and good spirit|I admired his buoyancy and persistent good humor
buoyant	adj|tending to float on a liquid or rise in air or gas|buoyant balloons	adj|characterized by liveliness and lightheartedness|buoyant spirits
buoyantly	adv|in a cheerfully buoyant manner|we accepted the opportunity buoyantly
buphthalmum	n|oxeye|
buphthalmum salicifolium	n|hairy Eurasian perennial having deep yellow daisies on lax willowy stems; found in the wild in open woodland and on rocky slopes|
bur	n|seed vessel having hooks or prickles|	n|small bit used in dentistry or surgery|	v|remove the burrs from|
bur grass	n|a grass of the genus Cenchrus|
bur marigold	n|any of several plants of the genus Bidens having yellow flowers and prickly fruits that cling to fur and clothing|
bur oak	n|medium to large deciduous oak of central and eastern North America with ovoid acorns deeply immersed in large fringed cups; yields tough close-grained wood|
bur reed	n|marsh plant having elongated linear leaves and round prickly fruit|
bur-reed family	n|coextensive with the genus Sparganium|
bura	n|a Chadic language spoken south of Lake Chad|
burbage	n|English actor who was the first to play the leading role in several of Shakespeare's tragedies (1567-1619)|
burberry	n|a lightweight belted raincoat typically made of tan gabardine with a distinctive tartan lining; named for the original manufacturer|
burble	v|flow in an irregular current with a bubbling noise|babbling brooks
burbling	adj|uttered with unrestrained enthusiasm|a novel told in burbly panting tones
burbly	adj|uttered with unrestrained enthusiasm|a novel told in burbly panting tones
burbot	n|elongate freshwater cod of northern Europe and Asia and North America having barbels around its mouth|
burchell's zebra	n|of the plains of central and eastern Africa|
burden	n|an onerous or difficult concern|the burden of responsibility	n|weight to be borne or conveyed|	n|the central meaning or theme of a speech or literary work|	n|the central idea that is expanded in a document or discourse|
burden of proof	n|the duty of proving a disputed charge|
burdened	adj|bearing a heavy burden of work or difficulties or responsibilities|she always felt burdened by the load of paper work	adj|bearing a physically heavy weight or load|tree limbs burdened with ice
burdenless	adj|not encumbered with a physical burden or load|
burdensome	adj|not easily borne; wearing; I only had to greet the guests"|the burdensome task of preparing the income tax return
burdensomeness	n|unwelcome burdensome difficulty|
burdock	n|any of several erect biennial herbs of temperate Eurasia having stout taproots and producing burs|
bureau	n|an administrative unit of government|the Central Intelligence Agency	n|furniture with drawers for keeping clothes|
bureau de change	n|(French) an establishment where you can exchange foreign money|
bureau of alcohol tobacco and firearms	n|the law enforcement and tax collection agency of the Treasury Department that enforces federal laws concerning alcohol and tobacco products and firearms and explosives and arson|
bureau of customs	n|the agency of the Treasury Department that enforces import tariffs|
bureau of diplomatic security	n|the bureau in the State Department that is responsible for the security of diplomats and embassies overseas|
bureau of engraving and printing	n|the agency of the Treasury Department that produces currency|
bureau of intelligence and research	n|an agency that is the primary source in the State Department for interpretive analyses of global developments and focal point for policy issues and activities of the Intelligence Community|
bureau of justice assistance	n|the bureau in the Department of Justice that assists local criminal justice systems to reduce or prevent crime and violence and drug abuse|
bureau of justice statistics	n|the agency in the Department of Justice that is the primary source of criminal justice statistics for federal and local policy makers|
bureaucracy	n|nonelective government officials|	n|a government that is administered primarily by bureaus that are staffed with nonelective officials|	n|any organization in which action is obstructed by insistence on unnecessary procedures and red tape|
bureaucrat	n|an official of a bureaucracy|
bureaucratic	adj|of or relating to or resembling a bureaucrat or bureaucracy|his bureaucratic behavior annoyed his colleagues
bureaucratic procedure	n|needlessly time-consuming procedure|
bureaucratically	adv|in a bureaucratic manner|his bureaucratically petty behavior annoyed her	adv|with respect to bureaucracy|it's bureaucratically complicated
bureaucratism	n|nonelective government officials|
buret	n|measuring instrument consisting of a graduated glass tube with a tap at the bottom; used for titration|
burette	n|measuring instrument consisting of a graduated glass tube with a tap at the bottom; used for titration|
burgeon	v|grow and flourish|The burgeoning administration
burgeon forth	v|produce buds, branches, or germinate|the potatoes sprouted
burger	n|a sandwich consisting of a fried cake of minced beef served on a bun, often with other ingredients|
burgess	n|English writer of satirical novels (1917-1993)|	n|a citizen of an English borough|
burgh	n|a borough in Scotland|
burgher	n|a citizen of an English borough|	n|a member of the middle class|
burglar	n|a thief who enters a building with intent to steal|
burglar alarm	n|a loud warning signal produced by a burglar alarm|they could hear the burglar alarm a mile away	n|a warning device that is tripped off by the occurrence of a burglary|
burglarious	adj|involving or resembling burglary|burglarious tools
burglarise	v|commit a burglary; enter and rob a dwelling|
burglarize	v|commit a burglary; enter and rob a dwelling|
burglarproof	adj|secure against burglary|
burglary	n|entering a building unlawfully with intent to commit a felony or to steal valuable property|
burgle	v|commit a burglary; enter and rob a dwelling|
burgomaster	n|a mayor of a municipality in Germany or Holland or Flanders or Austria|
burgoo	n|porridge made of rolled oats|	n|a gathering at which burgoo stew is served|
burgrass	n|a grass of the genus Cenchrus|
burgrave	n|a nobleman ruling a German castle and surrounding grounds by hereditary right|	n|the military governor of a German town in the 12th and 13th centuries|
burgundy	n|a former province of eastern France that is famous for its wines|	n|red table wine from the Burgundy region of France (or any similar wine made elsewhere)|	n|a dark purplish-red to blackish-red color|
burgundy sauce	n|reduced red wine with onions and parsley and thyme and butter|
burgundy wine	n|red table wine from the Burgundy region of France (or any similar wine made elsewhere)|
burhinidae	n|large wading birds resembling the plovers: stone curlews|
burhinus	n|type genus of the Burhinidae: stone curlews|
burhinus oedicnemus	n|large-headed large-eyed crepuscular or nocturnal shorebird of the Old World and tropical America having a thickened knee joint|
burial	n|the ritual placing of a corpse in a grave|	n|concealing something under the ground|
burial chamber	n|a chamber that is used as a grave|
burial garment	n|cloth used to cover a corpse in preparation for burial|
burial ground	n|a tract of land used for burials|
burial mound	n|(archeology) a heap of earth placed over prehistoric tombs|
burial site	n|a tract of land used for burials|
burial vault	n|a burial chamber (usually underground)|
buried	adj|placed in a grave|the hastily buried corpses
burin	n|a chisel of tempered steel with a sharp point; used for engraving|
burka	n|a loose garment (usually with veiled holes for the eyes) worn by Muslim women especially in India and Pakistan|the Taliban forced all women to wear the burqa
burke	v|murder without leaving a trace on the body|	v|get rid of, silence, or suppress|burke an issue
burked	adj|suppressed quietly or indirectly|
burkina faso	n|a desperately poor landlocked country in western Africa; was formerly Upper Volta under French rule but gained independence in 1960|
burkina faso franc	n|the basic unit of money in Burkina Faso|
burl	n|the wood cut from a tree burl or outgrowth; often used decoratively in veneer|	n|a large rounded outgrowth on the trunk or branch of a tree|	n|soft lump or unevenness in a yarn; either an imperfection or created by design|	v|remove the burls from cloth|
burlap	n|coarse jute fabric|
burlap bag	n|a bag made of burlap|
burled	adj|(of wood) have a pattern from the grain of a tree burl|
burlesque	adj|relating to or characteristic of a burlesque|burlesque theater	n|a theatrical entertainment of broad and earthy humor; consists of comic skits and short turns (and sometimes striptease)|	n|a composition that imitates or misrepresents somebody's style, usually in a humorous way|	v|make a parody of|The students spoofed the teachers
burlington	n|the largest city in Vermont; located in northwestern Vermont on Lake Champlain; site of the University of Vermont|
burly	adj|muscular and heavily built|a beefy wrestler
burma	n|a mountainous republic in southeastern Asia on the Bay of Bengal|much opium is grown in Myanmar
burma padauk	n|tree of India and Burma yielding a wood resembling mahogany|
burmannia	n|type genus of the Burmanniaceae; slender herbs of warm regions with leaves resembling scales and flowers with a three-angled or three-winged perianth|
burmanniaceae	n|family of chiefly tropical herbs with basal leaves like bracts and small flowers|
burmeisteria	n|a genus of Dasypodidae|
burmeisteria retusa	n|of southern South America|
burmese	adj|of or relating to or characteristic of Myanmar or its people|the Burmese capital	n|a native or inhabitant of Myanmar|	n|the official language of Burma|
burmese cat	n|a short-haired breed with body similar to the Siamese cat but having a solid dark brown or grey coat|
burmese rosewood	n|tree of India and Burma yielding a wood resembling mahogany|
burmese-yi	n|the Tibeto-Burman language spoken in northern Burma and Yunnan|
burn	v|destroy by fire|They burned the house and his diaries	v|shine intensely, as if with heat|The coals were glowing in the dark	v|undergo combustion|Maple wood burns well	v|cause a sharp or stinging pain or discomfort|The sun burned his face
burn bag	n|a bag into which secret documents are placed before being burned|
burn center	n|a center where patients with severe burns can be treated|
burn down	v|burn completely; be consumed or destroyed by fire|The hut burned down	v|destroy by fire|They burned the house and his diaries
burn mark	n|a place or area that has been burned (especially on a person's body)|
burn off	v|use up (energy)|burn off calories through vigorous exercise	v|clear land of its vegetation by burning it off|
burn out	v|melt, break, or become otherwise unusable|The lightbulbs blew out
burn plant	n|very short-stemmed plant with thick leaves with soothing mucilaginous juice; leaves develop spiny margins with maturity; native to Mediterranean region; grown widely in tropics and as houseplants|
burn up	v|burn brightly|Every star seemed to flare with new intensity	v|use up (energy)|burn off calories through vigorous exercise	v|burn completely; be consumed or destroyed by fire|The hut burned down
burnability	n|the quality of being capable of igniting and burning|
burnable	adj|capable of burning|
burned	adj|treated by heating to a high temperature but below the melting or fusing point|burnt sienna	adj|destroyed or badly damaged by fire|a row of burned houses	adj|ruined by overcooking|she served us underdone bacon and burnt biscuits
burned-out	adj|exhausted as a result of longtime stress|she was burned-out before she was 30	adj|inoperative as a result of heat or friction|a burned-out picture tube	adj|destroyed or badly damaged by fire|a row of burned houses
burned-over	adj|destroyed or badly damaged by fire|a row of burned houses
burner	n|an apparatus for burning fuel (or refuse)|a diesel engine is an oil burner	n|the heating elements of a stove or range on which pots and pans are placed for cooking|the electric range had one large burner and three smaller one
burnet bloodwort	n|European garden herb with purple-tinged flowers and leaves that are sometimes used for salads|
burning	n|the act of burning something|the burning of leaves was prohibited by a town ordinance	n|pain that feels hot as if it were on fire|	n|a process in which a substance reacts with oxygen to give heat and light|	n|execution by electricity|
burning at the stake	n|execution by fire|
burning bush	n|(Old Testament) the bush that burned without being consumed and from which God spoke to Moses|	n|deciduous shrub having purple capsules enclosing scarlet seeds|	n|Eurasian perennial herb with white flowers that emit flammable vapor in hot weather|	n|densely branched Eurasian plant; foliage turns purple-red in autumn|
burnish	n|the property of being smooth and shiny|	v|polish and make shiny|buff the wooden floors
burnished	adj|made smooth and bright by or as if by rubbing; reflecting a sheen or glow|bright silver candlesticks
burnoose	n|a long hooded cloak woven of wool in one piece; worn by Arabs and Moors|
burnous	n|a long hooded cloak woven of wool in one piece; worn by Arabs and Moors|
burnouse	n|a long hooded cloak woven of wool in one piece; worn by Arabs and Moors|
burns	n|celebrated Scottish poet (1759-1796)|
burnside	n|facial hair that has grown down the side of a man's face in front of the ears (especially when the rest of the beard is shaved off)|
burnt	adj|ruined by overcooking|she served us underdone bacon and burnt biscuits	adj|treated by heating to a high temperature but below the melting or fusing point|burnt sienna	adj|destroyed or badly damaged by fire|a row of burned houses
burnt lime	n|a white crystalline oxide used in the production of calcium hydroxide|
burnt sienna	n|a shade of brown with a tinge of red|	n|a reddish-brown pigment produced by roasting sienna|
burnt umber	n|dark brown pigment obtained by heating umber|	n|a medium brown to dark-brown color|
burnt-out	adj|exhausted as a result of longtime stress|she was burned-out before she was 30	adj|inoperative as a result of heat or friction|a burned-out picture tube	adj|destroyed or badly damaged by fire|a row of burned houses
burnup	n|a high-speed motorcycle race on a public road|	n|the amount of fuel used up (as in a nuclear reactor)|
burp	n|a reflex that expels gas noisily from the stomach through the mouth|	v|expel gas from the stomach|Please don't burp at the table
burp gun	n|a fully automatic pistol; a small submachine gun|
burping	n|a reflex that expels gas noisily from the stomach through the mouth|
burqa	n|a loose garment (usually with veiled holes for the eyes) worn by Muslim women especially in India and Pakistan|the Taliban forced all women to wear the burqa
burr	n|seed vessel having hooks or prickles|	n|rough projection left on a workpiece after drilling or cutting|	n|rotary file for smoothing rough edges left on a workpiece|	n|small bit used in dentistry or surgery|
burr drill	n|a high speed drill that dentists use to cut into teeth|
burr marigold	n|any of several plants of the genus Bidens having yellow flowers and prickly fruits that cling to fur and clothing|
burr oak	n|medium to large deciduous oak of central and eastern North America with ovoid acorns deeply immersed in large fringed cups; yields tough close-grained wood|
burr-headed	adj|having a head of straight hair cut very short (hence bristly)|
burrawong	n|large attractive palmlike evergreen cycad of New South Wales|
burred	adj|having or covered with protective barbs or quills or spines or thorns or setae etc.|a horse with a short bristly mane
burrfish	n|any of several fishes having rigid flattened spines|
burrito	n|a flour tortilla folded around a filling|
burrlike	adj|resembling a burr; especially in being prickly|
burro	n|small donkey used as a pack animal|
burro deer	n|long-eared deer of western North America with two-pronged antlers|
burrow	n|a hole made by an animal, usually for shelter|	v|move through by or as by digging|burrow through the forest
burry	adj|having or covered with protective barbs or quills or spines or thorns or setae etc.|a horse with a short bristly mane
bursa	n|a city in northwestern Turkey|	n|a small fluid-filled sac located between movable parts of the body especially at joints|
bursa omentalis	n|an isolated part of the peritoneal cavity that is dorsal to the stomach|
bursal	adj|relating to or affecting a bursa|
bursar	n|the treasurer at a college or university|
bursary	n|the treasury of a public institution or religious order|
burseraceae	n|resinous or aromatic chiefly tropical shrubs or trees|
bursiform	adj|shaped like a pouch|
bursitis	n|inflammation of a bursa; frequently in the shoulder|
burst	v|come open suddenly and violently, as if from internal pressure|The bubble burst	v|force out or release suddenly and often violently something pent up|break into tears	v|burst outward, usually with noise|The champagne bottle exploded	v|move suddenly, energetically, or violently|He burst out of the house into the cool night
burst forth	v|jump out from a hiding place and surprise (someone)|The attackers leapt out from the bushes	v|be unleashed; emerge with violence or noise|His anger exploded	v|come into or as if into flower|These manifestations effloresced in the past
burst in on	v|spring suddenly|He burst upon our conversation
burst out	v|give sudden release to an expression|We burst out laughing	v|appear suddenly|Spring popped up everywhere in the valley	v|erupt or intensify suddenly|Unrest erupted in the country
burst upon	v|spring suddenly|He burst upon our conversation
burster	n|a quantity of explosive to be set off at one time|this cartridge has a powder charge of 50 grains
bursting charge	n|a quantity of explosive to be set off at one time|this cartridge has a powder charge of 50 grains
bursting explosive	n|a high explosive that is used to damage the target that is under attack|
burt	n|English psychologist whose studies of twins were later said to have used fabricated data (1883-1971)|
burthen	n|a variant of `burden'|	v|weight down with a load|
burton	n|English explorer who with John Speke was the first European to explore Lake Tanganyika (1821-1890)|	n|Welsh film actor who often co-starred with Elizabeth Taylor (1925-1984)|	n|a strong dark English ale|
burundi	adj|of or relating to or characteristic of Burundi or its people|the Burundi capital	n|a landlocked republic in east central Africa on the northeastern shore of Lake Tanganyika|
burundi franc	n|the basic unit of money in Burundi|
burundian	adj|of or relating to or characteristic of Burundi or its people|the Burundi capital	n|a native or inhabitant of Burundi|
burunduki	n|terrestrial Siberian squirrel|
burweed marsh elder	n|tall annual marsh elder common in moist rich soil in central North America that can cause contact dermatitis; produces much pollen that is a major cause of hay fever|
bury	v|cover from sight|Afghani women buried under their burkas	v|place in a grave or tomb|Stalin was buried behind the Kremlin wall on Red Square	v|place in the earth and cover with soil|They buried the stolen goods	v|enclose or envelop completely, as if by swallowing|The huge waves swallowed the small boat and it sank shortly thereafter
burying	n|concealing something under the ground|
burying ground	n|a tract of land used for burials|
bus	n|a vehicle carrying many passengers; used for public transport|he always rode the bus to work	n|the topology of a network whose components are connected by a busbar|	n|an electrical conductor that makes a common connection between several circuits|the busbar in this computer can transmit data either way between any two components of the system	n|a car that is old and unreliable|the fenders had fallen off that old bus
bus company	n|a public utility providing local transportation|
bus depot	n|a terminal that serves bus passengers|
bus driver	n|someone who drives a bus|
bus fare	n|the fare charged for riding a bus or streetcar|
bus lane	n|a traffic lane intended for buses only|
bus line	n|an organization responsible for operating a bus transportation system|
bus route	n|the route regularly followed by a passenger bus|
bus service	n|a public utility providing local transportation|
bus station	n|a terminal that serves bus passengers|
bus stop	n|a place on a bus route where buses stop to discharge and take on passengers|
bus terminal	n|a terminal that serves bus passengers|
bus ticket	n|a ticket good for a ride on a bus|
bus topology	n|the topology of a network whose components are connected by a busbar|
bus traffic	n|buses coming and going|
busbar	n|an electrical conductor that makes a common connection between several circuits|the busbar in this computer can transmit data either way between any two components of the system
busboy	n|a restaurant attendant who sets tables and assists waiters and clears away dirty dishes|
busby	n|tall hat; worn by some British soldiers on ceremonial occasions|
bush	n|a low woody perennial plant usually having several major stems|	n|a large wilderness area|	n|dense vegetation consisting of stunted trees or bushes|	n|hair growing in the pubic area|
bush administration	n|the executive under President George H. W. Bush|	n|the executive under President George W. Bush|
bush baby	n|agile long-tailed nocturnal African lemur with dense woolly fur and large eyes and ears|
bush bean	n|a bean plant whose bushy growth needs no supports|
bush hibiscus	n|southern and western Australian shrub with unlobed or shallowly lobed toothed leaves and purple flowers; sometimes placed in genus Hibiscus|
bush honeysuckle	n|a honeysuckle shrub of southern Russia to central Asia|
bush jacket	n|a loose fitting jacket; resembles a shirt with four patch pockets and a belt|
bush lawyer	n|stout-stemmed trailing shrub of New Zealand that scrambles over other growth|
bush league	n|a league of teams that do not belong to a major league (especially baseball)|
bush leaguer	n|a player on a minor-league baseball team|
bush nasturtium	n|annual with deep yellow flowers smaller than the common garden nasturtium|
bush out	v|grow outward|the plant quickly bushed out
bush pea	n|any of various plants of the genus Thermopsis having trifoliate leaves and yellow or purple racemose flowers|
bush shrike	n|an African shrike|
bush tit	n|active grey titmice of western North America|
bush vetch	n|European purple-flowered with slender stems; occurs as a weed in hedges|
bush violet	n|any of several herbs of the genus Browallia cultivated for their blue or violet or white flowers|
bush willow	n|small South African tree having creamy yellow fragrant flowers usually growing on stream banks|	n|small deciduous tree of the Transvaal having spikes of yellow flowers|
bush-league	adj|not of the highest quality or sophistication|
bushbaby	n|agile long-tailed nocturnal African lemur with dense woolly fur and large eyes and ears|
bushbuck	n|antelope with white markings like a harness and twisted horns|
bushed	adj|very tired|was all in at the end of the day
bushel	n|a British imperial capacity measure (liquid or dry) equal to 4 pecks|	v|restore by replacing a part or putting together what is torn or broken|She repaired her TV set
bushel basket	n|a basket large enough to hold a bushel|
bushido	n|traditional code of the Japanese samurai which stressed courage and loyalty and self-discipline and simple living|
bushing	n|an insulating liner in an opening through which conductors pass|	n|a cylindrical metal lining used to reduce friction|
bushman	n|nomadic hunters and gatherers who live in southern Africa|	n|a dweller in the Australian bush country|
bushman's poison	n|evergreen shrub or tree of South Africa|
bushtit	n|active grey titmice of western North America|
bushwhack	v|wait in hiding to attack|	v|live in the bush as a fugitive or as a guerilla|	v|cut one's way through the woods or bush|
bushwhacker	n|a disparaging term for an unsophisticated person|
bushwhacking	adj|lying in ambush|bushwhacking guerrillas attacking from ambush
bushy	adj|used of hair; thick and poorly groomed|bushy locks	adj|resembling a bush in being thickly branched and spreading|
bushytail woodrat	n|any of several bushy-tailed rodents of the genus Neotoma of western North America; hoards food and other objects|
busily	adv|in a busy manner|they were busily engaged in buying souvenirs
business	n|a commercial or industrial enterprise and the people who constitute it|he bought his brother's business	n|the activity of providing goods and services involving financial and commercial and industrial aspects|computers are now widely used in business	n|the principal activity in your life that you do to earn money|he's not in my line of business	n|a rightful concern or responsibility|it's none of your business
business activity	n|activity undertaken as part of a commercial enterprise|
business address	n|the address at which a business is located|
business agent	n|an agent who handles business affairs for another; especially one who deals with employers|
business card	n|a card on which are printed the person's name and business affiliation|
business college	n|a school for teaching the clerical aspects of business and commerce|
business community	n|the body of individuals who manage businesses|
business concern	n|a commercial or industrial enterprise and the people who constitute it|he bought his brother's business
business cycle	n|recurring fluctuations in economic activity consisting of recession and recovery and growth and decline|
business data processing	n|data processing in accounting or business management|
business deal	n|a particular instance of buying or selling|it was a package deal
business deduction	n|tax write-off for expenses of doing business|
business department	n|a division of a business firm|
business district	n|the central area or commercial center of a town or city|the heart of Birmingham's downtown
business editor	n|the newspaper editor responsible for business news|
business enterprise	n|the activity of providing goods and services involving financial and commercial and industrial aspects|computers are now widely used in business
business establishment	n|an establishment (a factory or an assembly plant or retail store or warehouse etc.) where business is conducted, goods are made or stored or processed or where services are rendered|
business executive	n|an executive in a business corporation|
business expense	n|ordinary and necessary expenses incurred in a taxpayer's business or trade|
business firm	n|the members of a business organization that owns or operates one or more establishments|he worked for a brokerage house
business index	n|a statistical compilation that provides a context for economic or financial conditions|this business index is computed relative to the base year of 2005
business interruption insurance	n|insurance that provides protection for the loss of profits and continuing fixed expenses resulting from a break in commercial activities due to the occurrence of a peril|
business leader	n|a very wealthy or powerful businessman|an oil baron
business letter	n|a letter dealing with business|
business life	n|a career in industrial or commercial or professional activities|
business line	n|a particular kind of product or merchandise|a nice line of shoes
business loan	n|a bank loan granted for the use of a business|
business lunch	n|lunch (usually at a restaurant) where business is discussed and the cost is charged as a business expense|
business news	n|news about businesses and investments|
business office	n|place of business where professional or clerical duties are performed|he rented an office in the new building
business organisation	n|a commercial or industrial enterprise and the people who constitute it|he bought his brother's business
business organization	n|a commercial or industrial enterprise and the people who constitute it|he bought his brother's business
business people	n|people who transact business (especially business executives)|
business relation	n|a relation between different business enterprises|
business relationship	n|a formal contractual relationship established to provide for regular banking or brokerage or business services|he asked to see the executive who handled his account
business school	n|a graduate school offering study leading to a degree of Master in Business Administration|
business sector	n|business concerns collectively|Government and business could not agree
business suit	n|a suit of clothes traditionally worn by businessmen|
business traveler	n|a traveler whose expenses are paid by the business he works for|
businesslike	adj|exhibiting methodical and systematic characteristics that would be useful in business|	adj|not distracted by anything unrelated to the goal|
businessman	n|a person engaged in commercial or industrial business (especially an owner or executive)|
businessmen	n|the body of individuals who manage businesses|
businesspeople	n|people who transact business (especially business executives)|
businessperson	n|a capitalist who engages in industrial commercial enterprise|
businesswoman	n|a female businessperson|
busk	v|play music in a public place and solicit money for it|three young men were busking in the plaza
busker	n|a person who entertains people for money in public places (as by singing or dancing), usually while asking for money|
buskin	n|a boot reaching halfway up to the knee|
busload	n|the quantity of cargo or the number of passengers that a bus can carry|
busman	n|someone who drives a bus|
busman's holiday	n|a holiday where you do the same things you do at work|
buspar	n|a drug (trade name BuSpar) designed specifically for anxiety|
buspirone	n|a drug (trade name BuSpar) designed specifically for anxiety|
buss	n|the act of caressing with the lips (or an instance thereof)|	v|touch with the lips or press the lips (against someone's mouth or other body part) as an expression of love, greeting, etc.|The newly married couple kissed
bust	v|ruin completely|He busted my radio!	v|search without warning, make a sudden surprise attack on|The police raided the crack house	v|separate or cause to separate abruptly|The rope snapped	v|go to pieces|The lawn mower finally broke
bust up	v|smash or break forcefully|The kid busted up the car
bust-up	n|a serious quarrel (especially one that ends a friendship)|
bust-up takeover	n|a leveraged buyout in which the target company's assets are sold to repay the loan that financed the takeover|
bustard	n|large heavy-bodied chiefly terrestrial game bird capable of powerful swift flight; classified with wading birds but frequents grassy steppes|
bustard quail	n|small quail-like terrestrial bird of southern Eurasia and northern Africa that lacks a hind toe; classified with wading birds but inhabits grassy plains|
busted	adj|out of working order (`busted' is an informal substitute for `broken')|a broken washing machine
buster	n|an informal form of address for a man|Say, fellow, what are you doing?	n|a robust child|	n|a person who breaks horses|	n|a person (or thing) that breaks up or overpowers something|dam buster
bustier	n|a close-fitting and strapless top without sleeves that is worn by women either as lingerie or for evening dress|
bustle	n|a rapid active commotion|	n|a framework worn at the back below the waist for giving fullness to a woman's skirt|	v|move or cause to move energetically or busily|The cheerleaders bustled about excitingly before their performance
bustle about	v|move or cause to move energetically or busily|The cheerleaders bustled about excitingly before their performance
bustling	adj|full of energetic and noisy activity|a bustling city
busty	adj|(of a woman's body) having a large bosom and pleasing curves|Hollywood seems full of curvaceous blondes
busy	adj|actively or fully engaged or occupied|busy with her work	adj|overcrowded or cluttered with detail|a busy painting	adj|intrusive in a meddling or offensive manner|an interfering old woman	adj|crowded with or characterized by much activity|a very busy week
busy bee	n|an alert and energetic person|
busybodied	adj|intrusive in a meddling or offensive manner|an interfering old woman
busybody	n|a person who meddles in the affairs of others|
busyness	n|the state of being or appearing to be actively engaged in an activity|they manifested all the busyness of a pack of beavers
busywork	n|active work of little value|while he was waiting he filled the days with busywork
but	adv|and nothing more|I was merely asking
butacaine	n|a white crystalline ester that is applied to mucous membranes as a local anesthetic|
butacaine sulfate	n|a white crystalline ester that is applied to mucous membranes as a local anesthetic|
butadiene	n|a gaseous hydrocarbon C4H6; used in making synthetic rubbers|
butane	n|occurs in natural gas; used in the manufacture of rubber and fuels|
butanoic acid	n|an unpleasant smelling fatty acid found especially in butter|
butanol	n|a flammable alcohol derived from butanes and used for solvents|
butanone	n|colorless soluble flammable liquid ketone used as a solvent for resins and as a paint remover and in lacquers and cements and adhesives and cleaning fluids and celluloid|
butat	n|100 bututs equal 1 dalasi in Gambia|
butazolidin	n|anti-inflammatory drug (trade name Butazolidin)|
butch	adj|used of men; markedly masculine in appearance or manner|	adj|(of male or female homosexuals) characterized by stereotypically male traits or appearance|	n|(slang) offensive term for a lesbian who is noticeably masculine|	n|a closely cropped haircut; usually for men or boys|
butcher	v|kill (animals) usually for food consumption|They slaughtered their only goat to survive the winter	n|a retailer of meat|	n|a brutal indiscriminate murderer|	n|a person who slaughters or dresses meat for market|
butcher block	n|a thick wooden slab formed by bonding together thick laminated strips of unpainted hardwood|
butcher board	n|a thick wooden slab formed by bonding together thick laminated strips of unpainted hardwood|
butcher cumberland	n|English general; son of George II; fought unsuccessfully in the battle of Fontenoy (1721-1765)|
butcher knife	n|a large sharp knife for cutting or trimming meat|
butcher paper	n|a strong wrapping paper that resists penetration by blood or meat fluids|
butcher shop	n|a shop in which meat and poultry (and sometimes fish) are sold|
butcher's broom	n|shrub with stiff flattened stems resembling leaves (cladophylls); used for making brooms|
butcherbird	n|shrikes that impale their prey on thorns|	n|large carnivorous Australian bird with the shrike-like habit of impaling prey on thorns|
butchering	n|the business of a butcher|
butcherly	adj|poorly done|a botchy piece of work	adj|accompanied by bloodshed|this bitter and sanguinary war
butchery	n|a building where animals are butchered|	n|the business of a butcher|	n|the savage and excessive killing of many people|
butea	n|genus of East Indian trees or shrubs: dhak|
butea frondosa	n|East Indian tree bearing a profusion of intense vermilion velvet-textured blooms and yielding a yellow dye|
butea gum	n|dried juice of the dhak tree; used as an astringent|
butea kino	n|dried juice of the dhak tree; used as an astringent|
butea monosperma	n|East Indian tree bearing a profusion of intense vermilion velvet-textured blooms and yielding a yellow dye|
butene	n|any of three isomeric hydrocarbons C4H8; all used in making synthetic rubbers|
buteo	n|broad-winged soaring hawks|
buteo buteo	n|the common European short-winged hawk|
buteo lagopus	n|large hawk of the northern hemisphere that feeds chiefly on small rodents and is beneficial to farmers|
buteonine	adj|relating to or resembling a hawk of the genus Buteo|	n|any hawk of the genus Buteo|
butler	n|a manservant (usually the head servant of a household) who has charge of wines and the table|	n|English novelist who described a fictitious land he called Erewhon (1835-1902)|	n|English poet (1612-1680)|
butt	v|to strike, thrust or shove against|He butted his sister out of the way	v|place end to end without overlapping|The frames must be butted at the joints	n|thick end of the handle|	n|the part of a plant from which the roots spring or the part of a stalk or trunk nearest the roots|
butt against	v|collide violently with an obstacle|I ran into the telephone pole
butt end	n|thick end of the handle|
butt hinge	n|a hinge mortised flush into the edge of the door and jamb|
butt in	v|break into a conversation|her husband always chimes in, even when he is not involved in the conversation
butt joint	n|a joint made by fastening ends together without overlapping|
butt pack	n|a waist pack worn with the pouch in back|
butt shaft	n|a blunt arrow without a barb; an arrow used for target practice|
butt weld	n|a butt joint that is welded|
butt welding	n|creating a butt joint by welding|
butt-weld	n|a butt joint that is welded|	v|join by a butt weld|
butt-welding	n|creating a butt joint by welding|
butte	n|a hill that rises abruptly from the surrounding region; has a flat top and sloping sides|	n|a town in southwestern Montana; center for mining copper|
butter	n|an edible emulsion of fat globules made by churning milk or cream; for cooking and table use|	n|a fighter who strikes the opponent with his head|	v|spread butter on|butter bread
butter bean	n|small flat green bean similar to lima beans|
butter churn	n|a vessel in which cream is agitated to separate butterfat from buttermilk|
butter cookie	n|cookie containing much butter|
butter dish	n|a small dish (often with a cover) for holding butter at the table|
butter knife	n|a small knife with a dull blade; for cutting or spreading butter|
butter up	v|flatter with the intention of getting something|
butter-and-eggs	n|common European perennial having showy yellow and orange flowers; a naturalized weed in North America|
butter-flower	n|any of various plants of the genus Ranunculus|
butterball	n|a rotund individual|
butterbean	n|small flat green bean similar to lima beans|
butterbur	n|small Eurasian herb having broad leaves and lilac-pink rayless flowers; found in moist areas|
buttercrunch	n|lettuce with delicate and relatively crunchy leaves|
buttercup	n|any of various plants of the genus Ranunculus|
buttercup family	n|a family of Ranunculaceae|
buttercup squash	n|plant bearing somewhat drum-shaped fruit having dark green rind with greyish markings|	n|drum-shaped squash with dark green rind marked in silver or grey|
butterfat	n|the fatty substance of milk from which butter is made|
butterfield	n|English architect who designed many churches (1814-1900)|
butterfingered	adj|lacking physical movement skills, especially with the hands|a bumbling mechanic
butterfingers	n|someone who drops things (especially one who cannot catch a ball)|
butterfish	n|any of numerous small flat Atlantic food fish having smooth skin|	n|small marine fish with a short compressed body and feeble spines|	n|slippery scaleless food fish of the northern Atlantic coastal waters|
butterflower	n|any of various plants of the genus Ranunculus|
butterfly	n|diurnal insect typically having a slender body with knobbed antennae and broad colorful wings|	n|a swimming stroke in which the arms are thrown forward together out of the water while the feet kick up and down|	v|flutter like a butterfly|	v|cut and spread open, as in preparation for cooking|butterflied shrimp
butterfly bush	n|tropical shrub having clusters of white or violet or yellow flowers|
butterfly collector	n|an entomologist who specializes in the collection and study of butterflies and moths|
butterfly effect	n|the phenomenon whereby a small change at one place in a complex system can have large effects elsewhere, e.g., a butterfly flapping its wings in Rio de Janeiro might change the weather in Chicago|
butterfly fish	n|small usually brilliantly colored tropical marine fishes having narrow deep bodies with large broad fins; found worldwide|
butterfly flower	n|any plant of the genus Schizanthus having finely divided leaves and showy variegated flowers|	n|shrub or small tree of Dutch Guiana having clusters of pink flowers streaked with purple|
butterfly nut	n|a threaded nut with winglike projections for thumb and forefinger leverage in turning|
butterfly orchid	n|any orchid of the genus Psychopsis: spectacular large tiger-striped orchids|	n|any orchid of the genus Oncidium: characterized by slender branching sprays of small yellow and brown flowers; often grown as houseplants|	n|Mexican epiphytic orchid having pale green or yellow-green flowers with white purple-veined lip|	n|orchid of Florida and the Bahamas having showy brightly colored flowers; sometimes placed in genus Epidendrum|
butterfly orchis	n|Mexican epiphytic orchid having pale green or yellow-green flowers with white purple-veined lip|	n|Mediterranean orchid having usually purple flowers with a fan-shaped spotted or striped rose-red lip|
butterfly pea	n|vine of tropical Asia having pinnate leaves and bright blue flowers with yellow centers|	n|large-flowered weakly twining or prostrate vine of New Jersey to tropical eastern North America, sometimes cultivated for its purple and white flowers|
butterfly plant	n|orchid having large elliptic to obovate fleshy leaves and fragrant pink-and-white flowers dotted with red|	n|any orchid of the genus Oncidium: characterized by slender branching sprays of small yellow and brown flowers; often grown as houseplants|
butterfly ray	n|a stingray with a short tail and a broad fin|
butterfly stroke	n|a swimming stroke in which the arms are thrown forward together out of the water while the feet kick up and down|
butterfly valve	n|a valve in a carburetor that consists of a disc that turns and acts as a throttle|
butterfly-shaped	adj|shaped like a butterfly|
butterflyfish	n|tropical fish with huge fanlike pectoral fins for underwater gliding; unrelated to searobins|
butterhead lettuce	n|lettuce with relatively soft leaves in a loose head; easily broken or bruised|
buttermilk	n|residue from making butter from sour raw milk; or pasteurized milk curdled by adding a culture|
buttermilk biscuit	n|very tender biscuit partially leavened with buttermilk and soda|
buttermilk pancake	n|a pancake made with buttermilk|
butternut squash	n|plant bearing buff-colored squash having somewhat bottle-shaped fruit with fine-textured edible flesh and a smooth thin rind|	n|buff-colored squash with a long usually straight neck and sweet orange flesh|
butterscotch	n|a hard brittle candy made with butter and brown sugar|
butterweed	n|any of several yellow-flowered plants of the genus Packera; often placed in genus Senecio|
butterwort	n|any of numerous carnivorous bog plants of the genus Pinguicula having showy purple or yellow or white flowers and a rosette of basal leaves coated with a sticky secretion to trap small insects|
buttery	adj|unpleasantly and excessively suave or ingratiating in manner or speech|buttery praise	adj|resembling or containing or spread with butter|a rich buttery cake	n|a small storeroom for storing foods or wines|	n|a teashop where students in British universities can purchase light meals|
buttinsky	n|a meddler who tends to butt in|
buttock	n|either of the two large fleshy masses of muscular tissue that form the human rump|
buttocks	n|the fleshy part of the human body that you sit on|he deserves a good kick in the butt
button	n|a round fastener sewn to shirts and coats etc to fit through buttonholes|	n|an electrical switch operated by pressing|the elevator was operated by push buttons	n|any of various plant parts that resemble buttons|	n|a round flat badge displaying information and suitable for pinning onto a garment|they passed out campaign buttons for their candidate
button accordion	n|an accordion with buttons rather than keys|
button fern	n|fern of New Zealand and Australia having trailing fronds with dark green buttonlike leaflets|	n|Jamaican fern having round buttonlike bulbils|
button hole	n|a hole through which buttons are pushed|
button mangrove	n|evergreen tree or shrub with fruit resembling buttons and yielding heavy hard compact wood|
button pink	n|much-branched pink with flowers in clusters; closely related to sweet William|
button quail	n|small quail-like terrestrial bird of southern Eurasia and northern Africa that lacks a hind toe; classified with wading birds but inhabits grassy plains|
button tree	n|evergreen tree or shrub with fruit resembling buttons and yielding heavy hard compact wood|
button up	v|refuse to talk or stop talking; fall silent|The children shut up when their father approached
button-down	adj|unimaginatively conventional|a colorful character in the buttoned-down, dull-grey world of business"- Newsweek	adj|of a shirt; having the ends of the collar fastened down by buttons|Brooks Brothers button-down shirts
button-quail	n|small quail-like terrestrial bird of southern Eurasia and northern Africa that lacks a hind toe; classified with wading birds but inhabits grassy plains|
button-shaped	adj|shaped like a button|button-shaped white flowers
buttoned	adj|furnished or closed with buttons or something buttonlike|
buttoned-down	adj|unimaginatively conventional|a colorful character in the buttoned-down, dull-grey world of business"- Newsweek
buttoned-up	adj|(British colloquial) not inclined to conversation|	adj|conservative in professional manner|employers are looking for buttoned-up types
buttonhole	n|a hole through which buttons are pushed|	v|detain in conversation by or as if by holding on to the outer garments of; as for political or economic favors|
buttonhole stitch	n|a reinforcing looped stitch for edges, as around a buttonhole|
buttonhook	n|a hook for pulling a button through a buttonhole|
buttonlike	adj|small and round and shiny like a shiny bead or button|bright beady eyes
buttonwood	n|very large spreading plane tree of eastern and central North America to Mexico|
buttony	adj|small and round and shiny like a shiny bead or button|bright beady eyes	adj|ornamented with many buttons|
buttress	n|a support usually of stone or brick; supports the wall of a building|	v|reinforce with a buttress|Buttress the church	v|make stronger or defensible|buttress your thesis
buttressed	adj|held up by braces or buttresses|
buttressing	n|a support usually of stone or brick; supports the wall of a building|
buttweld	v|join by a butt weld|
butty	n|a sandwich|a bacon butty
butut	n|100 bututs equal 1 dalasi in Gambia|
butyl	n|a hydrocarbon radical (C4H9)|
butyl alcohol	n|a flammable alcohol derived from butanes and used for solvents|
butyl nitrite	n|a colorless pungent liquid sometimes used as a stimulant drug by drug abusers|
butyl rubber	n|synthetic rubber made by polymerizing isobutylene|
butylate	v|introduce the butyl group into a chemical compound|
butylene	n|any of three isomeric hydrocarbons C4H8; all used in making synthetic rubbers|
butyraceous	adj|having the qualities of butter or yielding or containing a substance like butter|
butyric	adj|relating to or producing butyric acid|
butyric acid	n|an unpleasant smelling fatty acid found especially in butter|
butyrin	n|any of three glycerides of butyric acid|
buxaceae	n|widely distributed evergreen shrubs and trees|
buxom	adj|(of a woman's body) having a large bosom and pleasing curves|Hollywood seems full of curvaceous blondes	adj|(of a female body) healthily plump and vigorous|a generation ago...buxom actresses were popular"- Robt.A.Hamilton
buxomly	adv|in a curvaceous way|his date was curvaceously beguiling
buxomness	n|the bodily property of being attractively plump and vigorous and (of women) full-bosomed|
buxus	n|type genus of the Buxaceae|
buxus sempervirens	n|large slow-growing evergreen shrub or small tree with multiple stems; extensively used for hedges or borders and topiary figures|
buy	v|obtain by purchase; acquire by means of a financial transaction|The family purchased a new car	v|make illegal payments to in exchange for favors or influence|This judge can be bought	v|be worth or be capable of buying|This sum will buy you a ride on the train	v|acquire by trade or sacrifice or exchange|She wanted to buy his love with her dedication to him and his work
buy at	v|do one's shopping at; do business with; be a customer or client of|
buy back	v|buy what had previously been sold, lost, or given away|He bought back the house that his father sold years ago
buy food	v|purchase prepared food to be eaten at home|
buy in	v|amass so as to keep for future use or sale or for a particular occasion or use|let's stock coffee as long as prices are low
buy into	v|buy stocks or shares of a company|
buy it	v|be killed or die|
buy off	v|pay someone with influence in order to receive a favor|
buy out	v|take over ownership of; of corporations and companies|
buy the farm	v|pass from physical life and lose all bodily attributes and functions necessary to sustain life|She died from cancer
buy time	v|act so as to delay an event or action in order to gain an advantage|
buy up	v|take over ownership of; of corporations and companies|
buy-and-bust operation	n|an undercover operation by narcotics detectives to catch unsuspecting drug dealers|
buyback	n|the act of purchasing back something previously sold|
buyer	n|a person who buys|
buyer's market	n|a market in which more people want to sell than want to buy|
buyers' market	n|a market in which more people want to sell than want to buy|
buyi	n|a branch of the Tai languages|
buying	n|the act of buying|buying and selling fill their days
buyout	n|acquisition of a company by purchasing a controlling percentage of its stock|
buyout bid	n|a bid to buy all of a person's holdings|
buzz	v|make a buzzing sound|bees were buzzing around the hive	v|fly low|Planes buzzed the crowds in the square	v|be noisy with activity|This office is buzzing with activity	v|call with a buzzer|he buzzed the servant
buzz bomb	n|a small jet-propelled winged missile that carries a bomb|
buzz off	v|leave immediately; used usually in the imperative form|Scram!
buzz saw	n|a power saw that has a steel disk with cutting teeth on the periphery; rotates on a spindle|
buzzard	n|the common European short-winged hawk|
buzzards bay	n|an inlet of the Atlantic Ocean in southeastern Massachusetts|
buzzer	n|a push button at an outer door that gives a ringing or buzzing signal when pushed|	n|a signaling device that makes a buzzing sound|
buzzing	adj|noisy like the sound of a bee|the room was abuzz over the latest scandal
buzzword	n|stock phrases that have become nonsense through endless repetition|
bvd	n|trademark for men's underwear|
bvd's	n|trademark for men's underwear|
bw	n|the use of bacteria or viruses or toxins to destroy men and animals or food|
bw defence	n|defense against biological warfare|
bw defense	n|defense against biological warfare|
bwr	n|a nuclear reactor that uses water as a coolant and moderator; the water boils in the reactor core and the steam produced can drive a steam turbine|
by	adv|so as to pass a given point|every hour a train goes past	adv|in reserve; not for immediate use|started setting aside money to buy a car
by a long shot	adv|by a great deal|he is the best by a long shot
by all means	adv|definitely or certainly|Visit us by all means
by all odds	adv|without question and beyond doubt|it was decidedly too expensive
by and by	adv|at some eventual time in the future|By and by he'll understand
by and large	adv|usually; as a rule|by and large it doesn't rain much here
by artificial means	adv|not according to nature; not by natural means|artificially induced conditions
by chance	adv|through chance|To sleep, perchance to dream...	adv|by accident|betrayed by a word haply overheard	adv|without advance planning|they met accidentally
by choice	adv|with intention; in an intentional manner|he used that word intentionally
by design	adv|with intention; in an intentional manner|he used that word intentionally
by experimentation	adv|in an experimental fashion|this can be experimentally determined
by far	adv|by a considerable margin|she was by far the smartest student
by fits and starts	adv|intermittently|he worked on his book by fits and starts
by hand	adv|without the use of a machine|this dress is sewn by hand
by heart	adv|by committing to memory|she knew the poem by heart
by hook or by crook	adv|in any way necessary; by any possible means|I'll pass this course by hook or by crook
by inches	adv|by a short distance|they moved it by inches
by luck	adv|by accident|betrayed by a word haply overheard
by machine	adv|with the use of a machine|the shirt is sewn by machine
by memory	adv|by committing to memory|she knew the poem by heart
by nature	adv|through inherent nature|he was naturally lazy
by no means	adv|definitely not|the prize is by no means certain
by right of office	adv|by virtue of position|the president sat on the committee ex officio
by rights	adv|with reason or justice|
by small degrees	adv|by a short distance|they moved it by inches
by the bye	adv|introducing a different topic|incidentally, I won't go to the party
by the day	adv|one every day|we'll save 100 man-hours per diem
by the piece	adv|one piece at a time|she sold the plates by the piece
by the way	adv|introducing a different topic|incidentally, I won't go to the party
by trial and error	adv|in an empirical manner|this can be empirically tested
by word of mouth	adv|orally|I heard it viva voce	adv|by spoken rather than written means|these stories were transmitted by word of mouth
by-and-by	n|an indefinite time in the future|he'll get around to it in the sweet by-and-by
by-bid	v|bid on behalf of someone else|
by-blow	n|the illegitimate offspring of unmarried parents|
by-catch	n|unwanted marine creatures that are caught in the nets while fishing for another species|thousands of dolphins and porpoises and whales are killed as part of the by-catch each year
by-election	n|a special election between regular elections|
by-line	n|a line giving the name of the writer of a story or article|	n|an auxiliary activity|
by-product	n|a secondary and sometimes unexpected consequence|	n|a product made during the manufacture of something else|
byblos	n|an ancient Mediterranean seaport that was a thriving city state in Phoenicia during the second millennium BC; was the chief port for the export of papyrus; located in Lebanon to the north of Beirut; now partially excavated|
bycatch	n|unwanted marine creatures that are caught in the nets while fishing for another species|thousands of dolphins and porpoises and whales are killed as part of the by-catch each year
bydgoszcz	n|an industrial city and river port in northern Poland|
bye	n|an automatic advance to the next round in a tournament without playing an opponent|he had a bye in the first round	n|a farewell remark|they said their good-byes
bye-bye	n|a farewell remark|they said their good-byes
bye-election	n|a special election between regular elections|
byelarus	n|a landlocked republic in eastern Europe; formerly a European soviet|
byelorussia	n|a landlocked republic in eastern Europe; formerly a European soviet|
byelorussian	n|a native or inhabitant of Byelorussia|	n|the Slavic language spoken in Belarus|
bygone	adj|well in the past; former|bygone days	n|past events to be put aside|let bygones be bygones
bylaw	n|a rule adopted by an organization in order to regulate its own affairs and the behavior of its members|
byname	n|a familiar name for a person (often a shortened version of a person's given name)|Joe's mother would not use his nickname and always called him Joseph
bypass	n|a highway that encircles an urban area so that traffic does not have to pass through the center|	n|a surgically created shunt (usually around a damaged part)|	n|a conductor having low resistance in parallel with another device to divert a fraction of the current|	v|avoid something unpleasant or laborious|You cannot bypass these rules!
bypass capacitor	n|a capacitor that provides low impedance over certain (high) frequencies|
bypass condenser	n|a capacitor that provides low impedance over certain (high) frequencies|
bypast	adj|well in the past; former|bygone days
bypath	n|a side road little traveled (as in the countryside)|
byplay	n|incidental activity performed by an actor for dramatic effect|his business with the cane was hilarious
byproduct	n|a secondary and sometimes unexpected consequence|	n|a product made during the manufacture of something else|
byrd	n|English organist and composer of church music; master of 16th century polyphony; was granted a monopoly in music printing with Thomas Tallis (1543-1623)|
byre	n|a barn for cows|
byrnie	n|a long (usually sleeveless) tunic of chain mail formerly worn as defensive armor|
byroad	n|a side road little traveled (as in the countryside)|
byron	n|English romantic poet notorious for his rebellious and unconventional lifestyle (1788-1824)|
byssus	n|tuft of strong filaments by which e.g. a mussel makes itself fast to a fixed surface|
bystander	n|a nonparticipant spectator|
byte	n|a sequence of 8 bits (enough to represent one character of alphanumeric data) processed as a single unit of information|
byway	n|a side road little traveled (as in the countryside)|
byword	n|a condensed but memorable saying embodying some important fact of experience that is taken as true by many people|
byzant	n|a gold coin of the Byzantine Empire; widely circulated in Europe in the Middle Ages|
byzantine	adj|of or relating to the Eastern Orthodox Church or the rites performed in it|Byzantine monks	adj|of or relating to or characteristic of the Byzantine Empire or the ancient city of Byzantium|	adj|highly complex or intricate and occasionally devious|the Byzantine tax structure	n|a native or inhabitant of Byzantium or of the Byzantine Empire|
byzantine architecture	n|the style of architecture developed in the Byzantine Empire developed after the 5th century; massive domes with square bases and round arches and spires and much use of mosaics|
byzantine church	n|the Catholic Church as it existed in the Byzantine Empire|
byzantine empire	n|a continuation of the Roman Empire in the Middle East after its division in 395|
byzantine greek	n|the Greek language from about 600 to 1200 AD|
byzantinism	n|the doctrine that the state is supreme over the church in ecclesiastical matters|
byzantium	n|an ancient city on the Bosporus founded by the Greeks; site of modern Istanbul; in 330 Constantine I rebuilt the city and called it Constantinople and made it his capital|	n|a continuation of the Roman Empire in the Middle East after its division in 395|
