d	adj|denoting a quantity consisting of 500 items or units|	n|a fat-soluble vitamin that prevents rickets|	n|the cardinal number that is the product of one hundred and five|	n|the 4th letter of the Roman alphabet|
d and c	n|a surgical procedure usually performed under local anesthesia in which the cervix is dilated and the endometrial lining of the uterus is scraped with a curet; performed to obtain tissue samples or to stop prolonged bleeding or to remove small tumors or to remove fragments of placenta after childbirth or as a method of abortion|
d region	n|the lowest region of the ionosphere (35 to 50 miles up) that reflects low-frequency radio waves|
d'holbach	n|French philosopher (born in Germany) famous as being one of the first self-described atheists in Europe|
d'oyly carte	n|English impresario who brought Gilbert and Sullivan together and produced many of their operettas in London (1844-1901)|
d-day	n|date of the Allied landing in France, World War II|
d-layer	n|the lowest region of the ionosphere (35 to 50 miles up) that reflects low-frequency radio waves|
d. h. lawrence	n|English novelist and poet and essayist whose work condemned industrial society and explored sexual relationships (1885-1930)|
d.a.	n|a doctor's degree with a special disciplinary focus|
d.j.	n|a person who announces and plays popular recorded music|
d.o.a.	adj|abbreviation for `dead on arrival' at the emergency room|
d.p.r.k.	n|a communist country in the northern half of the Korean Peninsula; established in 1948|
da	n|an official prosecutor for a judicial district|
da gamma	n|Portuguese navigator who led an expedition around the Cape of Good Hope in 1497; he sighted and named Natal on Christmas Day before crossing the Indian Ocean (1469-1524)|
da vinci	n|Italian painter and sculptor and engineer and scientist and architect; the most versatile genius of the Italian Renaissance (1452-1519)|
da'wah	n|missionary work for Islam|
dab	v|apply (usually a liquid) to a surface|dab the wall with paint	v|hit lightly|pat him on the shoulder	n|a light touch or stroke|	n|a small quantity of something moist or liquid|a dab of paint
daba	n|a Chadic language spoken south of Lake Chad|
dabble	v|dip a foot or hand briefly into a liquid|	v|play in or as if in water, as of small children|	v|work with in an amateurish manner|She dabbles in astronomy	v|bob forward and under so as to feed off the bottom of a body of water|dabbling ducks
dabbled	adj|covered with bright patches (often used in combination)|waves dabbled with moonlight
dabbler	n|an amateur who engages in an activity without serious intentions and who pretends to have knowledge|	n|any of numerous shallow-water ducks that feed by upending and dabbling|
dabbling duck	n|any of numerous shallow-water ducks that feed by upending and dabbling|
dabchick	n|small European grebe|
daboecia	n|a dicotyledonous genus of the family Ericaceae|
daboecia cantabrica	n|low straggling evergreen shrub of western Europe represented by several varieties with flowers from white to rose-purple|
dacca	n|the capital and largest city of Bangladesh|
dace	n|small European freshwater fish with a slender bluish-green body|
dacelo	n|Australasian kingfishers|
dacelo gigas	n|Australian kingfisher having a loud cackling cry|
dacha	n|Russian country house|
dachau	n|a concentration camp for Jews created by the Nazis near Munich in southern Germany|
dachshund	n|small long-bodied short-legged German breed of dog having a short sleek coat and long drooping ears; suited for following game into burrows|
dachsie	n|small long-bodied short-legged German breed of dog having a short sleek coat and long drooping ears; suited for following game into burrows|
dacite	n|a grey volcanic rock containing plagioclase and quartz and other crystalline minerals|
dacitic	adj|relating to or consisting of dacite|dacitic magma is highly viscous
dacninae	n|the honeycreepers|
dacoit	n|a member of an armed gang of robbers|
dacoity	n|robbery by a gang of armed dacoits|
dacridium laxifolius	n|low-growing to prostrate shrub with slender trailing branches; New Zealand|
dacron	n|a kind of polyester fabric|
dacrycarpus	n|evergreen coniferous shrubs or trees of New Zealand to Malaysia and Philippines|
dacrycarpus dacrydioides	n|New Zealand evergreen valued for its light easily worked wood|
dacrydium	n|Australasian evergreen trees or shrubs|
dacrydium bidwilli	n|New Zealand shrub|
dacrydium colensoi	n|New Zealand silver pine of conical habit with long slender flexuous branches; adapted to cold wet summers and high altitudes|
dacrydium cupressinum	n|tall New Zealand timber tree|
dacrydium franklinii	n|Tasmanian timber tree with yellow aromatic wavy-grained wood used for carving and ship building; sometimes placed in genus Dacrydium|
dacrymyces	n|type genus of the Dacrymycetaceae: fungi with a bifurcate basidium that lacks septa|
dacrymycetaceae	n|a family of basidiomycetous fungi belonging to the order Tremellales having a bifurcate basidium that lacks septa|
dacryocyst	n|either of the two dilated ends of the lacrimal ducts at the nasal ends of the eyes that fill with tears secreted by the lacrimal glands|
dacryocystitis	n|inflammation of the lacrimal sac causing obstruction of the tube draining tears into the nose|
dacryon	n|the craniometric point at the junction of the anterior border of the lacrimal bone with the frontal bone|
dactyl	n|a metrical unit with stressed-unstressed-unstressed syllables|	n|a finger or toe in human beings or corresponding body part in other vertebrates|
dactylic	adj|of or consisting of dactyls|dactylic meter
dactylis	n|a monocotyledonous grass of the family Gramineae (has only one species)|
dactylis glomerata	n|widely grown stout Old World hay and pasture grass|
dactyloctenium	n|a monocotyledonous genus of the family Gramineae|
dactyloctenium aegypticum	n|a creeping grass with spikes like fingers|
dactylomegaly	n|abnormally large fingers or toes|
dactylopiidae	n|cochineal insects|
dactylopius	n|type genus of the Dactylopiidae|
dactylopius coccus	n|Mexican red scale insect that feeds on cacti; the source of a red dye|
dactylopteridae	n|flying gurnards|
dactylopterus	n|a genus of Dactylopteridae|
dactylorhiza	n|genus of terrestrial orchids of Europe and Asia and North Africa|
dactylorhiza fuchsii	n|European orchid having lanceolate leaves spotted purple and pink to white or mauve flowers spotted or lined deep red or purple|
dactylorhiza maculata fuchsii	n|European orchid having lanceolate leaves spotted purple and pink to white or mauve flowers spotted or lined deep red or purple|
dactyloscopidae	n|sand stargazers|
dad	n|an informal term for a father; probably derived from baby talk|
dada	n|an informal term for a father; probably derived from baby talk|	n|a nihilistic art movement (especially in painting) that flourished in Europe early in the 20th century; based on irrationality and negation of the accepted laws of beauty|
dadaism	n|a nihilistic art movement (especially in painting) that flourished in Europe early in the 20th century; based on irrationality and negation of the accepted laws of beauty|
daddy	n|an informal term for a father; probably derived from baby talk|
daddy longlegs	n|long-legged slender flies that resemble large mosquitoes but do not bite|	n|spiderlike arachnid with a small rounded body and very long thin legs|
dado	n|panel forming the lower part of an interior wall when it is finished differently from the rest of the wall|	n|the section of a pedestal between the base and the surbase|	n|a rectangular groove cut into a board so that another piece can fit into it|	v|provide with a dado|The owners wanted to dado their dining room
dado plane	n|a plane for making a dado groove|
dae-han-min-gook	n|an Asian peninsula (off Manchuria) separating the Yellow Sea and the Sea of Japan; the Korean name is Dae-Han-Min-Gook or Han-Gook|
daedal	adj|complex and ingenious in design or function|the daedal hand of nature	n|(Greek mythology) an Athenian inventor who built the labyrinth of Minos; to escape the labyrinth he fashioned wings for himself and his son Icarus|
daedalus	n|(Greek mythology) an Athenian inventor who built the labyrinth of Minos; to escape the labyrinth he fashioned wings for himself and his son Icarus|
daemon	n|an evil supernatural being|	n|a person who is part mortal and part god|
daffo	n|a Chadic language spoken in northern Nigeria|
daffodil	n|any of numerous varieties of Narcissus plants having showy often yellow flowers with a trumpet-shaped central crown|
daffodil garlic	n|European onion with white flowers|
dafla	n|little known Kamarupan languages|
daft	adj|informal or slang terms for mentally irregular|it used to drive my husband balmy
daftly	adv|in a mildly insane manner|the old lady is beginning to behave quite dottily
daftness	n|informal terms for insanity|
dag	n|10 grams|	n|a flap along the edge of a garment; used in medieval clothing|
dag hammarskjold	n|Swedish diplomat who greatly extended the influence of the United Nations in peacekeeping matters (1905-1961)|
dag hjalmar agne carl hammarskjold	n|Swedish diplomat who greatly extended the influence of the United Nations in peacekeeping matters (1905-1961)|
dagame	n|source of a tough elastic wood|
dagan	n|god of agriculture and earth; counterpart of Phoenician Dagon|
dagda	n|chief Celtic god of the Tuatha De Danann; father of Angus Og and Brigit|
dagestani	n|an ethnic minority living on the Caspian Sea in southwestern Russia and Azerbaijan|
dagga	n|relatively nontoxic South African herb smoked like tobacco|
dagger	n|a short knife with a pointed blade used for piercing or stabbing|	n|a character used in printing to indicate a cross reference or footnote|
dagger-like	adj|resembling a dagger|
daggerboard	n|a removable centerboard on a small sailboat that can be lowered into the water to serve as a keel|
dago	n|(ethnic slur) offensive term for a person of Italian descent|
dagon	n|god of agriculture and the earth; national god of Philistines|
daguerre	n|French inventor of the first practical photographic process, the daguerreotype (1789-1851)|
daguerreotype	n|a photograph made by an early photographic process; the image was produced on a silver plate sensitized to iodine and developed in mercury vapor|
dah	n|the longer of the two telegraphic signals used in Morse code|
dahl	n|tropical woody herb with showy yellow flowers and flat pods; much cultivated in the tropics|	n|small highly nutritious seed of the tropical pigeon-pea plant|
dahlia	n|any of several plants of or developed from the species Dahlia pinnata having tuberous roots and showy rayed variously colored flower heads; native to the mountains of Mexico and Central America and Colombia|
dahlia pinnata	n|any of several plants of or developed from the species Dahlia pinnata having tuberous roots and showy rayed variously colored flower heads; native to the mountains of Mexico and Central America and Colombia|
dahna	n|a desert in southern Saudi Arabia|
dahomey	n|a country on western coast of Africa; formerly under French control|
daikon	n|radish of Japan with a long hard durable root eaten raw or cooked|
dail	n|the lower house of the parliament of the Irish Republic|
dail eireann	n|the lower house of the parliament of the Irish Republic|
daily	adv|every day; without missing a day|he stops by daily	adv|gradually and progressively|his health weakened day by day	adj|of or belonging to or occurring every day|daily routine	adj|appropriate for ordinary or routine occasions|casual clothes
daily dew	n|any of various bog plants of the genus Drosera having leaves covered with sticky hairs that trap and digest insects; cosmopolitan in distribution|
daily double	n|a single bet on two horse races in the same day|
daily round	n|the usual activities in your day|the doctor made his rounds
daily variation	n|fluctuations that occur between one day and the next|
daimler	n|German engineer and automobile manufacturer who produced the first high-speed internal combustion engine (1834-1900)|
daimon	n|an evil supernatural being|
daintily	adv|in a dainty and fastidious manner|she nibbled daintily at her cake	adv|in a delicate manner|the invitation cards were written up daintily in white and gold
daintiness	n|the quality of being beautiful and delicate in appearance|the daintiness of her touch
dainty	adj|delicately beautiful|a dainty teacup	adj|especially pleasing to the taste|a dainty dish to set before a kind	adj|excessively fastidious and easily disgusted|too nice about his food to take to camp cooking	n|something considered choice to eat|
daiquiri	n|a cocktail made with rum and lime or lemon juice|
dairen	n|a port and shipbuilding center in northeastern China on the Liaodong Peninsula; now a part of Luda|
dairy	n|a farm where dairy products are produced|
dairy cattle	n|cattle that are reared for their milk|
dairy cow	n|cattle that are reared for their milk|
dairy farm	n|a farm where dairy products are produced|
dairy farmer	n|the owner or manager of a dairy|
dairy farming	n|the business of a dairy|
dairy product	n|milk and butter and cheese|
dairying	n|the business of a dairy|
dairymaid	n|a woman who works in a dairy|
dairyman	n|the owner or manager of a dairy|	n|a man who works in a dairy|
dais	n|a platform raised above the surrounding level to give prominence to the person on it|
daishiki	n|a loose and brightly colored African shirt|
daisy	n|any of numerous composite plants having flower heads with well-developed ray flowers usually arranged in a single whorl|
daisy bush	n|any of various mostly Australian attractively shaped shrubs of the genus Olearia grown for their handsome and sometimes fragrant evergreen foliage and profusion of daisy flowers with white or purple or blue rays|
daisy chain	n|(figurative) a series of associated things or people or experiences|	n|flower chain consisting of a string of daisies linked by their stems; worn by students on class day at some schools|
daisy cutter	n|a bomb with only 10 to 20 per cent explosive and the remainder consisting of casings designed to break into many small high-velocity fragments; most effective against troops and vehicles|	n|a batted or served ball that skims along close to the ground|
daisy print wheel	n|a wheel around which is a set of print characters that make a typing impression on paper|
daisy wheel	n|a wheel around which is a set of print characters that make a typing impression on paper|
daisy-bush	n|any of various mostly Australian attractively shaped shrubs of the genus Olearia grown for their handsome and sometimes fragrant evergreen foliage and profusion of daisy flowers with white or purple or blue rays|
daisy-chain	v|connect devices on a part of a chip or circuit board in a computer|
daisy-leaved grape fern	n|of North America and Eurasia|
daisybush	n|any of various mostly Australian attractively shaped shrubs of the genus Olearia grown for their handsome and sometimes fragrant evergreen foliage and profusion of daisy flowers with white or purple or blue rays|
daisyleaf grape fern	n|of North America and Eurasia|
daisylike	adj|resembling a daisy|
daisywheel printer	n|a printer that uses a daisy print wheel|
dak	n|East Indian tree bearing a profusion of intense vermilion velvet-textured blooms and yielding a yellow dye|
dakar	n|the capital and chief port and largest city of Senegal|
dakoit	n|a member of an armed gang of robbers|
dakoity	n|robbery by a gang of armed dacoits|
dakota	n|a member of the Siouan people of the northern Mississippi valley; commonly called the Sioux|	n|the area of the states of North Dakota and South Dakota|	n|the Siouan language spoken by the Dakota|
dal	n|a metric unit of volume or capacity equal to 10 liters|
dalai lama	n|chief lama and once ruler of Tibet|
dalasi	n|the basic unit of money in Gambia|
dalbergia	n|large genus of tropical trees having pinnate leaves and paniculate flowers and cultivated commercially for their dramatically grained and colored timbers|
dalbergia cearensis	n|Brazilian tree yielding a handsome cabinet wood|
dalbergia latifolia	n|East Indian tree having a useful dark purple wood|
dalbergia nigra	n|an important Brazilian timber tree yielding a heavy hard dark-colored wood streaked with black|
dalbergia retusa	n|a valuable timber tree of tropical South America|
dalbergia sissoo	n|East Indian tree whose leaves are used for fodder; yields a compact dark brown durable timber used in shipbuilding and making railroad ties|
dale	n|an open river valley (in a hilly area)|
dalea	n|indigo bush|
dalesman	n|a person who lives in the dales of northern England|
daleth	n|the 4th letter of the Hebrew alphabet|
dali	n|surrealist Spanish painter (1904-1989)|
dalian	n|a port and shipbuilding center in northeastern China on the Liaodong Peninsula; now a part of Luda|
dall sheep	n|large white wild sheep of northwestern Canada and Alaska|
dall's sheep	n|large white wild sheep of northwestern Canada and Alaska|
dallas	n|a large commercial and industrial city in northeastern Texas located in the heart of the northern Texas oil fields|
dalliance	n|the deliberate act of delaying and playing instead of working|	n|playful behavior intended to arouse sexual interest|
dallier	n|someone who wastes time|
dally	v|behave carelessly or indifferently|Play about with a young girl's affection	v|waste time|Get busy--don't dally!	v|talk or behave amorously, without serious intentions|The guys always try to chat up the new secretaries	v|consider not very seriously|He is trifling with her
dalmane	n|tranquilizer (trade name Dalmane) used to treat insomnia|
dalmatia	n|a historical region of Croatia on the Adriatic Sea; mountainous with many islands|
dalmatia pyrethrum	n|white-flowered pyrethrum of Balkan area whose pinnate leaves are white and silky-hairy below; source of an insecticide; sometimes placed in genus Chrysanthemum|
dalmatian	adj|of or relating to Dalmatia or its inhabitants|	n|a native or inhabitant of Dalmatia|	n|a large breed having a smooth white coat with black or brown spots; originated in Dalmatia|
dalmatian iris	n|European iris having soft lilac-blue flowers|
dalmatian laburnum	n|erect shrub having large trifoliate leaves and dense clusters of yellow flowers followed by poisonous seeds; Yugoslavia; sometimes placed in genus Cytisus|
dalmatian pyrethrum	n|white-flowered pyrethrum of Balkan area whose pinnate leaves are white and silky-hairy below; source of an insecticide; sometimes placed in genus Chrysanthemum|
dalo	n|herb of the Pacific islands grown throughout the tropics for its edible root and in temperate areas as an ornamental for its large glossy leaves|
dalton	n|English chemist and physicist who formulated atomic theory and the law of partial pressures; gave the first description of red-green color blindness (1766-1844)|
dalton's law	n|(chemistry) law stating that when two elements can combine to form more than one compound the amounts of one of them that combines with a fixed amount of the other will exhibit a simple multiple relation|	n|(chemistry and physics) law stating that the pressure exerted by a mixture of gases equals the sum of the partial pressures of the gases in the mixture; the pressure of a gas in a mixture equals the pressure it would exert if it occupied the same volume alone at the same temperature|
dalton's law of partial pressures	n|(chemistry and physics) law stating that the pressure exerted by a mixture of gases equals the sum of the partial pressures of the gases in the mixture; the pressure of a gas in a mixture equals the pressure it would exert if it occupied the same volume alone at the same temperature|
daltonism	n|dichromacy characterized by a lowered sensitivity to green light resulting in an inability to distinguish green and purplish-red|
dam	n|a barrier constructed to contain the flow of water or to keep out the sea|	n|a metric unit of length equal to ten meters|	n|female parent of an animal especially domestic livestock|	v|obstruct with, or as if with, a dam|dam the gorges of the Yangtse River
dam up	v|obstruct with, or as if with, a dam|dam the gorges of the Yangtse River
dama	n|fallow deer|
dama dama	n|small Eurasian deer|
damage	n|the occurrence of a change for the worse|	n|loss of military equipment|	n|the act of damaging something or someone|	n|the amount of money needed to purchase something|the price of gasoline
damage control	n|an effort to minimize or curtail damage or loss|
damaged	adj|harmed or injured or spoiled|I won't buy damaged goods	adj|being unjustly brought into disrepute|a discredited politician
damages	n|a sum of money paid in compensation for loss or injury|
damaging	adj|(sometimes followed by `to') causing harm or injury|damaging to career and reputation	adj|designed or tending to discredit, especially without positive or helpful suggestions|negative criticism
damaliscus	n|African antelopes: sassabies|
damaliscus lunatus	n|a large South African antelope; considered the swiftest hoofed mammal|
damar	n|any of various hard resins from trees of the family Dipterocarpaceae and of the genus Agathis; especially the amboyna pine|
damaraland mole rat	n|colonial mole rat of western Africa; similar to naked mole rat|
damascene	adj|of or relating to or characteristic of Damascus or its people|damascene city gates	adj|(of metals) decorated or inlaid with a wavy pattern of different (especially precious) metals|a damascened sword	n|a native or inhabitant of Damascus|	n|a design produced by inlaying gold or silver into steel|
damascus	n|an ancient city (widely regarded as the world's oldest) and present capital and largest city of Syria; according to the New Testament, the Apostle Paul (then known as Saul) underwent a dramatic conversion on the road to Damascus|
damascus steel	n|a hard resilient steel often decorated and used for sword blades|
damask	adj|having a woven pattern|damask table linens	n|a table linen made from linen with a damask pattern|	n|a fabric of linen or cotton or silk or wool with a reversible pattern woven into it|
damask rose	n|large hardy very fragrant pink rose; cultivated in Asia Minor as source of attar of roses; parent of many hybrids|
damask steel	n|a hard resilient steel often decorated and used for sword blades|
damask violet	n|long cultivated herb having flowers whose scent is more pronounced in the evening; naturalized throughout Europe to Siberia and into North America|
dame	n|informal terms for a (young) woman|	n|a woman of refinement|a chauffeur opened the door of the limousine for the grand lady
dame agatha mary clarissa christie	n|prolific English writer of detective stories (1890-1976)|
dame alice ellen terry	n|English actress (1847-1928)|
dame alicia markova	n|English ballet dancer (born in 1910)|
dame barbara hepworth	n|British sculptor (1902-1975)|
dame daphne du maurier	n|English writer of melodramatic novels (1907-1989)|
dame edith louisa sitwell	n|English poet (1887-1964)|
dame edith sitwell	n|English poet (1887-1964)|
dame ellen terry	n|English actress (1847-1928)|
dame jean iris murdoch	n|British writer (born in Ireland) known primarily for her novels (1919-1999)|
dame joan sutherland	n|Australian operatic soprano (born in 1926)|
dame kiri janette te kanawa	n|New Zealand operatic soprano (born in 1944)|
dame kiri te kanawa	n|New Zealand operatic soprano (born in 1944)|
dame margot fonteyn	n|English dancer who danced with Rudolf Nureyev (born in 1919)|
dame muriel spark	n|Scottish writer of satirical novels (born in 1918)|
dame myra hess	n|English pianist (1890-1965)|
dame nellie melba	n|Australian operatic soprano (1861-1931)|
dame rebecca west	n|British writer (born in Ireland) (1892-1983)|
dame sybil thorndike	n|English actress (1882-1976)|
dame's violet	n|long cultivated herb having flowers whose scent is more pronounced in the evening; naturalized throughout Europe to Siberia and into North America|
damgalnunna	n|(Babylonian) earth goddess; consort of Ea and mother of Marduk|
daminozide	n|a chemical sprayed on fruit trees to regulate their growth so the entire crop can be harvested at one time|
damkina	n|(Babylonian) earth goddess; consort of Ea and mother of Marduk|
dammar	n|any of various hard resins from trees of the family Dipterocarpaceae and of the genus Agathis; especially the amboyna pine|
dammar pine	n|any of various trees of the genus Agathis; yield dammar resin|
dammar resin	n|any of various hard resins from trees of the family Dipterocarpaceae and of the genus Agathis; especially the amboyna pine|
damn	adj|used as expletives|oh, damn (or goddamn)!	adj|expletives used informally as intensifiers|he's a blasted idiot	adv|extremely|you are bloody right	n|something of little value|his promise is not worth a damn
damnable	adj|deserving a curse|her damnable pride
damnably	adv|in a damnable manner|kindly Arthur--so damnably, politely, endlessly persistent!
damnation	n|the act of damning|	n|the state of being condemned to eternal punishment in Hell|
damnatory	adj|threatening with damnation|
damned	adj|expletives used informally as intensifiers|he's a blasted idiot	adj|in danger of the eternal punishment of Hell|poor damned souls	adv|in a damnable manner|kindly Arthur--so damnably, politely, endlessly persistent!	n|people who are condemned to eternal punishment|he felt he had visited the realm of the damned
damning	adj|threatening with damnation|
damocles	n|the Greek courtier to Dionysius the Elder who (according to legend) was condemned to sit under a naked sword that was suspended by a hair in order to demonstrate to him that being a king was not the happy state Damocles had said it was (4th century BC)|
damoiselle	n|a young unmarried woman|
damon	n|the friend of Phintias who pledged his life that Phintias would return (4th century BC)|
damon and pythias	n|(Greek mythology) according to a Greek legend: when Pythias was sentenced to be executed Damon took his place to allow Pythias to get his affairs in order; when Pythias returned in time to save Damon the king was so impressed that he let them both live|
damosel	n|a young unmarried woman|
damourite	n|a variety of muscovite|
damozel	n|a young unmarried woman|
damp	adj|slightly wet|clothes damp with perspiration	n|a slight wetness|	v|deaden (a sound or noise), especially by wrapping|	v|restrain or discourage|the sudden bad news damped the joyous atmosphere
damp course	n|a course of some impermeable material laid in the foundation walls of building near the ground to prevent dampness from rising into the building|
damp-proof course	n|a course of some impermeable material laid in the foundation walls of building near the ground to prevent dampness from rising into the building|
dampen	v|suppress or constrain so as to lessen in intensity|Stifle your curiosity	v|make moist|The dew moistened the meadows	v|deaden (a sound or noise), especially by wrapping|	v|reduce the amplitude (of oscillations or waves)|
dampener	n|a device that dampens or moistens something|he used a dampener to moisten the shirts before he ironed them
dampening	n|the act of making something slightly wet|
damper	n|a movable iron plate that regulates the draft in a stove or chimney or furnace|	n|a device that decreases the amplitude of electronic, mechanical, acoustical, or aerodynamic oscillations|	n|a depressing restraint|rain put a damper on our picnic plans
damper block	n|damper consisting of a small felted block that drops onto a piano string to stop its vibration|
damping off	n|a plant disease caused by a fungus; diseased condition of seedlings in excessive moisture|
damping off fungus	n|fungus causing damping off disease in seedlings|
dampish	adj|slightly wet|clothes damp with perspiration
damply	adv|in a damp manner|a scarf was tied round her head but the rebellious curl had escaped and hung damply over her left eye
dampness	n|a slight wetness|
damsel	n|a young unmarried woman|
damselfish	n|small brilliantly colored tropical marine fishes of coral reefs|
damselfly	n|slender non-stinging insect similar to but smaller than the dragonfly but having wings folded when at rest|
damson	n|dark purple plum of the damson tree|
damson plum	n|plum tree long cultivated for its edible fruit|	n|dark purple plum of the damson tree|
damson plum tree	n|plum tree long cultivated for its edible fruit|
dana	n|Celtic goddess who was the mother of the Tuatha De Danann; identified with the Welsh Don|
danaea	n|fairly small terrestrial ferns of tropical America|
danaid	n|large tropical butterfly with degenerate forelegs and an unpleasant taste|
danaid butterfly	n|large tropical butterfly with degenerate forelegs and an unpleasant taste|
danaidae	n|small family of usually tropical butterflies: monarch butterflies|
danau	n|the 2nd longest European river (after the Volga); flows from southwestern Germany to the Black Sea|Vienna, Budapest, and Belgrade are on the banks of the Danube
danaus	n|type genus of the Danaidae: monarch butterflies|
dance	n|an artistic form of nonverbal communication|	n|a party of people assembled for dancing|	n|taking a series of rhythmical steps (and movements) in time to music|	n|a party for social dancing|
dance band	n|a group of musicians playing popular music for dancing|
dance floor	n|a bare floor polished for dancing|
dance hall	n|large room used mainly for dancing|
dance lesson	n|a lesson in dancing|
dance master	n|a professional teacher of dancing|
dance music	n|a genre of popular music composed for ballroom dancing|	n|music to dance to|
dance of death	n|a medieval dance in which a skeleton representing death leads a procession of others to the grave|
dance orchestra	n|a group of musicians playing popular music for dancing|
dance palace	n|large room used mainly for dancing|
dance school	n|a school where students are taught to dance|
dance step	n|a sequence of foot movements that make up a particular dance|he taught them the waltz step
danceable	adj|suitable for dancing|
dancer	n|a performer who dances professionally|	n|a person who participates in a social gathering arranged for dancing (as a ball)|
danceroom music	n|a genre of popular music composed for ballroom dancing|
dancing	n|taking a series of rhythmical steps (and movements) in time to music|
dancing lady orchid	n|any orchid of the genus Oncidium: characterized by slender branching sprays of small yellow and brown flowers; often grown as houseplants|
dancing partner	n|one of a pair of people who dance together|
dancing school	n|a school in which students learn to dance|
dancing-master	n|a professional teacher of dancing|
dandelion	n|any of several herbs of the genus Taraxacum having long tap roots and deeply notched leaves and bright yellow flowers followed by fluffy seed balls|
dandelion green	n|the foliage of the dandelion plant|	n|edible leaves of the common dandelion collected from the wild; used in salads and in making wine|
dander	n|small scales from animal skins or hair or bird feathers that can cause allergic reactions in some people|	n|a feeling of anger and animosity|having one's hackles or dander up
dandie dinmont	n|a breed of small terrier with long wiry coat and drooping ears|
dandie dinmont terrier	n|a breed of small terrier with long wiry coat and drooping ears|
dandified	adj|affecting extreme elegance in dress and manner|
dandify	v|dress like a dandy|
dandily	adv|in a dandy manner|she had shown her talents dandily
dandle	v|move (a baby) up and down in one's arms or on one's knees|	v|pet|the grandfather dandled the small child
dandle board	n|a plaything consisting of a board balanced on a fulcrum; the board is ridden up and down by children at either end|
dandruff	n|a condition in which white scales of dead skin are shed by the scalp|	n|loose scales shed from the scalp|I could see the dandruff on her shoulders
dandy	adj|very good|he did a bully job	n|a man who is much concerned with his dress and appearance|	n|a sailing vessel with two masts; a small mizzen is aft of the rudderpost|
dandy fever	n|an infectious disease of the tropics transmitted by mosquitoes and characterized by rash and aching head and joints|
dandyish	adj|affecting extreme elegance in dress and manner|
dandyism	n|the manner and dress of a fop or dandy|
dane	n|a native or inhabitant of Denmark|
danewort	n|dwarf herbaceous elder of Europe having pink flowers and a nauseous odor|
dangaleat	n|a Chadic language spoken in Chad; uses seven vowels plus differences in vowel length|
danger	n|the condition of being susceptible to harm or injury|you are in no danger	n|a venture undertaken without regard to possible loss or injury|he saw the rewards but not the risks of crime	n|a cause of pain or injury or loss|he feared the dangers of traveling by air	n|a dangerous place|He moved out of danger
danger line	n|a line beyond which it is dangerous to go|
danger zone	n|a dangerous area|
dangerous	adj|involving or causing danger or risk; liable to hurt or harm|a dangerous criminal	adj|causing fear or anxiety by threatening great harm|a dangerous operation
dangerous undertaking	n|a wild and exciting undertaking (not necessarily lawful)|
dangerously	adv|in a dangerous manner|he came dangerously close to falling off the ledge
dangerousness	n|the quality of not being safe|
dangla	n|a Chadic language spoken in Chad; uses seven vowels plus differences in vowel length|
dangle	v|hang freely|the ornaments dangled from the tree	v|cause to dangle or hang freely|He dangled the ornaments from the Christmas tree
dangling	n|the act of suspending something (hanging it from above so it moves freely)|there was a small ceremony for the hanging of the portrait
dangling modifier	n|a word or phrase apparently modifying an unintended word because of its placement in a sentence: e.g., `when young' in `when young, circuses appeal to all of us'|
dangling participle	n|a participle (usually at the beginning of a sentence) apparently modifying a word other than the word intended: e.g., `flying across the country' in `flying across the country the Rockies came into view'|
daniel	n|(Old Testament) a youth who was taken into the court of Nebuchadnezzar and given divine protection when thrown into a den of lions (6th century BC)|	n|a wise and upright judge|a Daniel come to judgment" -- Shakespeare	n|an Old Testament book that tells of the apocalyptic visions and the experiences of Daniel in the court of Nebuchadnezzar|
daniel bernoulli	n|Swiss physicist who contributed to hydrodynamics and mathematical physics (1700-1782)|
daniel defoe	n|English writer remembered particularly for his novel about Robinson Crusoe (1660-1731)|
daniel jones	n|English phonetician (1881-1967)|
daniel ortega	n|Nicaraguan statesman (born in 1945)|
daniel ortega saavedra	n|Nicaraguan statesman (born in 1945)|
daniel rutherford	n|British chemist who isolated nitrogen (1749-1819)|
danish	adj|of or relating to or characteristic of Denmark or the Danes or their language|Danish furniture	n|a Scandinavian language that is the official language of Denmark|	n|light sweet yeast-raised roll usually filled with fruits or cheese|
danish blue	n|blue cheese of Denmark|
danish capital	n|the capital and largest city of Denmark; located on the island of Zealand|Copenhagen is sometimes called the Paris of the North
danish krone	n|the basic unit of money in Denmark|
danish monetary unit	n|monetary unit in Denmark|
danish pastry	n|light sweet yeast-raised roll usually filled with fruits or cheese|
dank	adj|unpleasantly cool and humid|a clammy handshake
dankness	n|unpleasant wetness|
danmark	n|a constitutional monarchy in northern Europe; consists of the mainland of Jutland and many islands between the North Sea and the Baltic Sea|
dano-norwegian	n|book language; one of two official languages of Norway; closely related to Danish|
danse du ventre	n|a Middle Eastern dance in which the dancer makes sensuous movements of the hips and abdomen|
danse macabre	n|a medieval dance in which a skeleton representing death leads a procession of others to the grave|
danseur	n|a male ballet dancer who is the partner of a ballerina|
danseur noble	n|a male ballet dancer who is the partner of a ballerina|
danseuse	n|a female ballet dancer|
dante	n|an Italian poet famous for writing the Divine Comedy that describes a journey through Hell and purgatory and paradise guided by Virgil and his idealized Beatrice (1265-1321)|
dante alighieri	n|an Italian poet famous for writing the Divine Comedy that describes a journey through Hell and purgatory and paradise guided by Virgil and his idealized Beatrice (1265-1321)|
dante gabriel rossetti	n|English poet and painter who was a leader of the Pre-Raphaelites (1828-1882)|
dantean	adj|of or relating to Dante Alighieri or his writings|
dantesque	adj|of or relating to Dante Alighieri or his writings|
danton	n|French revolutionary leader who stormed the Paris bastille and who supported the execution of Louis XVI but was guillotined by Robespierre for his opposition to the Reign of Terror (1759-1794)|
danu	n|Celtic goddess who was the mother of the Tuatha De Danann; identified with the Welsh Don|
danube	n|the 2nd longest European river (after the Volga); flows from southwestern Germany to the Black Sea|Vienna, Budapest, and Belgrade are on the banks of the Danube
danube river	n|the 2nd longest European river (after the Volga); flows from southwestern Germany to the Black Sea|Vienna, Budapest, and Belgrade are on the banks of the Danube
danzig	n|a port city of northern Poland near the mouth of the Vistula River on a gulf of the Baltic Sea; a member of the Hanseatic League in the 14th century|
daoism	n|philosophical system developed by Lao-tzu and Chuang-tzu advocating a simple honest life and noninterference with the course of natural events|
daphne	n|any of several ornamental shrubs with shiny mostly evergreen leaves and clusters of small bell-shaped flowers|	n|(Greek mythology) a nymph who was transformed into a laurel tree to escape the amorous Apollo|
daphne cneorum	n|widely cultivated low evergreen shrub with dense clusters of fragrant pink to deep rose flowers|
daphne du maurier	n|English writer of melodramatic novels (1907-1989)|
daphne family	n|family of trees and shrubs and herbs having tough bark that are found especially in Australia and tropical Africa|
daphne laureola	n|bushy Eurasian shrub with glossy leathery oblong leaves and yellow-green flowers|
daphne mezereum	n|small European deciduous shrub with fragrant lilac-colored flowers followed by red berries on highly toxic twigs|
daphnia	n|minute freshwater crustacean having a round body enclosed in a transparent shell; moves about like a flea by means of hairy branched antennae|
dapper	adj|marked by up-to-dateness in dress and manners|a dapper young man
dapperness	n|stylishness as evidenced by a smart appearance|
dapple	n|a small contrasting part of something|a bald spot	v|colour with streaks or blotches of different shades|
dapple-gray	n|grey with a mottled pattern of darker grey markings|
dapple-grey	n|grey with a mottled pattern of darker grey markings|
dappled	adj|having spots or patches of color|
dappled-gray	n|grey with a mottled pattern of darker grey markings|
dappled-grey	n|grey with a mottled pattern of darker grey markings|
dapsang	n|a mountain peak in the Karakoram Range in northern Kashmir; the 2nd highest peak in the world (28,250 feet high)|
dapsone	n|antibacterial drug used to treat leprosy and some kinds of skin diseases|
dar al-harb	n|areas where Muslims are in the minority and are persecuted|
dar al-islam	n|areas where Muslims are in the majority|
dar es salaam	n|the capital and largest port city of Tanzania on the Indian Ocean|
daraf	n|a unit of elastance equal to the reciprocal of a farad|
dard	n|any of a group of Indic languages spoken in Kashmir and eastern Afghanistan and northern Pakistan|
dardan	n|a native of ancient Troy|
dardanelles	n|the strait between the Aegean and the Sea of Marmara that separates European Turkey from Asian Turkey|	n|the unsuccessful campaign in World War I (1915) by the English and French to open a passage for aid to Russia; defeated by the Turks|
dardanelles campaign	n|the unsuccessful campaign in World War I (1915) by the English and French to open a passage for aid to Russia; defeated by the Turks|
dardanian	n|a native of ancient Troy|
dardanus	n|(Greek mythology) founder of Troy|
dardic	n|any of a group of Indic languages spoken in Kashmir and eastern Afghanistan and northern Pakistan|
dardic language	n|any of a group of Indic languages spoken in Kashmir and eastern Afghanistan and northern Pakistan|
dare	v|take upon oneself; act presumptuously, without permission|How dare you call my lawyer?	v|to be courageous enough to try or do something|I don't dare call him	v|challenge|I dare you!	n|a challenge to do something dangerous or foolhardy|he could never refuse a dare
daredevil	adj|presumptuously daring|a daredevil test pilot having the right stuff	n|a reckless impetuous irresponsible person|
daredevilry	n|boldness as manifested in rash and daredevil behavior|
daredeviltry	n|boldness as manifested in rash and daredevil behavior|
darfur	n|an impoverished region of western Sudan|Darfur was a semi-independent sultanate until 1917 and is ethnically distinct from central Sudan
dari	n|an Iranian language spoken in Afghanistan|
dari persian	n|an Iranian language spoken in Afghanistan|
daricon	n|an anticholinergic drug (trade name Daricon) used in treating peptic ulcers|
darier's disease	n|a rare hereditary condition marked by dark crusted patches (sometimes containing pus)|
daring	n|a challenge to do something dangerous or foolhardy|he could never refuse a dare	n|the trait of being willing to undertake things that involve risk or danger|the proposal required great boldness	adj|disposed to venture or take risks|audacious visions of the total conquest of space	adj|radically new or original|an avant-garde theater piece
daringly	adv|in an original manner|daringly he took the first step	adv|in an adventurous manner|daringly, he set out on a camping trip in East Africa
darius i	n|king of Persia who expanded the Persian Empire and invaded Greece but was defeated at the battle of Marathon (550-486 BC)|
darius iii	n|king of Persia who was defeated by Alexander the Great; his murder effectively ended the Persian Empire (died in 330 BC)|
darius milhaud	n|French composer of works that combine jazz and polytonality and Brazilian music (1892-1974)|
darius the great	n|king of Persia who expanded the Persian Empire and invaded Greece but was defeated at the battle of Marathon (550-486 BC)|
darjeeling	n|a fine variety of black tea grown in northern India|
dark	n|absence of light or illumination|	n|absence of moral or spiritual values|the powers of darkness	n|an unilluminated area|he moved off into the darkness	n|the time after sunset and before sunrise while it is dark outside|
dark adaptation	n|the process of adjusting the eyes to low levels of illumination; cones adapt first; rods continue to adapt for up to four hours|
dark ages	n|the period of history between classical antiquity and the Italian Renaissance|
dark blue	n|a dark shade of blue|
dark bread	n|bread made with whole wheat flour|
dark chocolate	n|chocolate liquor with cocoa butter and small amounts of sugar and vanilla; lecithin is usually added|
dark comedy	n|a comedy characterized by grim or satiric humor; a comedy having gloomy or disturbing elements|
dark field illumination	n|a form of microscopic examination of living material by scattered light; specimens appear luminous against a dark background|
dark glasses	n|(plural) spectacles that are darkened or polarized to protect the eyes from the glare of the sun|he was wearing a pair of mirrored shades
dark ground illumination	n|a form of microscopic examination of living material by scattered light; specimens appear luminous against a dark background|
dark horse	n|a political candidate who is not well known but could win unexpectedly|	n|a racehorse about which little is known|
dark lantern	n|a lantern with a single opening and a sliding panel that can be closed to conceal the light|
dark matter	n|(cosmology) a hypothetical form of matter that is believed to make up 90 percent of the universe; it is invisible (does not absorb or emit light) and does not collide with atomic particles but exerts gravitational force|
dark meat	n|the flesh of the legs of fowl used as food|
dark red	n|a red color that reflects little light|
dark-blue	adj|of a dark shade of blue|
dark-brown	adj|of a color similar to that of wood or earth|
dark-coated	adj|covered with dark hair|
dark-colored	adj|having a dark color|
dark-coloured	adj|having a dark color|
dark-field microscope	n|light microscope that uses scattered light to show particles too small to see with ordinary microscopes|
dark-fruited	adj|bearing dark fruit|
dark-gray	adj|of a dark shade of grey|
dark-green	adj|of the color between blue and yellow in the color spectrum; similar to the color of fresh grass|a green tree
dark-grey	adj|of a dark shade of grey|
dark-haired	adj|having hair of a dark color|a dark-haired beauty	adj|covered with dark hair|
dark-skinned	adj|naturally having skin of a dark color|a dark-skinned beauty
dark-spotted	adj|having dark spots|
darken	v|become dark or darker|The sky darkened	v|tarnish or stain|a scandal that darkened the family's good name	v|make dark or darker|darken a room
darkened	adj|(of fabrics and paper) grown dark in color over time|the darkened margins of the paper	adj|become or made dark by lack of light|a darkened house
darkening	adj|becoming dark or darker as from waning light or clouding over|the darkening sky	n|changing to a darker color|
darkish	adj|slightly dark|darkish red
darkling	adj|uncannily or threateningly dark or obscure|a darkling glance	adj|(poetic) occurring in the dark or night|a darkling journey
darkling beetle	n|sluggish hard-bodied black terrestrial weevil whose larvae feed on e.g. decaying plant material or grain|
darkling groung beetle	n|sluggish hard-bodied black terrestrial weevil whose larvae feed on e.g. decaying plant material or grain|
darkly	adv|without light|the river was sliding darkly under the mist	adv|in a dark glowering menacing manner|he stared darkly at her
darkness	n|absence of light or illumination|	n|an unilluminated area|he moved off into the darkness	n|absence of moral or spiritual values|the powers of darkness	n|an unenlightened state|he was in the dark concerning their intentions
darkroom	n|a room in which photographs are developed|
darling	adj|dearly loved|	n|a special loved one|	n|an Australian river; tributary of the Murray River|
darling pea	n|either of two Australian plants of the genus Swainsona that are poisonous to sheep|
darling river	n|an Australian river; tributary of the Murray River|
darlingtonia	n|one species: California pitcher plant|
darlingtonia californica	n|marsh or bog herb having solitary pendulous yellow-green flowers and somewhat twisted pitchers with broad wings below|
darmera	n|one species|
darmera peltata	n|rhizomatous perennial herb with large dramatic peltate leaves and white to bright pink flowers in round heads on leafless stems; colonizes stream banks in the Sierra Nevada in California|
darmstadtium	n|a radioactive transuranic element|
darn	v|repair by sewing|darn socks	n|something of little value|his promise is not worth a damn	n|sewing that repairs a worn or torn hole (especially in a garment)|her stockings had several mends
darned	adj|expletives used informally as intensifiers|he's a blasted idiot
darnel	n|weedy annual grass often occurs in grainfields and other cultivated land; seeds sometimes considered poisonous|
darner	n|a person who mends by darning|
darning	n|the act of mending a hole in a garment with crossing threads|
darning needle	n|a long needle with an eye large enough for heavy darning or embroidery thread|	n|slender-bodied non-stinging insect having iridescent wings that are outspread at rest; adults and nymphs feed on mosquitoes etc.|
darsana	n|(from the Sanskrit word for `to see') one of six orthodox philosophical systems or viewpoints on the nature of reality and the release from bondage to karma|
dart	v|move along rapidly and lightly; skim or dart|The hummingbird flitted among the branches	v|run or move very quickly or hastily|She dashed into the yard	v|move with sudden speed|His forefinger darted in all directions as he spoke	n|a small narrow pointed missile that is thrown or shot|
dart board	n|a circular board of wood or cork used as the target in the game of darts|
dart player	n|someone who plays the game of darts|
dart thrower	n|a device resembling a sling that is used in various primitive societies to propel a dart or spear|
dartboard	n|a circular board of wood or cork used as the target in the game of darts|
darter	n|fish-eating bird of warm inland waters having a long flexible neck and slender sharp-pointed bill|	n|a person or other animal that moves abruptly and rapidly|squirrels are darters
dartmouth	n|a college in New Hampshire|
dartmouth college	n|a college in New Hampshire|
darts	n|a game in which small pointed missiles are thrown at a dartboard|
darvon	n|a mildly narcotic analgesic drug (trade name Darvon) related to methadone but less addictive|
darwin	n|English natural scientist who formulated a theory of evolution by natural selection (1809-1882)|	n|provincial capital of the Northern Territory of Australia|
darwin tulip	n|any of several very tall, late blooming tulips bearing large squarish flowers on sturdy stems|
darwinian	adj|of or relating to Charles Darwin's theory of organic evolution|Darwinian theories	n|an advocate of Darwinism|
darwinism	n|a theory of organic evolution claiming that new species arise and are perpetuated by natural selection|
daryacheh-ye orumiyeh	n|a shallow saline lake in northwestern Iran between Tabriz and the western border of Turkey|
das	n|any of several small ungulate mammals of Africa and Asia with rodent-like incisors and feet with hooflike toes|
das kapital	n|a book written by Karl Marx (1867) describing his economic theories|
dash	v|run or move very quickly or hastily|She dashed into the yard	v|break into pieces, as by striking or knocking over|Smash a plate	v|hurl or thrust violently|He dashed the plate against the wall	v|destroy or break|dashed ambitions and hopes
dash down	v|write down hastily|She dashed off a letter to her lawyer
dash off	v|write quickly|She dashed off a note to her husband saying she would not be home for supper	v|write down hastily|She dashed off a letter to her lawyer
dash-pot	n|a mechanical damper; the vibrating part is attached to a piston that moves in a chamber filled with liquid|
dashboard	n|protective covering consisting of a panel to protect people from the splashing water or mud etc.|	n|instrument panel on an automobile or airplane containing dials and controls|
dashed	adj|having gaps or spaces|sign on the dotted line
dasheen	n|edible starchy tuberous root of taro plants|	n|herb of the Pacific islands grown throughout the tropics for its edible root and in temperate areas as an ornamental for its large glossy leaves|	n|tropical starchy tuberous root|
dashiki	n|a loose and brightly colored African shirt|
dashing	adj|lively and spirited|a dashing hero	adj|marked by up-to-dateness in dress and manners|a dapper young man
dashing hopes	n|an act (or failure to act) that disappoints someone|
dashingly	adv|in a highly fashionable manner|he was dashingly handsome
dasht-e-kavir	n|a salt desert in north central Iran|
dasht-e-lut	n|a desert in eastern Iran|
dassie	n|any of several small ungulate mammals of Africa and Asia with rodent-like incisors and feet with hooflike toes|
dastard	adj|despicably cowardly|the unprovoked and dastardly attack by Japan on...December 7th"- F.D. Roosevelt	n|a despicable coward|
dastardliness	n|despicable cowardice|
dastardly	adj|despicably cowardly|the unprovoked and dastardly attack by Japan on...December 7th"- F.D. Roosevelt
dasyatidae	n|sting rays|
dasyatis	n|type genus of the Dasyatidae|
dasyatis centroura	n|one of the largest stingrays; found from Cape Cod to Cape Hatteras|
dasymeter	n|densimeter consisting of a thin glass globe that is weighed in a gas to determine its density|
dasypodidae	n|armadillos|
dasyprocta	n|type genus of the Dasyproctidae: agoutis|
dasyprocta aguti	n|agile long-legged rabbit-sized rodent of Central America and South America and the West Indies; valued as food|
dasyproctidae	n|agoutis and pacas|
dasypus	n|type genus of the Dasypodidae|
dasypus novemcinctus	n|having nine hinged bands of bony plates; ranges from Texas to Paraguay|
dasyure	n|any of several more or less arboreal marsupials somewhat resembling martens|
dasyurid	n|small carnivorous nocturnal marsupials of Australia and Tasmania|
dasyurid marsupial	n|small carnivorous nocturnal marsupials of Australia and Tasmania|
dasyuridae	n|dasyures; native cats; pouched mice; banded anteaters; Tasmanian devils|
dasyurus	n|type genus of the family Dasyuridae: native cats|
dasyurus quoll	n|a variety of dasyure|
dasyurus viverrinus	n|carnivorous arboreal cat-like marsupials of Australia and Tasmania|
dat	n|a digital tape recording of sound|
data	n|a collection of facts from which conclusions may be drawn|statistical data
data communication	n|electronic transmission of information that has been encoded digitally (as for storage and processing by computers)|
data conversion	n|conversion from one way of encoding data to another way|
data converter	n|converter for changing information from one code to another|
data encryption	n|(computer science) the encryption of data for security purposes|
data file	n|a set of related records (either written or electronic) kept together|
data format	n|the organization of information according to preset specifications (usually for computer processing)|
data formatting	n|the organization of information according to preset specifications (usually for computer processing)|
data hierarchy	n|an arrangement of data consisting of sets and subsets such that every subset of a set is of lower rank than the set|
data input device	n|a device that can be used to insert data into a computer or other computational device|
data link	n|an interconnecting circuit between two or more locations for the purpose of transmitting and receiving data|
data mining	n|data processing using sophisticated data search capabilities and statistical algorithms to discover patterns and correlations in large preexisting databases; a way to discover new meaning in data|
data multiplexer	n|a multiplexer that permits two or more data sources to share a common transmission medium|
data point	n|an item of factual information derived from measurement or research|
data processing	n|(computer science) a series of operations on data by a computer in order to retrieve or transform or classify information|
data processor	n|a machine for performing calculations automatically|
data rate	n|the rate at which circuits or other devices operate when handling digital information|
data structure	n|(computer science) the organization of data (and its storage allocations in a computer)|
data system	n|system consisting of the network of all communication channels used within an organization|
data track	n|(computer science) one of the circular magnetic paths on a magnetic disk that serve as a guide for writing and reading data|
data-based	adj|relying on observation or experiment|experimental results that supported the hypothesis
data-storage medium	n|a medium for storing information|
database	n|an organized body of related information|
database management	n|creation and maintenance of a database|
database management system	n|a software system that facilitates the creation and maintenance and use of an electronic database|
datable	adj|that can be given a date|a concrete and datable happening"- C.W.Shumaker
date	n|the specified day of the month|what is the date today?	n|a participant in a date|his date never stopped talking	n|a meeting arranged in advance|she asked how to avoid kissing at the end of a date	n|the present|they are up to date
date back	v|belong to an earlier time|This story dates back 200 years
date bar	n|fruit bar containing chopped dates|
date bread	n|bread containing chopped dates|
date from	v|belong to an earlier time|This story dates back 200 years
date line	n|an imaginary line on the surface of the earth following (approximately) the 180th meridian|
date of reference	n|(astronomy) an arbitrarily fixed date that is the point in time relative to which information (as coordinates of a celestial body) is recorded|
date palm	n|tall tropical feather palm tree native to Syria bearing sweet edible fruit|
date plum	n|an Asiatic persimmon tree cultivated for its small yellow or purplish-black edible fruit much valued by Afghan tribes|
date rape	n|rape in which the rapist is known to the victim (as when they are on a date together)|
date stamp	v|stamp with a date|The package is dated November 24
date-mark	v|mark with a date and place|dateline a newspaper article
date-nut bread	n|bread containing chopped dates and nuts|
dateable	adj|that can be given a date|a concrete and datable happening"- C.W.Shumaker
dated	adj|marked by features of the immediate and usually discounted past|
dateless	adj|having no known beginning and presumably no end|the dateless rise and fall of the tides	adj|of such great duration as to preclude the possibility of being assigned a date|dateless customs	adj|not bearing a date|a dateless letter	adj|unaffected by time|few characters are so dateless as Hamlet
dateline	n|an imaginary line on the surface of the earth following (approximately) the 180th meridian|	n|a line at the beginning of a news article giving the date and place of origin of the news dispatch|	v|mark with a date and place|dateline a newspaper article
datemark	v|mark with a date and place|dateline a newspaper article
dating	n|use of chemical analysis to estimate the age of geological specimens|
dative	n|the category of nouns serving as the indirect object of a verb|
dative bond	n|a covalent bond in which both electrons are provided by one of the atoms|
dative case	n|the category of nouns serving as the indirect object of a verb|
datril	n|an analgesic for mild pain but not for inflammation; also used as an antipyretic; (Datril, Tylenol, Panadol, Phenaphen, Tempra, and Anacin III are trademarks of brands of acetaminophen tablets)|
datum	n|an item of factual information derived from measurement or research|
datura	n|thorn apple|
datura stramonium	n|intensely poisonous tall coarse annual tropical weed having rank-smelling foliage, large white or violet trumpet-shaped flowers and prickly fruits|
daub	n|material used to daub walls|	n|a blemish made by dirt|he had a smudge on his cheek	n|an unskillful painting|	v|coat with plaster|daub the wall
daubentonia	n|type genus; coextensive with the family Daubentoniidae|
daubentonia madagascariensis	n|nocturnal lemur with long bony fingers and rodent-like incisor teeth closely related to the lemurs|
daubentoniidae	n|comprising solely the aye-aye|
dauber	n|an unskilled painter|
daubing	n|the application of plaster|
daucus	n|carrot|
daucus carota	n|a widely naturalized Eurasian herb with finely cut foliage and white compound umbels of small white or yellowish flowers and thin yellowish roots|
daucus carota sativa	n|perennial plant widely cultivated as an annual in many varieties for its long conical orange edible roots; temperate and tropical regions|
daugavpils	n|a city of southeastern Latvia|
daughter	n|a female human offspring|her daughter cared for her in her old age
daughter cell	n|a cell formed by the division or budding of another cell|anthrax grows by dividing into two daughter cells that are generally identical
daughter-in-law	n|the wife of your son|
daughterly	adj|befitting a daughter|daughterly affection
daumier	n|French painter best known for his satirical lithographs of bourgeois society (1808-1879)|
daunt	v|cause to lose courage|dashed by the refusal
daunted	adj|caused to show discomposure|refused to be fazed by the objections
daunting	adj|discouraging through fear|
dauntingly	adv|to a degree or in a manner that daunts|dauntingly difficult
dauntless	adj|invulnerable to fear or intimidation|audacious explorers
dauntlessly	adv|without fear|fearlessly, he led the troops into combat
dauntlessness	n|resolute courageousness|
dauphin	n|formerly, the eldest son of the King of France and direct heir to the throne|
davalia bullata	n|feathery fern of tropical Asia and Malaysia|
davalia bullata mariesii	n|feathery fern of tropical Asia and Malaysia|
davallia	n|any fern of the genus Davallia; having scaly creeping rhizomes|
davallia canariensis	n|fern of the Canary Islands and Madeira|
davallia mariesii	n|feathery fern of tropical Asia and Malaysia|
davallia pyxidata	n|a hare's-foot fern of the genus Davallia|
davalliaceae	n|one of a number of families into which Polypodiaceae has been subdivided in some classification systems|
davenport	n|a city in eastern Iowa on the Mississippi River across from Moline and Rock Island|	n|a small decorative writing desk|	n|a large sofa usually convertible into a bed|
david	n|patron saint of Wales (circa 520-600)|	n|French neoclassical painter who actively supported the French Revolution (1748-1825)|	n|(Old Testament) the 2nd king of the Israelites; as a young shepherd he fought Goliath (a giant Philistine warrior) and killed him by hitting him in the head with a stone flung from a sling; he united Israel with Jerusalem as its capital; many of the Psalms are attributed to David (circa 1000-962 BC)|
david alfaro siqueiros	n|Mexican painter of murals depicting protest and revolution (1896-1974)|
david ben gurion	n|Israeli statesman (born in Poland) and active Zionist who organized resistance against the British after World War II; prime minister of Israel (1886-1973)|
david bruce	n|Australian physician and bacteriologist who described the bacterium that causes undulant fever or brucellosis (1855-1931)|
david garrick	n|English actor and theater manager who was the foremost Shakespearean actor of his day (1717-1779)|
david grun	n|Israeli statesman (born in Poland) and active Zionist who organized resistance against the British after World War II; prime minister of Israel (1886-1973)|
david hartley	n|English philosopher who introduced the theory of the association of ideas (1705-1757)|
david herbert lawrence	n|English novelist and poet and essayist whose work condemned industrial society and explored sexual relationships (1885-1930)|
david hilbert	n|German mathematician (1862-1943)|
david hume	n|Scottish philosopher  skeptical philosophy restricted human knowledge to that which can be perceived by the senses (1711-1776)|
david john moore cornwell	n|English writer of novels of espionage (born in 1931)|
david livingstone	n|Scottish missionary and explorer who discovered the Zambezi River and Victoria Falls (1813-1873)|
david low	n|British political cartoonist (born in New Zealand) who created the character Colonel Blimp (1891-1963)|
david ricardo	n|English economist who argued that the laws of supply and demand should operate in a free market (1772-1823)|
david siqueiros	n|Mexican painter of murals depicting protest and revolution (1896-1974)|
davidson's penstemon	n|mat-forming plant with blue and lavender flowers clustered on short erect stems; British Columbia to northern California|
daviesia	n|genus of Australasian shrubs and subshrubs having small yellow or purple flowers followed by short triangular pods|
davis	n|English navigator who explored the Arctic while searching for the Northwest Passage (1550-1605)|
davis cup	n|cup awarded for the annual international team tennis competition|
davit	n|a crane-like device (usually one of a pair) for suspending or lowering equipment (as a lifeboat)|
davy	n|English chemist who was a pioneer in electrochemistry and who used it to isolate elements sodium and potassium and barium and boron and calcium and magnesium and chlorine (1778-1829)|
davy jones	n|the bottom of a sea or ocean|
davy jones's locker	n|the bottom of a sea or ocean|
davy lamp	n|an oil lamp that will not ignite flammable gases (methane)|
davy's gray	n|slightly purplish or bluish dark grey|
davy's grey	n|slightly purplish or bluish dark grey|
davys	n|English navigator who explored the Arctic while searching for the Northwest Passage (1550-1605)|
daw	n|common black-and-grey Eurasian bird noted for thievery|
dawah	n|missionary work for Islam|
dawdle	v|take one's time; proceed slowly|	v|waste time|Get busy--don't dally!	v|hang (back) or fall (behind) in movement, progress, development, etc.|
dawdler	n|someone who takes more time than necessary; someone who lags behind|
dawdling	n|the deliberate act of delaying and playing instead of working|
dawn	n|the first light of day|we got up before dawn	n|the earliest period|the dawn of civilization	n|an opening time period|it was the dawn of the Roman Empire	v|become clear or enter one's consciousness or emotions|It dawned on him that she had betrayed him
dawn horse	n|earliest horse; extinct primitive dog-sized four-toed Eocene animal|
dawning	n|the first light of day|we got up before dawn
dawson	n|a town in northwestern Canada in the Yukon on the Yukon River; a boom town around 1900 when gold was discovered in the Klondike|
dawson river salmon	n|a species of large fish found in Australian rivers|
dawson's encephalitis	n|a rare chronic progressive encephalitis caused by the measles virus and occurring primarily in children and young adults; death usually occurs within three years; characterized by primary measles infection before the age of two years|
day	n|time for Earth to make a complete rotation on its axis|two days later they left	n|some point or period in time|it should arrive any day now	n|a day assigned to a particular purpose or observance|Mother's Day	n|the time after sunrise and before sunset while it is light outside|the dawn turned night into day
day after day	adv|for an indefinite number of successive days|
day bed	n|convertible consisting of an upholstered couch that can be converted into a double bed|
day blindness	n|inability to see clearly in bright light|
day boarder	n|a schoolchild at a boarding school who has meals at school but sleeps at home|
day book	n|the daily written record of events (as arrests) in a police station|
day by day	adv|gradually and progressively|his health weakened day by day
day camp	n|a camp providing care and activities for children during the daytime|
day care	n|childcare during the day while parents work|
day care center	n|a nursery for the supervision of preschool children while the parents work|
day game	n|a game played in daylight|
day in and day out	adv|without respite|he plays chess day in and day out
day in day out	adv|for an indefinite number of successive days|
day jessamine	n|West Indian evergreen shrub having clusters of funnel-shaped white flowers that are fragrant by day|
day laborer	n|a laborer who works by the day; for daily wages|
day labourer	n|a laborer who works by the day; for daily wages|
day lily	n|any of numerous perennials having mounds of sumptuous broad ribbed leaves and clusters of white, blue, or lilac flowers; used as ground cover|	n|any of numerous perennials having tuberous roots and long narrow bladelike leaves and usually yellow lily-like flowers that bloom for only a day|
day nursery	n|a nursery for the supervision of preschool children while the parents work|
day of atonement	n|(Judaism) a solemn and major fast day on the Jewish calendar; 10th of Tishri; its observance is one of the requirements of the Mosaic law|
day of judgement	n|(New Testament) day at the end of time following Armageddon when God will decree the fates of all individual humans according to the good and evil of their earthly lives|
day of judgment	n|(New Testament) day at the end of time following Armageddon when God will decree the fates of all individual humans according to the good and evil of their earthly lives|
day of reckoning	n|(New Testament) day at the end of time following Armageddon when God will decree the fates of all individual humans according to the good and evil of their earthly lives|	n|an unpleasant or disastrous destiny|everyone was aware of the approaching doom but was helpless to avoid it
day of remembrance	n|the date on which an event occurred in some previous year (or the celebration of it)|
day of rest	n|a day set aside for rest|
day of the month	n|the specified day of the month|what is the date today?
day of the week	n|any one of the seven days in a week|
day off	n|a day when you are not required to work|Thursday is his day off
day return	n|a return ticket (at reduced fare) for traveling both ways in the same day|
day school	n|a private school taking day students only|	n|a school giving instruction during the daytime|	n|a school building without boarding facilities|
day shift	n|the work shift during the day (as 8 a.m. to 4 p.m.)|	n|workers who work during the day (as 8 a.m. to 4 p.m.)|
day watch	n|workers who work during the day (as 8 a.m. to 4 p.m.)|
day-after-day	adj|of or belonging to or occurring every day|daily routine
day-and-night	adj|at all times|around-the-clock nursing care
day-by-day	adj|of or belonging to or occurring every day|daily routine
day-old	adj|not fresh today|day-old bread is cheaper than fresh
day-to-day	adj|of or belonging to or occurring every day|daily routine
dayan	n|Israeli general and statesman (1915-1981)|
daybed	n|an armless couch; a seat by day and a bed by night|	n|a long chair; for reclining|
daybook	n|a ledger in which transactions have been recorded as they occurred|	n|an accounting journal as a physical object|he bought a new daybook
dayboy	n|a day boarder who is a boy|
daybreak	n|the first light of day|we got up before dawn
daycare	n|childcare during the day while parents work|
daydream	v|have a daydream; indulge in a fantasy|	v|have dreamlike musings or fantasies while awake|She looked out the window, daydreaming	n|absentminded dreaming while awake|
daydreamer	n|someone who indulges in idle or absentminded daydreaming|
daydreaming	n|absentminded dreaming while awake|
dayflower	n|any plant of the family Commelinaceae|
dayfly	n|slender insect with delicate membranous wings having an aquatic larval stage and terrestrial adult stage usually lasting less than two days|
daygirl	n|a day boarder who is a girl|
daylight	n|the time after sunrise and before sunset while it is light outside|the dawn turned night into day	n|light during the daytime|
daylight saving	n|time during which clocks are set one hour ahead of local standard time; widely adopted during summer to provide extra daylight in the evenings|
daylight savings	n|time during which clocks are set one hour ahead of local standard time; widely adopted during summer to provide extra daylight in the evenings|
daylight vision	n|normal vision in daylight; vision with sufficient illumination that the cones are active and hue is perceived|
daylight-saving time	n|time during which clocks are set one hour ahead of local standard time; widely adopted during summer to provide extra daylight in the evenings|
daylight-savings time	n|time during which clocks are set one hour ahead of local standard time; widely adopted during summer to provide extra daylight in the evenings|
daylily	n|any of numerous perennials having tuberous roots and long narrow bladelike leaves and usually yellow lily-like flowers that bloom for only a day|
daylong	adj|lasting through an entire day|	adv|during the entire day|light pours daylong into the parlor
daypro	n|a nonsteroidal anti-inflammatory drug (trade name Daypro)|
days	n|the time during which someone's life continues|the monarch's last days
dayspring	n|the first light of day|we got up before dawn
daystar	n|a planet (usually Venus) seen just before sunrise in the eastern sky|
daytime	n|the time after sunrise and before sunset while it is light outside|the dawn turned night into day
dayton	n|a city in southwest Ohio; manufacturing center|
dayton ax	n|an ax with a long handle and a head that has one cutting edge and one blunt side|
dayton axe	n|an ax with a long handle and a head that has one cutting edge and one blunt side|
daytona beach	n|a resort town in northeast Florida on the Atlantic coast; hard white beaches have been used for automobile speed trials|
daze	n|the feeling of distress and disbelief that you have when something bad happens accidentally|his mother's death left him in a daze	n|confusion characterized by lack of clarity|	v|to cause someone to lose clear vision, especially from intense light|She was dazzled by the bright headlights	v|overcome as with astonishment or disbelief|The news stunned her
dazed	adj|in a state of mental numbness especially as resulting from shock|he had a dazed expression on his face	adj|stunned or confused and slow to react (as from blows or drunkenness or exhaustion)|
dazedly	adv|in a daze; in a dazed manner|he wondered dazedly whether the term after next at his new school wouldn't matter so much
dazzle	v|to cause someone to lose clear vision, especially from intense light|She was dazzled by the bright headlights	v|amaze or bewilder, as with brilliant wit or intellect or skill|Her arguments dazzled everyone	n|brightness enough to blind partially and temporarily|
dazzled	adj|having vision overcome temporarily by or as if by intense light|she shut her dazzled eyes against the sun's brilliance	adj|stupefied or dizzied by something overpowering|I fall back dazzled at beholding myself all rosy red, / At having, I myself, caused the sun to rise."- `Chanticler' by Rostand
dazzling	adj|amazingly impressive; suggestive of the flashing of lightning|the skater's dazzling virtuosic leaps	adj|shining intensely|the blazing sun
dazzlingly	adv|in a manner or to a degree that dazzles the beholder|
db	n|a transuranic element|	n|a logarithmic unit of sound intensity; 10 times the logarithm of the ratio of the sound intensity to some reference intensity|
dba	n|(law) a name under which a corporation conducts business that is not the legal name of the corporation as shown in its articles of incorporation|
dbms	n|a software system that facilitates the creation and maintenance and use of an electronic database|
dc	n|an electric current that flows in one direction steadily|
dccp	n|an agency of the United Nations that promotes drug control and crime prevention|
dd	n|a doctor's degree in religion|
ddc	n|an antiviral drug used to combat HIV infection|
ddi	n|an antiviral drug used to combat HIV infection|
dds	n|a doctor's degree in dental surgery|
de	n|a Mid-Atlantic state; one of the original 13 colonies|
de broglie	n|French nuclear physicist who generalized the wave-particle duality by proposing that particles of matter exhibit wavelike properties (1892-1987)|
de facto	adj|existing in fact whether with lawful authority or not|de facto segregation is as real as segregation imposed by law	adv|in reality or fact|the result was, de facto, a one-party system
de facto segregation	n|segregation (especially in schools) that happens in fact although not required by law|
de gaulle	n|French general and statesman who became very popular during World War II as the leader of the Free French forces in exile (1890-1970)|
de jure	adj|by right; according to law|de jure recognition of the new government	adv|by law; conforming to the law|we are lawfully wedded now
de jure segregation	n|segregation that is imposed by law|
de l'orme	n|French royal architect who built the Tuileries Palace and Gardens in Paris for Catherine de Medicis (1515-1570)|
de la mare	n|English poet remembered for his verse for children (1873-1956)|
de luxe	adj|elegant and sumptuous|a deluxe car
de novo	adv|from the beginning|
de quincey	n|English writer who described the psychological effects of addiction to opium (1785-1859)|
de rigueur	adj|required by etiquette or usage or fashion|instruction as to when and where a silk hat is de rigueur
de sade	n|French soldier and writer whose descriptions of sexual perversion gave rise to the term `sadism' (1740-1814)|
de saussure	n|Swiss linguist and expert in historical linguistics whose lectures laid the foundations for synchronic linguistics (1857-1913)|
de sica	n|Italian film maker (1901-1974)|
de spinoza	n|Dutch philosopher who espoused a pantheistic system (1632-1677)|
de vries	n|Dutch botanist who rediscovered Mendel's laws and developed the mutation theory of evolution (1848-1935)|
de-access	v|dispose of by selling|the museum sold off its collection of French impressionists to raise money
de-aerate	v|remove air or gas from|
de-emphasise	v|reduce the emphasis|
de-emphasize	v|reduce the emphasis|
de-energise	v|deprive of energy|
de-energize	v|deprive of energy|
de-escalate	v|diminish in size, scope, or intensity|The war of words between them de-escalated with time	v|reduce the level or intensity or size or scope of|de-escalate a crisis
de-escalation	n|(war) a reduction in intensity (of a crisis or a war)|
de-ice	v|make or become free of frost or ice|Defrost the car window
de-iodinase	n|an enzyme that removes the iodine radical|
de-iodinate	v|remove iodine from|de-iodinate the thyroxine
de-iodinating	adj|removing iodine from|
de-iodination	n|the removal of iodine atoms from organic compounds|
de-ionate	v|remove ions from|ionate thyroxine
de-nazification	n|social process of removing Nazis from official positions and giving up any allegiance to Nazism|denazification was a slow process
de-stalinisation	n|social process of neutralizing the influence of Joseph Stalin by revising his policies and removing monuments dedicated to him and renaming places named in his honor|his statue was demolished as part of destalinization
de-stalinization	n|social process of neutralizing the influence of Joseph Stalin by revising his policies and removing monuments dedicated to him and renaming places named in his honor|his statue was demolished as part of destalinization
dea	n|federal agency responsible for enforcing laws and regulations governing narcotics and controlled substances; goal is to immobilize drug trafficking organizations|
deaccession	v|sell (art works) from a collection, especially in order to raise money for the purchase of other art works|The museum deaccessioned several important works of this painter
deacon	n|a Protestant layman who assists the minister|	n|a cleric ranking just below a priest in Christian churches; one of the Holy Orders|
deaconess	n|a woman deacon|
deactivate	v|remove from active military status or reassign|The men were deactivated after five years of service	v|make inactive|they deactivated the file
deactivation	n|breaking up a military unit (by transfers or discharges)|	n|the act of deactivating or making ineffective (as a bomb)|
dead	adj|no longer having or seeming to have or expecting to have life|the nerve is dead	adj|not showing characteristics of life especially the capacity to sustain life; no longer exerting force or having energy or heat|Mars is a dead planet	adj|very tired|was all in at the end of the day	adj|unerringly accurate|a dead shot
dead ahead	adv|exactly ahead or in front|the laboratory is dead ahead
dead air	n|an inadvertent interruption in a broadcast during which there is no sound|
dead axle	n|an axle that carries a wheel but without power to drive it|
dead body	n|a natural object consisting of a dead animal or person|they found the body in the lake
dead center	n|the position of a crank when it is in line with the connecting rod and not exerting torque|
dead centre	n|the position of a crank when it is in line with the connecting rod and not exerting torque|
dead drop	n|a drop used for the clandestine exchange of intelligence information|a dead drop avoids the need for an intelligence officer and a spy to be present at the same time
dead duck	n|something doomed to failure|he finally admitted that the legislation was a dead duck
dead end	n|a passage with access only at one end|	n|a situation in which no progress can be made or no advancement is possible|reached an impasse on the negotiations
dead hand	n|real property held inalienably (as by an ecclesiastical corporation)|	n|the oppressive influence of past events or decisions|
dead hand of the past	n|the oppressive influence of past events or decisions|
dead heat	n|a tie in a race|
dead language	n|a language that is no longer learned as a native language|
dead letter	n|the state of something that has outlived its relevance|	n|mail that can neither be delivered nor returned|
dead load	n|a constant load on a structure (e.g. a bridge) due to the weight of the supported structure itself|
dead mail	n|mail that can neither be delivered nor returned|
dead march	n|a slow march to be played for funeral processions|
dead metaphor	n|a metaphor that has occurred so often that it has become a new meaning of the expression (e.g., `he is a snake' may once have been a metaphor but after years of use it has died and become a new sense of the word `snake')|
dead nettle	n|foul-smelling perennial Eurasiatic herb with a green creeping rhizome|	n|any of various plants of the genus Lamium having clusters of small usually purplish flowers with two lips|	n|a plants of the genus Pilea having drooping green flower clusters and smooth translucent stems and leaves|
dead on target	adj|accurately placed or thrown|his aim was true
dead person	n|someone who is no longer alive|I wonder what the dead person would have done
dead reckoning	n|an estimate based on little or no information|	n|navigation without the aid of celestial observations|
dead ringer	n|a person who is almost identical to another|
dead room	n|a building (or room) where dead bodies are kept before burial or cremation|
dead sea	n|a saltwater lake on the border between Israel and Jordan; its surface in 1292 feet below sea level|
dead sea scrolls	n|(Old Testament) a collection of written scrolls (containing nearly all of the Old Testament) found in a cave near the Dead Sea in the late 1940s|the Dead Sea Scrolls provide information about Judaism and the Bible around the time of Jesus
dead set	adj|fixed in your purpose|bent on going to the theater
dead soul	n|someone who is no longer alive|I wonder what the dead person would have done
dead weight	n|an oppressive encumbrance|	n|a heavy motionless weight|
dead-air space	n|an unventilated area where no air circulates|
dead-end	adj|lacking opportunities for development or advancement|stuck in a dead-end job
dead-end street	n|a street with only one way in or out|
dead-man's float	n|a floating position with the face down and arms stretched forward|
dead-man's-fingers	n|the fruiting bodies of the fungi of the genus Xylaria|
dead-men's-fingers	n|the fruiting bodies of the fungi of the genus Xylaria|
dead-on	adj|accurate and to the point|a dead-on feel for characterization
deadbeat	n|someone who fails to meet a financial obligation|
deadbeat dad	n|a father who willfully defaults on his obligation to provide financial support for his offspring|
deadbolt	n|the part of a lock that is engaged or withdrawn with a key|
deaden	v|make vague or obscure or make (an image) less visible|muffle the message	v|cut a girdle around so as to kill by interrupting the circulation of water and nutrients|girdle the plant	v|make vapid or deprive of spirit|deadened wine	v|lessen the momentum or velocity of|deaden a ship's headway
deadened	adj|devoid of physical sensation; numb|his gums were dead from the novocain	adj|made or become less intense|the deadened pangs of hunger
deadening	adj|so lacking in interest as to cause mental weariness|a boring evening with uninteresting people	n|the act of making something futile and useless (as by routine)|
deadeye	n|a dead shot|	n|(nautical) a round hardwood disk with holes and a grooved perimeter used to tighten a shroud|
deadhead	n|a nonenterprising person who is not paying his way|the deadheads on the payroll should be eased out as fast as possible	n|a train or bus or taxi traveling empty|
deadlight	n|a strong shutter over a ship's porthole that is closed in stormy weather|
deadline	n|the point in time at which something must be completed|
deadliness	n|the quality of being deadly|
deadlock	n|a situation in which no progress can be made or no advancement is possible|reached an impasse on the negotiations
deadlocked	adj|at a complete standstill because of opposition of two unrelenting forces or factions|the chess game ended with white stalemated
deadly	adj|causing or capable of causing death|a fatal accident	adj|of an instrument of certain death|deadly poisons	adj|extremely poisonous or injurious; producing venom|venomous snakes	adj|involving loss of divine grace or spiritual death|the seven deadly sins
deadly nightshade	n|poisonous perennial Old World vine having violet flowers and oval coral-red berries; widespread weed in North America|
deadly sin	n|an unpardonable sin entailing a total loss of grace|theologians list seven mortal sins
deadness	n|the quality of being unresponsive; not reacting; as a quality of people, it is marked by a failure to respond quickly or with emotion to people or events|she began to recover from her numb unresponsiveness after the accident	n|the physical property of something that has lost its elasticity|he objected to the deadness of the tennis balls	n|the inanimate property of something that has died|
deadpan	adj|deliberately impassive in manner|deadpan humor	adv|without betraying any feeling|she told the joke deadpan
deadwood	n|a branch or a part of a tree that is dead|	n|someone or something that is unwanted and unneeded|
deae cellulose	n|used for chromatography|
deaerate	v|remove air or gas from|
deaf	adj|lacking or deprived of the sense of hearing wholly or in part|	adj|(usually followed by `to') unwilling or refusing to pay heed|deaf to her warnings	n|people who have severe hearing impairments|many of the deaf use sign language	v|make or render deaf|a deafening noise
deaf as a post	adj|totally deaf; unable to hear anything|
deaf person	n|a person with a severe auditory impairment|
deaf-aid	n|an electronic device that amplifies sound and is worn to compensate for poor hearing|
deaf-and-dumb	adj|lacking the sense of hearing and the ability to speak|
deaf-and-dumb person	n|a deaf person who is unable to speak|
deaf-mute	adj|lacking the sense of hearing and the ability to speak|	n|a deaf person who is unable to speak|
deaf-muteness	n|congenital deafness that results in inability to speak|
deaf-mutism	n|congenital deafness that results in inability to speak|
deafen	v|be unbearably loud|a deafening noise	v|make or render deaf|a deafening noise	v|make soundproof|deafen a room
deafened	adj|caused to hear poorly or not at all|
deafening	adj|loud enough to cause (temporary) hearing loss|
deafness	n|partial or complete loss of hearing|
deal	v|act on verbally or in some form of artistic expression|This book deals with incest	v|take into consideration for exemplifying purposes|Take the case of China	v|take action with respect to (someone or something)|How are we going to deal with this problem?	v|succeed in doing, achieving, or producing (something) with the limited or inadequate means available|We got by on just a gallon of gas
deal out	v|administer or bestow, as in small portions|administer critical remarks to everyone present
dealer	n|someone who purchases and maintains an inventory of goods to be sold|	n|a firm engaged in trading|	n|a seller of illicit goods|a dealer in stolen goods	n|the major party to a financial transaction at a stock exchange; buys and sells for his own account|
dealership	n|a business established or operated under an authorization to sell or distribute a company's goods or services in a particular area|
dealfish	n|deep-sea ribbonfish|
dealignment	n|a process whereby voters are moved toward nonpartisanship thus weakening the structure of political parties|
dealing	n|method or manner of conduct in relation to others|honest dealing	n|the act of transacting within or between groups (as carrying on commercial activities)|no transactions are possible without him
dealings	n|social or verbal interchange (usually followed by `with')|	n|mutual dealings or connections or communications among persons or groups|	n|the act of transacting within or between groups (as carrying on commercial activities)|no transactions are possible without him
dealt out	adj|given out in portions|
deaminate	v|remove the amino radical (usually by hydrolysis) from an amino compound; to perform deamination|
deamination	n|removal of the amino radical from an amino acid or other amino compound|
deaminization	n|removal of the amino radical from an amino acid or other amino compound|
deaminize	v|remove the amino radical (usually by hydrolysis) from an amino compound; to perform deamination|
dean	n|an administrator in charge of a division of a university or college|	n|a man who is the senior member of a group|he is the dean of foreign correspondents	n|(Roman Catholic Church) the head of the College of Cardinals|
dean swift	n|an English satirist born in Ireland (1667-1745)|
deanery	n|the official residence of a dean|	n|the position or office of a dean|
deanship	n|the position or office of a dean|
dear	adj|dearly loved|	adj|with or in a close or intimate relationship|a good friend	adj|sincerely earnest|one's dearest wish	adj|having a high price|costly jewelry
dearest	n|a beloved person; used as terms of endearment|
dearie	n|a special loved one|
dearly	adv|in a sincere and heartfelt manner|I would dearly love to know	adv|at a great cost|he paid dearly for the food	adv|with affection|she loved him dearly
dearly-won	adj|entailing great loss or sacrifice|a dearly-won victory
dearness	n|the quality possessed by something with a great price or value|
dearth	n|an acute insufficiency|	n|an insufficient quantity or number|
deary	n|a special loved one|
death	n|the event of dying or departure from life|her death came as a terrible shock	n|the permanent end of all life functions in an organism or part of an organism|the animal died a painful death	n|the absence of life or state of being dead|he seemed more content in death than he had ever been in life	n|the time when something ends|it was the death of all his plans
death adder	n|venomous Australian snake resembling an adder|
death angel	n|extremely poisonous usually white fungus with a prominent cup-shaped base; differs from edible Agaricus only in its white gills|
death bell	n|a bell rung to announce a death|
death benefit	n|insurance or pension money payable to a beneficiary of a deceased|
death camas	n|any of various plants of the genus Zigadenus having glaucous leaves and terminal racemes of mostly white flowers; all are poisonous|
death camp	n|a concentration camp where prisoners are likely to die or be killed|
death cap	n|extremely poisonous usually white fungus with a prominent cup-shaped base; differs from edible Agaricus only in its white gills|
death chair	n|an instrument of execution by electrocution; resembles an ordinary seat for one person|the murderer was sentenced to die in the chair
death chamber	n|instrument of execution consisting of a sealed chamber into which poison gas is introduced; used to kill people or animals|
death cup	n|extremely poisonous usually white fungus with a prominent cup-shaped base; differs from edible Agaricus only in its white gills|
death duty	n|a tax on the estate of the deceased person|
death house	n|the cellblock in a prison where those condemned to death await execution|
death instinct	n|(psychoanalysis) an unconscious urge to die|
death knell	n|an omen of death or destruction|	n|a bell rung to announce a death|
death mask	n|a cast taken from the face of a dead person|
death penalty	n|putting a condemned person to death|
death rate	n|the ratio of deaths in an area to the population of that area; expressed per 1000 per year|
death row	n|the cellblock in a prison where those condemned to death await execution|
death seat	n|the car seat beside the driver of an automobile; believed to be the most dangerous place to sit in a car in case of an accident|
death squad	n|a clandestine military or paramilitary team who murder political dissidents or petty criminals (usually with the government's tacit approval)|
death tax	n|a tax on the estate of the deceased person|
death toll	n|the number of deaths resulting from some particular cause such as an accident or a battle or a natural disaster|
death valley	n|a desert area that is part of the Mojave Desert in eastern California and southwestern Nevada; contains the lowest point in North America|
death warrant	n|a warrant to execute the death sentence|
death wish	n|(psychoanalysis) an unconscious urge to die|
death's head	n|a human skull (or a representation of a human skull) used as a symbol of death|
death's-head moth	n|European hawkmoth with markings on the back resembling a human skull|
death-roll	n|a list of persons killed in a war or other disaster|
deathbed	n|the last few hours before death|	n|the bed on which a person dies|
deathblow	n|the blow that kills (usually mercifully)|
deathless	adj|never dying|his undying fame
deathlike	adj|having the physical appearance of death|a deathly pallor
deathly	adj|having the physical appearance of death|a deathly pallor	adj|causing or capable of causing death|a fatal accident	adv|to a degree resembling death|he was deathly pale	adv|to an extreme degree|extremely cold
deathrate	n|the ratio of deaths in an area to the population of that area; expressed per 1000 per year|
deathtrap	n|any structure that is very unsafe; where people are likely to be killed|
deathwatch	n|minute wingless psocopterous insects injurious to books and papers|	n|bores through wood making a ticking sound popularly thought to presage death|
deathwatch beetle	n|bores through wood making a ticking sound popularly thought to presage death|
deb	n|a young woman making her debut into society|
debacle	n|a sudden and violent collapse|	n|flooding caused by a tumultuous breakup of ice in a river during the spring or summer|	n|a sound defeat|
debar	v|bar temporarily; from school, office, etc.|	v|prevent the occurrence of; prevent from happening|Let's avoid a confrontation	v|prevent from entering; keep out|He was barred from membership in the club
debark	v|go ashore|The passengers disembarked at Southampton
debarkation	n|the act of passengers and crew getting off of a ship or aircraft|
debarment	n|the state of being debarred (excluded from enjoying certain possessions or rights or practices)|	n|the act of prevention by legal means|they achieved his debarment from holding public office
debase	v|corrupt morally or by intemperance or sensuality|debauch the young people with wine and women	v|lower in value by increasing the base-metal content|	v|corrupt, debase, or make impure by adding a foreign or inferior substance; often by replacing valuable ingredients with inferior ones|adulterate liquor
debased	adj|mixed with impurities|	adj|lowered in value|the dollar is low	adj|ruined in character or quality|
debasement	n|being mixed with extraneous material; the product of adulterating|	n|changing to a lower state (a less respected state)|
debaser	n|a person who lowers the quality or character or value (as by adding cheaper metal to coins)|
debasing	adj|used of conduct; characterized by dishonor|
debatable	adj|open to doubt or debate|If you ever get married, which seems to be extremely problematic	adj|open to argument or debate|that is a moot question	adj|capable of being disproved|
debate	v|argue with one another|We debated the question of abortion	v|think about carefully; weigh|They considered the possibility of a strike	v|discuss the pros and cons of an issue|	v|have an argument about something|
debater	n|someone who engages in debate|
debauch	n|a wild gathering involving excessive drinking and promiscuity|	v|corrupt morally or by intemperance or sensuality|debauch the young people with wine and women
debauched	adj|unrestrained by convention or morality|Congreve draws a debauched aristocratic society
debauchee	n|a dissolute person; usually a man who is morally unrestrained|
debaucher	n|someone who assaults others sexually|
debauchery	n|a wild gathering involving excessive drinking and promiscuity|
debenture	n|the ability of a customer to obtain goods or services before payment, based on the trust that payment will be made in the future|	n|a certificate or voucher acknowledging a debt|
debenture bond	n|the ability of a customer to obtain goods or services before payment, based on the trust that payment will be made in the future|
debile	adj|lacking bodily or muscular strength or vitality|a feeble old woman
debilitate	v|make weak|Life in the camp drained him
debilitated	adj|lacking energy or vitality|
debilitating	adj|impairing the strength and vitality|
debilitation	n|serious weakening and loss of energy|
debilitative	adj|causing debilitation|
debility	n|the state of being weak in health or body (especially from old age)|
debit	n|an accounting entry acknowledging sums that are owing|	v|enter as debit|
debit card	n|a card (usually plastic) that enables the holder to withdraw money or to have the cost of purchases charged directly to the holder's bank account|
debit entry	n|an accounting entry acknowledging sums that are owing|
debit side	n|account of payments owed; usually the left side of a financial statement|
debitor	n|a person who owes a creditor; someone who has the obligation of paying a debt|
debonair	adj|having a sophisticated charm|a debonair gentleman	adj|having a cheerful, lively, and self-confident air|looking chipper, like a man...diverted by his own wit"- Frances G. Patton
debonaire	adj|having a sophisticated charm|a debonair gentleman	adj|having a cheerful, lively, and self-confident air|looking chipper, like a man...diverted by his own wit"- Frances G. Patton
debone	v|remove the bones from|bone the turkey before roasting it
deboned	adj|having had the bones removed|a boneless rib roast
debonnaire	adj|having a sophisticated charm|a debonair gentleman
debouch	v|march out (as from a defile) into open ground|The regiments debouched from the valley	v|pass out or emerge; especially of rivers|The tributary debouched into the big river
debridement	n|surgical removal of foreign material and dead tissue from a wound in order to prevent infection and promote healing|
debrief	v|put someone through a debriefing and make him report|The released hostages were debriefed
debriefing	n|report of a mission or task|
debris	n|the remains of something that has been destroyed or broken up|
debris storm	n|the sudden spread of dust and debris from a collapsing building|the destruction of the building produced an enormous debris surge
debris surge	n|the sudden spread of dust and debris from a collapsing building|the destruction of the building produced an enormous debris surge
debt	n|the state of owing something (especially money)|he is badly in debt	n|money or goods or services owed by one person to another|	n|an obligation to pay or do something|
debt ceiling	n|the maximum borrowing power of a governmental entity|
debt instrument	n|a written promise to repay a debt|
debt limit	n|the maximum borrowing power of a governmental entity|
debtor	n|a person who owes a creditor; someone who has the obligation of paying a debt|
debug	v|locate and correct errors in a computer program code|debug this program
debugger	n|a program that helps in locating and correcting programming errors|
debunk	v|expose while ridiculing; especially of pretentious or false claims and ideas|The physicist debunked the psychic's claims
debunking	n|the exposure of falseness or pretensions|the debunking of religion has been too successful
debussy	n|French composer who is said to have created Impressionism in music (1862-1918)|
debut	v|present for the first time to the public|The band debuts a new song or two each month	v|appear for the first time in public|The new ballet that debuts next months at Covent Garden, is already sold out	v|make one's debut|This young soprano debuts next month at the Metropolitan Opera	n|the act of beginning something new|they looked forward to the debut of their new product line
debutante	n|a young woman making her debut into society|
dec	n|the last (12th) month of the year|	n|(astronomy) the angular distance of a celestial body north or to the south of the celestial equator; expressed in degrees; used with right ascension to specify positions on the celestial sphere|
dec 24	n|the day before Christmas|
dec 25	n|a Christian holiday celebrating the birth of Christ; a quarter day in England, Wales, and Ireland|
decade	n|a period of 10 years|	n|the cardinal number that is the sum of nine and one; the base of the decimal system|
decadence	n|the state of being degenerate in mental or moral qualities|
decadency	n|the state of being degenerate in mental or moral qualities|
decadent	adj|luxuriously self-indulgent|I spent a decadent day at a spa	adj|marked by excessive self-indulgence and moral decay|a decadent life of excessive money and no sense of responsibility	n|a person who has fallen into a decadent state (morally or artistically)|
decadron	n|a corticosteroid drug (trade names Decadron or Dexamethasone Intensol or Dexone or Hexadrol or Oradexon) used to treat allergies or inflammation|
decaf	n|coffee with the caffeine removed|
decaffeinate	v|remove caffeine from (coffee)|
decaffeinated coffee	n|coffee with the caffeine removed|
decagon	n|a polygon with 10 sides and 10 angles|
decagram	n|10 grams|
decahedron	n|any polyhedron having ten plane faces|
decal	n|either a design that is fixed to some surface or a paper bearing the design which is to be transferred to the surface|
decalcification	n|loss of calcium from bones or teeth|
decalcify	v|lose calcium or calcium compounds|	v|remove calcium or lime from|decalcify the rock
decalcomania	n|either a design that is fixed to some surface or a paper bearing the design which is to be transferred to the surface|	n|the art of transfering designs from specially prepared paper to a wood or glass or metal surface|
decalescence	n|phenomenon that occurs when a metal is being heated and there is a sudden slowing in the rate of temperature increase; slowing is caused by a change in the internal crystal structure of the metal|
decalescent	adj|absorbing heat without increase in temperature when heated beyond a certain point|the decalescent point of steel
decaliter	n|a metric unit of volume or capacity equal to 10 liters|
decalitre	n|a metric unit of volume or capacity equal to 10 liters|
decalogue	n|the biblical commandments of Moses|
decameter	n|a metric unit of length equal to ten meters|
decametre	n|a metric unit of length equal to ten meters|
decamp	v|leave a camp|The hikers decamped before dawn	v|run away; usually includes taking something or somebody along|The thief made off with our silver	v|leave suddenly|She persuaded him to decamp
decampment	n|the act of running away secretly (as to avoid arrest)|	n|breaking camp|
decanedioic acid	n|a dicarboxylic acid used to make resins|
decanoic acid	n|a fatty acid found in animal oils and fats; has an unpleasant smell resembling goats|
decant	v|pour out|the sommelier decanted the wines
decantation	n|the act of gently pouring off a clear liquor (as from its original bottle) without disturbing the lees|
decanter	n|a bottle with a stopper; for serving wine or water|
decapitate	v|cut the head of|the French King was beheaded during the Revolution
decapitated	adj|having had the head cut off|the beheaded prisoners
decapitation	n|execution by cutting off the victim's head|	n|killing by cutting off the head|
decapod	n|crustaceans characteristically having five pairs of locomotor appendages each joined to a segment of the thorax|	n|cephalopods having eight short tentacles plus two long ones|
decapod crustacean	n|crustaceans characteristically having five pairs of locomotor appendages each joined to a segment of the thorax|
decapoda	n|lobsters; crayfish; crabs; shrimps; prawns|	n|squids and cuttlefishes|
decapterus	n|scads especially mackerel scad; cosmopolitan in distribution|
decapterus macarellus	n|small silvery fish; Nova Scotia to Brazil|
decapterus punctatus	n|small fusiform fish of western Atlantic|
decarbonate	v|remove carbon dioxide from|
decarbonise	v|remove carbon from (an engine)|
decarbonize	v|remove carbon from (an engine)|
decarboxylase	n|any of the enzymes that hydrolize the carboxyl group|
decarboxylate	v|lose a carboxyl group|the compound decarboxylated	v|remove a carboxyl group from (a chemical compound)|
decarboxylation	n|the process of removing a carboxyl group from a chemical compound (usually replacing it with hydrogen)|
decarburise	v|remove carbon from (an engine)|
decarburize	v|remove carbon from (an engine)|
decasyllabic	adj|having or characterized by or consisting of ten syllables|
decasyllable	n|a verse line having ten syllables|
decathlon	n|an athletic contest consisting of ten different events|
decatur	n|a city in central Illinois; Abraham Lincoln practiced law here|	n|a town in northern Alabama on the Tennessee River|
decay	n|the process of gradually becoming inferior|	n|a gradual decrease; as of stored charge or current|	n|the organic phenomenon of rotting|	n|an inferior state resulting from the process of decaying|the corpse was in an advanced state of decay
decayable	adj|liable to decay or spoil or become putrid|
decayed	adj|damaged by decay; hence unsound and useless|rotten floor boards
deccan hemp	n|fiber from an East Indian plant Hibiscus cannabinus|	n|valuable fiber plant of East Indies now widespread in cultivation|
decease	n|the event of dying or departure from life|her death came as a terrible shock	v|pass from physical life and lose all bodily attributes and functions necessary to sustain life|She died from cancer
deceased	adj|dead|he is deceased	n|someone who is no longer alive|I wonder what the dead person would have done
deceased person	n|someone who is no longer alive|I wonder what the dead person would have done
decedent	n|someone who is no longer alive|I wonder what the dead person would have done
deceit	n|the quality of being fraudulent|	n|a misleading falsehood|	n|the act of deceiving|
deceitful	adj|intended to deceive|deceitful advertising	adj|marked by deliberate deceptiveness especially by pretending one set of feelings and acting under the influence of another|she was a deceitful scheming little thing"- Israel Zangwill
deceitfully	adv|in a corrupt and deceitful manner|he acted dishonestly when he gave the contract to his best friend
deceitfulness	n|the quality of being crafty|
deceive	v|be false to; be dishonest with|	v|cause someone to believe an untruth|The insurance company deceived me when they told me they were covering my house
deceiver	n|someone who leads you to believe something that is not true|
deceivingly	adv|in a misleading way|the exam looked deceptively easy
decelerate	v|lose velocity; move more slowly|The car decelerated	v|reduce the speed of|He slowed down the car
deceleration	n|a decrease in rate of change|the deceleration of the arms race	n|(physics) a rate of decrease in velocity|	n|the act of decelerating; decreasing the speed|he initiated deceleration by braking
december	n|the last (12th) month of the year|
december 31	n|the last day of the year|
december 8	n|Roman Catholic holy day first celebrated in 1854|
decency	n|the quality of conforming to standards of propriety and morality|	n|the quality of being polite and respectable|
decennary	n|a period of 10 years|
decennium	n|a period of 10 years|
decent	adj|socially or conventionally correct; refined or virtuous|from a decent family	adj|in harmony with the spirit of particular persons or occasion|a decent burial	adj|conforming to conventions of sexual behavior|speech in this circle, if not always decent, never became lewd"- George Santayana	adj|sufficiently clothed to see visitors or appear in public|are you decent?
decentalisation	n|the social process in which population and industry moves from urban centers to outlying districts|
decently	adv|in a decent manner|they don't know how to dress decently	adv|in the right manner; correctly; suitably|please do your job properly!
decentralisation	n|the spread of power away from the center to local branches or governments|
decentralise	v|make less central|After the revolution, food distribution was decentralized
decentralised	adj|withdrawn from a center or place of concentration; especially having power or function dispersed from a central to local authorities|a decentralized school administration
decentralising	adj|tending away from a central point|
decentralization	n|the social process in which population and industry moves from urban centers to outlying districts|	n|the spread of power away from the center to local branches or governments|
decentralize	v|make less central|After the revolution, food distribution was decentralized
decentralized	adj|withdrawn from a center or place of concentration; especially having power or function dispersed from a central to local authorities|a decentralized school administration
decentralizing	adj|tending away from a central point|
deception	n|a misleading falsehood|	n|the act of deceiving|	n|an illusory feat; considered magical by naive observers|
deceptive	adj|causing one to believe what is not true or fail to believe what is true|deceptive calm	adj|designed to deceive or mislead either deliberately or inadvertently|the deceptive calm in the eye of the storm
deceptively	adv|in a misleading way|the exam looked deceptively easy
deceptiveness	n|the quality of being deceptive|
decerebrate	v|remove the cerebrum from (a human body)|
dechlorinate	v|remove chlorine from (water)|
decibel	n|a logarithmic unit of sound intensity; 10 times the logarithm of the ratio of the sound intensity to some reference intensity|
decide	v|reach, make, or come to a decision about something|We finally decided after lengthy deliberations	v|bring to an end; settle conclusively|The case was decided	v|cause to decide|This new development finally decided me!	v|influence or determine|The vote in New Hampshire often decides the outcome of the Presidential election
decided	adj|recognizable; marked|noticed a distinct improvement
decidedly	adv|without question and beyond doubt|it was decidedly too expensive
deciding	adj|having the power or quality of deciding|the crucial experiment	n|the cognitive process of reaching a decision|a good executive must be good at decision making
decidua	n|the epithelial tissue of the endometrium|
deciduous	adj|(of plants and shrubs) shedding foliage at the end of the growing season|	adj|(of teeth, antlers, etc.) being shed at the end of a period of growth|deciduous teeth
deciduous holly	n|a holly tree|
deciduous plant	n|a plant having foliage that is shed annually at the end of the growing season|
deciduous tooth	n|one of the first temporary teeth of a young mammal (one of 20 in children)|
decigram	n|1/10 gram|
decile	n|(statistics) any of nine points that divided a distribution of ranked scores into equal intervals where each interval contains one-tenth of the scores|
deciliter	n|a metric unit of volume equal to one tenth of a liter|
decilitre	n|a metric unit of volume equal to one tenth of a liter|
decimal	adj|numbered or proceeding by tens; based on ten|the decimal system	n|a proper fraction whose denominator is a power of 10|	n|a number in the decimal system|
decimal digit	n|a digit from 0 to 9 in decimal notation|
decimal fraction	n|a proper fraction whose denominator is a power of 10|
decimal notation	n|any notation that uses 10 different characters (usually the digits 0 to 9)|
decimal number system	n|a positional system of numeration that uses decimal digits and a base of ten|
decimal numeration system	n|a positional system of numeration that uses decimal digits and a base of ten|
decimal point	n|the dot at the left of a decimal fraction|
decimal system	n|a positional system of numeration that uses decimal digits and a base of ten|
decimal system of classification	n|a system used by libraries to classify nonfictional publications into subject categories; the subject is indicated by a three-digit numeral and further specification is given by numerals following a decimal point; publications are shelved by number|
decimalisation	n|the act of changing to a decimal system|the decimalization of British currency
decimalise	v|change from fractions to decimals|Stock prices will be decimalized in the year 2000	v|change to the decimal system|The country decimalized the currency in 1975
decimalization	n|the act of changing to a decimal system|the decimalization of British currency
decimalize	v|change from fractions to decimals|Stock prices will be decimalized in the year 2000	v|change to the decimal system|The country decimalized the currency in 1975
decimate	v|kill one in every ten, as of mutineers in Roman armies|	v|kill in large numbers|the plague wiped out an entire population
decimation	n|destroying or killing a large part of the population (literally every tenth person as chosen by lot)|
decimeter	n|a metric unit of length equal to one tenth of a meter|
decimetre	n|a metric unit of length equal to one tenth of a meter|
decimus junius juvenalis	n|Roman satirist who denounced the vice and folly of Roman society during the reign of the emperor Domitian (60-140)|
decipher	v|convert code into ordinary language|	v|read with difficulty|Can you decipher this letter?
decipherable	adj|easily deciphered|
decipherably	adv|in a legible manner|you must write legibly
deciphered	adj|converted from cryptic to intelligible language|
decipherer	n|the kind of intellectual who converts messages from a code to plain text|	n|a reader capable of reading and interpreting illegible or obscure text|
decipherment	n|the activity of making clear or converting from code into plain text|a secret key or password is required for decryption
decision	n|the act of making up your mind about something|the burden of decision was his	n|a position or opinion or judgment reached after consideration|a decision unfavorable to the opposition	n|(boxing) a victory won on points when no knockout has occurred|had little trouble in taking a unanimous decision over his opponent	n|the outcome of a game or contest|the team dropped three decisions in a row
decision maker	n|someone who administers a business|
decision making	n|the cognitive process of reaching a decision|a good executive must be good at decision making
decision table	n|a table of all contingencies and the actions to be taken for each|
decisive	adj|determining or having the power to determine an outcome|cast the decisive vote	adj|unmistakable|had a decisive lead in the polls	adj|characterized by decision and firmness|an able and decisive young woman	adj|forming or having the nature of a turning point or crisis|a critical point in the campaign
decisive factor	n|a point or fact or remark that settles something conclusively|
decisively	adv|with firmness|`I will come along,' she said decisively	adv|with finality; conclusively|the voted settled the argument decisively	adv|in an indisputable degree|the Fisher Act of 1918 decisively raised their status and pay
decisiveness	n|the trait of resoluteness as evidenced by firmness of character or purpose|a man of unusual decisiveness	n|the quality of being final or definitely settled|the finality of death
decius	n|Emperor of Rome who was proclaimed emperor against his will; his reign was notable for his severe persecution of Christians (201-251)|
deck	n|any of various platforms built into a vessel|	n|street name for a packet of illegal drugs|	n|a pack of 52 playing cards|	n|a porch that resembles the deck on a ship|
deck chair	n|a folding chair for use outdoors; a wooden frame supports a length of canvas|
deck of cards	n|a pack of 52 playing cards|
deck out	v|put on special clothes to appear particularly appealing and attractive|She never dresses up, even when she goes to the opera
deck tennis	n|game played mainly on board ocean liners; players toss a ring back and forth over a net that is stretched across a small court|
deck up	v|put on special clothes to appear particularly appealing and attractive|She never dresses up, even when she goes to the opera
deck-house	n|a superstructure on the upper deck of a ship|
decker	n|English dramatist and pamphleteer (1572-1632)|	n|(often used in combinations) something constructed with multiple levels|they rode in a double-decker bus
deckhand	n|a member of a ship's crew who performs manual labor|
deckle	n|rough edge left by a deckle on handmade paper or produced artificially on machine-made paper|	n|(paper making) a frame used to form paper pulp into sheets|
deckle edge	n|rough edge left by a deckle on handmade paper or produced artificially on machine-made paper|
deckle-edged	adj|having a rough edge; used of handmade paper or paper resembling handmade|
deckled	adj|having a rough edge; used of handmade paper or paper resembling handmade|
declaim	v|recite in elocution|	v|speak against in an impassioned manner|he declaimed against the wasteful ways of modern society
declamation	n|vehement oratory|	n|recitation of a speech from memory with studied gestures and intonation as an exercise in elocution or rhetoric|
declamatory	adj|ostentatiously lofty in style|a man given to large talk
declarable	adj|that must be declared|declarable income
declaration	n|a statement that is emphatic and explicit (spoken or written)|	n|(law) unsworn statement that can be admitted in evidence in a legal transaction|his declaration of innocence	n|a statement of taxable goods or of dutiable properties|	n|(contract bridge) the highest bid becomes the contract setting the number of tricks that the bidder must make|
declaration of estimated tax	n|return required of a taxpayer whose tax withheld from income does not meet the tax liability for the year|
declaration of independence	n|the document recording the proclamation of the second Continental Congress (4 July 1776) asserting the independence of the Colonies from Great Britain|
declarative	adj|relating to the use of or having the nature of a declaration|	adj|relating to the mood of verbs that is used simple in declarative statements|indicative mood	n|a mood (grammatically unmarked) that represents the act or state as an objective fact|
declarative mood	n|a mood (grammatically unmarked) that represents the act or state as an objective fact|
declarative sentence	n|a sentence (in the indicative mood) that makes a declaration|
declaratory	adj|relating to the use of or having the nature of a declaration|
declaratory sentence	n|a sentence (in the indicative mood) that makes a declaration|
declare	v|state emphatically and authoritatively|He declared that he needed more money to carry out the task he was charged with	v|announce publicly or officially|The President declared war	v|state firmly|He declared that he was innocent	v|declare to be|She was declared incompetent
declare oneself	v|ask (someone) to marry you|he popped the question on Sunday night
declared	adj|made known or openly avowed|their declared and their covert objectives	adj|declared as fact; explicitly stated|
declarer	n|the bridge player in contract bridge who wins the bidding and can declare which suit is to be trumps|	n|someone who claims to speak the truth|a bold asserter
declassification	n|reduction or removal by the government of restrictions on a classified document or weapon|
declassified	adj|having had security classification removed|
declassify	v|lift the restriction on and make available again|reclassify the documents
declaw	v|remove the claws from|declaw a cat
declension	n|the inflection of nouns and pronouns and adjectives in Indo-European languages|	n|process of changing to an inferior state|	n|a downward slope or bend|	n|a class of nouns or pronouns or adjectives in Indo-European languages having the same (or very similar) inflectional forms|the first declension in Latin
declination	n|a condition inferior to an earlier condition; a gradual falling off from a better state|	n|a downward slope or bend|	n|(astronomy) the angular distance of a celestial body north or to the south of the celestial equator; expressed in degrees; used with right ascension to specify positions on the celestial sphere|	n|a polite refusal of an invitation|
decline	v|grow worse|Conditions in the slum worsened	v|refuse to accept|He refused my offer of hospitality	v|show unwillingness towards|he declined to join the group on a hike	v|grow smaller|Interest in the project waned
decline in quality	n|process of changing to an inferior state|
declinometer	n|an instrument for measuring magnetic declination|
declivitous	adj|sloping down rather steeply|
declivity	n|a downward slope or bend|
declomycin	n|tetracycline antibacterial (trade name Declomycin) effective in the treatment of some bacterial and rickettsial and other infections|
declutch	v|disengage the clutch of a car|
deco	n|a style of design that was popular in the 1920s and 1930s; marked by stylized forms and geometric designs adapted to mass production|
decoagulant	n|medicine that prevents or retards the clotting of blood|
decoct	v|extract the essence of something by boiling it|	v|be cooked until very little liquid is left|The sauce should reduce to one cup	v|steep in hot water|
decoction	n|(pharmacology) the extraction of water-soluble drug substances by boiling|
decoction mashing	n|(brewing) a process in which part of the mash is removed and boiled and then returned|
decoction process	n|(brewing) a process in which part of the mash is removed and boiled and then returned|
decode	v|convert code into ordinary language|
decoder	n|the kind of intellectual who converts messages from a code to plain text|	n|a machine that converts a coded text into ordinary language|
decoding	n|the activity of making clear or converting from code into plain text|a secret key or password is required for decryption
decoke	v|remove carbon from (an engine)|
decollate	v|cut the head of|the French King was beheaded during the Revolution
decolletage	n|a low-cut neckline on a woman's dress|
decollete	adj|(of a garment) having a low-cut neckline|a low-cut neckline
decolonisation	n|the action of changing from colonial to independent status|
decolonise	v|grant independence to (a former colony)|West Africa was decolonized in the early 1960's
decolonization	n|the action of changing from colonial to independent status|
decolonize	v|grant independence to (a former colony)|West Africa was decolonized in the early 1960's
decolor	v|remove color from|The sun bleached the red shirt
decolorise	v|remove color from|The sun bleached the red shirt
decolorize	v|remove color from|The sun bleached the red shirt
decolour	v|remove color from|The sun bleached the red shirt
decolourise	v|remove color from|The sun bleached the red shirt
decolourize	v|remove color from|The sun bleached the red shirt
decommission	v|withdraw from active service|The warship was decommissioned in 1998
decomposable	adj|capable of being partitioned|
decompose	v|separate (substances) into constituent elements or parts|	v|lose a stored charge, magnetic flux, or current|the particles disintegrated during the nuclear fission process	v|break down|The bodies decomposed in the heat
decomposition	n|the analysis of a vector field|	n|in a decomposed state|	n|(chemistry) separation of a substance into two or more substances that may differ from each other and from the original substance|	n|(biology) the process of decay caused by bacterial or fungal action|
decomposition reaction	n|(chemistry) separation of a substance into two or more substances that may differ from each other and from the original substance|
decompositional	adj|causing organic decay|
decompound	adj|of a compound leaf; consisting of divisions that are themselves compound|
decompound leaf	n|a leaf having divisions that are themselves compound|
decompress	v|restore to its uncompressed form|decompress data	v|decrease the pressure of|depressurize the cabin in the air plane	v|become less tense, rest, or take one's ease|He relaxed in the hot tub
decompressing	n|relieving pressure (especially bringing a compressed person gradually back to atmospheric pressure)|
decompression	n|restoring compressed information to its normal form for use or display|	n|relieving pressure (especially bringing a compressed person gradually back to atmospheric pressure)|
decompression sickness	n|pain resulting from rapid change in pressure|
deconcentrate	v|make less central|After the revolution, food distribution was decentralized
decongestant	n|a drug that decreases pulmonary congestion|
deconsecrate	v|remove the consecration from a person or an object|
deconsecrated	adj|divested of consecration|
deconstruct	v|interpret (a text or an artwork) by the method of deconstructing|
deconstruction	n|a philosophical theory of criticism (usually of literature or film) that seeks to expose deep-seated contradictions in a work by delving below its surface meaning|
deconstructionism	n|a philosophical theory of criticism (usually of literature or film) that seeks to expose deep-seated contradictions in a work by delving below its surface meaning|
deconstructionist	adj|of or concerned with the philosophical theory of literature known as deconstructionism|deconstructionist criticism
deconstructivism	n|a school of architecture based on the philosophical theory of deconstruction|
decontaminate	v|rid of contamination|The soil around the housing development had to be decontaminated by the city
decontamination	n|the removal of contaminants|
decontrol	v|relax or remove controls of|decontrol marijuana
decor	n|decoration consisting of the layout and furnishings of a livable interior|
decorate	v|make more attractive by adding ornament, colour, etc.|Decorate the room for the party	v|be beautiful to look at|Flowers adorned the tables everywhere	v|award a mark of honor, such as a medal, to|He was decorated for his services in the military	v|provide with decoration|dress the windows
decorated	adj|provided with something intended to increase its beauty or distinction|
decoration	n|something used to beautify|	n|an award for winning a championship or commemorating some other event|	n|the act of decorating something (in the hope of making it more attractive)|
decorative	adj|serving an esthetic rather than a useful purpose|cosmetic fenders on cars
decoratively	adv|in a decorative manner|used decoratively at Christmas
decorativeness	n|an appearance that serves to decorate and make something more attractive|
decorator	n|a person who specializes in interior decoration|	n|someone who decorates|
decorous	adj|characterized by propriety and dignity and good taste in manners and conduct|the tete-a-tete was decorous in the extreme	adj|according with custom or propriety|her becoming modesty
decorously	adv|in a proper and decorous manner|he pretended to be pleased and applauded decorously
decorousness	n|propriety in manners and conduct|
decorticate	v|remove the outer layer of|decorticate a tree branch	v|remove the cortex of (an organ)|
decortication	n|removal of the outer covering of an organ or part|
decorum	n|propriety in manners and conduct|
decoupage	n|art produced by decorating a surface with cutouts and then coating it with several layers of varnish or lacquer|	n|the art of decorating a surface with shapes or pictures and then coating it with varnish or lacquer|
decouple	v|disconnect or separate|uncouple the hounds	v|regard as unconnected|you must dissociate these two events!	v|eliminate airborne shock waves from (an explosive)|	v|reduce or eliminate the coupling of (one circuit or part to another)|
decoy	n|a beguiler who leads someone into danger (usually as part of a plot)|	n|something used to lure fish or other animals into danger so they can be trapped or killed|	v|lure or entrap with or as if with a decoy|
decrease	v|decrease in size, extent, or range|The amount of homework decreased towards the end of the semester	v|make smaller|He decreased his staff	n|a change downward|there was a decrease in his temperature as the fever subsided	n|a process of becoming smaller or shorter|
decreased	adj|made less in size or amount or degree|
decreasing	adj|becoming less or smaller|	adj|(music) decreasing in tempo and/or volume|
decreasing monotonic	adj|consistently decreasing|a decreasing monotonic function
decree	n|a legally binding command or decision entered on the court record (as if issued by a court or judge)|a friend in New Mexico said that the order caused no trouble out there	v|issue a decree|The King only can decree	v|decide with authority|The King decreed that all firstborn males should be killed
decree nisi	n|a decree issued on a first petition for divorce; becomes absolute at some later date|
decreed	adj|fixed or established especially by order or command|at the time appointed (or the appointed time)
decrement	n|the amount by which something decreases|	n|a process of becoming smaller or shorter|
decrepit	adj|worn and broken down by hard use|a creaky shack	adj|lacking bodily or muscular strength or vitality|a feeble old woman
decrepitate	v|undergo decrepitation and crackle|The salt decrepitated	v|to roast or calcine so as to cause to crackle or until crackling stops|decrepitate salts
decrepitation	n|the crackling or breaking up of certain crystals when they are heated|
decrepitude	n|a state of deterioration due to old age or long use|
decrescendo	adj|(music) gradually decreasing in volume|	n|(music) a gradual decrease in loudness|	v|grow quieter|The music decrescendoes here
decriminalisation	n|legislation that makes something legal that was formerly illegal|
decriminalise	v|make legal|Marijuana should be legalized
decriminalization	n|legislation that makes something legal that was formerly illegal|
decriminalize	v|make legal|Marijuana should be legalized
decry	v|express strong disapproval of|We condemn the racism in South Africa
decrypt	v|convert code into ordinary language|
decryption	n|the activity of making clear or converting from code into plain text|a secret key or password is required for decryption
decubitus	n|a reclining position (as in a bed)|
decubitus ulcer	n|a chronic ulcer of the skin caused by prolonged pressure on it (as in bedridden patients)|
decumaria	n|small genus of woody climbers with adhesive aerial roots; sometimes placed in family Saxifragaceae|
decumbent	adj|lying down; in a position of comfort or rest|
decurved	adj|bent down or curved downward|the decurved bill of a curlew
decussate	adj|crossed or intersected in the form of an X|	v|cross or intersect so as to form a cross|this nerve decussates the other
decussation	n|an intersection or crossing of two tracts in the form of the letter X|
ded	n|a doctor's degree in education|
dedicate	v|give entirely to a specific person, activity, or cause|She committed herself to the work of God	v|open to public use, as of a highway, park, or building|The Beauty Queen spends her time dedicating parks and nursing homes	v|inscribe or address by way of compliment|She dedicated her book to her parents	v|set apart to sacred uses with solemn rites, of a church|
dedicated	adj|devoted to a cause or ideal or purpose|a dedicated dancer	adj|solemnly dedicated to or set apart for a high or sacred purpose|a life consecrated to science
dedicated file server	n|(computer science) a file server that can be used only as a file server|
dedication	n|complete and wholehearted fidelity|	n|a ceremony in which something (as a building) is dedicated to some goal or purpose|	n|a message that makes a pledge|	n|a short message (as in a book or musical work or on a photograph) dedicating it to someone or something|
dedifferentiate	v|lose specialization in form or function|
dedifferentiated	adj|having experienced or undergone dedifferentiation or the loss of specialization in form or function|the hebephrenic--the most severely dedifferentiated of all schizophrenic patients
dedifferentiation	n|the loss of specialization in form or function|
deduce	v|reason by deduction; establish by deduction|	v|conclude by reasoning; in logic|
deducible	adj|capable of being deduced|
deduct	v|make a subtraction|subtract this amount from my paycheck	v|retain and refrain from disbursing; of payments|My employer is withholding taxes	v|reason by deduction; establish by deduction|
deductible	adj|acceptable as a deduction (especially as a tax deduction)|	n|(taxes) an amount that can be deducted (especially for the purposes of calculating income tax)|	n|a clause in an insurance policy that relieves the insurer of responsibility to pay the initial loss up to a stated amount|
deduction	n|a reduction in the gross amount on which a tax is calculated; reduces taxes by the percentage fixed for the taxpayer's income bracket|	n|an amount or percentage deducted|	n|something that is inferred (deduced or entailed or implied)|his resignation had political implications	n|reasoning from the general to the particular (or from cause to effect)|
deductive	adj|relating to logical deduction|deductive reasoning	adj|involving inferences from general principles|
deductive reasoning	n|reasoning from the general to the particular (or from cause to effect)|
deed	n|a legal document signed and sealed and delivered to effect a transfer of property and to show the legal right to possess it|he signed the deed	n|something that people do or cause to happen|
deed of conveyance	n|a legal document signed and sealed and delivered to effect a transfer of property and to show the legal right to possess it|he signed the deed
deed of trust	n|a written instrument legally conveying property to a trustee often used to secure an obligation such as a mortgage or promissory note|
deed over	v|transfer by deed|grant land
deed poll	n|a deed made and executed by only one party|
deedbox	n|a strongly made box for holding money or valuables; can be locked|
deeds	n|performance of moral or religious acts|salvation by deeds
deem	v|keep in mind or convey as a conviction or view|take for granted
deep	adj|relatively deep or strong; affecting one deeply|a deep breath	adj|marked by depth of thinking|deep thoughts	adj|having great spatial extension or penetration downward or inward from an outer surface or backward or laterally or outward from a center; sometimes used in combination|a deep well	adj|very distant in time or space|deep in the past
deep brown	n|a medium brown to dark-brown color|
deep cervical vein	n|a vein that accompanies an artery of the same name|
deep down	adv|in reality|she is very kind at heart
deep fording	n|fording at a deep place in the stream|
deep freeze	n|temporary inactivity or suspension|the legislation has now been revived after ten years in the deep freeze	v|store in a deep-freeze, as for conservation|deep-freeze the food
deep freezer	n|electric refrigerator (trade name Deepfreeze) in which food is frozen and stored for long periods of time|
deep kiss	n|an openmouthed kiss in which your tongue is inserted into the other's mouth|
deep middle cerebral vein	n|accompanies the middle cerebral artery deep in the Sylvian fissure; empties into the basal vein|
deep pockets	n|(plural) a source of substantial wealth|a patron of the arts should have deep pockets
deep red	n|a deep and vivid red color|
deep space	n|any region in space outside the solar system|
deep supporting fire	n|fire on objectives not in the immediate vicinity of your forces but with the objective of destroying enemy reserves and weapons and interfering with the enemy command and supply and communications|
deep temporal vein	n|temporal veins that empty into the pterygoid plexus|
deep water	n|serious trouble|
deep-chested	adj|thick in the chest|a deep-chested breed of dog
deep-dish pie	n|a pie made of fruit with rich biscuit dough usually only on top of the fruit|
deep-dye	v|dye thoroughly|
deep-eyed	adj|characteristic of the bony face of a cadaver|
deep-fat-fry	v|fry in deep fat|deep-fry the potato chips
deep-freeze	n|electric refrigerator (trade name Deepfreeze) in which food is frozen and stored for long periods of time|
deep-fried	adj|cooked by frying in fat|
deep-fry	v|cook by immersing in fat|french-fry the potatoes
deep-laid	adj|secretly and carefully planned|deep-laid plans
deep-lobed	adj|having deep bilateral lobes|
deep-mined	adj|of coal, as contrasted with coal obtained from a strip mine|deep-mined coal
deep-pink	adj|of a deep shade of pink|
deep-rooted	adj|(used especially of ideas or principles) deeply rooted; firmly fixed or held|deep-rooted prejudice
deep-sea	adj|of or taking place in the deeper parts of the sea|deep-sea fishing
deep-sea diver	n|a diver in the deeper parts of the sea|
deep-seated	adj|(used especially of ideas or principles) deeply rooted; firmly fixed or held|deep-rooted prejudice
deep-set	adj|having a sunken area|hunger gave their faces a sunken look
deep-six	v|toss out; get rid of|deep-six these old souvenirs!	v|throw from a boat|
deep-water	adj|of or carried on in waters of great depth|a deep-water port
deep-yellow	adj|of something having the color of a pumpkin|
deepen	v|make more intense, stronger, or more marked|The efforts were intensified	v|become more intense|The debate intensified	v|make deeper|They deepened the lake so that bigger pleasure boats could use it	v|become deeper in tone|His voice began to change when he was 12 years old
deepening	n|a process of becoming deeper and more profound|	adj|accumulating and becoming more intense|the deepening gloom
deepfreeze	n|electric refrigerator (trade name Deepfreeze) in which food is frozen and stored for long periods of time|
deeply	adv|to a great depth psychologically or emotionally|They felt the loss deeply	adv|to a great depth; far down or in|dived deeply
deepness	n|the intellectual ability to penetrate deeply into ideas|	n|the quality of being physically deep|the profundity of the mine was almost a mile	n|the extent downward or backward or inward|the depth of the water	n|a low pitch that is loud and voluminous|
deepwater pipefish	n|a fish 8 inches long; found from eastern Florida to western Caribbean|
deepwater squirrelfish	n|a squirrelfish found from South Carolina to Bermuda and Gulf of Mexico|
deer	n|distinguished from Bovidae by the male's having solid deciduous antlers|
deer fern	n|fern with erect fronds of Europe and western North America; often cultivated for deer browse|
deer fly fever	n|a highly infectious disease of rodents (especially rabbits and squirrels) and sometimes transmitted to humans by ticks or flies or by handling infected animals|
deer grass	n|any of several plants of the genus Rhexia usually having pink-purple to magenta flowers; eastern North America|
deer hunt	n|hunting deer|
deer hunter	n|hunter of deer|
deer hunting	n|hunting deer|
deer mouse	n|brownish New World mouse; most widely distributed member of the genus|
deer mushroom	n|a small edible agaric with a slender stalk; usually found on rotting hardwoods|
deer tick	n|a northeastern tick now recognized as same species as Ixodes scapularis|
deer trail	n|a trail worn by the passage of deer|
deer's-ear	n|any of various tall perennial herbs constituting the genus Frasera; widely distributed in warm dry upland areas of California, Oregon, and Washington|
deer's-ears	n|any of various tall perennial herbs constituting the genus Frasera; widely distributed in warm dry upland areas of California, Oregon, and Washington|
deerhound	n|very large and tall rough-coated dog bred for hunting deer; known as the royal dog of Scotland|
deerskin	n|leather from the hide of a deer|
deerstalker	n|a tight-fitting hat with visors front and back; formerly worn by hunters|
deerstalking	n|stalking deer|
deface	v|mar or spoil the appearance of|scars defaced her cheeks
defacement	n|the act of damaging the appearance or surface of something|the defacement of an Italian mosaic during the Turkish invasion
defalcate	v|appropriate (as property entrusted to one's care) fraudulently to one's own use|The accountant embezzled thousands of dollars while working for the wealthy family
defalcation	n|the sum of money that is misappropriated|	n|the fraudulent appropriation of funds or property entrusted to your care but actually owned by someone else|
defalcator	n|someone who violates a trust by taking (money) for his own use|
defamation	n|a false accusation of an offense or a malicious misrepresentation of someone's words or actions|	n|an abusive attack on a person's character or good name|
defamatory	adj|(used of statements) harmful and often untrue; tending to discredit or malign|
defame	v|charge falsely or with malicious intent; attack the good name and reputation of someone|The journalists have defamed me!
defamer	n|one who attacks the reputation of another by slander or libel|
defang	v|remove the fangs from|defang the poisonous snake
defat	v|remove the fat from|
default	n|loss due to not showing up|he lost the game by default	n|act of failing to meet a financial obligation|	n|loss resulting from failure of a debt to be paid|	n|an option that is selected automatically unless an alternative is specified|
default judgement	n|a judgment entered in favor of the plaintiff when the defendant defaults (fails to appear in court)|
default judgment	n|a judgment entered in favor of the plaintiff when the defendant defaults (fails to appear in court)|
default on	v|fail to pay up|
default option	n|an option that is selected automatically unless an alternative is specified|
defaulter	n|someone who fails to make a required appearance in court|	n|someone who fails to meet a financial obligation|	n|a contestant who forfeits a match|
defeasible	adj|capable of being annulled or voided or terminated|a claim to an estate may be defeasible so long as the claimant is under 21 and unmarried
defeat	n|an unsuccessful ending to a struggle or contest|it was a narrow defeat	n|the feeling that accompanies an experience of being thwarted in attaining your goals|	v|win a victory over|You must overcome all difficulties	v|thwart the passage of|kill a motion
defeated	adj|beaten or overcome; not victorious|the defeated enemy	adj|disappointingly unsuccessful|disappointed expectations and thwarted ambitions	n|people who are defeated|the Romans had no pity for the defeated
defeatism	n|acceptance of the inevitability of defeat|
defeatist	n|someone who is resigned to defeat without offering positive suggestions|
defecate	v|have a bowel movement|The dog had made in the flower beds
defecation	n|the elimination of fecal waste through the anus|
defecation reflex	n|normal response to the presence of feces in the rectum|
defecator	n|a person who defecates|
defect	n|an imperfection in a bodily system|visual defects	n|a failing or deficiency|that interpretation is an unfortunate defect of our lack of information	n|an imperfection in an object or machine|a flaw caused the crystal to shatter	n|a mark or flaw that spoils the appearance of something (especially on a person's body)|a facial blemish
defect of speech	n|a disorder of oral speech|
defection	n|withdrawing support or help despite allegiance or responsibility|his abandonment of his wife and children left them penniless	n|the state of having rejected your religious beliefs or your political party or a cause (often in favor of opposing beliefs or causes)|
defective	adj|having a defect|I returned the appliance because it was defective	adj|markedly subnormal in structure or function or intelligence or behavior|defective speech	adj|not working properly|a bad telephone connection
defective pleading	n|any pleading that fails to conform in form or substance to minimum standards of accuracy or sufficiency|
defectively	adv|in a defective manner|this machine functions only defectively
defectiveness	n|the state of being defective|
defector	n|a person who abandons their duty (as on a military post)|
defeminise	v|remove the ovaries of (female mammals such as cats)|
defeminize	v|remove the ovaries of (female mammals such as cats)|
defence	n|(psychiatry) an unconscious process that tries to reduce the anxiety associated with instinctive desires|	n|(sports) the team that is trying to prevent the other team from scoring|his teams are always good on defense	n|the defendant and his legal advisors collectively|the defense called for a mistrial	n|an organization of defenders that provides resistance against attack|he joined the defense against invasion
defence force	n|an organization of defenders that provides resistance against attack|he joined the defense against invasion
defence mechanism	n|(psychiatry) an unconscious process that tries to reduce the anxiety associated with instinctive desires|
defence policy	n|a program for defending a country against its enemies|
defence program	n|a program for defending a country against its enemies|
defence reaction	n|(psychiatry) an unconscious process that tries to reduce the anxiety associated with instinctive desires|
defence system	n|the weaponry available for the defense of a region|
defenceless	adj|lacking protection or support|a defenseless child	adj|lacking weapons for self-defense|	adv|without defense|the child was standing in the middle of the crossfire, defenselessly
defencelessly	adv|without defense|the child was standing in the middle of the crossfire, defenselessly
defencelessness	n|the property of being helpless in the face of attack|
defend	v|argue or speak in defense of|She supported the motion to strike	v|be on the defensive; act against an attack|	v|protect against a challenge or attack|Hold that position behind the trees!	v|fight against or resist strongly|The senator said he would oppose the bill
defendable	adj|capable of being defended|
defendant	n|a person or institution against whom an action is brought in a court of law; the person being sued or accused|
defender	n|a person who cares for persons or property|	n|a fighter who holds out against attack|
defender of the faith	n|a title that Leo X bestowed on Henry VIII and later withdrew; parliament restored the title and it has been used by English sovereigns ever since|
defending	adj|attempting to or designed to prevent an opponent from winning or scoring|
defending team	n|(sports) the team that is trying to prevent the other team from scoring|his teams are always good on defense
defenestrate	v|throw through or out of the window|The rebels stormed the palace and defenestrated the President
defenestration	n|the act of throwing someone or something out of a window|
defense	n|(military) military action or resources protecting a country against potential enemies|they died in the defense of Stalingrad	n|protection from harm|sanitation is the best defense against disease	n|(sports) the team that is trying to prevent the other team from scoring|his teams are always good on defense	n|the justification for some act or belief|he offered a persuasive defense of the theory
defense attorney	n|the lawyer representing the defendant|
defense contractor	n|a contractor concerned with the development and manufacture of systems of defense|
defense force	n|an organization of defenders that provides resistance against attack|he joined the defense against invasion
defense information systems agency	n|a combat support agency in the Department of Defense responsible for developing and operating and supporting information systems to serve the needs of the President and the Secretary of Defense and the Joint Chiefs of Staff|
defense laboratory	n|a laboratory devoted to research and development for national defense|
defense lawyer	n|the lawyer representing the defendant|
defense lawyers	n|the defendant and his legal advisors collectively|the defense called for a mistrial
defense logistics agency	n|a logistics combat support agency in the Department of Defense; provides worldwide support for military missions|
defense mechanism	n|(psychiatry) an unconscious process that tries to reduce the anxiety associated with instinctive desires|
defense policy	n|a program for defending a country against its enemies|
defense program	n|a program for defending a country against its enemies|
defense reaction	n|(psychiatry) an unconscious process that tries to reduce the anxiety associated with instinctive desires|
defense secretary	n|the person who holds the secretaryship of the Defense Department|the first Defense Secretary was James V. Forrestal who was appointed by Truman	n|the position of the head of the Department of Defense|the position of Defense Secretary was created in 1947
defense system	n|the weaponry available for the defense of a region|
defense team	n|the defendant and his legal advisors collectively|the defense called for a mistrial
defense technical information center	n|the agency in the Department of Defense that provides scientific and technical information to federal agencies and their contractors|
defenseless	adj|lacking protection or support|a defenseless child	adj|having no protecting or concealing cover|naked to mine enemies"- Shakespeare	adj|lacking weapons for self-defense|	adv|without defense|the child was standing in the middle of the crossfire, defenselessly
defenselessly	adv|without defense|the child was standing in the middle of the crossfire, defenselessly
defenselessness	n|the property of being helpless in the face of attack|
defensibility	n|capability of being defended|they built their castles with an eye to their defensibility
defensible	adj|capable of being defended|
defensive	adj|intended or appropriate for defending against or deterring aggression or attack|defensive weapons	adj|attempting to justify or defend in speech or writing|	n|an attitude of defensiveness (especially in the phrase `on the defensive')|
defensive attitude	n|an attitude of defensiveness (especially in the phrase `on the defensive')|
defensive measure	n|(military) military action or resources protecting a country against potential enemies|they died in the defense of Stalingrad
defensive structure	n|a structure used to defend against attack|the artillery battered down the defenses
defensively	adv|in an apologetic and defensive manner|`I felt it better you should know,' said Sir Cedric defensively
defensiveness	n|excessive sensitivity to criticism|his defensiveness was manifested in hurt silence
defer	v|hold back to a later time|let's postpone the exam	v|yield to another's wish or opinion|The government bowed to the military pressure
deference	n|a courteous expression (by word or deed) of esteem or regard|his deference to her wishes was very flattering	n|courteous regard for people's feelings|in deference to your wishes	n|a disposition or tendency to yield to the will of others|
deferent	adj|showing deference|
deferential	adj|showing deference|
deferentially	adv|in a servile manner|he always acts so deferentially around his supervisor	adv|in a respectfully deferential manner|he listened deferentially
deferment	n|act of putting off to a future time|
deferral	n|a state of abeyance or suspended business|	n|act of putting off to a future time|
deferred payment	n|arrangement for deferred payment for goods and services|
defervesce	v|experience an abatement of a fever|
defervescence	n|abatement of a fever as indicated by a reduction in body temperature|
defervescent	adj|of or relating to the reduction of a fever|
defiance	n|intentionally contemptuous behavior or attitude|	n|a hostile challenge|	n|a defiant act|
defiant	adj|boldly resisting authority or an opposing force|brought up to be aggressive and defiant
defiantly	adv|in a rebellious manner|he rejected her words rebelliously
defibrillate	v|stop the fibrillation and restore normal contractions, usually by means of electric shocks|The patient's heart had to be defibrillated to save his life
defibrillation	n|treatment by stopping fibrillation of heart muscles (usually by electric shock delivered by a defibrillator)|
defibrillator	n|an electronic device that administers an electric shock of preset voltage to the heart through the chest wall in an attempt to restore the normal rhythm of the heart during ventricular fibrillation|
defibrinate	v|remove fibrin from (blood)|
deficiency	n|the state of needing something that is absent or unavailable|there is a serious lack of insight into the problem	n|lack of an adequate quantity or number|the inadequacy of unemployment benefits
deficiency disease	n|any disease caused by a lack of an essential nutrient (as a vitamin or mineral)|
deficient	adj|inadequate in amount or degree|a deficient education	adj|of a quantity not able to fulfill a need or requirement|insufficient funds	adj|falling short of some prescribed norm|substandard housing
deficit	n|the property of being an amount by which something is less than expected or required|new blood vessels bud out from the already dilated vascular bed to make up the nutritional deficit	n|a deficiency or failure in neurological or mental functioning|the people concerned have a deficit in verbal memory	n|(sports) the score by which a team or individual is losing|	n|an excess of liabilities over assets (usually over a certain period)|last year there was a serious budgetary deficit
deficit spending	n|spending money raised by borrowing; used by governments to stimulate their economy|
defilade	n|the arrangement of defensive fortifications to protect against enemy fire|
defile	n|a narrow pass (especially one between mountains)|	v|place under suspicion or cast doubt upon|sully someone's reputation	v|make dirty or spotty, as by exposure to air; also used metaphorically|The silver was tarnished by the long exposure to the air	v|spot, stain, or pollute|The townspeople defiled the river by emptying raw sewage into it
defiled	adj|morally blemished; stained or impure|
defilement	n|the state of being polluted|
defiler	n|a person or organization that causes pollution of the environment|
definable	adj|capable of being defined, limited, or explained|definable terms
define	v|determine the essential quality of|	v|give a definition for the meaning of a word|Define `sadness'	v|determine the nature of|What defines a good wine?	v|show the form or outline of|The tree was clearly defined by the light
defined	adj|clearly characterized or delimited|lost in a maze of words both defined and undefined	adj|showing clearly the outline or profile or boundary|hills defined against the evening sky
defining	n|any process serving to define the shape of something|
definite	adj|precise; explicit and clearly defined|I want a definite answer	adj|known for certain|it is definite that they have won
definite article	n|a determiner (as `the' in English) that indicates specificity of reference|
definite integral	n|the integral of a function over a definite interval|
definite quantity	n|a specific measure of amount|
definitely	adv|without question and beyond doubt|it was decidedly too expensive
definiteness	n|the quality of being predictable with great confidence|
definition	n|a concise explanation of the meaning of a word or phrase or symbol|	n|clarity of outline|exercise had given his muscles superior definition
definitive	adj|clearly defined or formulated|the plain and unequivocal language of the laws"- R.B.Taney	adj|of recognized authority or excellence|the definitive work on Greece	adj|supplying or being a final or conclusive settlement|a definitive verdict
definitive host	n|the host in which the sexual reproduction of a parasite takes place|
deflagrate	v|cause to burn rapidly and with great intensity|care must be exercised when this substance is to be deflagrated	v|burn with great heat and intense light|the powder deflagrated
deflagration	n|combustion that propagates through a gas or along the surface of an explosive at a rapid rate driven by the transfer of heat|
deflate	v|collapse by releasing contained air or gas|deflate a balloon	v|release contained air or gas from|deflate the air mattress	v|reduce or lessen the size or importance of|The bad review of his work deflated his self-confidence	v|produce deflation in|The new measures deflated the economy
deflated	adj|brought low in spirit|left us fatigued and deflated spiritually
deflation	n|(geology) the erosion of soil as a consequence of sand and dust and loose rocks being removed by the wind|a constant deflation of the desert landscape	n|a contraction of economic activity resulting in a decline of prices|	n|the act of letting the air out of something|
deflationary	adj|associated with or tending to cause decreases in consumer prices or increases in the purchasing power of money|deflationary measures
deflationary spiral	n|an episode of deflation in which prices and wages decrease at an increasing rate and currency gains in value|
deflator	n|a statistical factor designed to remove the effect of inflation; inflation adjusted variables are in constant dollars|
deflect	v|prevent the occurrence of; prevent from happening|Let's avoid a confrontation	v|turn from a straight course, fixed direction, or line of interest|	v|turn aside and away from an initial or intended course|	v|draw someone's attention away from something|The thief distracted the bystanders
deflection	n|a twist or aberration; especially a perverse or abnormal way of judging or acting|	n|the amount by which a propagating wave is bent|	n|the movement of the pointer or pen of a measuring instrument from its zero position|	n|the property of being bent or deflected|
deflective	adj|capable of changing the direction (of a light or sound wave)|
deflector	n|a device intended to turn aside the flow of something (water or air or smoke etc)|
deflexion	n|the amount by which a propagating wave is bent|	n|the movement of the pointer or pen of a measuring instrument from its zero position|	n|the property of being bent or deflected|	n|a turning aside (of your course or attention or concern)|a diversion from the main highway
defloration	n|an act that despoils the innocence or beauty of something|	n|the act of depriving a woman of her virginity (especially by rupturing the hymen through sexual intercourse)|
deflower	v|deprive of virginity|This dirty old man deflowered several young girls in the village	v|make imperfect|nothing marred her beauty
defoe	n|English writer remembered particularly for his novel about Robinson Crusoe (1660-1731)|
defog	v|free from mist|demist the car windows
defoliant	n|a chemical that is sprayed on plants and causes their leaves to fall off|
defoliate	adj|deprived of leaves|	v|strip the leaves or branches from|defoliate the trees with pesticides
defoliated	adj|deprived of leaves|
defoliation	n|the loss of foliage|	n|causing the leaves of trees and other plants to fall off (as by the use of chemicals)|
defoliator	n|an insect that strips the leaves from plants|
deforest	v|remove the trees from|The landscape was deforested by the enemy attacks
deforestation	n|the state of being clear of trees|	n|the removal of trees|
deform	v|make formless|the heat deformed the plastic sculpture	v|twist and press out of shape|	v|cause (a plastic object) to assume a crooked or angular form|bend the rod	v|become misshapen|The sidewalk deformed during the earthquake
deformation	n|a change for the worse|	n|alteration in the shape or dimensions of an object as a result of the application of stress to it|	n|the act of twisting or deforming the shape of something (e.g., yourself)|
deformational	adj|relating to or causing change in either shape or size of a material body or geometric figure|
deformed	adj|so badly formed or out of shape as to be ugly|deformed thalidomide babies
deformity	n|an affliction in which some part of the body is misshapen or malformed|	n|an appearance that has been spoiled or is misshapen|there were distinguishing disfigurements on the suspect's back
defraud	v|deprive of by deceit;|He swindled me out of my inheritance
defrauder	n|a person who swindles you by means of deception or fraud|
defray	v|bear the expenses of|
defrayal	n|the act of paying money|
defrayment	n|the act of paying money|
defrock	v|divest of the frock; of church officials|
defrost	v|make or become free of frost or ice|Defrost the car window
defroster	n|heater that removes ice or frost (as from a windshield or a refrigerator or the wings of an airplane)|
deft	adj|skillful in physical movements; especially of the hands|a deft waiter
deftly	adv|with dexterity; in a dexterous manner|dextrously he untied the knots	adv|in a deft manner|Lois deftly removed her scarf
deftness	n|skillful performance or ability without difficulty|his quick adeptness was a product of good design
defunct	adj|no longer in force or use; inactive|a defunct law	adj|having ceased to exist or live|the will of a defunct aunt
defunctness	n|no longer in existence|the extinction of a species
defuse	v|remove the triggering device from|
defusing	n|the act of deactivating or making ineffective (as a bomb)|
defy	v|resist or confront with resistance|The politician defied public opinion	v|elude, especially in a baffling way|This behavior defies explanation	v|challenge|I dare you!
degage	adj|free and relaxed in manner|rather degage after the nervousness he had shown at dinner"- Edmund Wilson	adj|showing lack of emotional involvement|adopted a degage pose on the arm of the easy chair"- J.S.Perelman
degas	v|remove gas from|	n|French impressionist painter (1834-1917)|
degauss	v|make nonmagnetic; take away the magnetic properties (of)|demagnetize the iron shavings
degaussing	n|the process of making a (steel) ship's hull nonmagnetic by producing an opposing magnetic field|
degeneracy	n|the state of being degenerate in mental or moral qualities|	n|moral perversion; impairment of virtue and moral principles|the luxury and corruption among the upper classes
degenerate	adj|unrestrained by convention or morality|Congreve draws a debauched aristocratic society	n|a person whose behavior deviates from what is acceptable especially in sexual behavior|	v|grow worse|Her condition deteriorated
degeneration	n|the process of declining from a higher to a lower level of effective power or vitality or essential quality|	n|the state of being degenerate in mental or moral qualities|	n|passing from a more complex to a simpler biological form|
degenerative	adj|(of illness) marked by gradual deterioration of organs and cells along with loss of function|degenerative diseases of old age
degenerative arthritis	n|chronic breakdown of cartilage in the joints; the most common form of arthritis occurring usually after middle age|
degenerative disorder	n|condition leading to progressive loss of function|
degenerative joint disease	n|chronic breakdown of cartilage in the joints; the most common form of arthritis occurring usually after middle age|
deglaze	v|dissolve cooking juices or solid food in (a pan) by adding liquid and stirring|
deglutition	n|the act of swallowing|one swallow of the liquid was enough
deglycerolise	v|remove from glycerol|
deglycerolize	v|remove from glycerol|
degradation	n|changing to a lower state (a less respected state)|	n|a low or downcast state|each confession brought her into an attitude of abasement"- H.L.Menchken
degrade	v|reduce the level of land, as by erosion|	v|reduce in worth or character, usually verbally|She tends to put down younger women colleagues	v|lower the grade of something; reduce its worth|
degraded	adj|unrestrained by convention or morality|Congreve draws a debauched aristocratic society	adj|lowered in value|the dollar is low
degrader	n|a person who lowers the quality or character or value (as by adding cheaper metal to coins)|
degrading	adj|harmful to the mind or morals|corrupt judges and their corrupting influence	adj|used of conduct; characterized by dishonor|
degrease	v|remove grease or oil from (a pan)|
degree	n|a position on a scale of intensity or amount or quality|a moderate grade of intelligence	n|a specific identifiable position in a continuum or series or especially in a process|a remarkable degree of frankness	n|an award conferred by a college or university signifying that the recipient has satisfactorily completed a course of study|he earned his degree at Princeton summa cum laude	n|a measure for arcs and angles|there are 360 degrees in a circle
degree celsius	n|a degree on the centigrade scale of temperature|
degree centigrade	n|a degree on the centigrade scale of temperature|
degree day	n|the day on which university degrees are conferred|	n|a unit used in estimating fuel requirements for heating a building|
degree fahrenheit	n|a degree on the Fahrenheit scale of temperature|
degree of a polynomial	n|the degree of the term in the polynomial that has the highest degree|
degree of a term	n|the sum of the exponents of the variables in the term|
degree of freedom	n|(statistics) an unrestricted variable in a frequency distribution|	n|one of the minimum number of parameters needed to describe the state of a physical system|
degree program	n|a course of study leading to an academic degree|
degressive	adj|going down by steps|	adj|(of taxes) gradually decreasing in rate on sums below a certain amount|
degressive tax	n|any tax in which the rate decreases as the amount subject to taxation increases|
degust	v|taste with relish|degust this wonderful soup
degustation	n|taking a small amount into the mouth to test its quality|cooking was fine but it was the savoring that he enjoyed most
dehisce	v|burst or split open|flowers dehisce when they release pollen
dehiscence	n|(biology) release of material by splitting open of an organ or tissue; the natural bursting open at maturity of a fruit or other reproductive body to release seeds or spores or the bursting open of a surgically closed wound|
dehiscent	adj|(of e.g. fruits and anthers) opening spontaneously at maturity to release seeds|
dehong dai	n|a branch of the Tai languages|
dehorn	v|prevent the growth of horns of certain animals|	v|take the horns off (an animal)|
dehumanisation	n|the act of degrading people with respect to their best qualities|science has been blamed for the dehumanization of modern life
dehumanise	v|deprive of human qualities|Life in poverty has dehumanized them	v|make mechanical or routine|
dehumanised	adj|divested of human qualities or attributes|
dehumanization	n|the act of degrading people with respect to their best qualities|science has been blamed for the dehumanization of modern life
dehumanize	v|deprive of human qualities|Life in poverty has dehumanized them	v|make mechanical or routine|
dehumanized	adj|divested of human qualities or attributes|
dehumidifier	n|an applicance to extract moisture from the air and make the environment more comfortable|in summer, we need to run the dehumidifier in the basement
dehumidify	v|make less humid|The air conditioner dehumidifies the air in the summer
dehydrate	v|preserve by removing all water and liquids from|carry dehydrated food on your camping trip	v|remove water from|All this exercise and sweating has dehydrated me	v|lose water or moisture|In the desert, you get dehydrated very quickly
dehydrated	adj|suffering from excessive loss of water from the body|fever resulted from becoming dehydrated	adj|preserved by removing natural moisture|dried beef
dehydrated food	n|food preserved by dehydration|
dehydrated foods	n|food preserved by dehydration|
dehydration	n|dryness resulting from the removal of water|	n|depletion of bodily fluids|	n|the process of extracting moisture|
dehydrogenate	v|remove hydrogen from|
dehydroretinol	n|a viscous alcohol that is less active in mammals than is vitamin A1|
deice	v|make or become free of frost or ice|Defrost the car window
deicer	n|heater that removes ice or frost (as from a windshield or a refrigerator or the wings of an airplane)|
deictic	adj|relating to or characteristic of a word whose reference depends on the circumstances of its use|deictic pronouns	n|a word specifying identity or spatial or temporal location from the perspective of a speaker or hearer in the context in which the communication occurs|words that introduce particulars of the speaker's and hearer's shared cognitive field into the message"- R.Rommetveit
deictic word	n|a word specifying identity or spatial or temporal location from the perspective of a speaker or hearer in the context in which the communication occurs|words that introduce particulars of the speaker's and hearer's shared cognitive field into the message"- R.Rommetveit
deific	adj|characterized by divine or godlike nature|
deification	n|the condition of being treated like a god|	n|an embodiment of the qualities of a god|the capitalists' deification of capital	n|the elevation of a person (as to the status of a god)|
deify	v|consider as a god or godlike|These young men deify financial success	v|exalt to the position of a God|the people deified their King
deign	v|do something that one considers to be below one's dignity|
deimos	n|the outer of two small satellites of Mars|
deinocheirus	n|lightly built medium-sized theropod with long limbs and neck|
deinonychus	n|swift agile wolf-sized bipedal dinosaur having a large curved claw on each hind foot; of the Cretaceous|
deionize	v|remove ions from|
deipnosophist	n|someone skilled at informal chitchat|
deism	n|the form of theological rationalism that believes in God on the basis of reason without reference to revelation|
deist	adj|of or relating to deism|	n|a person who believes that God created the universe and then abandoned it|
deistic	adj|of or relating to deism|
deity	n|any supernatural being worshipped as controlling some part of the world or some aspect of life or who is the personification of a force|
deixis	n|the function of pointing or specifying from the perspective of a participant in an act of speech or writing; aspects of a communication whose interpretation depends on knowledge of the context in which the communication occurs|
deja vu	n|the experience of thinking that a new situation had occurred before|
deject	v|lower someone's spirits; make downhearted|These news depressed her
dejected	adj|affected or marked by low spirits|is dejected but trying to look cheerful
dejectedly	adv|in a dejected manner|when she came back Sophie and Esther were sitting dejectedly in the kitchen
dejectedness	n|a feeling of low spirits|he felt responsible for her lowness of spirits
dejection	n|a state of melancholy depression|	n|solid excretory product evacuated from the bowels|
dejeuner	n|a midday meal|
dekagram	n|10 grams|
dekaliter	n|a metric unit of volume or capacity equal to 10 liters|
dekalitre	n|a metric unit of volume or capacity equal to 10 liters|
dekameter	n|a metric unit of length equal to ten meters|
dekametre	n|a metric unit of length equal to ten meters|
dekker	n|English dramatist and pamphleteer (1572-1632)|
dekko	n|British slang for a look|
del rio	n|a town in southwest Texas on the Rio Grande to the west of San Antonio|
del.	n|a Mid-Atlantic state; one of the original 13 colonies|
delacroix	n|French romantic painter (1798-1863)|
delairea	n|one species: German ivy|
delairea odorata	n|South African succulent evergreen twining climber with yellow flowers grown primarily as a houseplant for its foliage; sometimes placed in genus Senecio|
delavirdine	n|a non-nucleoside reverse transcriptase inhibitor (trade name Rescriptor) used to treat AIDS and HIV|
delaware	n|a river that rises in the Catskills in southeastern New York and flows southward along the border of Pennsylvania with New York and New Jersey to northern Delaware where it empties into Delaware Bay|	n|a member of an Algonquian people formerly living in New Jersey and New York and parts of Delaware and Pennsylvania|	n|a Mid-Atlantic state; one of the original 13 colonies|	n|the Algonquian language spoken by the Delaware|
delaware bay	n|an inlet of the North Atlantic; fed by the Delaware River|
delaware memorial bridge	n|a suspension bridge across the Delaware River|
delaware river	n|a river that rises in the Catskills in southeastern New York and flows southward along the border of Pennsylvania with New York and New Jersey to northern Delaware where it empties into Delaware Bay|
delawarean	n|a native or resident of Delaware|
delawarian	n|a native or resident of Delaware|
delay	v|cause to be slowed down or delayed|Traffic was delayed by the bad weather	v|act later than planned, scheduled, or required|Don't delay your application to graduate school or else it won't be considered	v|stop or halt|Please stay the bloodshed!	v|slow the growth or development of|The brain damage will retard the child's language development
delay line	n|a circuit designed to introduce a calculated delay into the transmission of a signal|
delayed	adj|not as far along as normal in development|
delayed action	n|a mechanism that automatically delays the release of a camera shutter for a fixed period of time so that the photographer can appear in the picture|
delayed allergy	n|an allergic reaction that becomes apparent only hours after contact|
delayer	n|a person who delays; to put off until later or cause to be late|
delectability	n|extreme appetizingness|
delectable	adj|extremely pleasing to the sense of taste|	adj|capable of arousing sexual desire|the delectable Miss Haynes
delectation	n|a feeling of extreme pleasure or satisfaction|his delight to see her was obvious to all	n|act of receiving pleasure from something|
delegacy	n|the state of serving as an official and authorized delegate or agent|	n|a group of representatives or delegates|	n|the appointment of a delegate|
delegate	v|transfer power to someone|	v|give an assignment to (a person) to a post, or assign a task to (a person)|	n|a person appointed or elected to represent others|
delegating	n|authorizing subordinates to make certain decisions|
delegation	n|a group of representatives or delegates|	n|authorizing subordinates to make certain decisions|
delete	v|remove or make invisible|Please delete my name from your list	v|wipe out digitally or magnetically recorded information|Who erased the files from my hard disk?	v|cut or eliminate|she edited the juiciest scenes
deleterious	adj|harmful to living things|deleterious chemical additives
deletion	n|any process whereby sounds or words are left out of spoken words or phrases|	n|(genetics) the loss or absence of one or more nucleotides from a chromosome|	n|the omission that is made when an editorial change shortens a written passage|an editor's deletions frequently upset young authors	n|the act of deleting something written or printed|
delf	n|an excavation; usually a quarry or mine|
delft	n|a style of glazed earthenware; usually white with blue decoration|
delhi	n|a city in north central India|
delhi boil	n|leishmaniasis of the skin; characterized by ulcerative skin lesions|
deli	n|a shop selling ready-to-eat food products|
deliberate	adj|carefully thought out in advance|a calculated insult	adj|unhurried and with care and dignity|walking at the same measured pace	adj|characterized by conscious design or purpose|intentional damage	v|think about carefully; weigh|They considered the possibility of a strike
deliberate defence	n|a defense organized before contact is made with the enemy and while time for organization is available; usually includes a fortified zone (with pillboxes) and communication systems|
deliberate defense	n|a defense organized before contact is made with the enemy and while time for organization is available; usually includes a fortified zone (with pillboxes) and communication systems|
deliberately	adv|with intention; in an intentional manner|he used that word intentionally	adv|in a deliberate unhurried manner|she was working deliberately
deliberateness	n|a rate demonstrating an absence of haste or hurry|	n|the trait of thoughtfulness in action or decision|he was a man of judicial deliberation
deliberation	n|(usually plural) discussion of all sides of a question|the deliberations of the jury	n|careful consideration|a little deliberation would have deterred them	n|planning something carefully and intentionally|it was the deliberation of his act that was insulting	n|a rate demonstrating an absence of haste or hurry|
deliberative	adj|involved in or characterized by deliberation and discussion and examination|a deliberative body
deliberative assembly	n|an assembly of people for the purpose of unhurried consideration and discussion|
delibes	n|French composer of operas (1836-1891)|
delible	adj|capable of being deleted|
delicacy	n|the quality of being beautiful and delicate in appearance|the daintiness of her touch	n|something considered choice to eat|	n|refined taste; tact|	n|smallness of stature|
delicate	adj|exquisitely fine and subtle and pleasing; susceptible to injury|a delicate violin passage	adj|marked by great skill especially in meticulous technique|a surgeon's delicate touch	adj|easily broken or damaged or destroyed|a kite too delicate to fly safely	adj|easily hurt|soft hands
delicately	adv|in a delicate manner|finely shaped features
delicatessen	n|ready-to-eat food products|	n|a shop selling ready-to-eat food products|
delicatessen food	n|ready-to-eat food products|
delichon	n|a genus of Hirundinidae|
delichon urbica	n|common small European martin that builds nests under the eaves of houses|
delicious	adj|greatly pleasing or entertaining|a delightful surprise	adj|extremely pleasing to the sense of taste|	n|variety of sweet eating apples|
deliciously	adv|in a very pleasurable manner|they were walking along the beach slowly and deliciously	adv|so as to produce a delightful taste|I bought some more of these deliciously sweet peaches
deliciousness	n|extreme appetizingness|
delight	v|give pleasure to or be pleasing to|These colors please the senses	v|take delight in|he delights in his granddaughter	v|hold spellbound|	n|a feeling of extreme pleasure or satisfaction|his delight to see her was obvious to all
delighted	adj|greatly pleased|	adj|filled with wonder and delight|
delightedly	adv|with delight|delightedly, she accepted the invitation
delightful	adj|greatly pleasing or entertaining|a delightful surprise
delightfully	adv|in a delightful manner|the farm house, though in itself a small one, is delightfully situated
delilah	n|(Old Testament) the Philistine mistress of Samson who betrayed him by cutting off his hair and so deprived him of his strength|	n|a woman who is considered to be dangerously seductive|
delimit	v|determine the essential quality of|	v|be opposite to; of angles and sides, in geometry|	v|set, mark, or draw the boundaries of something|
delimitate	v|determine the essential quality of|	v|set, mark, or draw the boundaries of something|
delimitation	n|a line that indicates a boundary|
delimited	adj|having the limits or boundaries established|a delimited frontier through the disputed region
delineate	adj|represented accurately or precisely|	v|show the form or outline of|The tree was clearly defined by the light	v|determine the essential quality of|	v|trace the shape of|
delineated	adj|represented accurately or precisely|
delineation	n|a graphic or vivid verbal description|too often the narrative was interrupted by long word pictures	n|a drawing of the outlines of forms or objects|	n|representation by drawing or painting etc|
delineative	adj|depicted in a recognizable manner|
delinquency	n|nonpayment of a debt when due|	n|a tendency to be negligent and uncaring|he inherited his delinquency from his father	n|an antisocial misdeed in violation of the law by a minor|
delinquent	adj|guilty of a misdeed|delinquent minors	adj|failing in what duty requires|derelict (or delinquent) in his duty	adj|past due; not paid at the scheduled time|an overdue installment	n|a young offender|
deliquesce	v|melt away in the process of decay|The fungi eventually deliquesced	v|melt or become liquid by absorbing moisture from the air|this type of salt deliquesces easily
deliquescent	adj|(especially of certain salts) becoming liquid by absorbing moisture from the air|
deliquium	n|a spontaneous loss of consciousness caused by insufficient blood to the brain|
delirious	adj|experiencing delirium|	adj|marked by uncontrolled excitement or emotion|a crowd of delirious baseball fans
deliriously	adv|as if in a delirium|he was talking deliriously	adv|in a delirious manner|her answer made him deliriously happy
delirium	n|state of violent mental agitation|	n|a usually brief state of excitement and mental confusion often accompanied by hallucinations|
delirium tremens	n|acute delirium caused by alcohol poisoning|
delist	v|remove (a security) from listing at a stock exchange|
delius	n|English composer of orchestral works (1862-1934)|
deliver	v|deliver (a speech, oration, or idea)|The commencement speaker presented a forceful speech that impressed the students	v|bring to a destination, make a delivery|our local super market delivers	v|to surrender someone or something to another|the guard delivered the criminal to the police	v|free from harm or evil|
deliver the goods	v|attain success or reach a desired goal|The enterprise succeeded
deliverable	adj|suitable for or ready for delivery|	n|something that can be provided as the product of development|under this contract the deliverables include both software and hardware
deliverance	n|recovery or preservation from loss or danger|work is the deliverance of mankind
deliverer	n|a teacher and prophet born in Bethlehem and active in Nazareth; his life and sermons form the basis for Christianity (circa 4 BC - AD 29)|	n|a person who rescues you from harm or danger|	n|someone employed to make deliveries|	n|a person who gives up or transfers money or goods|
delivery	n|the act of delivering or distributing something (as goods or mail)|his reluctant delivery of bad news	n|the event of giving birth|she had a difficult delivery	n|your characteristic style or manner of expressing yourself orally|his manner of speaking was quite abrupt	n|the voluntary transfer of something (title or possession) from one party to another|
delivery boy	n|someone employed to make deliveries|
delivery truck	n|a van suitable for delivering goods or services to customers|
delivery van	n|a van suitable for delivering goods or services to customers|
deliveryman	n|someone employed to make deliveries|
dell	n|a small wooded hollow|
delmonico steak	n|small steak from the front of the short loin of beef|
delocalize	v|remove from the proper or usual locality|
delonix	n|evergreen or deciduous trees of tropical Africa and India|
delonix regia	n|showy tropical tree or shrub native to Madagascar; widely planted in tropical regions for its immense racemes of scarlet and orange flowers; sometimes placed in genus Poinciana|
delorme	n|French royal architect who built the Tuileries Palace and Gardens in Paris for Catherine de Medicis (1515-1570)|
delouse	v|free of lice|They deloused the prisoners after they liberated the camps
delphi	n|an ancient Greek city on the slopes of Mount Parnassus; site of the oracle of Delphi|
delphian	adj|of or relating to Delphi or to the oracles of Apollo at Delphi|Delphic oracle
delphic	adj|of or relating to Delphi or to the oracles of Apollo at Delphi|Delphic oracle	adj|obscurely prophetic|Delphic pronouncements
delphic oracle	n|(Greek mythology) the oracle at Delphi where a priestess supposedly delivered messages from Apollo to those who sought advice; the messages were usually obscure or ambiguous|
delphinapterus	n|white whale|
delphinapterus leucas	n|small northern whale that is white when adult|
delphinidae	n|dolphins|
delphinium	n|any plant of the genus Delphinium having palmately divided leaves and showy spikes of variously colored spurred flowers; some contain extremely poisonous substances|
delphinium ajacis	n|commonly cultivated larkspur of southern Europe having unbranched spikelike racemes of blue or sometimes purplish or pinkish flowers; sometime placed in genus Delphinium|
delphinus	n|a constellation in the northern hemisphere near Pegasus and Aquila|	n|type genus of the Delphinidae|
delphinus delphis	n|black-and-white dolphin that leaps high out of the water|
delta	n|a low triangular area of alluvial deposits where a river divides before entering a larger body of water|the Mississippi River delta	n|an object shaped like an equilateral triangle|	n|the 4th letter of the Greek alphabet|
delta hepatitis	n|a severe form of hepatitis|
delta iron	n|an allotrope of iron that is stable between 1403 degrees centigrade and the melting point (= 1532 degrees)|
delta ray	n|an electron ejected from matter by ionizing radiation|
delta rhythm	n|the normal brainwave in the encephalogram of a person in deep dreamless sleep; occurs with high voltage and low frequency (1 to 4 hertz)|
delta wave	n|the normal brainwave in the encephalogram of a person in deep dreamless sleep; occurs with high voltage and low frequency (1 to 4 hertz)|
delta wing	n|an airplane with wings that give it the appearance of an isosceles triangle|
deltasone	n|a dehydrogenated analogue of cortisol (trade names Orasone or Deltasone or Liquid Pred or Meticorten); used as an anti-inflammatory drug in the treatment of arthritis and as an immunosuppressant|
deltoid	n|a large triangular muscle covering the shoulder joint and serving to abduct and flex and extend and rotate the arm|	adj|triangular or suggesting a capital delta, with a point at the apex|
deltoid eminence	n|a bump on the outside of the humerus where the deltoid muscle attaches|
deltoid leaf	n|a simple leaf shaped like a capital delta|
deltoid muscle	n|a large triangular muscle covering the shoulder joint and serving to abduct and flex and extend and rotate the arm|
deltoid tuberosity	n|a bump on the outside of the humerus where the deltoid muscle attaches|
delude	v|be false to; be dishonest with|
deluge	n|an overwhelming number or amount|a flood of requests	n|a heavy rain|	n|the rising of a body of water and its overflowing onto normally dry land|plains fertilized by annual inundations	v|fill quickly beyond capacity; as with a liquid|the basement was inundated after the storm
delusion	n|(psychology) an erroneous belief that is held in the face of evidence to the contrary|	n|a mistaken or unfounded opinion or idea|he has delusions of competence	n|the act of deluding; deception by creating illusory ideas|
delusional	adj|suffering from or characterized by delusions|
delusional disorder	n|any mental disorder in which delusions play a significant role|
delusions of grandeur	n|a delusion (common in paranoia) that you are much greater and more powerful and influential than you really are|
delusions of persecution	n|a delusion (common in paranoia) that others are out to get you and frustrate and embarrass you or inflict suffering on you; a complicated conspiracy is frequently imagined|
delusive	adj|inappropriate to reality or facts|delusive faith in a wonder drug
delusively	adv|in a deceptive and unrealistic manner|the village looked delusively near
delusory	adj|causing one to believe what is not true or fail to believe what is true|deceptive calm
deluxe	adj|ostentatiously rich and superior in quality|a princely sum	adj|elegant and sumptuous|a deluxe car
delve	v|turn up, loosen, or remove earth|Dig we must
demagnetisation	n|the process of removing magnetization|
demagnetise	v|erase (a magnetic storage device)|	v|make nonmagnetic; take away the magnetic properties (of)|demagnetize the iron shavings
demagnetization	n|the process of removing magnetization|
demagnetize	v|erase (a magnetic storage device)|	v|make nonmagnetic; take away the magnetic properties (of)|demagnetize the iron shavings
demagog	n|a political leader who seeks support by appealing to popular passions and prejudices|
demagogic	adj|characteristic of or resembling a demagogue|demagogic speeches
demagogical	adj|characteristic of or resembling a demagogue|demagogic speeches
demagogue	n|a political leader who seeks support by appealing to popular passions and prejudices|
demagoguery	n|impassioned appeals to the prejudices and emotions of the populace|
demagogy	n|impassioned appeals to the prejudices and emotions of the populace|
demand	n|an urgent or peremptory request|his demands for attention were unceasing	n|the ability and desire to purchase goods and services|the automobile reduced the demand for buggywhips	n|required activity|the requirements of his work affected his health	n|the act of demanding|the kidnapper's exorbitant demands for money
demand deposit	n|a bank deposit from which withdrawals can be made without notice|
demand feeding	n|feeding a baby or animal whenever it shows a need|
demand for explanation	n|a challenge to defend what someone has said|
demand for identification	n|as by a sentry|
demand loan	n|a loan that is repayable on demand|
demand note	n|a note payable on demand|
demand-pull inflation	n|inflation caused by an increase in demand or in the supply of money|
demander	n|a person who makes demands|
demanding	adj|requiring more than usually expected or thought due; especially great patience and effort and skill|found the job very demanding
demandingly	adv|in a demanding manner|he became demandingly dominant over the years
demantoid	n|a green andradite used as a gemstone|
demarcate	v|separate clearly, as if by boundaries|	v|set, mark, or draw the boundaries of something|
demarcation	n|the boundary of a specific area|	n|a conceptual separation or distinction|there is a narrow line between sanity and insanity
demarcation line	n|the boundary of a specific area|
demarche	n|a move or step or maneuver in political or diplomatic affairs|
demasculinise	v|remove the testicles of a male animal|
demasculinize	v|remove the testicles of a male animal|
dematerialise	v|become immaterial; disappear|
dematerialize	v|become immaterial; disappear|
dematiaceae	n|family of imperfect mushrooms having dark-colored hyphae or conidia|
demavend	n|an active volcano in northern Iran|
demean	v|reduce in worth or character, usually verbally|She tends to put down younger women colleagues
demeaning	adj|causing awareness of your shortcomings|golf is a humbling game
demeaningly	adv|in a humiliating manner|the painting was reproduced humiliatingly small
demeanor	n|(behavioral attributes) the way a person behaves toward other people|
demeanour	n|(behavioral attributes) the way a person behaves toward other people|
demeclocycline hydrochloride	n|tetracycline antibacterial (trade name Declomycin) effective in the treatment of some bacterial and rickettsial and other infections|
demented	adj|affected with madness or insanity|a man who had gone mad
dementedly	adv|in an insane manner|she behaved insanely
dementedness	n|mental deterioration of organic or functional origin|
dementia	n|mental deterioration of organic or functional origin|
dementia praecox	n|any of several psychotic disorders characterized by distortions of reality and disturbances of thought and language and withdrawal from social contact|
demerara	n|a light brown raw cane sugar from Guyana|	n|a river in northern Guyana that flows northward into the Atlantic|	n|a former Dutch colony in South America; now a part of Guyana|	n|dark rum from Guyana|
demerara rum	n|dark rum from Guyana|
demerara sugar	n|light brown cane sugar; originally from Guyana|
demerit	n|a mark against a person for misconduct or failure; usually given in school or armed forces|ten demerits and he loses his privileges	n|the quality of being inadequate or falling short of perfection|they discussed the merits and demerits of her novel
demerol	n|a synthetic narcotic drug (trade name Demerol) used to treat pain|
demesne	n|extensive landed property (especially in the country) retained by the owner for his own use|the family owned a large estate on Long Island	n|territory over which rule or control is exercised|his domain extended into Europe
demeter	n|(Greek mythology) goddess of fertility and protector of marriage in ancient mythology; counterpart of Roman Ceres|
demetrius	n|son of Antigonus Cyclops and king of Macedonia; he and his father were defeated at the battle of Ipsus (337-283 BC)|
demetrius i	n|son of Antigonus Cyclops and king of Macedonia; he and his father were defeated at the battle of Ipsus (337-283 BC)|
demetrius poliorcetes	n|son of Antigonus Cyclops and king of Macedonia; he and his father were defeated at the battle of Ipsus (337-283 BC)|
demi-glaze	n|sauce Espagnole with extra beef stock simmered down and seasoned with dry wine or sherry|
demiglace	n|sauce Espagnole with extra beef stock simmered down and seasoned with dry wine or sherry|
demigod	n|a person with great powers and abilities|	n|a person who is part mortal and part god|
demijohn	n|large bottle with a short narrow neck; often has small handles at neck and is enclosed in wickerwork|
demilitarise	v|do away with the military organization and potential of|	v|remove offensive capability from|
demilitarize	v|do away with the military organization and potential of|	v|remove offensive capability from|
demilitarized zone	n|a zone from which military forces or operations or installations are prohibited|tensions exist on both sides of the demilitarized zone separating North Korea and South Korea
demimondaine	n|a female prostitute|
demimonde	n|a class of woman not considered respectable because of indiscreet or promiscuous behavior|
demineralisation	n|abnormal loss of mineral salts (especially from bone)|	n|the removal of minerals and mineral salts from a liquid (especially from water)|
demineralise	v|remove the minerals or salts from|demineralize water
demineralization	n|abnormal loss of mineral salts (especially from bone)|	n|the removal of minerals and mineral salts from a liquid (especially from water)|
demineralize	v|remove the minerals or salts from|demineralize water
demise	n|the time when something ends|it was the death of all his plans	v|transfer by a lease or by a will|
demisemiquaver	n|a musical note having the time value of a thirty-second of a whole note|
demist	v|free from mist|demist the car windows
demister	n|heater that removes mist from the windshield of a car|
demitasse	n|small cup of strong black coffee without milk or cream|	n|small coffee cup; for serving black coffee|
demiurge	n|a subordinate deity, in some philosophies the creator of the universe|
demo	n|a visual presentation showing how something works|the lecture was accompanied by dramatic demonstrations	v|give an exhibition of to an interested audience|She shows her dogs frequently
demob	v|retire from military service|
demobilisation	n|act of changing from a war basis to a peace basis including disbanding or discharging troops|demobilization of factories
demobilise	v|release from military service or remove from the active list of military service|	v|retire from military service|
demobilization	n|act of changing from a war basis to a peace basis including disbanding or discharging troops|demobilization of factories
demobilize	v|release from military service or remove from the active list of military service|	v|retire from military service|
democracy	n|the political orientation of those who favor government by the people or by their elected representatives|	n|a political system in which the supreme power lies in a body of citizens who can elect people to represent them|	n|the doctrine that the numerical majority of an organized group can make decisions binding on the whole group|
democrat	n|a member of the Democratic Party|	n|an advocate of democratic principles|
democratic	adj|characterized by or advocating or based upon the principles of democracy or social equality|democratic government	adj|belong to or relating to the Democratic Party|Democratic senator	adj|representing or appealing to or adapted for the benefit of the people at large|democratic art forms
democratic and popular republic of algeria	n|a republic in northwestern Africa on the Mediterranean Sea with a population that is predominantly Sunni Muslim; colonized by France in the 19th century but gained autonomy in the early 1960s|
democratic front for the liberation of palestine	n|a Marxist-Leninist group that believes Palestinian goals can only be achieved by revolutionary change|in 1974 the DFLP took over a schoolhouse and massacred Israeli schoolchildren
democratic people's republic of korea	n|a communist country in the northern half of the Korean Peninsula; established in 1948|
democratic republic of sao tome and principe	n|island nation in the South Atlantic off the west coast of Africa; achieved independence from Portugal in 1975; has enormous offshore oil reserves|
democratic republic of the congo	n|a republic in central Africa; achieved independence from Belgium in 1960|
democratic socialist republic of sri lanka	n|a republic on the island of Ceylon; became independent of the United Kingdom in 1948|
democratically	adv|in a democratic manner; based on democratic principles|it was decided democratically
democratisation	n|the action of making something democratic|
democratise	v|become (more) democratic; of nations|	v|introduce democratic reforms; of nations|
democratization	n|the action of making something democratic|
democratize	v|become (more) democratic; of nations|	v|introduce democratic reforms; of nations|
democritus	n|Greek philosopher who developed an atomistic theory of matter (460-370 BC)|
demode	adj|out of fashion|a suit of rather antique appearance
demodulate	v|extract information from a modulated carrier wave|
demodulation	n|(electronics) the reception of a signal by extracting it from the carrier wave|
demodulator	n|rectifier that extracts modulation from a radio carrier wave|
demogorgon	n|(Greek mythology) a mysterious and terrifying deity of the underworld|
demographer	n|a scientist who studies the growth and density of populations and their vital statistics|
demographic	adj|of or relating to demography|demographic surveys	n|a statistic characterizing human populations (or segments of human populations broken down by age or sex or income etc.)|
demographist	n|a scientist who studies the growth and density of populations and their vital statistics|
demography	n|the branch of sociology that studies the characteristics of human populations|
demoiselle	n|a young unmarried woman|	n|small brilliantly colored tropical marine fishes of coral reefs|
demolish	v|destroy completely|the wrecking ball demolished the building	v|ruin or destroy|his book demolishes an old myth	v|eat up completely, as with great appetite|Some people can down a pound of meat in the course of one meal	v|defeat soundly and humiliatingly|The home team demolished the visitors
demolished	adj|torn down and broken up|
demolishing	n|complete destruction of a building|
demolition	n|an event (or the result of an event) that completely destroys something|	n|the act of demolishing|the demolition of the huge tower was quite a spectacle
demon	n|an evil supernatural being|	n|a cruel wicked and inhuman person|	n|someone extremely diligent or skillful|he worked like a demon to finish the job on time
demon-ridden	adj|as if possessed by demons|
demonetisation	n|ending something (e.g. gold or silver) as no longer the legal tender of a country|
demonetise	v|deprive of value for payment|demonetize a coin
demonetization	n|ending something (e.g. gold or silver) as no longer the legal tender of a country|
demonetize	v|deprive of value for payment|demonetize a coin
demoniac	adj|of, pertaining to, or like a demon or possession by a demon|	n|someone who acts as if possessed by a demon|
demoniacal	adj|of, pertaining to, or like a demon or possession by a demon|
demoniacally	adv|in a very agitated manner; as if possessed by an evil spirit|
demonic	adj|extremely evil or cruel; expressive of cruelty or befitting hell|something demonic in him--something that could be cruel
demonisation	n|to represent as diabolically evil|the demonization of our enemies
demonise	v|make into a demon|Power had demonized him
demonism	n|a belief in and reverence for devils (especially Satan)|
demonization	n|to represent as diabolically evil|the demonization of our enemies
demonize	v|make into a demon|Power had demonized him
demonolatry	n|the acts or rites of worshiping devils|
demonstrability	n|capability of being demonstrated or logically proved|
demonstrable	adj|necessarily or demonstrably true|demonstrable truths	adj|capable of being demonstrated or proved|obvious lies
demonstrably	adv|in an obvious and provable manner|his documentary sources are demonstrably wrong
demonstrate	v|give an exhibition of to an interested audience|She shows her dogs frequently	v|establish the validity of something, as by an example, explanation or experiment|The experiment demonstrated the instability of the compound	v|provide evidence for; stand as proof of; show by one's behavior, attitude, or external attributes|His high fever attested to his illness	v|march in protest; take part in a demonstration|Thousands demonstrated against globalization during the meeting of the most powerful economic nations in Seattle
demonstrated	adj|having been demonstrated or verified beyond doubt|
demonstration	n|a show or display; the act of presenting something to sight or view|the presentation of new data	n|a show of military force or preparedness|he confused the enemy with feints and demonstrations	n|a public display of group feelings (usually of a political nature)|there were violent demonstrations against the war	n|proof by a process of argument or a series of proposition proving an asserted conclusion|
demonstrative	n|a pronoun that points out an intended referent|	adj|given to or marked by the open expression of emotion|an affectionate and demonstrative family	adj|serving to demonstrate|
demonstrative of	adj|serving to prove or demonstrate|the oath of office is...demonstrative of the legislative opinion on this subject"- John Marshall
demonstrative pronoun	n|a pronoun that points out an intended referent|
demonstratively	adv|in a demonstrative manner|he greeted her demonstratively
demonstrativeness	n|tending to express your feelings freely|
demonstrator	n|a teacher or teacher's assistant who demonstrates the principles that are being taught|	n|someone who demonstrates an article to a prospective buyer|	n|someone who participates in a public display of group feeling|
demoralisation	n|a state of disorder and confusion|his inconsistency resulted in the demoralization of his staff	n|depression resulting from an undermining of your morale|	n|destroying the moral basis for a doctrine or policy|
demoralise	v|corrupt morally or by intemperance or sensuality|debauch the young people with wine and women	v|lower someone's spirits; make downhearted|These news depressed her
demoralised	adj|made less hopeful or enthusiastic|desperate demoralized people looking for work
demoralising	adj|destructive of morale and self-reliance|
demoralization	n|destroying the moral basis for a doctrine or policy|	n|a state of disorder and confusion|his inconsistency resulted in the demoralization of his staff	n|depression resulting from an undermining of your morale|
demoralize	v|corrupt morally or by intemperance or sensuality|debauch the young people with wine and women	v|lower someone's spirits; make downhearted|These news depressed her	v|confuse or put into disorder|the boss's behavior demoralized everyone in the office
demoralized	adj|made less hopeful or enthusiastic|desperate demoralized people looking for work
demoralizing	adj|destructive of morale and self-reliance|
demosthenes	n|Athenian statesman and orator (circa 385-322 BC)|
demosthenic	adj|of or relating to Demosthenes or his oratory|
demote	v|assign to a lower position; reduce in rank|She was demoted because she always speaks up
demotic	adj|of or written in or belonging to the form of modern Greek based on colloquial use|	adj|of or for the common people|demotic entertainments	n|a simplified cursive form of the ancient hieratic script|Demotic script was eventually replaced by Greek	n|the modern Greek vernacular|
demotic script	n|a simplified cursive form of the ancient hieratic script|Demotic script was eventually replaced by Greek
demotion	n|act of lowering in rank or position|
demulcent	adj|having a softening or soothing effect especially to the skin|	n|a medication (in the form of an oil or salve etc.) that soothes inflamed or injured skin|
demulen	n|trade name for an oral contraceptive|
demulsify	v|cause to demulsify|	v|break down into components|
demur	v|take exception to|he demurred at my suggestion to work on Saturday	v|enter a demurrer|	n|(law) a formal objection to an opponent's pleadings|
demure	adj|affectedly modest or shy especially in a playful or provocative way|
demurely	adv|in a demure manner|the army girl, tall and demurely pretty, threw a quick side-glance at her
demureness	n|the trait of behaving with reserve and decorum|	n|the affectation of being demure in a provocative way|
demurrage	n|a charge required as compensation for the delay of a ship or freight car or other cargo beyond its scheduled time of departure|	n|detention of a ship or freight car or other cargo beyond its scheduled time of departure|
demurral	n|(law) a formal objection to an opponent's pleadings|
demurrer	n|(law) a formal objection to an opponent's pleadings|	n|(law) any pleading that attacks the legal sufficiency of the opponent's pleadings|	n|a defendant's answer or plea denying the truth of the charges against him|he gave evidence for the defense
demyelinate	v|destroy the myelin sheath of|the disease demyelinated the nerve fibers
demyelination	n|loss of the myelin covering of some nerve fibers resulting in their impaired function|
demystify	v|make less mysterious or remove the mystery from|let's demystify the event by explaining what it is all about
demythologisation	n|the restatement of a message (as a religious one) in rational terms|
demythologise	v|remove the mythical element from (writings)|the Bible should be demythologized and examined for its historical value
demythologised	adj|having mythical elements removed|
demythologization	n|the restatement of a message (as a religious one) in rational terms|
demythologize	v|remove the mythical element from (writings)|the Bible should be demythologized and examined for its historical value
demythologized	adj|having mythical elements removed|
den	n|the habitation of wild animals|	n|a hiding place; usually a remote place used by outlaws|	n|a unit of 8 to 10 cub scouts|	n|a room that is comfortable and secluded|
den haag	n|the site of the royal residence and the de facto capital in the western part of the Netherlands; seat of the International Court of Justice|
den mother	n|someone who plays the role of a den mother|he serves as den mother to all the freshmen in this dormitory	n|a woman who supervises a den of Cub Scouts|
denali	n|a mountain in south central Alaska; the highest peak in North America (20,300 feet high)|
denali fault	n|a major open geological fault in Alaska|
denali national park	n|a large national park in Alaska having peaks of the Alaska Range (including Mount McKinley) and the huge Denali fault|
denary	adj|containing ten or ten parts|	adj|numbered or proceeding by tens; based on ten|the decimal system
denationalisation	n|changing something from state to private ownership or control|
denationalise	v|put under private control or ownership|The steel industry was denationalized
denationalization	n|changing something from state to private ownership or control|
denationalize	v|put under private control or ownership|The steel industry was denationalized
denaturalise	v|make less natural or unnatural|	v|strip of the rights and duties of citizenship|The former Nazi was denaturalized
denaturalize	v|make less natural or unnatural|	v|strip of the rights and duties of citizenship|The former Nazi was denaturalized
denaturant	n|any substance that serves as a denaturing agent|
denature	v|add nonfissionable material to (fissionable material) so as to make unsuitable for use in an atomic bomb|	v|modify (as a native protein) especially by heat, acid, alkali, or ultraviolet radiation so that all of the original properties are removed or diminished|	v|make (alcohol) unfit for drinking without impairing usefulness for other purposes|
denatured	adj|changed in nature or natural quality|denatured alcohol
denatured alcohol	n|ethyl alcohol that is unfit for drinking but is still useful for other purposes|
denaturised	adj|changed in nature or natural quality|denatured alcohol
denaturized	adj|changed in nature or natural quality|denatured alcohol
denazification	n|social process of removing Nazis from official positions and giving up any allegiance to Nazism|denazification was a slow process
denazify	v|free from Nazi ideology or detach from Nazi allegiance|Germany was denazified after WW II
dendranthema	n|comprises plants often included in the genus Chrysanthemum|
dendranthema grandifloruom	n|of China|
dendraspis	n|mambas|
dendriform	adj|resembling a tree in form and branching structure|arborescent coral found off the coast of Bermuda
dendrite	n|short fiber that conducts toward the cell body of the neuron|
dendritic	adj|(neuroscience) of or relating to or resembling a dendrite|dendritic fiber
dendroaspis	n|mambas|
dendroaspis augusticeps	n|a highly venomous southern African mamba dreaded because of its quickness and readiness to bite|
dendrobium	n|a plant of the genus Dendrobium having stems like cane and usually showy racemose flowers|
dendrocalamus	n|giant clump-forming bamboos|
dendrocalamus giganteus	n|immense tropical southeast Asian bamboo with tough hollow culms that resemble tree trunks|
dendrocolaptes	n|type genus of the Dendrocolaptidae|
dendrocolaptidae	n|woodhewers or woodcreepers|
dendroctonus	n|genus of small bark beetles destructive especially to mature conifers|
dendroctonus rufipennis	n|small beetle that likes to bore through the bark of spruce trees and eat the cambium which eventually kills the tree|the spruce bark beetle is the major tree-killing insect pest of Alaska spruce forests
dendroica	n|a genus of Parulidae|
dendroica auduboni	n|common warbler of western North America|
dendroica coronata	n|similar to Audubon's warbler|
dendroid	adj|resembling a tree in form and branching structure|arborescent coral found off the coast of Bermuda
dendroidal	adj|resembling a tree in form and branching structure|arborescent coral found off the coast of Bermuda
dendrolagus	n|tree wallabies|
dendrology	n|the study of wooden plants|
dendromecon	n|one species: bush poppy|
deneb	n|the brightest star in Cygnus|
denebola	n|a star in Leo approximately 43 light years from Earth|
deng xiaoping	n|Chinese communist statesman (1904-1997)|
dengue	n|an infectious disease of the tropics transmitted by mosquitoes and characterized by rash and aching head and joints|
dengue fever	n|an infectious disease of the tropics transmitted by mosquitoes and characterized by rash and aching head and joints|
deniable	adj|capable of being denied or contradicted|
denial	n|the act of refusing to comply (as with a request)|it resulted in a complete denial of his privileges	n|the act of asserting that something alleged is not true|	n|(psychiatry) a defense mechanism that denies painful thoughts|	n|renunciation of your own interests in favor of the interests of others|
denier	n|a unit of measurement for the fineness of silk or nylon or rayon|with an evening dress one wears 10 denier stockings	n|any of various former European coins of different denominations|	n|one who denies|
denigrate	v|cause to seem less serious; play down|Don't belittle his influence	v|charge falsely or with malicious intent; attack the good name and reputation of someone|The journalists have defamed me!
denigrating	adj|(used of statements) harmful and often untrue; tending to discredit or malign|
denigration	n|a belittling comment|	n|an abusive attack on a person's character or good name|	n|the act of expressing disapproval (especially of yourself)|
denigrative	adj|(used of statements) harmful and often untrue; tending to discredit or malign|
denigratory	adj|(used of statements) harmful and often untrue; tending to discredit or malign|
denim	n|(used in the plural) close-fitting trousers of heavy denim for manual work or casual wear|	n|a coarse durable twill-weave cotton fabric|
denis diderot	n|French philosopher who was a leading figure of the Enlightenment in France; principal editor of an encyclopedia that disseminated the scientific and philosophical knowledge of the time (1713-1784)|
denisonia	n|copperheads|
denisonia superba	n|venomous but sluggish reddish-brown snake of Australia|
denitrify	v|remove nitrogen from|Denitrify the soil
denizen	n|a person who inhabits a particular place|	n|a plant or animal naturalized in a region|denizens of field and forest
denmark	n|a constitutional monarchy in northern Europe; consists of the mainland of Jutland and many islands between the North Sea and the Baltic Sea|
dennis gabor	n|British physicist (born in Hungary) noted for his work on holography (1900-1979)|
dennstaedtia	n|chiefly terrestrial ferns; in some classification systems placed in family Polypodiaceae|
dennstaedtia punctilobula	n|fern of eastern North America with pale green fronds and an aroma like hay|
dennstaedtiaceae	n|one of a number of families into which Polypodiaceae has been subdivided in some classification systems|
denominate	v|assign a name or title to|
denomination	n|a group of religious congregations having its own organization and a distinctive faith|	n|a class of one kind of unit in a system of numbers or measures or weights or money|he flashed a fistful of bills of large denominations	n|identifying word or words by which someone or something is called and classified or distinguished from others|
denominational	adj|relating to or characteristic of a particular religious denomination|denominational politics	adj|relating to the face value of a banknote, coin, or stamp|	adj|adhering or confined to a particular sect or denomination|denominational prejudice
denominationalism	n|a narrow-minded adherence to a particular sect or party or denomination|he condemned religious sectarianism	n|the tendency, in Protestantism, to separate into religious denominations or to advocate such separations|
denominationally	adv|with respect to denomination|denominationally diverse audiences
denominator	n|the divisor of a fraction|
denotation	n|the act of indicating or pointing out by name|	n|the most direct or specific meaning of a word or expression; the class of objects that an expression refers to|the extension of `satellite of Mars' is the set containing only Demos and Phobos
denotative	adj|having the power of explicitly denoting or designating or naming|	adj|in accordance with fact or the primary meaning of a term|
denotatum	n|an actual object referred to by a linguistic expression|
denote	v|be a sign or indication of|Her smile denoted that she agreed	v|have as a meaning|`multi-' denotes `many'	v|make known; make an announcement|She denoted her feelings clearly
denotive	adj|having the power of explicitly denoting or designating or naming|
denouement	n|the outcome of a complex sequence of events|	n|the final resolution of the main complication of a literary or dramatic work|
denounce	v|speak out against|He denounced the Nazis	v|to accuse or condemn or openly or formally or brand as disgraceful|He denounced the government action	v|announce the termination of, as of treaties|	v|give away information about somebody|He told on his classmate who had cheated on the exam
denouncement	n|a public act of denouncing|
dense	adj|permitting little if any light to pass through because of denseness of matter|dense smoke	adj|hard to pass through because of dense growth|dense vegetation	adj|having high relative density or specific gravity|dense as lead	adj|slow to learn or understand; lacking intellectual acuity|so dense he never understands anything I say to him
dense-leaved elodea	n|aquatic plant with deep green foliage useful to oxygenate an aquarium; sometimes placed in genus Egeria|
densely	adv|in a stupid manner|he had so rapaciously desired and so obtusely expected to find her alone	adv|in a concentrated manner|old houses are often so densely packed that perhaps three or four have to be demolished for every new one built
denseness	n|the quality of being mentally slow and limited|	n|the spatial property of being crowded together|	n|the amount per unit size|
densification	n|an increase in the density of something|
densimeter	n|a measuring instrument for determining density or specific gravity|
densitometer	n|a measuring instrument for determining optical or photographic density|	n|a measuring instrument for determining density or specific gravity|
densitometry	n|measuring the optical density of a substance by shining light on it and measuring its transmission|
density	n|the amount per unit size|	n|the spatial property of being crowded together|
dent	n|an appreciable consequence (especially a lessening)|it made a dent in my bank account	n|a depression scratched or carved into a surface|	n|an impression in a surface (as made by a blow)|	v|make a depression into|The bicycle dented my car
dent corn	n|corn whose kernels contain both hard and soft starch and become indented at maturity|
dental	adj|of or relating to the teeth|dental floss	adj|of or relating to dentistry|dental student	n|a consonant articulated with the tip of the tongue near the gum ridge|
dental amalgam	n|an alloy of mercury with another metal (usually silver) used by dentists to fill cavities in teeth; except for iron and platinum all metals dissolve in mercury and chemists refer to the resulting mercury mixtures as amalgams|
dental anatomy	n|the branch of gross anatomy concerning with the morphology of teeth|
dental appliance	n|a device to repair teeth or replace missing teeth|
dental assistant	n|an assistant to a dentist|
dental care	n|care for the teeth|
dental caries	n|soft decayed area in a tooth; progressive decay can lead to the death of a tooth|
dental consonant	n|a consonant articulated with the tip of the tongue near the gum ridge|
dental floss	n|a soft thread for cleaning the spaces between the teeth|
dental gold	n|an alloy of gold used in dentistry|
dental hygienist	n|someone trained to provide preventive dental service (cleaning teeth or taking x-rays)|
dental implant	n|an implant that replaces a natural tooth|
dental medicine	n|the branch of medicine dealing with the anatomy and development and diseases of the teeth|
dental orthopaedics	n|the branch of dentistry dealing with the prevention or correction of irregularities of the teeth|
dental orthopedics	n|the branch of dentistry dealing with the prevention or correction of irregularities of the teeth|
dental plaque	n|a film of mucus and bacteria deposited on the teeth that encourages the development of dental caries|
dental plate	n|a dental appliance that artificially replaces missing teeth|
dental practice	n|the practice of dentistry|
dental practitioner	n|a person qualified to practice dentistry|
dental procedure	n|a procedure employed by a dentist|
dental school	n|a graduate school offering study leading to degrees in dentistry|
dental surgeon	n|a dentist qualified to perform surgical procedures|
dental surgery	n|the branch of dentistry involving surgical procedures|
dental technician	n|someone who makes dental appliances (bridges and dentures)|
dentaria	n|usually included in genus Cardamine; in some classifications considered a separate genus|
dentaria bulbifera	n|European bittercress having a knotted white rootstock|
dentate	adj|having toothlike projections in the margin|
dentate leaf	n|a leaf having a toothed margin|
dentate nucleus	n|a large laminar nucleus of grey matter within the white matter of each cerebral hemisphere|
dented	adj|of metal e.g.|bent nails
denticle	n|small pointed ridge on the exoskeleton of an arthropod|
denticulate	adj|having a very finely toothed margin|
denticulate leaf	n|a leaf having a finely toothed margin; minutely dentate|
dentifrice	n|a substance for cleaning the teeth; applied with a toothbrush|
dentin	n|a calcareous material harder and denser than bone that comprises the bulk of a tooth|	n|bone (calcified tissue) surrounding the pulp cavity of a tooth|
dentine	n|a calcareous material harder and denser than bone that comprises the bulk of a tooth|	n|bone (calcified tissue) surrounding the pulp cavity of a tooth|
dentist	n|a person qualified to practice dentistry|
dentist's drill	n|a high speed drill that dentists use to cut into teeth|
dentistry	n|the branch of medicine dealing with the anatomy and development and diseases of the teeth|
dentition	n|the eruption through the gums of baby teeth|	n|the kind and number and arrangement of teeth (collectively) in a person or animal|
denture	n|a dental appliance that artificially replaces missing teeth|
denturist	n|someone who makes dental appliances (bridges and dentures)|
denudate	adj|without the natural or usual covering|a bald spot on the lawn	v|lay bare|denude a forest
denudation	n|the removal of covering|
denude	v|lay bare|denude a forest
denuded	adj|without the natural or usual covering|a bald spot on the lawn
denumerable	adj|that can be counted|countable sins
denunciation	n|a public act of denouncing|
denunciative	adj|containing warning of punishment|
denunciatory	adj|containing warning of punishment|
denver	n|the state capital and largest city of Colorado; located in central Colorado on the South Platte river|
deny	v|declare untrue; contradict|He denied the allegations	v|refuse to accept or believe|He denied his fatal illness	v|refuse to grant, as of a petition or request|The dean denied the students' request for more physics courses	v|refuse to let have|She denies me every pleasure
deodar	n|tall East Indian cedar having spreading branches with nodding tips; highly valued for its appearance as well as its timber|
deodar cedar	n|tall East Indian cedar having spreading branches with nodding tips; highly valued for its appearance as well as its timber|
deodorant	n|a toiletry applied to the skin in order to mask unpleasant odors|
deodorise	v|eliminate the odor from|This stick will deodorize your armpits
deodorize	v|eliminate the odor from|This stick will deodorize your armpits
deodourant	n|a toiletry applied to the skin in order to mask unpleasant odors|
deodourise	v|eliminate the odor from|This stick will deodorize your armpits
deontic logic	n|the modal logic of obligation and permissibility|
deossification	n|the loss of the mineral content of bone tissue|
deoxidise	v|to remove oxygen from a compound, or cause to react with hydrogen or form a hydride, or to undergo an increase in the number of electrons|
deoxidize	v|to remove oxygen from a compound, or cause to react with hydrogen or form a hydride, or to undergo an increase in the number of electrons|
deoxyadenosine	n|a nucleoside component of DNA; composed of adenosine and deoxyribose|
deoxyadenosine monophosphate	n|one of the four nucleotides used in building DNA; all four nucleotides have a common phosphate group and a sugar (ribose)|
deoxycytidine	n|a nucleoside component of DNA; composed of cytosine and deoxyribose|
deoxycytidine monophosphate	n|one of the four nucleotides used in building DNA; all four nucleotides have a common phosphate group and a sugar (ribose)|
deoxyephedrine	n|an amphetamine derivative (trade name Methedrine) used in the form of a crystalline hydrochloride; used as a stimulant to the nervous system and as an appetite suppressant|
deoxygenate	v|remove oxygen from (water)|
deoxyguanosine	n|a nucleoside component of DNA; composed of guanine and deoxyribose|
deoxyguanosine monophosphate	n|one of the four nucleotides used in building DNA; all four nucleotides have a common phosphate group and a sugar (ribose)|
deoxyribonucleic acid	n|(biochemistry) a long linear polymer found in the nucleus of a cell and formed from nucleotides and shaped like a double helix; associated with the transmission of genetic information|DNA is the king of molecules
deoxyribose	n|a sugar that is a constituent of nucleic acids|
deoxythymidine	n|a nucleoside component of DNA; composed of thymine and deoxyribose|
deoxythymidine monophosphate	n|one of the four nucleotides used in building DNA; all four nucleotides have a common phosphate group and a sugar (ribose)|
depardieu	n|French film actor (born in 1948)|
deparia	n|classification used for 5 species of terrestrial ferns usually placed in other genera|
deparia acrostichoides	n|fern with elongate silvery outgrowths enclosing the developing spores|
depart	v|move away from a place into another direction|Go away before I start to cry	v|be at variance with; be out of line with|	v|leave|The family took off for Florida	v|go away or leave|
departed	adj|well in the past; former|bygone days	adj|dead|he is deceased	n|someone who is no longer alive|I wonder what the dead person would have done
departer	n|someone who leaves|
department	n|a specialized division of a large organization|you'll find it in the hardware department	n|the territorial and administrative division of some countries (such as France)|	n|a specialized sphere of knowledge|baking is not my department
department head	n|the head of a department|
department of agriculture	n|the federal department that administers programs that provide services to farmers (including research and soil conservation and efforts to stabilize the farming economy); created in 1862|
department of anthropology	n|the academic department responsible for teaching and research in anthropology|
department of biology	n|the academic department responsible for teaching and research in biology|
department of chemistry	n|the academic department responsible for teaching and research in chemistry|
department of computer science	n|the academic department responsible for teaching and research in computer science|
department of corrections	n|the department of local government that is responsible for managing the treatment of convicted offenders|for a career in corrections turn to the web site of the New Jersey Department of Corrections
department of defense laboratory system	n|a defense laboratory that provides essential services in fundamental science for national security and environmental protection and provides technologies that contribute to industrial competitiveness|
department of economics	n|the academic department responsible for teaching and research in economics|
department of energy intelligence	n|an agency that collects political and economic and technical information about energy matters and makes the Department of Energy's technical and analytical expertise available to other members of the Intelligence Community|
department of history	n|the academic department responsible for teaching history|
department of homeland security	n|the federal department that administers all matters relating to homeland security|
department of justice canada	n|an agency of the Canadian government that provides litigation and legal advice and opinions to the government|
department of linguistics	n|the academic department responsible for teaching and research in linguistics|
department of local government	n|a permanent department created to perform the work of a local government|
department of mathematics	n|the academic department responsible for teaching and research in mathematics|
department of music	n|the academic department responsible for teaching music and music appreciation|
department of philosophy	n|the academic department responsible for teaching philosophy|
department of physics	n|the academic department responsible for teaching and research in physics|
department of psychology	n|the academic department responsible for teaching and research in psychology|
department of sociology	n|the academic department responsible for teaching and research in sociology|
department of the treasury	n|the federal department that collects revenue and administers federal finances; the Treasury Department was created in 1789|
department store	n|a large retail store organized into departments offering a variety of merchandise; commonly part of a retail chain|
departmental	adj|of or relating to a department|departmental policy
departmentally	adv|dependent on a department|
departure	n|the act of departing|	n|a variation that deviates from the standard or norm|the deviation from the mean	n|euphemistic expressions for death|thousands mourned his passing
departure gate	n|gate where passengers embark|
departure lounge	n|lounge where passengers can await departure|
departure tax	n|a tax that is levied when you are departing a country by land or sea or air|
departure time	n|the time at which a public conveyance is scheduled to depart from a given point of origin|
depend	v|be contingent upon (something that is elided)|That depends	v|have faith or confidence in|you can count on me to help you any time
depend on	v|be contingent on|The outcomes rides on the results of the election	v|put trust in with confidence|she is someone you can really rely on when times get rough	v|be dependent on, as for support or maintenance|elderly parents often depend on their adult children
depend upon	v|be contingent on|The outcomes rides on the results of the election	v|put trust in with confidence|she is someone you can really rely on when times get rough
dependability	n|the quality of being dependable or reliable|
dependable	adj|worthy of reliance or trust|a reliable source of information	adj|worthy of being depended on|a dependable worker	adj|consistent in performance or behavior|dependable in one's habits	adj|financially safe|a good investment
dependableness	n|the quality of being dependable or reliable|
dependably	adv|in a faithful manner|it always came on, faithfully, like the radio
dependance	n|being abnormally tolerant to and dependent on something that is psychologically or physically habit-forming (especially alcohol or narcotic drugs)|	n|the state of relying on or being controlled by someone or something else|
dependant	adj|contingent on something else|	adj|addicted to a drug|	n|a person who relies on another person for support (especially financial support)|
dependant on	adj|being determined by conditions or circumstances that follow|arms sales contingent on the approval of congress
dependant upon	adj|being determined by conditions or circumstances that follow|arms sales contingent on the approval of congress
dependence	n|the state of relying on or being controlled by someone or something else|	n|being abnormally tolerant to and dependent on something that is psychologically or physically habit-forming (especially alcohol or narcotic drugs)|
dependency	n|the state of relying on or being controlled by someone or something else|	n|being abnormally tolerant to and dependent on something that is psychologically or physically habit-forming (especially alcohol or narcotic drugs)|	n|a geographical area politically controlled by a distant country|
dependent	adj|relying on or requiring a person or thing for support, supply, or what is needed|dependent children	adj|contingent on something else|	adj|(of a clause) unable to stand alone syntactically as a complete sentence|a subordinate (or dependent) clause functions as a noun or adjective or adverb within a sentence	adj|held from above and hanging down|a pendant bunch of grapes
dependent clause	n|a clause in a complex sentence that cannot stand alone as a complete sentence and that functions within the sentence as a noun or adjective or adverb|
dependent on	adj|being determined by conditions or circumstances that follow|arms sales contingent on the approval of congress
dependent upon	adj|being determined by conditions or circumstances that follow|arms sales contingent on the approval of congress
dependent variable	n|(statistics) a variable in a logical or mathematical expression whose value depends on the independent variable|if f(x)=y, y is the dependent variable
depending on	adj|being determined by conditions or circumstances that follow|arms sales contingent on the approval of congress
depersonalisation	n|emotional dissociative disorder in which there is loss of contact with your own personal reality accompanied by feelings of unreality and strangeness|	n|(existentialism) a loss of personal identity; a feeling of being an anonymous cog in an impersonal social machine|	n|representing a human being as a physical thing deprived of personal qualities or individuality|according to Marx, treating labor as a commodity exemplified the reification of the individual
depersonalisation disorder	n|emotional dissociative disorder in which there is loss of contact with your own personal reality accompanied by feelings of unreality and strangeness|
depersonalisation neurosis	n|emotional dissociative disorder in which there is loss of contact with your own personal reality accompanied by feelings of unreality and strangeness|
depersonalise	v|make impersonal or present as an object|Will computers depersonalize human interactions?
depersonalization	n|emotional dissociative disorder in which there is loss of contact with your own personal reality accompanied by feelings of unreality and strangeness|	n|(existentialism) a loss of personal identity; a feeling of being an anonymous cog in an impersonal social machine|	n|representing a human being as a physical thing deprived of personal qualities or individuality|according to Marx, treating labor as a commodity exemplified the reification of the individual
depersonalization disorder	n|emotional dissociative disorder in which there is loss of contact with your own personal reality accompanied by feelings of unreality and strangeness|
depersonalization neurosis	n|emotional dissociative disorder in which there is loss of contact with your own personal reality accompanied by feelings of unreality and strangeness|
depersonalize	v|make impersonal or present as an object|Will computers depersonalize human interactions?
depict	v|show in, or as in, a picture|This scene depicts country life	v|give a description of|He drew an elaborate plan of attack	v|make a portrait of|Goya wanted to portray his mistress, the Duchess of Alba
depicted	adj|represented graphically by sketch or design or lines|
depicted object	n|something (a person or object or scene) selected by an artist or photographer for graphic representation|a moving picture of a train is more dramatic than a still picture of the same subject
depicting	n|a representation by picture or portraiture|
depiction	n|a graphic or vivid verbal description|too often the narrative was interrupted by long word pictures	n|a representation by picture or portraiture|	n|a drawing of the outlines of forms or objects|	n|representation by drawing or painting etc|
depictive	adj|depicted in a recognizable manner|
depigmentation	n|absence or loss of pigmentation (or less than normal pigmentation) in the skin or hair|
depilate	v|remove body hair|epilate her legs
depilation	n|the condition of being void of hair|	n|the act of removing hair (as from an animal skin)|
depilator	n|a cosmetic for temporary removal of undesired hair|
depilatory	adj|able to remove hair or render hairless|	n|a chemical (usually a sulfide) used to remove hair or wool or bristles from hides|	n|a cosmetic for temporary removal of undesired hair|
depilous	adj|completely hairless|
deplane	v|get off an airplane|
depletable	adj|capable of being depleted|
deplete	v|use up (resources or materials)|this car consumes a lot of gas
depleted	adj|no longer sufficient|supplies are low
depletion	n|the act of decreasing something markedly|	n|the state of being depleted|
deplorable	adj|bad; unfortunate|my finances were in a deplorable state	adj|of very poor quality or condition|deplorable housing conditions in the inner city	adj|bringing or deserving severe rebuke or censure|a criminal waste of talent
deplorably	adv|in an unfortunate or deplorable manner|he was sadly neglected
deplore	v|express strong disapproval of|We deplore the government's treatment of political prisoners	v|regret strongly|I deplore this hostile action
deploy	v|place troops or weapons in battle formation|
deployment	n|the distribution of forces in preparation for battle or work|
deplumate	v|strip of feathers|pull a chicken
deplume	v|strip of honors, possessions, or attributes|	v|strip of feathers|pull a chicken
depokene	n|anticonvulsant (trade name Depokene) used to prevent some kinds of seizures|
depolarisation	n|a loss of polarity or polarization|
depolarise	v|eliminate the polarization of|
depolarization	n|a loss of polarity or polarization|
depolarize	v|eliminate the polarization of|
depone	v|make a deposition; declare under oath|
deponent	n|a person who testifies or gives a deposition|
depopulate	v|reduce in population|The epidemic depopulated the countryside
depopulated	adj|having lost inhabitants as by war or disease|the 15th century plagues left vast areas of Europe depopulated
depopulation	n|the condition of having reduced numbers of inhabitants (or no inhabitants at all)|
deport	v|behave in a certain manner|She carried herself well	v|hand over to the authorities of another country|They extradited the fugitive to his native country so he could be tried there	v|expel from a country|The poet was exiled because he signed a letter protesting the government's actions
deportation	n|the act of expelling a person from their native land|men in exile dream of hope	n|the expulsion from a country of an undesirable alien|
deportee	n|a person who is expelled from home or country by authority|
deportment	n|(behavioral attributes) the way a person behaves toward other people|
depose	v|force to leave (an office)|	v|make a deposition; declare under oath|
deposer	n|a person who testifies or gives a deposition|
deposit	v|put, fix, force, or implant|lodge a bullet in the table	v|put into a bank account|She deposits her paycheck every month	v|put (something somewhere) firmly|She posited her hand on his shoulder	n|the phenomenon of sediment or gravel accumulating|
deposit account	n|a savings account in which the deposit is held for a fixed term or in which withdrawals can be made only after giving notice or with loss of interest|
deposit box	n|a fireproof metal strongbox (usually in a bank) for storing valuables|
depositary	n|a facility where things can be deposited for storage or safekeeping|
deposition	n|the natural process of laying down a deposit of something|	n|(law) a pretrial interrogation of a witness; usually conducted in a lawyer's office|	n|the act of putting something somewhere|	n|the act of deposing someone; removing a powerful person from a position or office|
depositor	n|a person who has deposited money in a bank or similar institution|
depository	n|a facility where things can be deposited for storage or safekeeping|
depository financial institution	n|a financial institution that accepts deposits and channels the money into lending activities|he cashed a check at the bank
depository library	n|a depository built to contain books and other materials for reading and study|
depot	n|station where transport vehicles load or unload passengers or goods|	n|a depository for goods|storehouses were built close to the docks
depravation	n|moral perversion; impairment of virtue and moral principles|the luxury and corruption among the upper classes
deprave	v|corrupt morally or by intemperance or sensuality|debauch the young people with wine and women
depraved	adj|deviating from what is considered moral or right or proper or good|depraved criminals
depravity	n|moral perversion; impairment of virtue and moral principles|the luxury and corruption among the upper classes	n|a corrupt or depraved or degenerate act or practice|the various turpitudes of modern society
deprecate	v|express strong disapproval of; deplore|	v|belittle|The teacher should not deprecate his student's efforts
deprecating	adj|tending to diminish or disparage|belittling comments
deprecation	n|a prayer to avert or remove some evil or disaster|	n|the act of expressing disapproval (especially of yourself)|
deprecative	adj|tending to diminish or disparage|belittling comments	adj|given to expressing disapproval|
deprecatively	adv|in a deprecative manner|
deprecatory	adj|tending to diminish or disparage|belittling comments
depreciate	v|belittle|The teacher should not deprecate his student's efforts	v|lower the value of something|The Fed depreciated the dollar once again	v|lose in value|The dollar depreciated again
depreciating	adj|tending to decrease or cause a decrease in value|a depreciating currency
depreciation	n|a decrease in price or value|depreciation of the dollar against the yen	n|decrease in value of an asset due to obsolescence or use|	n|a communication that belittles somebody or something|
depreciation allowance	n|an allowance for loss due to depreciation|
depreciation charge	n|an amount periodically charged to expense or against revenue in compensation for depreciation of property|
depreciation rate	n|the rate at which the value of property is reduced; used to calculate tax deduction|
depreciative	adj|tending to decrease or cause a decrease in value|a depreciating currency	adj|tending to diminish or disparage|belittling comments
depreciator	n|one who disparages or belittles the worth of something|
depreciatory	adj|tending to decrease or cause a decrease in value|a depreciating currency	adj|tending to diminish or disparage|belittling comments
depredation	n|an act of plundering and pillaging and marauding|	n|(usually plural) a destructive action|the ravages of time
depress	v|lower someone's spirits; make downhearted|These news depressed her	v|lower (prices or markets)|The glut of oil depressed gas prices	v|cause to drop or sink|The lack of rain had depressed the water level in the reservoir	v|press down|Depress the space key
depressant	adj|capable of depressing physiological or psychological activity or response by a chemical agent|	n|a drug that reduces excitability and calms a person|
depressed	adj|lower than previously|the market is depressed	adj|flattened downward as if pressed from above or flattened along the dorsal and ventral surfaces|	adj|filled with melancholy and despondency|gloomy at the thought of what he had to face
depressed fracture	n|fracture of the skull where the bone is pushed in|
depressing	adj|causing sad feelings of gloom and inadequacy|the economic outlook is depressing
depressingly	adv|in a depressing manner or to a depressing degree|
depression	n|a mental state characterized by a pessimistic sense of inadequacy and a despondent lack of activity|	n|a long-term economic state characterized by unemployment and low prices and low levels of trade and investment|	n|a sunken or depressed geological formation|	n|sad feelings of gloom and inadequacy|
depressive	n|someone suffering psychological depression|
depressive disorder	n|a state of depression and anhedonia so severe as to require clinical intervention|
depressor	n|any skeletal muscle that draws a body part down|	n|any nerve whose activity tends to reduce the activity or tone of the body part it serves|	n|a device used by physician to press a part down or aside|
depressor muscle	n|any skeletal muscle that draws a body part down|
depressor nerve	n|any nerve whose activity tends to reduce the activity or tone of the body part it serves|
depressurise	v|decrease the pressure of|depressurize the cabin in the air plane
depressurize	v|decrease the pressure of|depressurize the cabin in the air plane
deprivation	n|a state of extreme poverty|	n|the disadvantage that results from losing something|his loss of credibility led to his resignation	n|act of depriving someone of food or money or rights|nutritional privation
deprive	v|take away possessions from someone|The Nazis stripped the Jews of all their assets	v|keep from having, keeping, or obtaining|	v|take away|
deprived	adj|marked by deprivation especially of the necessities of life or healthful environmental influences|a childhood that was unhappy and deprived, the family living off charity
depth	n|the extent downward or backward or inward|the depth of the water	n|degree of psychological or intellectual profundity|	n|(usually plural) a low moral state|he had sunk to the depths of addiction	n|the intellectual ability to penetrate deeply into ideas|
depth bomb	n|a bomb that explodes at a preset depth under water; antisubmarine device|
depth charge	n|a bomb that explodes at a preset depth under water; antisubmarine device|
depth finder	n|navigational instrument used to measure the depth of a body of water (as by ultrasound or radar)|
depth gage	n|a gauge for measuring the depth of grooves or holes or other concavities|
depth gauge	n|a gauge for measuring the depth of grooves or holes or other concavities|
depth psychology	n|a set of techniques for exploring underlying motives and a method of treating various mental disorders; based on the theories of Sigmund Freud|his physician recommended psychoanalysis
depths	n|(plural) the deepest and most remote part|from the depths of darkest Africa
deputation	n|a group of representatives or delegates|	n|authorizing subordinates to make certain decisions|
depute	v|transfer power to someone|	v|appoint as a substitute|	v|give an assignment to (a person) to a post, or assign a task to (a person)|
deputise	v|act as a substitute|She stood in for the soprano who suffered from a cold	v|appoint as a substitute|
deputize	v|act as a substitute|She stood in for the soprano who suffered from a cold	v|appoint as a substitute|
deputy	n|someone authorized to exercise the powers of sheriff in emergencies|	n|an assistant with power to act when his superior is absent|	n|a member of the lower chamber of a legislative assembly (such as in France)|	n|a person appointed to represent or act on behalf of others|
deputy sheriff	n|someone authorized to exercise the powers of sheriff in emergencies|
der fuhrer	n|German Nazi dictator during World War II (1889-1945)|
deracinate	v|move (people) forcibly from their homeland into a new and foreign environment|The war uprooted many people	v|pull up by or as if by the roots|uproot the vine that has spread all over the garden
deracination	n|to move something from its natural environment|	n|the act of pulling up or out; uprooting; cutting off from existence|
derail	v|cause to run off the tracks|they had planned to derail the trains that carried atomic waste	v|run off or leave the rails|the train derailed because a cow was standing on the tracks
derailment	n|an accident in which a train runs off its track|
derain	n|French painter and exponent of fauvism (1880-1954)|
derange	v|derange mentally, throw out of mental balance; make insane|The death of his parents unbalanced him	v|throw into great confusion or disorder|Fundamentalists threaten to perturb the social order
deranged	adj|driven insane|
derangement	n|a state of mental disturbance and disorientation|	n|the act of disturbing the mind or body|his carelessness could have caused an ecological upset
derate	v|lower the rated electrical capability of electrical apparatus|
derby	n|a felt hat that is round and hard with a narrow brim|
derby hat	n|a felt hat that is round and hard with a narrow brim|
deregulate	v|lift the regulations on|
deregulating	n|the act of freeing from regulation (especially from governmental regulations)|
deregulation	n|the act of freeing from regulation (especially from governmental regulations)|
derelict	adj|worn and broken down by hard use|a creaky shack	adj|forsaken by owner or inhabitants|weed-grown yard of an abandoned farmhouse	adj|failing in what duty requires|derelict (or delinquent) in his duty	adj|in deplorable condition|a street of bedraggled tenements
dereliction	n|a tendency to be negligent and uncaring|he inherited his delinquency from his father	n|willful negligence|
derequisition	v|release from government control|
derestrict	v|make free from restrictions|
deride	v|treat or speak of with contempt|He derided his student's attempt to solve the biggest problem in mathematics
derision	n|contemptuous laughter|	n|the act of deriding or treating with contempt|
derisive	adj|abusing vocally; expressing contempt or ridicule|derisive laughter
derisively	adv|in a disrespectful and mocking manner|`Sorry,' she repeated derisively
derisorily	adv|in a disrespectful and mocking manner|`Sorry,' she repeated derisively
derisory	adj|so unreasonable as to invite derision|the absurd excuse that the dog ate his homework
derivable	adj|capable of being derived|
derivation	n|the source or origin from which something derives (i.e. comes or issues)|he prefers shoes of Italian derivation	n|(historical linguistics) an explanation of the historical origins of a word or phrase|	n|a line of reasoning that shows how a conclusion follows logically from accepted propositions|	n|(descriptive linguistics) the process whereby new words are formed from existing words or bases by affixation|`singer' from `sing' or `undo' from `do' are examples of derivations
derivational	adj|characterized by inflections indicating a semantic relation between a word and its base|the morphological relation between `sing' and `singer' and `song' is derivational
derivational morphology	n|the part of grammar that deals with the derivations of words|
derivative	n|the result of mathematical differentiation; the instantaneous change of one quantity relative to another; df(x)/dx|	n|a compound obtained from, or regarded as derived from, another compound|	n|a financial instrument whose value is based on another security|	n|(linguistics) a word that is derived from another word|`electricity' is a derivative of `electric'
derivative instrument	n|a financial instrument whose value is based on another security|
derive	v|reason by deduction; establish by deduction|	v|obtain|derive pleasure from one's garden	v|come from|The present name derives from an older form	v|develop or evolve from a latent or potential state|
derived	adj|formed or developed from something else; not original|the belief that classes and organizations are secondary and derived"- John Dewey
derived function	n|the result of mathematical differentiation; the instantaneous change of one quantity relative to another; df(x)/dx|
deriving	n|(historical linguistics) an explanation of the historical origins of a word or phrase|
derma	n|the deep vascular inner layer of the skin|
dermabrasion	n|removal of scars or tattoos by anesthetizing the skin surface and then sanding or scraping off some of the outer skin layer|
dermacentor	n|vectors of important diseases of man and animals|
dermacentor variabilis	n|common tick that can transmit Rocky Mountain spotted fever and tularemia|
dermal	adj|of or relating to a cuticle or cuticula|	adj|of or relating to or located in the dermis|	adj|relating to or existing on or affecting the skin|cutaneous nerves
dermaptera	n|earwigs and a few related forms|
dermatitis	n|inflammation of the skin; skin becomes itchy and may develop blisters|
dermatobia	n|larvae live under the skin of domestic mammals and humans|
dermatoglyphic	n|the lines that form patterns on the skin (especially on the fingertips and the palms of the hands and the soles of the feet)|
dermatoglyphics	n|the study of the whorls and loops and arches in the fingertips and on the palms of the hand and the soles of the feet|some criminologists specialize in dermatoglyphics
dermatologic	adj|of or relating to or practicing dermatology|
dermatological	adj|of or relating to or practicing dermatology|
dermatologist	n|a doctor who specializes in the physiology and pathology of the skin|
dermatology	n|the branch of medicine dealing with the skin and its diseases|
dermatome	n|a surgical instrument used to cut very thin slices of skin|
dermatomycosis	n|fungal infection of the skin (especially of moist parts covered by clothing)|
dermatomyositis	n|myositis characterized by weakness of limb and neck muscles and much muscle pain and swelling accompanied by skin rash affecting cheeks and eyelids and neck and chest and limbs; progression and severity vary among individuals|
dermatophytosis	n|fungal infection of the skin (especially of moist parts covered by clothing)|
dermatosclerosis	n|an autoimmune disease that affects the blood vessels and connective tissue; fibrous connective tissue is deposited in the skin|
dermatosis	n|disorder involving lesions or eruptions of the skin (in which there is usually no inflammation)|
dermestidae	n|carpet beetles|
dermic	adj|of or relating to or located in the dermis|
dermis	n|the deep vascular inner layer of the skin|
dermochelyidae	n|sea turtles|
dermochelys	n|type genus of the Dermochelyidae: leatherback turtles|
dermochelys coriacea	n|wide-ranging marine turtle with flexible leathery carapace; largest living turtle|
dermoid cyst	n|a cystic tumor (usually benign) with a wall lined with epithelium and a cavity containing other material|
dermoptera	n|flying lemurs|
derogate	v|cause to seem less serious; play down|Don't belittle his influence
derogation	n|a communication that belittles somebody or something|	n|(law) the partial taking away of the effectiveness of a law; a partial repeal or abolition of a law|any derogation of the common law is to be strictly construed
derogative	adj|expressive of low opinion|derogatory comments
derogatory	adj|expressive of low opinion|derogatory comments
derrick	n|a framework erected over an oil well to allow drill tubes to be raised and lowered|	n|a simple crane having lifting tackle slung from a boom|
derrida	n|French philosopher and critic (born in Algeria); exponent of deconstructionism (1930-2004)|
derriere	n|the fleshy part of the human body that you sit on|he deserves a good kick in the butt
derring-do	n|brave and heroic feats|
derringer	n|a pocket pistol of large caliber with a short barrel|
derris	n|any of various usually woody vines of the genus Derris of tropical Asia whose roots yield the insecticide rotenone; several are sources of native fish and arrow poisons|
derris elliptica	n|woody vine having bright green leaves and racemes of rose-tinted white flowers; the swollen roots contain rotenone|
derris root	n|woody vine having bright green leaves and racemes of rose-tinted white flowers; the swollen roots contain rotenone|
derv	n|diesel oil used in cars and lorries with diesel engines; from d(iesel) e(ngine) r(oad) v(ehicle)|
dervish	n|an ascetic Muslim monk; a member of an order noted for devotional exercises involving bodily movements|
des	n|a potent estrogen used in medicine and in feed for livestock and poultry|	n|synthetic nonsteroid with the properties of estrogen; formerly used to treat menstrual problems but was found to be associated with vaginal cancers in the daughters of women so treated during pregnancy|
des moines	n|the capital and largest city in Iowa|
desacralize	v|transfer from ecclesiastical to civil possession, use, or control|
desalinate	v|remove salt from|desalinate water
desalination	n|the removal of salt (especially from sea water)|
desalinisation	n|the removal of salt (especially from sea water)|
desalinise	v|remove salt from|desalinate water
desalinization	n|the removal of salt (especially from sea water)|
desalinize	v|remove salt from|desalinate water
desalt	v|remove salt from|desalinate water
descale	v|remove the scales from|scale fish
descant	n|a decorative musical accompaniment (often improvised) added above a basic melody|	v|sing in descant|	v|sing by changing register; sing by yodeling|The Austrians were yodeling in the mountains	v|talk at great length about something of one's interest|
descant on	v|sing a descant on a main tune or melody|
descartes	n|French philosopher and mathematician; developed dualistic theory of mind and matter; introduced the use of coordinates to locate a point in two or three dimensions (1596-1650)|
descend	v|move downward and lower, but not necessarily all the way|The temperature is going down	v|come from; be connected by a relationship of blood, for example|She was descended from an old Italian noble family	v|do something that one considers to be below one's dignity|	v|come as if by falling|Night fell
descendant	n|a person considered as descended from some ancestor|	adj|going or coming down|	adj|proceeding by descent from an ancestor|descendent gene
descendants	n|all of the offspring of a given progenitor|we must secure the benefits of freedom for ourselves and our posterity
descendent	n|a person considered as descended from some ancestor|	adj|going or coming down|	adj|proceeding by descent from an ancestor|descendent gene
descender	n|someone who descends|	n|a lowercase letter that has a part extending below other lowercase letters|	n|(printing) the part of lowercase letters that extends below the other lowercase letters|
descending	adj|coming down or downward|
descending aorta	n|the descending part of the aorta that branches into the thoracic and abdominal aortae|
descending colon	n|the part of the large intestine that descends from the transverse colon to the sigmoid colon|
descending node	n|the point at which an orbit crosses the ecliptic plane going south|
descensus	n|the slipping or falling out of place of an organ (as the uterus)|
descensus uteri	n|prolapse of the uterus|
descent	n|a movement downward|	n|properties attributable to your ancestry|he comes from good origins	n|the act of changing your location in a downward direction|	n|the kinship relation between an individual and the individual's progenitors|
describable	adj|capable of being described|
describe	v|give a description of|He drew an elaborate plan of attack	v|to give an account or representation of in words|Discreet Italian police described it in a manner typically continental	v|make a mark or lines on a surface|draw a line	v|identify as in botany or biology, for example|
described	adj|represented in words especially with sharpness and detail|the vividly described wars
description	n|a statement that represents something in words|	n|the act of describing something|	n|sort or variety|every description of book was there
descriptive	adj|serving to describe or inform or characterized by description|the descriptive variable	adj|of or relating to an approach to linguistic analysis that aims at the description of a language's forms, structures and usage|descriptive grammar
descriptive adjective	n|an adjective that ascribes to its noun the value of an attribute of that noun (e.g., `a nervous person' or `a musical speaking voice')|
descriptive anthropology	n|the branch of anthropology that provides scientific description of individual human societies|
descriptive clause	n|a subordinate clause that does not limit or restrict the meaning of the noun phrase it modifies|
descriptive geometry	n|the geometry of properties that remain invariant under projection|
descriptive grammar	n|a grammar that is produced by descriptive linguistics|
descriptive linguistics	n|a description (at a given point in time) of a language with respect to its phonology and morphology and syntax and semantics without value judgments|
descriptively	adv|by giving a description|these topics need to be treated not just descriptively
descriptivism	n|(ethics) a doctrine holding that moral statements have a truth value|	n|(linguistics) a doctrine supporting or promoting descriptive linguistics|
descriptor	n|the phonological or orthographic sound or appearance of a word that can be used to describe or identify something|the inflected forms of a word can be represented by a stem and a list of inflections to be attached	n|a piece of stored information that is used to identify an item in an information storage and retrieval system|
descry	v|catch sight of|
descurainia	n|includes annual or biennial herbs of America and Europe very similar to and often included among those of genera Sisymbrium or Hugueninia; not recognized in some classification systems|
desecrate	v|violate the sacred character of a place or language|desecrate a cemetery	v|remove the consecration from a person or an object|
desecrated	adj|treated with disrespect and contempt|many desecrated shrines and cemeteries
desecration	n|blasphemous behavior; the act of depriving something of its sacred character|desecration of the Holy Sabbath
desegrated	adj|rid of segregation; having had segregation ended|
desegregate	v|open (a place) to members of all races and ethnic groups|This school is completely desegregated
desegregation	n|the action of incorporating a racial or religious group into a community|
desensitisation	n|the process of reducing sensitivity|the patient was desensitized to the allergen
desensitisation procedure	n|a technique used in behavior therapy to treat phobias and other behavior problems involving anxiety; client is exposed to the threatening situation under relaxed conditions until the anxiety reaction is extinguished|
desensitisation technique	n|a technique used in behavior therapy to treat phobias and other behavior problems involving anxiety; client is exposed to the threatening situation under relaxed conditions until the anxiety reaction is extinguished|
desensitise	v|cause not to be sensitive|The war desensitized many soldiers	v|make insensitive|His military training desensitized him
desensitising	adj|making less susceptible or sensitive to either physical or emotional stimuli|
desensitization	n|the process of reducing sensitivity|the patient was desensitized to the allergen
desensitization procedure	n|a technique used in behavior therapy to treat phobias and other behavior problems involving anxiety; client is exposed to the threatening situation under relaxed conditions until the anxiety reaction is extinguished|
desensitization technique	n|a technique used in behavior therapy to treat phobias and other behavior problems involving anxiety; client is exposed to the threatening situation under relaxed conditions until the anxiety reaction is extinguished|
desensitize	v|cause not to be sensitive|The war desensitized many soldiers	v|make insensitive|His military training desensitized him
desensitizing	adj|making less susceptible or sensitive to either physical or emotional stimuli|
desert	v|leave someone who needs or counts on you; leave in the lurch|The mother deserted her children	v|desert (a cause, a country or an army), often in order to join the opposing cause, country, or army|If soldiers deserted Hitler's army, they were shot	v|leave behind|the students deserted the campus after the end of exam period	n|arid land with little or no vegetation|
desert boot	n|a boot reaching halfway up to the knee|
desert four o'clock	n|wildflower having vibrant deep pink tubular evening-blooming flowers; found in sandy and desert areas from southern California to southern Colorado and into Mexico|
desert fox	n|German field marshal noted for brilliant generalship in North Africa during World War II (1891-1944)|
desert lynx	n|of deserts of northern Africa and southern Asia|
desert mariposa tulip	n|mariposa with clusters of bell-shaped vermilion or orange or yellow flowers atop short stems; southern California to Arizona and Mexico|
desert pea	n|sprawling shrubby perennial noted for its scarlet black-marked flowers; widely distributed in dry parts of Australia|
desert plant	n|plant adapted for life with a limited supply of water; compare hydrophyte and mesophyte|
desert rat	n|any of various leaping rodents of desert regions of North America and Mexico; largest members of the family Heteromyidae|
desert rheumatism	n|an infection of the lungs and skin characterized by excessive sputum and nodules|
desert rose	n|South African shrub having a swollen succulent stem and bearing showy pink and white flowers after the leaves fall; popular as an ornamental in tropics|
desert selaginella	n|prostrate spikemoss; California|
desert soil	n|a type of soil that develops in arid climates|
desert sunflower	n|slender hairy plant with few leaves and golden-yellow flower heads; sandy desert areas of southeastern California to southwestern Utah and western Arizona and northwestern Mexico|
desert willow	n|evergreen shrubby tree resembling a willow of dry regions of southwestern North America having showy purplish flowers and long seed pods|
deserted	adj|forsaken by owner or inhabitants|weed-grown yard of an abandoned farmhouse
deserter	n|a disloyal person who betrays or deserts his cause or religion or political party or friend etc.|	n|a person who abandons their duty (as on a military post)|
desertic soil	n|a type of soil that develops in arid climates|
desertification	n|the gradual transformation of habitable land into desert; is usually caused by climate change or by destructive use of the land|the dust storms in Korea are the result of rapid desertification in China
desertion	n|withdrawing support or help despite allegiance or responsibility|his abandonment of his wife and children left them penniless	n|the act of giving something up|
deserve	v|be worthy or deserving|You deserve a promotion after all the hard work you have done
deserved	adj|properly deserved|a merited success
deservedly	adv|as deserved|he chalked up two goals which deservedly gave Bolton their second victory of the season
deserving	adj|(often used ironically) worthy of being treated in a particular way|an idea worth considering
deservingness	n|the quality of being deserving (e.g., deserving assistance)|there were many children whose deservingness he recognized and rewarded
desex	v|make infertile|in some countries, people with genetically transmissible disabilites are sterilized
desexualise	v|direct one's libidinous urges into another direction|	v|make infertile|in some countries, people with genetically transmissible disabilites are sterilized
desexualize	v|direct one's libidinous urges into another direction|	v|make infertile|in some countries, people with genetically transmissible disabilites are sterilized
deshabille	n|the state of being carelessly or partially dressed|
desiccant	n|a substance that promotes drying (e.g., calcium oxide absorbs water and is used to remove moisture)|
desiccate	adj|lacking vitality or spirit; lifeless|a technically perfect but arid performance of the sonata	v|preserve by removing all water and liquids from|carry dehydrated food on your camping trip	v|remove water from|All this exercise and sweating has dehydrated me	v|lose water or moisture|In the desert, you get dehydrated very quickly
desiccated	adj|thoroughly dried out|old boxes of desiccated Cuban cigars	adj|preserved by removing natural moisture|dried beef	adj|lacking vitality or spirit; lifeless|a technically perfect but arid performance of the sonata
desiccation	n|dryness resulting from the removal of water|	n|the process of extracting moisture|
desideratum	n|something desired as a necessity|the desiderata for a vacation are time and money
desiderius erasmus	n|Dutch humanist and theologian who was the leading Renaissance scholar of northern Europe; although his criticisms of the Roman Catholic Church led to the Reformation, he opposed violence and condemned Martin Luther (1466-1536)|
design	n|the act of working out the form of something (as by making a sketch or outline or plan)|he contributed to the design of a new instrument	n|an arrangement scheme|the awkward design of the keyboard made operation difficult	n|something intended as a guide for making something else|a blueprint for a house	n|a decorative or artistic work|the coach had a design on the doors
design criteria	n|criteria that designers should meet in designing some system or device|the job specifications summarized the design criteria
designate	v|assign a name or title to|	v|give an assignment to (a person) to a post, or assign a task to (a person)|	v|indicate a place, direction, person, or thing; either spatially or figuratively|I showed the customer the glove section	v|decree or designate beforehand|She was destined to become a great pianist
designated driver	n|the member of a party who is designated to refrain from alcohol and so is sober when it is time to drive home|
designated hitter	n|a ballplayer who is designated to bat in place of the pitcher|
designation	n|identifying word or words by which someone or something is called and classified or distinguished from others|	n|the act of putting a person into a non-elective position|the appointment had to be approved by the whole committee	n|the act of designating or identifying something|
designative	adj|serving to designate|
designatum	n|something (whether existing or not) that is referred to by a linguistic expression|
designed	adj|done or made or performed with purpose and intent|style...is more than the deliberate and designed creation"- Havelock Ellis
designedly	adv|with intention; in an intentional manner|he used that word intentionally
designer	n|a person who specializes in interior design|	n|someone who creates plans to be used in making something (such as buildings)|	n|someone who specializes in graphic design|	n|a person who devises plots or intrigues|he is believed to be the principal designer of the terrorist bombing attack
designer drug	n|a psychoactive drug deliberately synthesized to avoid anti-drug laws; mimics the effects of a banned drug; law was revised in 1986 to ban designer drugs|
designing	adj|concealing crafty designs for advancing your own interest|a selfish and designing nation obsessed with the dark schemes of European intrigue"- W.Churchill	n|the act of working out the form of something (as by making a sketch or outline or plan)|he contributed to the design of a new instrument
desipramine	n|a tricyclic antidepressant drug that activates the psychomotor system|
desirability	n|the quality of being worthy of desiring|	n|attractiveness to the opposite sex|
desirable	adj|worth having or seeking or achieving|a desirable job	adj|worthy of being chosen especially as a spouse|the parents found the girl suitable for their son
desirableness	n|the quality of being worthy of desiring|	n|attractiveness to the opposite sex|
desire	n|the feeling that accompanies an unsatisfied state|	n|an inclination to want things|a man of many desires	n|something that is desired|	v|feel or have a desire for; want strongly|I want to go home now
desire to know	n|curiosity that motivates investigation and study|
desired	adj|wanted intensely|the child could no longer resist taking one of the craved cookies
desirous	adj|having or expressing desire for something|desirous of high office
desist	v|choose not to consume|I abstain from alcohol
desk	n|a piece of furniture with a writing surface and usually drawers or other compartments|
desk clerk	n|a hotel receptionist|
desk dictionary	n|an abridged dictionary of a size convenient to hold in the hand|
desk officer	n|a military officer who is not assigned to active duty|
desk phone	n|a telephone set that sits on a desk or table|
desk sergeant	n|the police sergeant on duty in a police station|
desk-bound	adj|restricted to working in an office rather than in an active physical capacity|
deskbound	adj|restricted to working in an office rather than in an active physical capacity|
deskman	n|the police sergeant on duty in a police station|
desktop	n|the top of a desk|	n|(computer science) the area of the screen in graphical user interfaces against which icons and windows appear|
desktop computer	n|a personal computer small enough to fit conveniently in an individual workspace|
desktop publishing	n|(computer science) the use of microcomputers with graphics capacity to produce printed materials|
desmid	n|freshwater green algae|
desmidiaceae	n|unicellular algae|
desmidium	n|a genus of protoctist|
desmodium	n|beggarweed; tick trefoil|
desmodium gyrans	n|erect tropical Asian shrub whose small lateral leaflets rotate on their axes and jerk up and down under the influence of sunshine|
desmodium motorium	n|erect tropical Asian shrub whose small lateral leaflets rotate on their axes and jerk up and down under the influence of sunshine|
desmodontidae	n|true vampire bats|
desmodus	n|type genus of the Desmodontidae: vampire bats|
desmodus rotundus	n|mouse-sized bat of tropical Central America and South America having sharp incisor and canine teeth; feeds on the blood of birds and mammals|
desmograthus	n|an amphibian genus of Plethodontidae|
desmond tutu	n|South African prelate and leader of the antiapartheid struggle (born in 1931)|
desolate	adj|providing no shelter or sustenance|bare rocky hills	adj|crushed by grief|depressed and desolate of soul	v|leave someone who needs or counts on you; leave in the lurch|The mother deserted her children	v|reduce in population|The epidemic depopulated the countryside
desolately	adv|in grief-stricken loneliness; without comforting circumstances or prospects|
desolation	n|the state of being decayed or destroyed|	n|a bleak and desolate atmosphere|the nakedness of the landscape	n|sadness resulting from being forsaken or abandoned|	n|an event that results in total destruction|
desorb	v|go away from the surface to which (a substance) is adsorbed|	v|remove from a surface on which it is adsorbed|the substance was desorbed
desorption	n|changing from an adsorbed state on a surface to a gaseous or liquid state|
desoxyribonucleic acid	n|(biochemistry) a long linear polymer found in the nucleus of a cell and formed from nucleotides and shaped like a double helix; associated with the transmission of genetic information|DNA is the king of molecules
despair	n|a state in which all hope is lost or absent|in the depths of despair	n|the feeling that everything is wrong and nothing will turn out well|they moaned in despair and dismay	v|abandon hope; give up hope; lose heart|Don't despair--help is on the way!
despairing	adj|arising from or marked by despair or loss of hope|a despairing view of the world situation
despairingly	adv|with desperation|`Why can't you understand?,' she asked despairingly
despatch	v|send away towards a designated goal|	n|an official report (usually sent in haste)|	n|the property of being prompt and efficient|it was done with dispatch	n|killing a person or animal|
desperate	adj|arising from or marked by despair or loss of hope|a despairing view of the world situation	adj|desperately determined|do-or-die revolutionaries	adj|(of persons) dangerously reckless or violent as from urgency or despair|a desperate criminal	adj|showing extreme courage; especially of actions courageously undertaken in desperation as a last resort|made a last desperate attempt to reach the climber
desperate measure	n|desperate actions taken as a means to an end|he had to resort to desperate measures
desperate straits	n|a state of extreme distress|
desperately	adv|with great urgency|health care reform is needed urgently	adv|in intense despair|the child clung desperately to her mother
desperation	n|a state in which all hope is lost or absent|in the depths of despair	n|desperate recklessness|it was a policy of desperation
despicability	n|unworthiness by virtue of lacking higher values|
despicable	adj|morally reprehensible|would do something as despicable as murder
despicableness	n|unworthiness by virtue of lacking higher values|
despicably	adv|in a despicable manner|he acted despicably
despisal	n|a feeling of scornful hatred|
despise	v|look down on with disdain|He despises the people he has to work for
despised	adj|treated with dislike or contempt|
despising	n|a feeling of scornful hatred|
despite	n|lack of respect accompanied by a feeling of intense dislike|he was held in contempt	n|contemptuous disregard|she wanted neither favor nor despite
despiteful	adj|showing malicious ill will and a desire to hurt; motivated by spite|a despiteful fiend
despitefully	adv|in a maliciously spiteful manner|pray for them that despitefully use us
despoil	v|steal goods; take as spoils|During the earthquake people looted the stores that were deserted by their owners	v|destroy and strip of its possession|The soldiers raped the beautiful country
despoilation	n|the act of stripping and taking by force|
despoiled	adj|having been robbed and destroyed by force and violence|the raped countryside
despoiler	n|someone who takes spoils or plunder (as in war)|
despoilment	n|the act of stripping and taking by force|
despoina	n|(Greek mythology) daughter of Zeus and Demeter; made queen of the underworld by Pluto in ancient mythology; identified with Roman Proserpina|
despoliation	n|the act of stripping and taking by force|
despond	v|lose confidence or hope; become dejected|The supporters of the Presidential candidate desponded when they learned the early results of the election
despondence	n|feeling downcast and disheartened and hopeless|
despondency	n|feeling downcast and disheartened and hopeless|
despondent	adj|without or almost without hope|despondent about his failure
despondently	adv|with desperation|`Why can't you understand?,' she asked despairingly
despot	n|a cruel and oppressive dictator|
despotic	adj|belonging to or having the characteristics of a despot|	adj|ruled by or characteristic of a despot|moved from a feudal to a despotic order	adj|characteristic of an absolute ruler or absolute rule; having absolute sovereignty|an authoritarian regime
despotical	adj|belonging to or having the characteristics of a despot|
despotism	n|dominance through threat of punishment and violence|	n|a form of government in which the ruler is an absolute dictator (not restricted by a constitution or laws or opposition etc.)|
desquamate	v|peel off in scales|dry skin desquamates
desquamation	n|loss of bits of outer skin by peeling or shedding or coming off in scales|
dessert	n|a dish served as the last course of a meal|
dessert apple	n|an apple used primarily for eating raw without cooking|
dessert plate	n|a small plate on which dessert can be served|
dessert spoon	n|a spoon larger than a teaspoon and smaller than a tablespoon|
dessert wine	n|still sweet wine often served with dessert or after a meal|
dessertspoon	n|as much as a dessert spoon will hold|
dessertspoonful	n|as much as a dessert spoon will hold|
dessiatine	n|a former Russian unit of area equal to 2.7 acres|
destabilisation	n|the action of destabilizing; making something less stable (especially of a government or country or economy)|
destabilise	v|become unstable|The economy destabilized rapidly	v|make unstable|Terrorism destabilized the government
destabilization	n|an event that causes a loss of equilibrium (as of a ship or aircraft)|	n|the action of destabilizing; making something less stable (especially of a government or country or economy)|
destabilize	v|become unstable|The economy destabilized rapidly	v|make unstable|Terrorism destabilized the government
destain	v|remove stain from (a laboratory specimen) to enhance contrast|
destalinisation	n|social process of neutralizing the influence of Joseph Stalin by revising his policies and removing monuments dedicated to him and renaming places named in his honor|his statue was demolished as part of destalinization
destalinise	v|counteract the effects and policies of Stalinism|Russia was slowly destalinized in the late 1950's
destalinization	n|social process of neutralizing the influence of Joseph Stalin by revising his policies and removing monuments dedicated to him and renaming places named in his honor|his statue was demolished as part of destalinization
destalinize	v|counteract the effects and policies of Stalinism|Russia was slowly destalinized in the late 1950's
destination	n|the place designated as the end (as of a race or journey)|a crowd assembled at the finish	n|the ultimate goal for which something is done|	n|written directions for finding some location; written on letters or packages that are to be delivered to that location|
destine	v|decree or designate beforehand|She was destined to become a great pianist	v|design or destine|She was intended to become the director
destined	adj|headed or intending to head in a certain direction; often used as a combining form as in `college-bound students'|children bound for school	adj|(usually followed by `to') governed by fate|bound to happen
destiny	n|an event (or a course of events) that will inevitably happen in the future|	n|the ultimate agency regarded as predetermining the course of events (often personified as a woman)|we are helpless in the face of destiny	n|your overall circumstances or condition in life (including everything that happens to you)|whatever my fortune may be
destitute	adj|poor enough to need help from others|	adj|completely wanting or lacking|writing barren of insight
destitution	n|a state without friends or money or prospects|
destress	v|reduce the emphasis|
destroy	v|do away with, cause the destruction or undoing of|The fire destroyed the house	v|destroy completely; damage irreparably|You have ruined my car by pouring sugar in the tank!	v|defeat soundly and humiliatingly|The home team demolished the visitors	v|put (an animal) to death|The customs agents destroyed the dog that was found to be rabid
destroyable	adj|capable of being destroyed|
destroyed	adj|spoiled or ruined or demolished|war left many cities destroyed	adj|destroyed physically or morally|
destroyer	n|a small fast lightly armored but heavily armed warship|	n|a person who destroys or ruins or lays waste to|a destroyer of the environment
destroyer escort	n|warship smaller than a destroyer; designed to escort fleets or convoys|
destroying angel	n|fungus similar to Amanita phalloides|	n|extremely poisonous usually white fungus with a prominent cup-shaped base; differs from edible Agaricus only in its white gills|
destruct	v|destroy (one's own missile or rocket)|The engineers had to destruct the rocket for safety reasons	v|do away with, cause the destruction or undoing of|The fire destroyed the house
destructibility	n|vulnerability to destruction|
destructible	adj|easily destroyed|destructible glassware
destruction	n|the termination of something by causing so much damage to it that it cannot be repaired or no longer exists|	n|an event (or the result of an event) that completely destroys something|	n|a final state|he came to a bad end
destruction fire	n|fire delivered for the sole purpose of destroying material objects|
destructive	adj|causing destruction or much damage|a policy that is destructive to the economy
destructive distillation	n|heating a solid substance in a closed container and collecting the volatile products|
destructive metabolism	n|breakdown in living organisms of more complex substances into simpler ones together with release of energy|
destructive-metabolic	adj|of or relating to catabolism|
destructively	adv|in a destructive manner|he is destructively aggressive
destructiveness	n|the quality of causing destruction|
desuetude	n|a state of inactivity or disuse|
desulfurize	v|remove sulfur from|
desulphurize	v|remove sulfur from|
desultory	adj|marked by lack of definite plan or regularity or purpose; jumping from one thing to another|desultory thoughts
desynchronisation	n|the relation that exists when things occur at unrelated times|the stimulus produced a desynchronizing of the brain waves
desynchronise	v|cause to become desynchronized; cause to occur at unrelated times|
desynchronization	n|the relation that exists when things occur at unrelated times|the stimulus produced a desynchronizing of the brain waves
desynchronize	v|cause to become desynchronized; cause to occur at unrelated times|
desynchronizing	n|the relation that exists when things occur at unrelated times|the stimulus produced a desynchronizing of the brain waves
desyrel	n|oral antidepressant (trade name Desyrel) that is a nontricyclic drug used as a sedative|
detach	v|cause to become detached or separated; take off|detach the skin from the chicken before you eat it	v|separate (a small unit) from a larger, especially for a special assignment|detach a regiment	v|come to be detached|His retina detached and he had to be rushed into surgery
detachable	adj|designed to be unfastened or disconnected without damage|shirts with detachable collars
detached	adj|showing lack of emotional involvement|adopted a degage pose on the arm of the easy chair"- J.S.Perelman	adj|being or feeling set or kept apart from others|she felt detached from the group	adj|no longer connected or joined|a detached part	adj|used of buildings; standing apart from others|detached houses
detached house	n|a house that stands alone|
detached retina	n|visual impairment resulting from the retina becoming separated from the choroid in the back of the eye; treated by photocoagulation|
detachment	n|avoiding emotional involvement|	n|the act of releasing from an attachment or connection|	n|the state of being isolated or detached|the insulation of England was preserved by the English Channel	n|a small unit of troops of special composition|
detachment of the retina	n|visual impairment resulting from the retina becoming separated from the choroid in the back of the eye; treated by photocoagulation|
detail	n|an isolated fact that is considered separately from the whole|several of the details are similar	n|a small part that can be considered separately from the whole|it was perfect in all details	n|extended treatment of particulars|the essay contained too much detail	n|a crew of workers selected for a particular task|a detail was sent to remove the fallen trees
detail file	n|(computer science) a computer file containing relatively transient data about a particular data processing task|
detailed	adj|developed or executed with care and in minute detail|a detailed plan
detailing	n|an individualized description of a particular instance|
details	n|true confidential information|after the trial he gave us the real details
detain	v|deprive of freedom; take into confinement|	v|stop or halt|Please stay the bloodshed!	v|cause to be slowed down or delayed|Traffic was delayed by the bad weather
detainee	n|some held in custody|
detainment	n|a state of being confined (usually for a short time)|his detention was politically motivated
detect	v|discover or determine the existence, presence, or fact of|She detected high levels of lead in her drinking water
detectable	adj|capable of being detected|after a noticeable pause the lecturer continued	adj|easily seen or detected|a detectable note of sarcasm
detected	adj|perceived or discerned|the detected micrometeoritic material	adj|perceived with the mind|he winced at the detected flicker of irony in her voice
detecting	n|a police investigation to determine the perpetrator|detection is hard on the feet
detection	n|the perception that something has occurred or some state exists|early detection can often lead to a cure	n|the act of detecting something; catching sight of something|	n|the detection that a signal is being received|	n|a police investigation to determine the perpetrator|detection is hard on the feet
detective	n|a police officer who investigates crimes|	n|an investigator engaged or employed in obtaining information not easily available to the public|
detective agency	n|an agency that makes inquiries for its clients|
detective novel	n|novel in which the reader is challenged to solve a puzzle before the detective explains it at the end|
detective story	n|a narrative about someone who investigates crimes and obtains evidence leading to their resolution|
detective work	n|a police investigation to determine the perpetrator|detection is hard on the feet
detector	n|any device that receives a signal or stimulus (as heat or pressure or light or motion etc.) and responds to it in a distinctive manner|	n|rectifier that extracts modulation from a radio carrier wave|	n|electronic equipment that detects the presence of radio signals or radioactivity|
detent	n|a hinged catch that fits into a notch of a ratchet to move a wheel forward or prevent it from moving backward|
detente	n|the easing of tensions or strained relations (especially between nations)|
detention	n|a state of being confined (usually for a short time)|his detention was politically motivated	n|a punishment in which a student must stay at school after others have gone home|the detention of tardy pupils
detention basin	n|a storage site (such as a small reservoir) that delays the flow of water downstream|
detention camp	n|an institution where juvenile offenders can be held temporarily (usually under the supervision of a juvenile court)|
detention cell	n|a large cell where prisoners (people awaiting trial or sentence or refugees or illegal immigrants) are confined together temporarily|
detention centre	n|a large cell where prisoners (people awaiting trial or sentence or refugees or illegal immigrants) are confined together temporarily|
detention home	n|an institution where juvenile offenders can be held temporarily (usually under the supervision of a juvenile court)|
detention house	n|an institution where juvenile offenders can be held temporarily (usually under the supervision of a juvenile court)|
deter	v|try to prevent; show opposition to|We should discourage this practice among our youth	v|turn away from by persuasion|Negative campaigning will only dissuade people
deterge	v|wipe away; to wash off or out, cleanse; chiefly in medical use: to clear away foul matter from the body|This drug is powerful enough to deterge
detergence	n|detergent quality; the quality of having cleansing power|
detergency	n|detergent quality; the quality of having cleansing power|
detergent	n|a surface-active chemical widely used in industry and laundering|	n|a cleansing agent that differs from soap but can also emulsify oils and hold dirt in suspension|	adj|having cleansing power|
detergent builder	n|a substance added to soaps or detergents to increase their cleansing action|
deteriorate	v|become worse or disintegrate|His mind deteriorated	v|grow worse|Her condition deteriorated
deterioration	n|a symptom of reduced quality or strength|	n|process of changing to an inferior state|
determent	n|a communication that makes you afraid to try something|
determinable	adj|capable of being determined or limited or fixed|determinable velocities
determinant	n|a determining or causal element or factor|education is an important determinant of one's outlook on life	n|the site on the surface of an antigen molecule to which an antibody attaches itself|	n|a square matrix used to solve simultaneous equations|	adj|having the power or quality of deciding|the crucial experiment
determinate	adj|precisely determined or limited or defined; especially fixed by rule or by a specific and constant cause|a determinate distance	adj|not continuing to grow indefinitely at the apex|determinate growth	adj|supplying or being a final or conclusive settlement|a definitive verdict
determinateness	n|the quality of being predictable with great confidence|
determination	n|the act of determining the properties of something, usually by research or calculation|the determination of molecular structures	n|the quality of being determined to do or achieve something; firmness of purpose|his determination showed in his every movement	n|a position or opinion or judgment reached after consideration|a decision unfavorable to the opposition	n|deciding or controlling something's outcome or nature|the determination of grammatical inflections
determinative	adj|having the power or quality of deciding|the crucial experiment	n|one of a limited class of noun modifiers that determine the referents of noun phrases|	n|a determining or causal element or factor|education is an important determinant of one's outlook on life
determine	v|establish after a calculation, investigation, experiment, survey, or study|find the product of two numbers	v|shape or influence; give direction to|experience often determines ability	v|fix conclusively or authoritatively|set the rules	v|decide upon or fix definitely|fix the variables
determined	adj|characterized by great determination|a struggle against a determined enemy	adj|having been learned or found or determined especially by investigation|	adj|devoting full strength and concentrated attention to|made continued and determined efforts to find and destroy enemy headquarters	adj|determined or decided upon as by an authority|date and place are already determined
determinedly	adv|with determination; in a determined manner|he clung to the past determinedly	adv|with ambition; in an ambitious and energetic manner|she pursued her goals ambitiously
determiner	n|an argument that is conclusive|	n|one of a limited class of noun modifiers that determine the referents of noun phrases|	n|a determining or causal element or factor|education is an important determinant of one's outlook on life
determining	adj|having the power or quality of deciding|the crucial experiment
determining factor	n|a determining or causal element or factor|education is an important determinant of one's outlook on life	n|an argument that is conclusive|
determinism	n|(philosophy) a philosophical theory holding that all events are inevitable consequences of antecedent sufficient causes; often understood as denying the possibility of free will|
determinist	n|anyone who submits to the belief that they are powerless to change their destiny|
deterministic	adj|an inevitable consequence of antecedent sufficient causes|
deterrence	n|a negative motivational influence|	n|a communication that makes you afraid to try something|	n|the act or process of discouraging actions or preventing occurrences by instilling fear or doubt or anxiety|
deterrent	n|something immaterial that interferes with or delays action or progress|	adj|tending to deter|the deterrent effects of high prices
deterrent example	n|punishment intended as a warning to others|they decided to make an example of him
detersive	adj|having cleansing power|
detest	v|dislike intensely; feel antipathy or aversion towards|I hate Mexican food
detestable	adj|offensive to the mind|an abhorrent deed	adj|unequivocally detestable|abominable treatment of prisoners
detestably	adv|in an offensive and hateful manner|I don't know anyone who could have behaved so abominably
detestation	n|hate coupled with disgust|
detested	adj|treated with dislike or contempt|
dethaw	v|become or cause to become soft or liquid|The sun melted the ice
dethrone	v|remove a monarch from the throne|If the King does not abdicate, he will have to be dethroned
dethronement	n|the act of deposing someone; removing a powerful person from a position or office|
detick	v|free (a pet) of ticks|
detonate	v|cause to burst with a violent release of energy|We exploded the nuclear bomb	v|burst and release energy as through a violent chemical or physical reaction|the bomb detonated at noon
detonating device	n|a mechanical or electrical explosive device or a small amount of explosive; can be used to initiate the reaction of a disrupting explosive|
detonating fuse	n|a fuse containing an explosive|
detonation	n|a violent release of energy caused by a chemical or nuclear reaction|	n|the act of detonating an explosive|
detonative	adj|exploding almost instantaneously|
detonator	n|a mechanical or electrical explosive device or a small amount of explosive; can be used to initiate the reaction of a disrupting explosive|
detour	n|a roundabout road (especially one that is used temporarily while a main route is blocked)|	v|travel via a detour|
detox	n|the hospital ward or clinic in which patients are detoxified|	v|treat for alcohol or drug dependence|He was detoxified in the clinic
detoxicate	v|remove poison from|detoxify the soil
detoxification	n|a treatment for addiction to drugs or alcohol intended to remove the physiological effects of the addictive substances|	n|treatment for poisoning by neutralizing the toxic properties (normally a function of the liver)|
detoxify	v|remove poison from|detoxify the soil	v|treat for alcohol or drug dependence|He was detoxified in the clinic
detract	v|take away a part from; diminish|His bad manners detract from his good character
detraction	n|a petty disparagement|	n|the act of discrediting or detracting from someone's reputation (especially by slander)|let it be no detraction from his merits to say he is plainspoken
detractive	adj|causing to decrease in importance or value|detractive influences on the volume of investment
detractor	n|one who disparages or belittles the worth of something|
detrain	v|leave a train|
detransitivise	v|intransitivize|removing the object will intransitivize the verbs
detransitivize	v|intransitivize|removing the object will intransitivize the verbs
detribalisation	n|the act of causing tribal people to abandon their customs and adopt urban ways of living|	n|the decline or termination of tribal organization|
detribalise	v|cause members of a tribe to lose their cultural identity|
detribalization	n|the act of causing tribal people to abandon their customs and adopt urban ways of living|	n|the decline or termination of tribal organization|
detribalize	v|cause members of a tribe to lose their cultural identity|
detriment	n|a damage or loss|
detrimental	adj|(sometimes followed by `to') causing harm or injury|damaging to career and reputation
detrimentally	adv|in a detrimental manner|
detrition	n|erosion by friction|	n|the wearing down of rock particles by friction due to water or wind or ice|	n|effort expended in moving one object over another with pressure|
detritus	n|the remains of something that has been destroyed or broken up|	n|loose material (stone fragments and silt etc) that is worn away from rocks|
detumescence	n|diminution of swelling; the subsidence of anything swollen|
detusk	v|remove the tusks of animals|tusk an elephant
deuce	n|a tie in tennis or table tennis that requires winning two successive points to win the game|	n|the cardinal number that is the sum of one and one or a numeral representing this number|	n|a word used in exclamations of confusion|what the devil	n|one of the four playing cards in a deck that have two spots|
deuce-ace	n|the cardinal number that is the sum of one and one and one|
deuced	adj|expletives used informally as intensifiers|he's a blasted idiot
deucedly	adv|(used as intensives) extremely|she was madly in love
deus ex machina	n|any active agent who appears unexpectedly to solve an insoluble difficulty|
deuteranopia	n|dichromacy characterized by a lowered sensitivity to green light resulting in an inability to distinguish green and purplish-red|
deuteranopic	adj|inability to see the color green or to distinguish green and purplish-red|
deuterium	n|an isotope of hydrogen which has one neutron (as opposed to zero neutrons in hydrogen)|
deuterium oxide	n|water containing a substantial proportion of deuterium atoms, used in nuclear reactors|
deuteromycetes	n|form class; coextensive with subdivision Deuteromycota|
deuteromycota	n|large and heterogeneous form division of fungi comprising forms for which no sexually reproductive stage is known|
deuteromycotina	n|large and heterogeneous form division of fungi comprising forms for which no sexually reproductive stage is known|
deuteron	n|the nucleus of deuterium; consists of one proton and one neutron; used as a bombarding particle in accelerators|
deuteronomy	n|the fifth book of the Old Testament; contains a second statement of Mosaic law|
deutsche mark	n|formerly the basic unit of money in Germany|
deutschland	n|a republic in central Europe; split into East Germany and West Germany after World War II and reunited in 1990|
deutschmark	n|formerly the basic unit of money in Germany|
deutzia	n|any of various shrubs of the genus Deutzia having usually toothed opposite leaves and shredding bark and white or pink flowers in loose terminal clusters|
devaluate	v|remove the value from; deprive of its value|	v|lose in value|The dollar depreciated again
devaluation	n|an official lowering of a nation's currency; a decrease in the value of a country's currency relative to that of foreign countries|	n|the reduction of something's value or worth|
devalue	v|remove the value from; deprive of its value|	v|lower the value or quality of|The tear devalues the painting	v|lose in value|The dollar depreciated again
devalued	adj|lowered in value|the dollar is low
devanagari	n|a syllabic script used in writing Sanskrit and Hindi|
devanagari script	n|a syllabic script used in writing Sanskrit and Hindi|
devastate	v|cause extensive destruction or ruin utterly|The enemy lay waste to the countryside after the invasion	v|overwhelm or overpower|He was devastated by his grief when his son died
devastating	adj|making light of|afire with annihilating invective	adj|wreaking or capable of wreaking complete destruction|possessing annihilative power	adj|physically or spiritually devastating; often used in combination|a crushing blow
devastation	n|the state of being decayed or destroyed|	n|the feeling of being confounded or overwhelmed|her departure left him in utter devastation	n|an event that results in total destruction|	n|plundering with excessive damage and destruction|
devein	v|remove the dark dorsal vein of (a shrimp)|
develop	v|make something new, such as a product or a mental or artistic creation|Her company developed a new kind of building material that withstands all kinds of weather	v|work out|We have developed a new theory of evolution	v|gain through experience|I acquired a strong aversion to television	v|come to have or undergo a change of (physical features and attributes)|He grew a beard
developed	adj|being changed over time so as to be e.g. stronger or more complete or more useful|the developed qualities of the Hellenic outlook	adj|(used of societies) having high industrial development|developed countries	adj|(of real estate) made more useful and profitable as by building or laying out roads|condominiums were built on the developed site
developer	n|someone who develops real estate (especially someone who prepares a site for residential or commercial use)|	n|photographic equipment consisting of a chemical solution for developing film|
developing	adj|relating to societies in which capital needed to industrialize is in short supply|	n|processing a photosensitive material in order to make an image visible|the development and printing of his pictures took only two hours
developing country	n|a country that is poor and whose citizens are mostly agricultural workers but that wants to become more advanced socially and economically|
development	n|act of improving by expanding or enlarging or refining|he congratulated them on their development of a plan to meet the emergency	n|a process in which something passes by degrees to a different stage (especially a more advanced or mature stage)|the development of his ideas took many years	n|(biology) the process of an individual organism growing organically; a purely biological unfolding of events involved in an organism changing gradually from a simple to a more complex level|he proposed an indicator of osseous development in children	n|a recent event that has some relevance for the present situation|recent developments in Iraq
developmental	adj|of or relating to or constituting development|developmental psychology
developmental age	n|a measure of a child's development (in body size or motor skill or psychological function) expressed in terms of age norms|
developmental anatomy	n|the branch of anatomy that studies structural changes of an individual from fertilization to maturity|
developmental learning	n|learning that takes place as a normal part of cognitive development|
developmental psychology	n|the branch of psychology that studies the social and mental development of children|
developmentally	adv|with respect to development|developmentally retarded
developmentally challenged	n|people collectively who are mentally retarded|he started a school for the retarded
deverbal noun	n|a noun that is derived from a verb|
devi	n|Hindu mother goddess; supreme power in the universe; wife or embodiment of the female energy of Siva having both beneficent and malevolent forms or aspects|
deviance	n|a state or condition markedly different from the norm|	n|deviate behavior|
deviant	adj|markedly different from an accepted norm|aberrant behavior	n|a person whose behavior deviates from what is acceptable especially in sexual behavior|
deviate	v|turn aside; turn away from|	v|be at variance with; be out of line with|	v|cause to turn away from a previous or expected course|The river was deviated to prevent flooding	adj|markedly different from an accepted norm|aberrant behavior
deviated nasal septum	n|abnormal shift in location of the nasal septum; a common condition causing obstruction of the nasal passages and difficulty in breathing and recurrent nosebleeds|
deviated septum	n|abnormal displacement of any wall that separates two chambers (usually in the nasal cavity)|
deviation	n|a variation that deviates from the standard or norm|the deviation from the mean	n|the difference between an observed value and the expected value of a variable or function|	n|the error of a compass due to local magnetic disturbances|	n|deviate behavior|
deviationism	n|ideological defection from the party line (especially from orthodox communism)|
deviationist	n|an ideological defector from the party line (especially from orthodox communism)|
device	n|an instrumentality invented for a particular purpose|the device is small enough to wear on your wrist	n|something in an artistic work designed to achieve a particular effect|	n|any clever maneuver|he would stoop to any device to win a point	n|any ornamental pattern or design (as in embroidery)|
device characteristic	n|any measurable property of a device measured under closely specified conditions|
device driver	n|(computer science) a program that determines how a computer will communicate with a peripheral device|
devices	n|an inclination or desire; used in the plural in the phrase `left to your own devices'|eventually the family left the house to the devices of this malevolent force
devil	n|(Judeo-Christian and Islamic religions) chief spirit of evil and adversary of God; tempter of mankind; master of Hell|	n|an evil supernatural being|	n|a word used in exclamations of confusion|what the devil	n|a rowdy or mischievous person (usually a young man)|he chased the young hellions out of his yard
devil lily	n|east Asian perennial having large reddish-orange black-spotted flowers with reflexed petals|
devil nettle	n|a stinging herb of tropical America|
devil ray	n|small manta (to 4 feet) that travels in schools|
devil tree	n|evergreen tree of eastern Asia and Philippines having large leathery leaves and small green-white flowers in compact cymes; bark formerly used medicinally|
devil worshiper	n|someone who worships devils|
devil's advocate	n|someone who takes the worse side just for the sake of argument|
devil's apples	n|a plant of southern Europe and North Africa having purple flowers, yellow fruits and a forked root formerly thought to have magical powers|
devil's cigar	n|a common name for a variety of Sarcosomataceae|
devil's darning needle	n|common climber of eastern North America that sprawls over other plants and bears numerous panicles of small creamy white flowers|	n|slender-bodied non-stinging insect having iridescent wings that are outspread at rest; adults and nymphs feed on mosquitoes etc.|
devil's fig	n|any plant of the genus Argemone having large white or yellow flowers and prickly leaves and stems and pods; chiefly of tropical America|
devil's flax	n|common European perennial having showy yellow and orange flowers; a naturalized weed in North America|
devil's food	n|very dark chocolate cake|
devil's food cake	n|very dark chocolate cake|
devil's milk	n|not unattractive European weed whose flowers turn toward the sun|
devil's tongue	n|foul-smelling somewhat fleshy tropical plant of southeastern Asia cultivated for its edible corms or in the greenhouse for its large leaves and showy dark red spathe surrounding a large spadix|
devil's turnip	n|white-flowered vine having thick roots and bearing small black berries; Europe to Iran|
devil's urn	n|a common name for a variety of Sarcosomataceae|
devil's weed	n|tropical annual procumbent poisonous subshrub having fruit that splits into five spiny nutlets; serious pasture weed|
devil-may-care	adj|cheerfully irresponsible|carefree with his money	adj|marked by a carefree unconventionality or disreputableness|a cocktail party given by some...raffish bachelors"- Crary Moore
devil-worship	n|the acts or rites of worshiping devils|
deviled egg	n|halved hard-cooked egg with the yolk mashed with mayonnaise and seasonings and returned to the white|
devilfish	n|medium-sized greyish-black whale of the northern Pacific|	n|bottom-living cephalopod having a soft oval body with eight long tentacles|	n|extremely large pelagic tropical ray that feeds on plankton and small fishes; usually harmless but its size make it dangerous if harpooned|
devilise	v|turn into a devil or make devilish|Man devilized by war
devilish	adj|showing the cunning or ingenuity or wickedness typical of a devil|devilish schemes	adj|playful in an appealingly bold way|a roguish grin	adv|in a playfully devilish manner|the socialists are further handicapped if they believe that capitalists are not only wicked but also devilishly clever
devilishly	adv|as a devil; in an evil manner|his writing could be diabolically satiric	adv|in a playfully devilish manner|the socialists are further handicapped if they believe that capitalists are not only wicked but also devilishly clever	adv|(used as intensives) extremely|she was madly in love
devilize	v|turn into a devil or make devilish|Man devilized by war
devilment	n|reckless or malicious behavior that causes discomfort or annoyance in others|
devilry	n|wicked and cruel behavior|	n|reckless or malicious behavior that causes discomfort or annoyance in others|
deviltry	n|wicked and cruel behavior|	n|reckless or malicious behavior that causes discomfort or annoyance in others|
devious	adj|indirect in departing from the accepted or proper way; misleading|used devious means to achieve success	adj|characterized by insincerity or deceit; evasive|a devious character	adj|deviating from a straight course|a scenic but devious route
deviously	adv|in a devious manner|he got the promotion by behaving deviously
deviousness	n|the quality of being oblique and rambling indirectly|	n|the quality of being deceitful and underhanded|
devisal	n|the act of devising something|
devise	v|come up with (an idea, plan, explanation, theory, or principle) after a mental effort|excogitate a way to measure the speed of light	v|arrange by systematic planning and united effort|machinate a plot	v|give by will, especially real property|	n|a will disposing of real property|
devisee	n|someone to whom property (especially realty) is devised by will|
deviser	n|a person who makes plans|
devising	n|the act that results in something coming to be|the devising of plans
devisor	n|someone who devises real property in a will|
devitalisation	n|the act of reducing the vitality of something|
devitalise	v|sap of life or energy|The recession devitalized the economy
devitalization	n|the act of reducing the vitality of something|
devitalize	v|sap of life or energy|The recession devitalized the economy
devitrify	v|become crystalline|	v|make (glassy materials) brittle or opaque|
devoice	v|utter with tense vocal chords|
devoid	adj|completely wanting or lacking|writing barren of insight
devoir	n|formal expression of respect|
devolution	n|the process of declining from a higher to a lower level of effective power or vitality or essential quality|	n|the delegation of authority (especially from a central to a regional government)|
devolve	v|pass on or delegate to another|The representative devolved his duties to his aides while he was in the hospital	v|be inherited by|The estate fell to my sister	v|grow worse|Her condition deteriorated
devolve on	v|be contingent on|The outcomes rides on the results of the election
devolvement	n|the delegation of authority (especially from a central to a regional government)|
devon	n|a county in southwestern England|	n|red dual-purpose cattle of English origin|
devonian	n|from 405 million to 345 million years ago; preponderance of fishes and appearance of amphibians and ammonites|
devonian period	n|from 405 million to 345 million years ago; preponderance of fishes and appearance of amphibians and ammonites|
devonshire	n|a county in southwestern England|
devonshire cream	n|thick cream made from scalded milk|
devote	v|give entirely to a specific person, activity, or cause|She committed herself to the work of God	v|dedicate|give thought to	v|set aside or apart for a specific purpose or use|this land was devoted to mining
devoted	adj|zealous in devotion or affection|a devoted husband and father	adj|(followed by `to') dedicated exclusively to a purpose or use|large sums devoted to the care of the poor
devotedly	adv|with devotion|He served his master devotedly
devotedness	n|feelings of ardent love|their devotion to each other was beautiful
devotee	n|an ardent follower and admirer|
devotion	n|feelings of ardent love|their devotion to each other was beautiful	n|commitment to some purpose|the devotion of his time and wealth to science	n|religious zeal; the willingness to serve God|	n|(usually plural) religious observance or prayers (usually spoken silently)|he returned to his devotions
devotional	adj|relating to worship|a devotional exercise	n|a short religious service|
devour	v|destroy completely|Fire had devoured our home	v|enjoy avidly|She devoured his novels	v|eat up completely, as with great appetite|Some people can down a pound of meat in the course of one meal	v|eat greedily|he devoured three sandwiches
devourer	n|someone who eats greedily or voraciously|
devouring	adj|(often followed by `for') ardently or excessively desirous|avid for adventure
devout	adj|deeply religious|a god-fearing and law-abiding people" H.L.Mencken	adj|sincerely earnest|one's dearest wish
devoutly	adv|in a devout and pious manner|she was devoutly Catholic
devoutness	n|piety by virtue of being devout|
devries	n|Dutch botanist who rediscovered Mendel's laws and developed the mutation theory of evolution (1848-1935)|
dew	n|water that has condensed on a cool surface overnight from water vapor in the air|in the morning the grass was wet with dew
dew point	n|the temperature at which the water vapor in the air becomes saturated and condensation begins|
dew worm	n|terrestrial worm that burrows into and helps aerate soil; often surfaces when the ground is cool or wet; used as bait by anglers|
dewar	n|vacuum flask that holds liquid air or helium for scientific experiments|	n|Scottish chemist and physicist noted for his work in cryogenics and his invention of the Dewar flask (1842-1923)|
dewar flask	n|vacuum flask that holds liquid air or helium for scientific experiments|
dewberry	n|any of several trailing blackberry brambles especially of North America|	n|blackberry-like fruits of any of several trailing blackberry bushes|
dewberry bush	n|any of several trailing blackberry brambles especially of North America|
dewdrop	n|a drop of dew|
dewey decimal classification	n|a system used by libraries to classify nonfictional publications into subject categories; the subject is indicated by a three-digit numeral and further specification is given by numerals following a decimal point; publications are shelved by number|
dewey decimal system	n|a system used by libraries to classify nonfictional publications into subject categories; the subject is indicated by a three-digit numeral and further specification is given by numerals following a decimal point; publications are shelved by number|
deweyan	adj|of or relating to John Dewey or his philosophy|
dewlap	n|a hanging fold of loose skin on an elderly person's neck|
dewy	adj|wet with dew|
dewy-eyed	adj|exhibiting childlike simplicity and credulity|childlike trust
dexamethasone	n|a corticosteroid drug (trade names Decadron or Dexamethasone Intensol or Dexone or Hexadrol or Oradexon) used to treat allergies or inflammation|
dexamethasone intensol	n|a corticosteroid drug (trade names Decadron or Dexamethasone Intensol or Dexone or Hexadrol or Oradexon) used to treat allergies or inflammation|
dexedrine	n|an isomer of amphetamine (trade name Dexedrine) used as a central nervous system stimulant|
dexone	n|a corticosteroid drug (trade names Decadron or Dexamethasone Intensol or Dexone or Hexadrol or Oradexon) used to treat allergies or inflammation|
dexter	adj|on or starting from the wearer's right|
dexterity	n|adroitness in using the hands|
dexterous	adj|skillful in physical movements; especially of the hands|a deft waiter
dexterously	adv|with dexterity; in a dexterous manner|dextrously he untied the knots
dextral	adj|of or on the right|a dextral gastropod shell with the apex upward has its opening on the right when facing the observer	adj|preferring to use right foot or hand or eye|dextral individuals exhibit dominance of the right hand and eye
dextrality	n|preference for using the right hand|
dextrin	n|any of various polysaccharides obtained by hydrolysis of starch; a tasteless and odorless gummy substance that is used as a thickening agent and in adhesives and in dietary supplements|
dextroamphetamine sulphate	n|an isomer of amphetamine (trade name Dexedrine) used as a central nervous system stimulant|
dextrocardia	n|abnormal condition where the heart is located toward the right side of the chest|
dextroglucose	n|an isomer of glucose that is found in honey and sweet fruits|
dextrorotary	adj|rotating to the right|
dextrorotation	n|rotation to the right|
dextrorotatory	adj|rotating to the right|
dextrorsal	adj|spiraling upward from left to right|dextrorse vines
dextrorse	adj|spiraling upward from left to right|dextrorse vines
dextrose	n|an isomer of glucose that is found in honey and sweet fruits|
dextrous	adj|skillful in physical movements; especially of the hands|a deft waiter
dextrously	adv|with dexterity; in a dexterous manner|dextrously he untied the knots
dflp	n|a Marxist-Leninist group that believes Palestinian goals can only be achieved by revolutionary change|in 1974 the DFLP took over a schoolhouse and massacred Israeli schoolchildren
dg	n|1/10 gram|
dhak	n|East Indian tree bearing a profusion of intense vermilion velvet-textured blooms and yielding a yellow dye|
dhaka	n|the capital and largest city of Bangladesh|
dhal	n|tropical woody herb with showy yellow flowers and flat pods; much cultivated in the tropics|
dharma	n|basic principles of the cosmos; also: an ancient sage in Hindu mythology worshipped as a god by some lower castes|
dhaulagiri	n|a mountain in the Himalayas in Nepal (26,820 feet high)|
dhava	n|an Indian tree of the family Combretaceae that is a source of timber and gum|
dhawa	n|an Indian tree of the family Combretaceae that is a source of timber and gum|
dhegiha	n|any member of a Siouan people speaking one of the Dhegiha languages|	n|a branch of the Siouan languages|
dhobi itch	n|fungal infection attacking moist parts of the body|
dhodhekanisos	n|a group of islands in the southeast Aegean Sea|
dhole	n|fierce wild dog of the forests of central and southeast Asia that hunts in packs|
dhoti	n|a long loincloth worn by Hindu men|
dhow	n|a lateen-rigged sailing vessel used by Arabs|
dhu al-hijja	n|the twelfth month of the Islamic calendar and the season of the hajj; has one extra day in leap years|
dhu al-hijjah	n|the twelfth month of the Islamic calendar and the season of the hajj; has one extra day in leap years|
dhu al-qadah	n|the eleventh month of the Islamic calendar|
dhu'l-hijja	n|the twelfth month of the Islamic calendar and the season of the hajj; has one extra day in leap years|
dhu'l-hijjah	n|the twelfth month of the Islamic calendar and the season of the hajj; has one extra day in leap years|
dhu'l-qa'dah	n|the eleventh month of the Islamic calendar|
di-iodotyrosine	n|tyrosine with two iodine atoms added|
diabatic	adj|involving a transfer of heat|a diabatic process
diabeta	n|an oral antidiabetic drug (trade names DiaBeta and Micronase) that stimulates the release of insulin from the pancreas|
diabetes	n|a polygenic disease characterized by abnormally high glucose levels in the blood; any of several metabolic disorders marked by excessive urination and persistent thirst|
diabetes insipidus	n|a rare form of diabetes resulting from a deficiency of vasopressin (the pituitary hormone that regulates the kidneys); characterized by the chronic excretion of large amounts of pale dilute urine which results in dehydration and extreme thirst|
diabetes mellitus	n|diabetes caused by a relative or absolute deficiency of insulin and characterized by polyuria|when doctors say `diabetes' they usually mean `diabetes mellitus'
diabetic	n|someone who has diabetes|	adj|of or relating to or causing diabetes|	adj|suffering from diabetes|
diabetic acidosis	n|acidosis with an accumulation of ketone bodies; occurs primarily in diabetes mellitus|
diabetic coma	n|coma that can develop in inadequately treated cases of diabetes mellitus|
diabetic diet	n|a diet designed to help control the symptoms of diabetes|
diabetic retinopathy	n|retinopathy involving damage to the small blood vessels in the retina; results from chronically high blood glucose levels in people with poorly controlled diabetes|
diabolatry	n|the acts or rites of worshiping devils|
diabolic	adj|showing the cunning or ingenuity or wickedness typical of a devil|devilish schemes	adj|extremely evil or cruel; expressive of cruelty or befitting hell|something demonic in him--something that could be cruel
diabolical	adj|showing the cunning or ingenuity or wickedness typical of a devil|devilish schemes	adj|extremely evil or cruel; expressive of cruelty or befitting hell|something demonic in him--something that could be cruel
diabolically	adv|as a devil; in an evil manner|his writing could be diabolically satiric
diabolise	v|turn into a devil or make devilish|Man devilized by war
diabolism	n|a belief in and reverence for devils (especially Satan)|
diabolist	n|an adherent of Satan or Satanism|
diabolize	v|turn into a devil or make devilish|Man devilized by war
diacalpa	n|one species: delicate fern of foothills of Himalayas|
diacetylmorphine	n|a narcotic that is considered a hard drug; a highly addictive morphine derivative; intravenous injection provides the fastest and most intense rush|
diachronic	adj|used of the study of a phenomenon (especially language) as it changes through time|diachronic linguistics
diachronic linguistics	n|the study of linguistic change|the synchrony and diachrony of language
diachrony	n|the study of linguistic change|the synchrony and diachrony of language
diacritic	adj|capable of distinguishing|students having superior diacritic powers	n|a mark added to a letter to indicate a special pronunciation|
diacritical	adj|capable of distinguishing|students having superior diacritic powers
diacritical mark	n|a mark added to a letter to indicate a special pronunciation|
diadem	n|an ornamental jeweled headdress signifying sovereignty|
diadophis	n|a genus of reptiles of the family Colubridae including ringneck snakes|
diadromous	adj|(used of fish) migratory between fresh and salt waters|
diaeresis	n|a diacritical mark (two dots) placed over a vowel to indicate that it does not form a diphthong with an adjacent vowel|
diaghilev	n|Russian ballet impresario who founded the Russian ballet and later introduced it to the West (1872-1929)|
diaglyph	n|glyptic art consisting of a sunken or depressed engraving or carving on a stone or gem (as opposed to cameo)|
diagnosable	adj|capable of being diagnosed|
diagnose	v|determine or distinguish the nature of a problem or an illness through a diagnostic analysis|	v|subject to a medical analysis|
diagnosing	n|identifying the nature or cause of some phenomenon|
diagnosis	n|identifying the nature or cause of some phenomenon|
diagnostic	adj|concerned with diagnosis; used for furthering diagnosis|a diagnostic reading test	adj|characteristic or indicative of a disease|a diagnostic sign of yellow fever
diagnostic assay	n|an assay conducted for diagnostic purposes|
diagnostic procedure	n|a procedure followed in making a medical diagnosis|
diagnostic program	n|a program that recognizes and explains faults in the equipment or mistakes in a computer program|
diagnostic technique	n|a procedure followed in making a medical diagnosis|
diagnostic test	n|an assay conducted for diagnostic purposes|
diagnostician	n|a doctor who specializes in medical diagnosis|
diagnostics	n|the branch of medical science dealing with the classification of disease|
diagonal	adj|connecting two nonadjacent corners of a plane figure or any two corners of a solid that are not in the same face|a diagonal line across the page	adj|having an oblique or slanted direction|	n|(geometry) a straight line connecting any two vertices of a polygon that are not adjacent|	n|a line or cut across a fabric that is not at right angles to a side of the fabric|
diagonal matrix	n|a square matrix with all elements not on the main diagonal equal to zero|
diagonalisation	n|changing a square matrix to diagonal form (with all non-zero elements on the principal diagonal)|the diagonalization of a normal matrix by a unitary transformation
diagonalise	v|transform a matrix to a diagonal matrix|
diagonalizable	adj|capable of being transformed into a diagonal matrix|
diagonalization	n|changing a square matrix to diagonal form (with all non-zero elements on the principal diagonal)|the diagonalization of a normal matrix by a unitary transformation
diagonalize	v|transform a matrix to a diagonal matrix|
diagonally	adv|in a diagonal manner|she lives diagonally across the street from us
diagram	n|a drawing intended to explain how something works; a drawing showing the relation between the parts|	v|make a schematic or technical drawing of that shows interactions among variables or how something is constructed|
diagrammatic	adj|shown or represented by diagrams|
diagrammatical	adj|shown or represented by diagrams|
diagrammatically	adv|in a diagrammatic manner|the landscape unit drawn diagrammatically illustrates the gentle rolling relief, with a peat-filled basin
diagramming	n|providing a chart or outline of a system|
diakinesis	n|the final stage of the prophase of meiosis|
dial	n|the face of a timepiece; graduated to show the hours|	n|the control on a radio or television set that is used for tuning|	n|the circular graduated indicator on various measuring instruments|	n|a disc on a telephone that is rotated a fixed distance for each number called|
dial phone	n|a telephone with a dial for registering the number to be called|
dial telephone	n|a telephone with a dial for registering the number to be called|
dialect	n|the usage or vocabulary that is characteristic of a specific group of people|the immigrants spoke an odd dialect of English
dialect atlas	n|an atlas showing the distribution of distinctive linguistic features|
dialect geography	n|the study of the geographical distribution of linguistic features|
dialectal	adj|belonging to or characteristic of a dialect|dialectal variation
dialectic	n|any formal system of reasoning that arrives at the truth by the exchange of logical arguments|	adj|of or relating to or employing dialectic|the dialectical method
dialectical	adj|of or relating to or employing dialectic|the dialectical method
dialectical materialism	n|the materialistic philosophy of Karl Marx and Friedrich Engels|
dialectically	adv|in a dialectic manner|his religiousness is dialectically related to his sinfulness
dialectician	n|a logician skilled in dialectic|
dialectics	n|a rationale for dialectical materialism based on change through the conflict of opposing forces|
dialectology	n|the branch of philology that is devoted to the study of dialects|
dialeurodes	n|a genus of Aleyrodidae|
dialeurodes citri	n|whitefly that attacks citrus trees|
dialog	n|a conversation between two persons|	n|the lines spoken by characters in drama or fiction|	n|a literary composition in the form of a conversation between two people|he has read Plato's Dialogues in the original Greek
dialog box	n|(computer science) a small temporary window in a graphical user interface that appears in order to request information from the user; after the information has been provided the user dismisses the box with `okay' or `cancel'|
dialogue	n|a conversation between two persons|	n|the lines spoken by characters in drama or fiction|	n|a literary composition in the form of a conversation between two people|he has read Plato's Dialogues in the original Greek	n|a discussion intended to produce an agreement|the buyout negotiation lasted several days
dialyse	v|separate by dialysis|
dialysis	n|separation of substances in solution by means of their unequal diffusion through semipermeable membranes|
dialysis machine	n|a medical instrument for separating substances in solution by unequal diffusion through semipermeable membranes|
dialyze	v|separate by dialysis|
dialyzer	n|a medical instrument for separating substances in solution by unequal diffusion through semipermeable membranes|
diam	n|the length of a straight line passing through the center of a circle and connecting two points on the circumference|
diamagnet	n|a substance that exhibits diamagnetism|
diamagnetic	adj|relating to or exhibiting diamagnetism; slightly repelled by a magnet|
diamagnetism	n|phenomenon exhibited by materials like copper or bismuth that become magnetized in a magnetic field with a polarity opposite to the magnetic force; unlike iron they are slightly repelled by a magnet|
diamante	n|adornment consisting of a small piece of shiny material used to decorate clothing|	n|fabric covered with glittering ornaments such as sequins or rhinestones|
diamantine	adj|consisting of diamonds or resembling diamonds|
diameter	n|the length of a straight line passing through the center of a circle and connecting two points on the circumference|	n|a straight line connecting the center of a circle with two points on its perimeter (or the center of a sphere with two points on its surface)|
diametral	adj|related to or along a diameter|the diametral plane
diametric	adj|related to or along a diameter|the diametral plane	adj|characterized by opposite extremes; completely opposed|in diametric contradiction to his claims
diametrical	adj|related to or along a diameter|the diametral plane	adj|characterized by opposite extremes; completely opposed|in diametric contradiction to his claims
diametrical opposition	n|the relation of opposition along a diameter|
diametrically	adv|as from opposite ends of a diameter|when two honest witnesses give accounts of the same event that differ diametrically, how can anyone prove that the evidence you gave was deliberately false?
diamine	n|any organic compound containing two amino groups|
diamond	n|a transparent piece of diamond that has been cut and polished and is valued as a precious gem|	n|very hard native crystalline carbon valued as a gem|	n|a parallelogram with four equal sides; an oblique-angled equilateral parallelogram|	n|a playing card in the minor suit that has one or more red rhombuses on it|he led a small diamond
diamond dust	n|small crystals of ice|
diamond jubilee	n|an anniversary celebrating the passage of 60 years|
diamond point	n|a very hard small point made from a diamond|
diamond state	n|a Mid-Atlantic state; one of the original 13 colonies|
diamond wedding	n|the 60th wedding anniversary|
diamond wedding anniversary	n|the 60th wedding anniversary|
diamondback	n|large deadly rattlesnake with diamond-shaped markings|
diamondback rattlesnake	n|large deadly rattlesnake with diamond-shaped markings|
diana	n|English aristocrat who was the first wife of Prince Charles; her death in an automobile accident in Paris produced intense national mourning (1961-1997)|	n|(Roman mythology) virgin goddess of the hunt and the Moon; counterpart of Greek Artemis|
diane de poitiers	n|French noblewoman who was the mistress of Henry II; she had more influence over him than did his wife Catherine de Medicis (1499-1566)|
diangus gratianopolitanus	n|mat-forming perennial of central Europe with large fragrant pink or red flowers|
dianoetic	adj|proceeding to a conclusion by reason or argument rather than intuition|
dianthus	n|carnations and pinks|
dianthus barbatus	n|Eurasian pink widely cultivated for its flat-topped dense clusters of varicolored flowers|
dianthus caryophyllus	n|Eurasian plant with pink to purple-red spice-scented usually double flowers; widely cultivated in many varieties and many colors|
dianthus chinensis	n|Chinese pink with deeply toothed rose-lilac flowers with a purplish eye; usually raised as an annual|
dianthus chinensis heddewigii	n|a flowering variety of China pink distinguished by jagged-edged petals|
dianthus deltoides	n|low-growing loosely mat-forming Eurasian pink with a single pale pink flower with a crimson center|
dianthus latifolius	n|much-branched pink with flowers in clusters; closely related to sweet William|
dianthus plumarius	n|European pink cultivated for its very fragrant pink or rosy flowers|
dianthus supurbus	n|Eurasian perennial pink having fragrant lilac or rose flowers with deeply fringed margins|
diapason	n|either of the two main stops on a pipe organ|
diapason stop	n|either of the two main stops on a pipe organ|
diapedesis	n|passage of blood cells (especially white blood cells) through intact capillary walls and into the surrounding tissue|
diapensia	n|any boreal low-growing evergreen plant of the genus Diapensia|
diapensia family	n|north temperate low evergreen plants; in some classifications placed in its own order Diapensiales|
diapensiaceae	n|north temperate low evergreen plants; in some classifications placed in its own order Diapensiales|
diapensiales	n|used in some classifications: coextensive with family Diapensiaceae|
diaper	n|garment consisting of a folded cloth drawn up between the legs and fastened at the waist; worn by infants to catch excrement|	n|a fabric (usually cotton or linen) with a distinctive woven pattern of small repeated figures|
diaper dermatitis	n|dermatitis of the thighs and buttocks of infants; supposedly caused by ammonia in the urine in the child's diapers|
diaper rash	n|dermatitis of the thighs and buttocks of infants; supposedly caused by ammonia in the urine in the child's diapers|
diaphanous	adj|so thin as to transmit light|a hat with a diaphanous veil
diapheromera	n|a variety of stick insect|
diapheromera femorata	n|a variety of stick insect|
diaphone	n|a foghorn that makes a signal consisting of two tones|
diaphoresis	n|the process of the sweat glands of the skin secreting a salty fluid|perspiration is a homeostatic process
diaphoretic	adj|inducing perspiration|	n|used to produce perspiration|
diaphragm	n|a mechanical device in a camera that controls size of aperture of the lens|the new cameras adjust the diaphragm automatically	n|(anatomy) a muscular partition separating the abdominal and thoracic cavities; functions in respiration|	n|a contraceptive device consisting of a flexible dome-shaped cup made of rubber or plastic; it is filled with spermicide and fitted over the uterine cervix|	n|electro-acoustic transducer that vibrates to receive or produce sound waves|
diaphragmatic hernia	n|hernia resulting from the protrusion of part of the stomach through the diaphragm|
diaphragmatic pleurisy	n|an acute infectious disease occurring in epidemic form and featuring paroxysms of pain (usually in the chest)|
diaphyseal	adj|relating to the diaphysis of a bone|
diaphysial	adj|relating to the diaphysis of a bone|
diaphysis	n|the main (mid) section of a long bone|
diapir	n|a domed rock formation where a core of rock has moved upward and pierced through the more brittle overlying strata|
diapsid	n|reptile having a pair of openings in the skull behind each eye|
diapsid reptile	n|reptile having a pair of openings in the skull behind each eye|
diapsida	n|used in former classifications to include all living reptiles except turtles; superseded by the two subclasses Lepidosauria and Archosauria|
diarchy	n|a form of government having two joint rulers|
diarist	n|someone who keeps a diary or journal|
diarrhea	n|frequent and watery bowel movements; can be a symptom of infection or food poisoning or colitis or a gastrointestinal tumor|
diarrheal	adj|of or relating to diarrhea|
diarrheic	adj|of or relating to diarrhea|
diarrhetic	adj|of or relating to diarrhea|
diarrhoea	n|frequent and watery bowel movements; can be a symptom of infection or food poisoning or colitis or a gastrointestinal tumor|
diarrhoeal	adj|of or relating to diarrhea|
diarrhoeic	adj|of or relating to diarrhea|
diarrhoetic	adj|of or relating to diarrhea|
diarthrosis	n|a joint so articulated as to move freely|
diary	n|a daily written record of (usually personal) experiences and observations|	n|a personal journal (as a physical object)|
diary keeper	n|someone who keeps a diary or journal|
dias	n|Portuguese explorer who in 1488 was the first European to get round the Cape of Good Hope (thus establishing a sea route from the Atlantic to Asia) (1450-1500)|
diaspididae	n|armored scales|
diaspora	n|the body of Jews (or Jewish communities) outside Palestine or modern Israel|	n|the dispersion of the Jews outside Israel; from the destruction of the temple in Jerusalem in 587-86 BC when they were exiled to Babylonia up to the present time|	n|the dispersion or spreading of something that was originally localized (as a people or language or culture)|
diastasis	n|separation of an epiphysis from the long bone to which it is normally attached without fracture of the bone|
diastema	n|a gap or vacant space between two teeth|
diastole	n|the widening of the chambers of the heart between two contractions when the chambers fill with blood|
diastolic	adj|of or relating to a diastole or happening during a diastole|
diastolic pressure	n|the blood pressure (as measured by a sphygmomanometer) after the contraction of the heart while the chambers of the heart refill with blood|
diastrophism	n|the process of deformation that produces continents and ocean basins in the earth's crust|
diathermy	n|a method of physical therapy that involves generating local heat in body tissues by high-frequency electromagnetic currents|
diathermy machine	n|a medical instrument for local heating of bodily tissues for medical purposes|
diathesis	n|constitutional predisposition to a particular disease or abnormality|
diatom	n|microscopic unicellular marine or freshwater colonial alga having cell walls impregnated with silica|
diatomaceous earth	n|a light soil consisting of siliceous diatom remains and often used as a filtering material|
diatomic	adj|of or relating to a molecule made up of two atoms|a diatomic molecule
diatomite	n|a light soil consisting of siliceous diatom remains and often used as a filtering material|
diatomophyceae	n|marine and freshwater eukaryotic algae: diatoms|
diatonic	adj|based on the standard major or minor scales consisting of 5 tones and 2 semitones without modulation by accidentals|	adj|based on or using the five tones and two semitones of the major or minor scales of western music|
diatonic scale	n|a scale with eight notes in an octave; all but two are separated by whole tones|
diatribe	n|thunderous verbal attack|
diaz	n|Portuguese explorer who in 1488 was the first European to get round the Cape of Good Hope (thus establishing a sea route from the Atlantic to Asia) (1450-1500)|
diazepam	n|a tranquilizer (trade name Valium) used to relieve anxiety and relax muscles; acts by enhancing the inhibitory actions of the neurotransmitter GABA; can also be used as an anticonvulsant drug in cases of nerve agent poisoning|
diazo	adj|relating to or containing diazonium|
diazonium	n|the univalent cation R-N:N- (where R is an aromatic hydrocarbon); found in salts that are used in manufacturing azo dyes|
diazotize	v|convert (an amine) into a diazo compound|
diazoxide	n|vasodilator (trade name Hyperstat) used to treat severe hypertension|
dibasic acid	n|an acid containing two replaceable hydrogen atoms per molecule|
dibasic salt	n|a salt derived by replacing two hydrogen atoms per molecule|
dibber	n|a wooden hand tool with a pointed end; used to make holes in the ground for planting seeds or bulbs|
dibble	n|a wooden hand tool with a pointed end; used to make holes in the ground for planting seeds or bulbs|	v|plant with a wooden hand tool|dibble Spring bulbs	v|make a hole with a wooden hand tool|dibble the ground
dibbuk	n|(Jewish folklore) a demon that enters the body of a living person and controls that body's behavior|
dibrach	n|a metrical unit with unstressed-unstressed syllables|
dibranch	n|cephalopods having two gills|
dibranchia	n|comprising all living cephalopods except the family Nautilidae: the orders Octopoda (octopuses) and Decapoda (squids and cuttlefish)|
dibranchiata	n|comprising all living cephalopods except the family Nautilidae: the orders Octopoda (octopuses) and Decapoda (squids and cuttlefish)|
dibranchiate	n|cephalopods having two gills|
dibranchiate mollusk	n|cephalopods having two gills|
dibs	n|a claim of rights|I have dibs on that last slice of pizza
dibucaine	n|a local anesthetic that is administered by injection|
dicamptodon	n|salamanders found near cold streams throughout the year|
dicamptodon ensatus	n|large (to 7 inches) salamander of western North America|
dicamptodontid	n|salamanders found near cold streams throughout the year|
dicamptodontidae	n|large and small highly aquatic salamanders|
dicarboxylic	adj|containing two carboxyls per molecule|
dice	n|a small cube with 1 to 6 spots on the six faces; used in gambling to generate random numbers|	v|cut into cubes|cube the cheese	v|play dice|
dice box	n|a small container (open at one end) in which dice are shaken by hand and from which they are thrown|
dice cup	n|a small container (open at one end) in which dice are shaken by hand and from which they are thrown|
dicentra spectabilis	n|garden plant having deep-pink drooping heart-shaped flowers|
dicer	n|a mechanical device used for dicing food|
diceros	n|most common species in Africa|
diceros bicornis	n|African rhino; in danger of extinction|
diceros simus	n|large light-grey African rhinoceros having two horns; endangered; sometimes placed in genus Diceros|
dicey	adj|of uncertain outcome; especially fraught with risk|an extremely dicey future on a brave new world of liquid nitrogen, tar, and smog"- New Yorker
dichloride	n|a compound containing two chlorine atoms per molecule|
dichloroethyl sulfide	n|a toxic war gas with sulfide based compounds that raises blisters and attacks the eyes and lungs; there is no known antidote|
dichloromethane	n|a nonflammable liquid used as a solvent and paint remover and refrigerant|
dichondra	n|a creeping perennial herb with hairy stems and orbicular to reniform leaves and small white to greenish flowers; used as a grass substitute in warm regions|
dichondra micrantha	n|a creeping perennial herb with hairy stems and orbicular to reniform leaves and small white to greenish flowers; used as a grass substitute in warm regions|
dichotomisation	n|the act of dividing into two sharply different categories|
dichotomise	v|divide into two opposing groups or kinds|
dichotomization	n|the act of dividing into two sharply different categories|
dichotomize	v|divide into two opposing groups or kinds|
dichotomous	adj|divided or dividing into two sharply distinguished parts or classifications|
dichotomously	adv|in a dichotomous manner|
dichotomy	n|being twofold; a classification into two opposed parts or subclasses|the dichotomy between eastern and western culture
dichroism	n|pleochroism of a crystal so that it exhibits two different colors when viewed from two different directions|
dichromacy	n|a deficiency of color vision in which the person can match any given hue by mixing only two other wavelengths of light (as opposed to the three wavelengths needed by people with normal color vision)|
dichromasy	n|a deficiency of color vision in which the person can match any given hue by mixing only two other wavelengths of light (as opposed to the three wavelengths needed by people with normal color vision)|
dichromat	n|a person with any of the various forms of dichromacy|
dichromate	n|a salt of the hypothetical dichromic acid|
dichromatic	adj|of or relating to dichromatism|	adj|having two colors|a bicolor flower
dichromatism	n|a deficiency of color vision in which the person can match any given hue by mixing only two other wavelengths of light (as opposed to the three wavelengths needed by people with normal color vision)|
dichromatopsia	n|a deficiency of color vision in which the person can match any given hue by mixing only two other wavelengths of light (as opposed to the three wavelengths needed by people with normal color vision)|
dichromia	n|a deficiency of color vision in which the person can match any given hue by mixing only two other wavelengths of light (as opposed to the three wavelengths needed by people with normal color vision)|
dichromic acid	n|the hypothetical acid (H2Cr2O7) from which dichromates are derived; known only in solution and in the form of dichromate salts|
dick	n|someone who is a detective|	n|obscene terms for penis|
dick test	n|a skin test to determine your susceptibility to scarlet fever|
dick turpin	n|English highwayman (1706-1739)|
dickens	n|a word used in exclamations of confusion|what the devil	n|English writer whose novels depicted and criticized social injustice (1812-1870)|
dickensian	adj|of or like the novels of Charles Dickens (especially with regard to poor social and economic conditions)|
dicker	v|negotiate the terms of an exchange|We bargained for a beautiful rug in the bazaar
dickey	adj|(British informal) faulty|I've got this dicky heart"- John le Carre	n|a small third seat in the back of an old-fashioned two-seater|	n|a man's detachable insert (usually starched) to simulate the front of a shirt|
dickey-bird	n|small bird; adults talking to children sometimes use these words to refer to small birds|
dickey-seat	n|a small third seat in the back of an old-fashioned two-seater|
dickeybird	n|small bird; adults talking to children sometimes use these words to refer to small birds|
dickhead	n|insulting terms of address for people who are stupid or irritating or ridiculous|
dickie	n|a small third seat in the back of an old-fashioned two-seater|	n|a man's detachable insert (usually starched) to simulate the front of a shirt|
dickie-seat	n|a small third seat in the back of an old-fashioned two-seater|
dicksonia	n|tree ferns of temperate Australasia having bipinnatifid or tripinnatifid fronds and usually marginal sori; in some classification systems placed in family Cyatheaceae|
dicksonia antarctica	n|of Australia and Tasmania; often cultivated; hardy in cool climates|
dicksoniaceae	n|tree ferns: genera Dicksonia, Cibotium, Culcita, and Thyrsopteris elegans|
dicky	adj|(British informal) faulty|I've got this dicky heart"- John le Carre	n|a small third seat in the back of an old-fashioned two-seater|	n|a man's detachable insert (usually starched) to simulate the front of a shirt|
dicky-bird	n|small bird; adults talking to children sometimes use these words to refer to small birds|
dicky-seat	n|a small third seat in the back of an old-fashioned two-seater|
dickybird	n|small bird; adults talking to children sometimes use these words to refer to small birds|
diclinous	adj|having pistils and stamens in separate flowers|
diclofenac potassium	n|a nonsteroidal anti-inflammatory drug (trade name Cataflam)|
diclofenac sodium	n|a nonsteroidal anti-inflammatory drug (trade name Voltaren) that is administered only orally|
dicloxacillin	n|antibacterial (trade name Dynapen) used to treat staphylococcal infections that are resistant to penicillin|
dicot	n|flowering plant with two cotyledons; the stem grows by deposit on its outside|
dicot family	n|family of flowering plants having two cotyledons (embryonic leaves) in the seed which usually appear at germination|
dicot genus	n|genus of flowering plants having two cotyledons (embryonic leaves) in the seed which usually appear at germination|
dicotyledon	n|flowering plant with two cotyledons; the stem grows by deposit on its outside|
dicotyledonae	n|comprising seed plants that produce an embryo with paired cotyledons and net-veined leaves; divided into six (not always well distinguished) subclasses (or superorders): Magnoliidae and Hamamelidae (considered primitive); Caryophyllidae (an early and distinctive offshoot); and three more or less advanced groups: Dilleniidae; Rosidae; Asteridae|
dicotyledones	n|comprising seed plants that produce an embryo with paired cotyledons and net-veined leaves; divided into six (not always well distinguished) subclasses (or superorders): Magnoliidae and Hamamelidae (considered primitive); Caryophyllidae (an early and distinctive offshoot); and three more or less advanced groups: Dilleniidae; Rosidae; Asteridae|
dicotyledonous	adj|(of a flowering plant) having two cotyledons in the seed|
dicoumarol	n|an anticoagulant drug that has now been largely replaced by warfarin|
dicranaceae	n|mosses having costate leaves and long-stalked capsules with cleft peristome|
dicranales	n|widely distributed order of mosses with erect gametophores and sporophytes at the tips of stems|
dicranopteris	n|terrestrial ferns of forest margin or open ground; pantropical|
dicranum	n|type genus of Dicranaceae|
dicrostonyx	n|pied lemmings|
dicrostonyx hudsonius	n|of northern Canada|
dictamnus	n|a dicotyledonous genus of the family Rutaceae|
dictamnus alba	n|Eurasian perennial herb with white flowers that emit flammable vapor in hot weather|
dictaphone	n|a tape recorder that records and reproduces dictation|
dictate	n|an authoritative rule|	n|a guiding principle|the dictates of reason	v|issue commands or orders for|	v|say out loud for the purpose of recording|He dictated a report to his secretary
dictated	adj|determined or decided upon as by an authority|date and place are already determined
dictation	n|an authoritative direction or instruction to do something|	n|speech intended for reproduction in writing|	n|matter that has been dictated and transcribed; a dictated passage|he signed and mailed his dictation without bothering to read it
dictator	n|a speaker who dictates to a secretary or a recording machine|	n|a ruler who is unconstrained by law|	n|a person who behaves in a tyrannical manner|my boss is a dictator who makes everyone work overtime
dictatorial	adj|of or characteristic of a dictator|dictatorial powers	adj|expecting unquestioning obedience|the timid child of authoritarian parents	adj|characteristic of an absolute ruler or absolute rule; having absolute sovereignty|an authoritarian regime
dictatorially	adv|in an overbearingly domineering manner; as a dictator|this manager acts dictatorially toward his colleagues
dictatorship	n|a form of government in which the ruler is an absolute dictator (not restricted by a constitution or laws or opposition etc.)|
diction	n|the articulation of speech regarded from the point of view of its intelligibility to the audience|	n|the manner in which something is expressed in words|use concise military verbiage"- G.S.Patton
dictionary	n|a reference book containing an alphabetical list of words with information about them|
dictionary definition	n|a definition that reports the standard uses of a word or phrase or symbol|
dictionary entry	n|the entry in a dictionary of information about a word|
dictostylium	n|any slime mold of the genus Dictostylium|
dictum	n|an authoritative declaration|	n|an opinion voiced by a judge on a point of law not directly bearing on the case in question and therefore not binding|
dictyophera	n|closely related to genus Phallus distinguished by an indusium hanging like a skirt from below the pileus|
dictyoptera	n|in some classifications replaced by the orders (here suborders) Blattodea (cockroaches) and Manteodea (mantids); in former classifications often subsumed under a much broader order Orthoptera|
dictyopteran	adj|of or relating to or belonging to the order Dictyoptera|
dictyopterous insect	n|cockroaches and mantids|
dictyosome	n|a netlike structure in the cytoplasm of animal cells (especially in those cells that produce secretions)|
dicumarol	n|an anticoagulant drug that has now been largely replaced by warfarin|
dicynodont	n|a kind of therapsid|
dicynodontia	n|a division of Therapsida|
didactic	adj|instructive (especially excessively)|
didactical	adj|instructive (especially excessively)|
didactically	adv|in a didactic manner|this is a didactically sound method
didacticism	n|communication that is suitable for or intended to be instructive|the didacticism expected in books for the young
didactics	n|the activities of educating or instructing; activities that impart knowledge or skill|he received no formal education
didanosine	n|an antiviral drug used to combat HIV infection|
didder	v|move with or as if with a tremor|his hands shook
diddle	v|deprive of by deceit;|He swindled me out of my inheritance	v|manipulate manually or in one's mind or imagination|She played nervously with her wedding ring
diddley	n|a small worthless amount|you don't know jack
diddly	n|a small worthless amount|you don't know jack
diddly-shit	n|a small worthless amount|you don't know jack
diddly-squat	n|a small worthless amount|you don't know jack
diddlyshit	n|a small worthless amount|you don't know jack
diddlysquat	n|a small worthless amount|you don't know jack
didelphidae	n|opossums|
didelphis	n|type genus of the family Didelphidae|
dideoxycytosine	n|an antiviral drug used to combat HIV infection|
dideoxyinosine	n|an antiviral drug used to combat HIV infection|
diderot	n|French philosopher who was a leading figure of the Enlightenment in France; principal editor of an encyclopedia that disseminated the scientific and philosophical knowledge of the time (1713-1784)|
dido	n|(Roman mythology) a princess of Tyre who was the founder and queen of Carthage; Virgil tells of her suicide when she was abandoned by Aeneas|
die	v|pass from physical life and lose all bodily attributes and functions necessary to sustain life|She died from cancer	v|suffer or face the pain of death|Martyrs may die every day for their faith	v|be brought to or as if to the point of death by an intense emotion such as embarrassment, amusement, or shame|I was dying with embarrassment when my little lie was discovered	v|stop operating or functioning|The engine finally went
die away	v|become less in amount or intensity|The storm abated
die back	v|suffer from a disease that kills shoots|The plants near the garage are dying back
die down	v|suffer from a disease that kills shoots|The plants near the garage are dying back	v|become progressively weaker|the laughter died down
die hard	v|continue to exist|These stories die hard
die off	v|become extinct|Dinosaurs died out
die out	v|become extinct|Dinosaurs died out	v|cut or shape with a die|Die out leather for belts
die-cast	adj|formed by forcing molten metal into a die|a die-cast seal
die-hard	adj|tradition-bound and obstinately opinionated|an inflexible (or die-hard) conservative
die-sinker	n|someone who makes dies|
dieback	n|a disease of plants characterized by the gradual dying of the young shoots starting at the tips and progressing to the larger branches|
dieffenbachia	n|evergreen perennial herbs of tropical America with lush foliage and poisonous sap; often cultivated as houseplants|
dieffenbachia sequine	n|an evergreen plant with large showy dark green leaves; contains a poison that swells the tongue and throat hence the name|
diego rivera	n|socialist Mexican painter of murals (1886-1957)|
diego rodriguez de silva y velazquez	n|Spanish painter (1599-1660)|
diegueno	n|the Yuman language spoken by the Diegueno|
diehard	n|one who adheres to traditional views|
dielectric	n|a material such as glass or porcelain with negligible electrical or thermal conductivity|
dielectric heating	n|heating of an insulator by a high-frequency electric field|
dielectrolysis	n|the motion of charged particles in a colloid under the influence of an electric field; particles with a positive charge go to the cathode and negative to the anode|
diemaker	n|someone who makes dies|
dien bien phu	n|the French military base fell after a siege by Vietnam troops that lasted 56 days; ended the involvement of France in Indochina in 1954|
diencephalon	n|the posterior division of the forebrain; connects the cerebral hemispheres with the mesencephalon|
dieresis	n|a diacritical mark (two dots) placed over a vowel to indicate that it does not form a diphthong with an adjacent vowel|
diervilla	n|small genus of low deciduous shrubs: bush honeysuckles|
dies irae	n|the first words of a medieval Latin hymn describing the Last Judgment (literally `day of wrath')|
diesel	n|German engineer (born in France) who invented the diesel engine (1858-1913)|	n|an internal-combustion engine that burns heavy oil|
diesel engine	n|an internal-combustion engine that burns heavy oil|
diesel fuel	n|a heavy mineral oil used as fuel in diesel engines|
diesel locomotive	n|a locomotive driven by a diesel engine|
diesel motor	n|an internal-combustion engine that burns heavy oil|
diesel oil	n|a heavy mineral oil used as fuel in diesel engines|
diesel-electric	n|a locomotive driven by the electric current generated by a diesel engine|
diesel-electric locomotive	n|a locomotive driven by the electric current generated by a diesel engine|
diesel-hydraulic	n|a locomotive driven by a hydraulic transmission system powered by a diesel engine|
diesel-hydraulic locomotive	n|a locomotive driven by a hydraulic transmission system powered by a diesel engine|
diesinker	n|someone who makes dies|
diesis	n|a character used in printing to indicate a cross reference or footnote|
diestock	n|a device that holds the dies that cut external threads on metal cylinders|
diestrous	adj|(of animals that have several estrous cycles in one breeding season) in a period of sexual inactivity|
diestrual	adj|(of animals that have several estrous cycles in one breeding season) in a period of sexual inactivity|
diestrum	n|(of animals having several estrous cycles in one breeding season) a state or interval of sexual inactivity or quiescence between periods of activity|
diestrus	n|(of animals having several estrous cycles in one breeding season) a state or interval of sexual inactivity or quiescence between periods of activity|
diet	n|a prescribed selection of foods|	n|a legislative assembly in certain countries (e.g., Japan)|	n|the usual food and drink consumed by an organism (person or animal)|	n|the act of restricting your food intake (or your intake of particular foods)|
dietary	adj|of or relating to the diet|dietary restrictions	n|a regulated daily food allowance|
dietary supplement	n|something added to complete a diet or to make up for a dietary deficiency|
dieter	n|a person who diets|
dietetic	adj|of or relating to the diet|dietary restrictions
dietetical	adj|of or relating to the diet|dietary restrictions
dietetics	n|the scientific study of food preparation and intake|
diethyl ether	n|a colorless volatile highly flammable liquid formerly used as an inhalation anesthetic|
diethylaminoethyl cellulose	n|used for chromatography|
diethylbarbituric acid	n|a barbiturate used as a hypnotic|
diethylmalonylurea	n|a barbiturate used as a hypnotic|
diethylstilbesterol	n|synthetic nonsteroid with the properties of estrogen; formerly used to treat menstrual problems but was found to be associated with vaginal cancers in the daughters of women so treated during pregnancy|
diethylstilbestrol	n|a potent estrogen used in medicine and in feed for livestock and poultry|
diethylstilboestrol	n|a potent estrogen used in medicine and in feed for livestock and poultry|
dietician	n|a specialist in the study of diet and nutrition|
dieting	n|the act of restricting your food intake (or your intake of particular foods)|
dietitian	n|a specialist in the study of diet and nutrition|
dietrich	n|French philosopher (born in Germany) famous as being one of the first self-described atheists in Europe|
dietrich bonhoeffer	n|German Lutheran theologian and pastor whose works concern Christianity in the modern world; an active opponent of Nazism, he was arrested and sent to Buchenwald and later executed (1906-1945)|
differ	v|be different|These two tests differ in only one respect	v|be of different opinions|I beg to differ!
difference	n|the quality of being unlike or dissimilar|there are many differences between jazz and rock	n|a variation that deviates from the standard or norm|the deviation from the mean	n|a disagreement or argument about something important|he had a dispute with his wife	n|a significant change|the difference in her is amazing
difference limen	n|the smallest change in stimulation that a person can detect|
difference of opinion	n|a disagreement or argument about something important|he had a dispute with his wife
difference threshold	n|the smallest change in stimulation that a person can detect|
different	adj|unlike in nature or quality or form or degree|took different approaches to the problem	adj|distinctly separate from the first|that's another (or different) issue altogether	adj|differing from all others; not ordinary|advertising that strives continually to be different	adj|distinct or separate|each interviewed different members of the community
differentia	n|distinguishing characteristics (especially in different species of a genus)|
differentiable	adj|possessing a differential coefficient or derivative|	adj|capable of being perceived as different|differentiable species
differential	adj|relating to or showing a difference|differential treatment	adj|involving or containing one or more derivatives|differential equation	n|the result of mathematical differentiation; the instantaneous change of one quantity relative to another; df(x)/dx|	n|a quality that differentiates between similar things|
differential analyzer	n|an analog computer designed to solve differential equations|
differential blood count	n|counting the number of specific types of white blood cells found in 1 cubic millimeter of blood; may be included as part of a complete blood count|
differential calculus	n|the part of calculus that deals with the variation of a function with respect to changes in the independent variable (or variables) by means of the concepts of derivative and differential|
differential coefficient	n|the result of mathematical differentiation; the instantaneous change of one quantity relative to another; df(x)/dx|
differential cost	n|the increase or decrease in costs as a result of one more or one less unit of output|
differential diagnosis	n|a systematic method of diagnosing a disorder (e.g., headache) that lacks unique symptoms or signs|
differential equation	n|an equation containing differentials of a function|
differential gear	n|a bevel gear that permits rotation of two shafts at different speeds; used on the rear axle of automobiles to allow wheels to rotate at different speeds on curves|
differential limen	n|the smallest change in stimulation that a person can detect|
differential psychology	n|the branch of psychology that studies measurable differences between individuals|
differential threshold	n|the smallest change in stimulation that a person can detect|
differentially	adv|in a differential manner|Hubel and Wiesel have found cells that respond differentially according to the direction in which a stimulus is moved across the retina
differentiate	v|mark as different|We distinguish several kinds of maple	v|be a distinctive feature, attribute, or trait; sometimes in a very positive sense|His modesty distinguishes him from his peers	v|calculate a derivative; take the derivative|	v|become different during development|cells differentiate
differentiated	adj|made different (especially in the course of development) or shown to be different|the differentiated markings of butterflies	adj|exhibiting biological specialization; adapted during development to a specific function or environment|
differentiation	n|a discrimination between things as different and distinct on the basis of their characteristics or attributes|it is necessary to make a distinction between love and infatuation	n|the mathematical process of obtaining the derivative of a function|	n|(biology) the structural adaptation of some body part for a particular function|cell differentiation in the developing embryo
differentiator	n|a person who (or that which) differentiates|
differently	adv|in another and different manner|very soon you will know differently
difficult	adj|not easy; requiring great physical or mental effort to accomplish or comprehend or endure|a difficult task	adj|hard to control|a difficult child
difficultness	n|the quality of being difficult|they agreed about the difficulty of the climb
difficulty	n|an effort that is inconvenient|I went to a lot of trouble	n|a factor causing trouble in achieving a positive result or tending to produce a negative result|serious difficulties were encountered in obtaining a pure reagent	n|a condition or state of affairs almost beyond one's ability to deal with and requiring great effort to bear or overcome|grappling with financial difficulties	n|the quality of being difficult|they agreed about the difficulty of the climb
diffidence	n|lack of self-confidence|
diffident	adj|showing modest reserve|she was diffident when offering a comment on the professor's lecture	adj|lacking self-confidence|stood in the doorway diffident and abashed
diffidently	adv|in a diffident manner|`Oh, well,' he shrugged diffidently, `I like the work.'
difflugia	n|a protozoan with an ovoid shell of cemented sand grains|
diffract	v|undergo diffraction|laser light diffracts electrons
diffraction	n|when light passes sharp edges or goes through narrow slits the rays are deflected and produce fringes of light and dark bands|
diffraction grating	n|optical device consisting of a surface with many parallel grooves in it; disperses a beam of light (or other electromagnetic radiation) into its wavelengths to produce its spectrum|
diffuse	v|move outward|The soldiers fanned out	v|spread or diffuse through|An atmosphere of distrust has permeated this administration	v|cause to become widely known|spread information	adj|spread out; not concentrated in one place|a large diffuse organization
diffuse nebula	n|a cluster of stars within an intricate cloud of gas and dust|
diffused	adj|(of light rays) subjected to scattering by reflection from a rough surface or transmission through a translucent material|diffused light	adj|(of light) transmitted from a broad light source or reflected|
diffusely	adv|in a diffuse manner|the arteries were diffusely narrowed
diffuseness	n|the spatial property of being spread out over a wide area or through a large volume|
diffuser	n|baffle that distributes sound waves evenly|	n|optical device that distributes the light of a lamp evenly|
diffusing	adj|spreading by diffusion|
diffusing screen	n|a transparent filter that reduces the light (or some wavelengths of the light) passing through it|
diffusion	n|(physics) the process in which there is movement of a substance from an area of high concentration of that substance to an area of lower concentration|	n|the spread of social institutions (and myths and skills) from one society to another|	n|the property of being diffused or dispersed|	n|the act of dispersing or diffusing something|the dispersion of the troops
diffusion pump	n|vacuum pump used to obtain a high vacuum|
diffusive	adj|spreading by diffusion|
diffusor	n|baffle that distributes sound waves evenly|	n|optical device that distributes the light of a lamp evenly|
diflunisal	n|nonsteroidal anti-inflammatory (trade name Dolobid) used to treat arthritis and other inflammatory conditions|
dig	v|turn up, loosen, or remove earth|Dig we must	v|create by digging|dig a hole	v|work hard|She was digging away at her math homework	v|remove, harvest, or recover by digging|dig salt
dig in	v|occupy a trench or secured area|The troops dug in for the night	v|eat heartily|The food was placed on the table and the children pitched in
dig into	v|examine physically with or as if with a probe|probe an anthill
dig out	v|remove, harvest, or recover by digging|dig salt	v|dig out from underneath earth or snow|	v|create by digging|dig a hole
dig up	v|find by digging in the ground|I dug up an old box in the garden	v|remove, harvest, or recover by digging|dig salt
digenesis	n|alternation of sexual and asexual generations|
digest	v|convert food into absorbable substances|I cannot digest milk products	v|arrange and integrate in the mind|I cannot digest all this information	v|put up with something or somebody unpleasant|I cannot bear his constant criticism	v|become assimilated into the body|Protein digests in a few hours
digester	n|autoclave consisting of a vessel in which plant or animal materials are digested|
digestibility	n|the property of being easy to digest|
digestible	adj|capable of being converted into assimilable condition in the alimentary canal|
digestibleness	n|the property of being easy to digest|
digestion	n|the process of decomposing organic matter (as in sewage) by bacteria or by chemical action or heat|	n|the organic process by which food is converted into substances that can be absorbed into the body|	n|learning and coming to understand ideas and information|his appetite for facts was better than his digestion
digestive	adj|relating to or having the power to cause or promote digestion|digestive juices	n|any substance that promotes digestion|
digestive fluid	n|secretions that aid digestion|
digestive gland	n|any gland having ducts that pour secretions into the digestive tract|
digestive juice	n|secretions that aid digestion|
digestive system	n|the system that makes food absorbable into the body|
digestive tract	n|tubular passage of mucous membrane and muscle extending about 8.3 meters from mouth to anus; functions in digestion and elimination|
digestive tube	n|tubular passage of mucous membrane and muscle extending about 8.3 meters from mouth to anus; functions in digestion and elimination|
digger	n|a laborer who digs|	n|a machine for excavating|
digger wasp	n|solitary wasp that digs nests in the soil and stocks them with paralyzed insects for the larvae|
digging	n|the act of digging|there's an interesting excavation going on near Princeton
digging up	n|the act of digging something up out of the ground (especially a corpse) where it has been buried|
diggings	n|an excavation for ore or precious stones or for archaeology|	n|temporary living quarters|
dighted	adj|dressed or adorned (as for battle)|
digit	n|one of the elements that collectively form a system of numeration|0 and 1 are digits	n|the length of breadth of a finger used as a linear measure|	n|a finger or toe in human beings or corresponding body part in other vertebrates|
digital	adj|displaying numbers rather than scale positions|digital clock	adj|relating to or performed with the fingers|digital examination	adj|of a circuit or device that represents magnitudes in digits|digital computer
digital arteries	n|arteries in the hand and foot that supply the fingers and toes|
digital audiotape	n|a digital tape recording of sound|
digital camera	n|a camera that encodes an image digitally and store it for later reproduction|
digital clock	n|a clock that displays the time of day digitally|
digital communication	n|electronic transmission of information that has been encoded digitally (as for storage and processing by computers)|
digital communications technology	n|the design and construction of communications technology that transmits information in digital form|
digital computer	n|a computer that represents information by numerical (binary) digits|
digital display	n|a display that gives the information in the form of characters (numbers or letters)|
digital photography	n|a photographic method that stores the image digitally for later reproduction|
digital plethysmograph	n|plethysmograph applied to a digit of the hand or foot to measure skin blood flow|
digital scanner	n|an electronic device that generates a digital representation of an image for data input to a computer|
digital subscriber line	n|a generic name for digital lines that are provided by telephone companies to their local subscribers and that carry data at high speeds|
digital vein	n|one of the veins serving the fingers or toes|
digital voltmeter	n|an electronic voltmeter that gives readings in digits|
digital watch	n|a watch with a digital display|
digital-analog converter	n|device for converting digital signals into analogue signals|
digital-to-analog converter	n|device for converting digital signals into analogue signals|
digitalin	n|a powerful cardiac stimulant obtained from foxglove|
digitalis	n|a powerful cardiac stimulant obtained from foxglove|	n|any of several plants of the genus Digitalis|
digitalis glycoside	n|a powerful cardiac stimulant obtained from foxglove|
digitalis lutea	n|European yellow-flowered foxglove|
digitalis purpurea	n|tall leafy European biennial or perennial having spectacular clusters of large tubular pink-purple flowers; leaves yield drug digitalis and are poisonous to livestock|
digitalisation	n|the administration of digitalis for the treatment of certain heart disorders|
digitalise	v|put into digital form, as for use in a computer|he bought a device to digitize the data
digitalization	n|the administration of digitalis for the treatment of certain heart disorders|
digitalize	v|put into digital form, as for use in a computer|he bought a device to digitize the data	v|administer digitalis such that the patient benefits maximally without getting adverse effects|
digitally	adv|by means of the fingers|the exam was carried out digitally	adv|in terms of integers|the time was digitally displayed
digitaria	n|crab grass; finger grass|
digitaria ischaemum	n|a weed|
digitate	adj|resembling a finger|digitate leaves of the horse chestnut
digitately	adv|in a digitate manner|
digitigrade	adj|(of mammals) walking on the toes with the posterior part of the foot raised (as cats, dogs, and horses do)|	n|an animal that walks so that only the toes touch the ground as e.g. dogs and cats and horses|
digitigrade mammal	n|an animal that walks so that only the toes touch the ground as e.g. dogs and cats and horses|
digitisation	n|conversion of analog information into digital information|
digitise	v|put into digital form, as for use in a computer|he bought a device to digitize the data
digitiser	n|device for converting analogue signals into digital signals|
digitization	n|conversion of analog information into digital information|
digitize	v|put into digital form, as for use in a computer|he bought a device to digitize the data
digitizer	n|device for converting analogue signals into digital signals|
digitoxin	n|digitalis preparation used to treat congestive heart failure or cardiac arrhythmia|
dignified	adj|having or expressing dignity; especially formality or stateliness in bearing or appearance|her dignified demeanor	adj|having or showing self-esteem|
dignify	v|confer dignity or honor upon|He was dignified with a title	v|raise the status of|I shall not dignify this insensitive remark with an answer
dignifying	adj|investing with dignity or honor|the dignifying effect of his presence
dignitary	n|an important or influential (and often overbearing) person|
dignity	n|the quality of being worthy of esteem or respect|it was beneath his dignity to cheat	n|formality in bearing and appearance|he behaved with great dignity	n|high office or rank or station|he respected the dignity of the emissaries
digoxin	n|digitalis preparation (trade name Lanoxin) used to treat congestive heart failure or cardiac arrhythmia; helps the heart beat more forcefully|
digram	n|two successive letters (especially two letters used to represent a single sound: `sh' in `shoe')|
digraph	n|two successive letters (especially two letters used to represent a single sound: `sh' in `shoe')|
digress	v|lose clarity or turn aside especially from the main subject of attention or course of argument in writing, thinking, or speaking|She always digresses when telling a story	v|wander from a direct or straight course|
digression	n|a message that departs from the main subject|	n|a turning aside (of your course or attention or concern)|a diversion from the main highway	n|wandering from the main path of a journey|
digressive	adj|of superficial relevance if any|a digressive allusion to the day of the week	adj|(of e.g. speech and writing) tending to depart from the main point or cover a wide range of subjects|amusingly digressive with satirical thrusts at women's fashions among other things
digs	n|an excavation for ore or precious stones or for archaeology|	n|temporary living quarters|
dihybrid	n|a hybrid produced by parents that differ only at two gene loci that have two alleles each|
dihybrid cross	n|hybridization using two traits with two alleles each|
dihydric alcohol	n|any of a class of alcohols having 2 hydroxyl groups in each molecule|
dihydrostreptomycin	n|antibiotic consisting of a hydrogenated form of streptomycin; used against tuberculosis and tularemia and Gram-negative organisms|
dihydroxyphenylalanine	n|amino acid that is formed in the liver and converted into dopamine in the brain|
dijon	n|an industrial city in eastern France to the north of Lyons|
dik-dik	n|any of several small antelopes of eastern Africa of the genus Madoqua; the size of a large rabbit|
dika	n|African tree with edible yellow fruit resembling mangos; valued for its oil-rich seed and hardy green wood that resists termites|
dika bread	n|somewhat astringent paste prepared by grinding and heating seeds of the African wild mango; a staple food of some African peoples|
dika nut	n|edible oil-rich seed of wild mango|
dike	n|(slang) offensive term for a lesbian who is noticeably masculine|	n|a barrier constructed to contain the flow of water or to keep out the sea|	v|enclose with a dike|dike the land to protect it from water
dilantin	n|an anticonvulsant drug (trade name Dilantin) used to treat epilepsy and that is not a sedative|
dilapidate	v|bring into a condition of decay or partial ruin by neglect or misuse|	v|fall into decay or ruin|The unoccupied house started to decay
dilapidated	adj|in deplorable condition|a street of bedraggled tenements
dilapidation	n|a state of deterioration due to old age or long use|	n|the process of becoming dilapidated|
dilatation	n|the state of being stretched beyond normal dimensions|	n|the act of expanding an aperture|the dilation of the pupil of the eye
dilatation and curettage	n|a surgical procedure usually performed under local anesthesia in which the cervix is dilated and the endometrial lining of the uterus is scraped with a curet; performed to obtain tissue samples or to stop prolonged bleeding or to remove small tumors or to remove fragments of placenta after childbirth or as a method of abortion|
dilate	v|become wider|His pupils were dilated	v|add details, as to an account or idea; clarify the meaning of and discourse in a learned way, usually in writing|She elaborated on the main ideas in her dissertation
dilater	n|a surgical instrument that is used to dilate or distend an opening or an organ|
dilation	n|a lengthy discussion (spoken or written) on a particular topic|	n|the act of expanding an aperture|the dilation of the pupil of the eye
dilation and curettage	n|a surgical procedure usually performed under local anesthesia in which the cervix is dilated and the endometrial lining of the uterus is scraped with a curet; performed to obtain tissue samples or to stop prolonged bleeding or to remove small tumors or to remove fragments of placenta after childbirth or as a method of abortion|
dilator	n|a muscle or nerve that dilates or widens a body part|	n|a drug that causes dilation|	n|a surgical instrument that is used to dilate or distend an opening or an organ|
dilatoriness	n|slowness as a consequence of not getting around to it|
dilatory	adj|wasting time|
dilatory plea	n|a plea that delays the action without settling the cause of action; it can challenge the jurisdiction or claim disability of the defendant etc. (such defenses are usually raised in the defendant's answer)|
dilaudid	n|a narcotic analgesic (trade name Dilaudid) used to treat moderate to severe pain|
dildo	n|a vibrating device that substitutes for an erect penis to provide vaginal stimulation|
dilemma	n|state of uncertainty or perplexity especially as requiring a choice between equally unfavorable options|
dilettante	adj|showing frivolous or superficial interest; amateurish|his dilettantish efforts at painting	n|an amateur who engages in an activity without serious intentions and who pretends to have knowledge|
dilettanteish	adj|showing frivolous or superficial interest; amateurish|his dilettantish efforts at painting
dilettantish	adj|showing frivolous or superficial interest; amateurish|his dilettantish efforts at painting
diligence	n|conscientiousness in paying proper attention to a task; giving the degree of care required in a given situation|	n|persevering determination to perform a task|his diligence won him quick promotions	n|a diligent effort|it is a job requiring serious application
diligent	adj|quietly and steadily persevering especially in detail or exactness|a diligent (or patient) worker	adj|characterized by care and perseverance in carrying out tasks|a diligent detective investigates all clues
diligently	adv|with diligence; in a diligent manner|we may diligently observe the Lord's supper on the first day of the week, diligently preach the gospel, or minister to the saint
dill	n|aromatic Old World herb having aromatic threadlike foliage and seeds used as seasoning|	n|aromatic threadlike foliage of the dill plant used as seasoning|
dill pickle	n|pickle preserved in brine or vinegar flavored with dill seed|
dill seed	n|seed of the dill plant used as seasoning|
dill weed	n|aromatic threadlike foliage of the dill plant used as seasoning|
dillenia	n|any of several evergreen trees or shrubs of the genus Dillenia grown for their foliage and nodding flowers resembling magnolias which are followed by fruit that is used in curries and jellies and preserves|
dilleniaceae	n|chiefly tropical shrubs and trees and climbers having leathery leaves or flattened leaflike stems: genera Dillenia and Hibbertia|
dilleniid dicot family	n|family of more or less advanced dicotyledonous trees and shrubs and herbs|
dilleniid dicot genus	n|genus of more or less advanced dicotyledonous trees and shrubs and herbs|
dilleniidae	n|a group of families of more or less advanced trees and shrubs and herbs having either polypetalous or gamopetalous corollas and often with ovules attached to the walls of the ovary; contains 69 families including Ericaceae and Cruciferae and Malvaceae; sometimes classified as a superorder|
dilly-dallier	n|someone who wastes time|
dilly-dally	v|postpone doing what one should be doing|He did not want to write the letter and procrastinated for days
dillydallier	n|someone who wastes time|
dillydally	v|postpone doing what one should be doing|He did not want to write the letter and procrastinated for days
diltiazem	n|a calcium blocker (trade name Cardizem) used in treating hypertension or angina or heart failure|
diluent	n|a diluting agent|
dilutant	n|a diluting agent|
dilute	adj|reduced in strength or concentration or quality or purity|diluted alcohol	v|lessen the strength or flavor of a solution or mixture|cut bourbon	v|corrupt, debase, or make impure by adding a foreign or inferior substance; often by replacing valuable ingredients with inferior ones|adulterate liquor
diluted	adj|reduced in strength or concentration or quality or purity|diluted alcohol
dilution	n|a diluted solution|	n|weakening (reducing the concentration) by the addition of water or a thinner|
diluvial	adj|of or connected with a deluge|
diluvian	adj|of or connected with a deluge|
dim	adj|lacking in light; not bright or harsh|a dim light beside the bed	adj|lacking clarity or distinctness|a dim figure in the distance	adj|made dim or less bright|the dimmed houselights brought a hush of anticipation	adj|offering little or no hope|the future looked black
dim sum	n|traditional Chinese cuisine; a variety of foods (including several kinds of steamed or fried dumplings) are served successively in small portions|
dim-sighted	adj|having greatly reduced vision|
dim-witted	adj|lacking mental capacity and subtlety|
dimash	n|an ancient city (widely regarded as the world's oldest) and present capital and largest city of Syria; according to the New Testament, the Apostle Paul (then known as Saul) underwent a dramatic conversion on the road to Damascus|
dime	n|street name for a packet of illegal drugs that is sold for ten dollars|
dime bag	n|street name for a packet of illegal drugs that is sold for ten dollars|
dime novel	n|a melodramatic paperback novel|
dimenhydrinate	n|antihistamine and antiemetic (trade name Dramamine) used to treat motion sickness|
dimension	n|the magnitude of something in a particular direction (especially length or width or height)|	n|a construct whereby objects or individuals can be distinguished|self-confidence is not an endearing property	n|one of three Cartesian coordinates that determine a position in space|	n|magnitude or extent|a building of vast proportions
dimensional	adj|of or relating to dimensions|	adj|having dimension--the quality or character or stature proper to a person; he is pasty, bland, faceless"- Norman Cousins|never matures as a dimensional character
dimensionality	n|the spatial property of having dimensions|all matter has dimensionality
dimensioning	adj|indicating or determining size and position in space|the ultrasonic dimensioning measurement
dimer	n|a compound whose molecules are composed of two identical monomers|
dimetane	n|antihistamine (trade name Dimetane) used to treat hypersensitivity reactions (as rhinitis)|
dimetapp	n|trade name for a drug containing an antihistamine and a decongestant; used to relieve nasal congestion and to treat rhinitis|
dimethyl ketone	n|the simplest ketone; a highly flammable liquid widely used as an organic solvent and as material for making plastics|
dimethylglyoxime	n|a compound used in analysis as a precipitant for palladium or nickel|
dimetrodon	n|carnivorous dinosaur of the Permian in North America having a crest or dorsal sail|
diminish	v|decrease in size, extent, or range|The amount of homework decreased towards the end of the semester	v|lessen the authority, dignity, or reputation of|don't belittle your colleagues
diminished	adj|impaired by diminution|	adj|(of an organ or body part) diminished in size or strength as a result of disease or injury or lack of use|partial paralysis resulted in an atrophied left arm	adj|(of musical intervals) reduction by a semitone of any perfect or minor musical interval|a diminished fifth	adj|made to seem smaller or less (especially in worth)|her comments made me feel small
diminished arch	n|an arch whose height is less than half its width|
diminishing	adj|becoming smaller or less or appearing to do so|diminishing returns
diminuendo	adj|(music) gradually decreasing in volume|	n|(music) a gradual decrease in loudness|
diminution	n|change toward something smaller or lower|	n|the statement of a theme in notes of lesser duration (usually half the length of the original)|	n|the act of decreasing or reducing something|
diminutive	adj|very small|diminutive in stature	n|a word that is formed with a suffix (such as -let or -kin) to indicate smallness|
diminutiveness	n|the property of being very small in size|hence the minuteness of detail in the painting
dimity	n|a strong cotton fabric with a raised pattern; used for bedcovers and curtains|
dimly	adv|in a dim indistinct manner|we perceived the change only dimly	adv|in a manner lacking interest or vitality|a palely entertaining show	adv|with a dim light|a dimly lit room
dimmed	adj|made dim or less bright|the dimmed houselights brought a hush of anticipation
dimmer	n|a rheostat that varies the current through an electric light in order to control the level of illumination|
dimness	n|the state of being poorly illuminated|	n|the property of lights or sounds that lack brilliance or are reduced in intensity|	n|the quality of being dim or lacking contrast|
dimocarpus	n|longan|
dimocarpus longan	n|tree of southeastern Asia to Australia grown primarily for its sweet edible fruit resembling litchi nuts; sometimes placed in genera Euphorbia or Nephelium|
dimorphic	adj|occurring or existing in two different forms|dimorphic crystals
dimorphism	n|(chemistry) the property of certain substances that enables them to exist in two distinct crystalline forms|	n|(biology) the existence of two forms of individual within the same animal species (independent of sex differences)|
dimorphotheca	n|South African herbs or subshrubs with usually yellow flowers|
dimorphous	adj|occurring or existing in two different forms|dimorphic crystals
dimout	n|darkness resulting from the extinction of lights (as in a city invisible to enemy aircraft)|
dimple	n|a chad that has been punched or dimpled but all four corners are still attached|	n|any slight depression in a surface|there are approximately 336 dimples on a golf ball	n|a small natural hollow in the cheek or chin|His dimple appeared whenever he smiled	v|mark with, or as if with, dimples|drops dimpled the smooth stream
dimpled chad	n|a chad that has been punched or dimpled but all four corners are still attached|
dimwit	n|a stupid incompetent person|
din	n|a loud harsh or strident noise|	n|the act of making a noisy disturbance|	v|make a resonant sound, like artillery|His deep voice boomed through the hall	v|instill (into a person) by constant repetition|he dinned the lessons into his students
dinar	n|100 dinars equal 1 rial in Iran|	n|the basic unit of money in Yugoslavia|	n|the basic unit of money in Tunisia|	n|the basic unit of money in Libya|
dindymene	n|great nature goddess of ancient Phrygia in Asia Minor; counterpart of Greek Rhea and Roman Ops|
dine	v|have supper; eat dinner|We often dine with friends in this restaurant	v|give dinner to; host for dinner|I'm wining and dining my friends
dine in	v|eat at home|
dine out	v|eat at a restaurant or at somebody else's home|
diner	n|a person eating a meal (especially in a restaurant)|	n|a passenger car where food is served in transit|	n|a restaurant that resembles a dining car|
dinero	n|informal terms for money|
dinesen	n|Danish writer who lived in Kenya for 19 years and is remembered for her writings about Africa (1885-1962)|
dinette	n|a small area off of a kitchen that is used for dining|
ding	n|a ringing sound|	n|an impression in a surface (as made by a blow)|	v|go `ding dong', like a bell|
ding-dong	n|the noise made by a bell|
dingbat	n|a silly empty-headed person|you would be a dingbat even to try it
dingdong	adv|heartily or earnestly|They fell to work dingdong	v|go `ding dong', like a bell|
dinge	n|discoloration due to dirtiness|	v|make a dent or impression in|dinge a soft hat	v|make dingy|
dinghy	n|a small boat of shallow draft with cross thwarts for seats and rowlocks for oars with which it is propelled|
dingily	adv|in a dingy manner|
dinginess	n|discoloration due to dirtiness|
dingle	n|a small wooded hollow|
dingo	n|wolflike yellowish-brown wild dog of Australia|
dingy	adj|thickly covered with ingrained dirt or soot|a miner's begrimed face	adj|(of color) discolored by impurities; not bright and clear|dirty" is often used in combination	adj|causing dejection|a blue day
dining	n|the act of eating dinner|
dining area	n|an area arranged for dining|they put up tents for the dining area
dining car	n|a passenger car where food is served in transit|
dining companion	n|someone you dine with|
dining compartment	n|a passenger car where food is served in transit|
dining room	n|a room used for dining|
dining room set	n|a suite of furniture for the dining room|
dining room suite	n|a suite of furniture for the dining room|
dining table	n|a table at which meals are served|he helped her clear the dining table
dining-hall	n|a large room at a college or university; used especially for dining|
dining-room	n|a room used for dining|
dining-room attendant	n|someone employed to provide service in a dining room|
dining-room furniture	n|furniture intended for use in a dining room|
dining-room set	n|a suite of furniture for the dining room|
dining-room suite	n|a suite of furniture for the dining room|
dining-room table	n|dining-room furniture consisting of a table on which meals can be served|
dink	n|a couple who both have careers and no children (an acronym for dual income no kids)|	n|a soft return so that the tennis ball drops abruptly after crossing the net|
dinka	n|a Nilotic language|
dinkey	n|a small locomotive|
dinky	adj|small and unimpressive|we stayed in a dinky old hotel	adj|(British informal) pretty and neat|what a dinky little hat	n|a small locomotive|
dinner	n|the main meal of the day served in the evening or at midday|dinner will be at 8	n|a party of people assembled to have dinner together|guests should never be late to a dinner party
dinner bell	n|a bell rung to announce that dinner has been served|
dinner bucket	n|a pail in which a workman carries his lunch or dinner|
dinner dress	n|a gown for evening wear|
dinner gown	n|a gown for evening wear|
dinner jacket	n|semiformal evening dress for men|
dinner napkin	n|a large napkin used when dinner is served|
dinner pail	n|a pail in which a workman carries his lunch or dinner|
dinner party	n|a party of people assembled to have dinner together|guests should never be late to a dinner party
dinner plate	n|a plate from which a diner eats during the main course of a meal|
dinner service	n|a table service for serving dinner|
dinner set	n|a table service for serving dinner|
dinner table	n|the dining table where dinner is served and eaten|
dinner theater	n|a theater at which dinner is included in the price of admission|
dinner theatre	n|a theater at which dinner is included in the price of admission|
dinnertime	n|the customary or habitual hour for the evening meal|
dinnerware	n|the tableware (plates and platters and serving bowls etc.) used in serving a meal|
dinoceras	n|a variety of dinocerate|
dinocerata	n|small order of primitive ungulates of the Paleocene and Eocene|
dinocerate	n|an extinct ungulate|
dinoflagellata	n|in some classifications considered a phylum of the kingdom Protista; in others included in the plant phylum Pyrrophyta|
dinoflagellate	n|chiefly marine protozoa having two flagella; a chief constituent of plankton|
dinornis	n|type genus of the Dinornithidae: large moas|
dinornis giganteus	n|the largest moa; about 12 feet high|
dinornithidae	n|moas|
dinornithiformes	n|a ratite bird order: recently extinct flightless birds of New Zealand|
dinosaur	n|any of numerous extinct terrestrial reptiles of the Mesozoic era|
dint	n|interchangeable with `means' in the expression `by means of'|
diocesan	adj|belonging to or governing a diocese|	n|a bishop having jurisdiction over a diocese|
diocese	n|the territorial jurisdiction of a bishop|
diocletian	n|Roman Emperor who when faced with military problems decided in 286 to divide the Roman Empire between himself in the east and Maximian in the west; he initiated the last persecution of the Christians in 303 (245-313)|
diode	n|a thermionic tube having two electrodes; used as a rectifier|	n|a semiconductor that consists of a p-n junction|
diodon	n|type genus of the Diodontidae|
diodon holocanthus	n|similar to but smaller than porcupinefish|
diodon hystrix	n|spines become erect when the body is inflated; worldwide in warm waters|
diodontidae	n|spiny puffers|
diodora apertura	n|marine limpet having a conical shell with an opening at the apex|
dioecian	adj|having male and female reproductive organs in separate plants or animals|
dioecious	adj|having male and female reproductive organs in separate plants or animals|
dioestrous	adj|(of animals that have several estrous cycles in one breeding season) in a period of sexual inactivity|
dioestrual	adj|(of animals that have several estrous cycles in one breeding season) in a period of sexual inactivity|
diogenes	n|an ancient Greek philosopher and Cynic who rejected social conventions (circa 400-325 BC)|
diol	n|any of a class of alcohols having 2 hydroxyl groups in each molecule|
diomedea exulans	n|very large albatross; white with wide black wings|
diomedea nigripes	n|a variety of albatross with black feet|
diomedeidae	n|albatrosses|
dionaea	n|a genus of the family Droseraceae|
dionaea muscipula	n|carnivorous plant of coastal plains of the Carolinas having sensitive hinged marginally bristled leaf blades that close and entrap insects|
dionysia	n|an orgiastic festival in ancient Greece in honor of Dionysus (= Bacchus)|
dionysian	adj|of or relating to or worshipping Dionysus|
dionysius	n|the tyrant of Syracuse who fought the Carthaginians (430-367 BC)|
dionysius the elder	n|the tyrant of Syracuse who fought the Carthaginians (430-367 BC)|
dionysus	n|(Greek mythology) god of wine and fertility and drama; the Greek name of Bacchus|
dioon	n|any cycad of the genus Dioon; handsome palmlike cycads with robust crowns of leaves and rugged trunks|
diophantus	n|Greek mathematician who was the first to try to develop an algebraic notation (3rd century)|
diopter	n|a unit of measurement of the refractive power of a lens which is equal to the reciprocal of the focal length measured in meters; used by oculists|
dioptre	n|a unit of measurement of the refractive power of a lens which is equal to the reciprocal of the focal length measured in meters; used by oculists|
dior	n|French couturier whose first collection in 1947 created a style that became known as the New Look (1905-1957)|
diorama	n|a picture (or series of pictures) representing a continuous scene|
diorite	n|a granular crystalline intrusive rock|
dioscorea	n|yams|
dioscorea alata	n|grown in Australasia and Polynesia for its large root with fine edible white flesh|
dioscorea bulbifera	n|yam of tropical Africa and Asia cultivated for it large tubers|
dioscorea elephantipes	n|South African vine having a massive rootstock covered with deeply fissured bark|
dioscorea paniculata	n|having a rhizome formerly dried and used to treat rheumatism or liver disorders|
dioscoreaceae	n|yams|
diospyros	n|a genus of trees or shrubs that have beautiful and valuable wood|
diospyros ebenum	n|tropical tree of southern Asia having hard dark-colored heartwood used in cabinetwork|
diospyros kaki	n|small deciduous Asiatic tree bearing large red or orange edible astringent fruit|
diospyros kurzii	n|large Asiatic tree having hard marbled zebrawood|
diospyros lotus	n|an Asiatic persimmon tree cultivated for its small yellow or purplish-black edible fruit much valued by Afghan tribes|
diovan	n|an angiotensin II inhibitor that is used to treat high blood pressure|
dioxide	n|an oxide containing two atoms of oxygen in the molecule|
dioxin	n|any of several toxic or carcinogenic hydrocarbons that occur as impurities in herbicides|
dip	v|immerse briefly into a liquid so as to wet, coat, or saturate|dip the garment into the cleaning solution	v|dip into a liquid while eating|She dunked the piece of bread in the sauce	v|go down momentarily|Prices dipped	v|stain an object by immersing it in a liquid|
dip circle	n|a measuring instrument for measuring the angle of magnetic dip (as from an airplane)|
dip into	v|read selectively; read only certain passages from a text|
dip solder	v|solder by immersion in a bath of molten solder|
dip switch	n|(computer science) one of a set of small on-off switches mounted in computer hardware; used in place of jumpers to configure the machine for a user|
diphenhydramine	n|antihistamine (trade name Benadryl) used to treat allergic reactions involving the nasal passages (hay fever) and also to treat motion sickness|
diphenylbutyl piperidine	n|a group of antipsychotic drugs used mainly in the treatment of schizophrenia|
diphenylhydantoin	n|an anticonvulsant drug (trade name Dilantin) used to treat epilepsy and that is not a sedative|
diphtheria	n|acute contagious infection caused by the bacterium Corynebacterium diphtheriae; marked by the formation of a false membrane in the throat and other air passages causing difficulty in breathing|
diphthong	n|a vowel sound that starts near the articulatory position for one vowel and moves toward the position for another|
diphthongise	v|change from a simple vowel to a diphthong|This vowel diphthongized in Germanic
diphthongize	v|change from a simple vowel to a diphthong|This vowel diphthongized in Germanic
diphylla	n|vampire bats|
diphylla ecaudata	n|similar in size and habits to Desmodus rotundus; of tropical America including southern California and Texas|
dipladenia boliviensis	n|shrubby climber having glossy leaves and white funnel-shaped flowers with yellow throats|
diplegia	n|paralysis of corresponding parts on both sides of the body|
diplococcus	n|Gram-positive bacteria usually occurring in pairs|
diplococcus pneumoniae	n|bacterium causing pneumonia in mice and humans|
diplodocus	n|a huge quadrupedal herbivore with long neck and tail; of late Jurassic in western North America|
diploic vein	n|one of the veins serving the spongy part of the cranial bones|
diploid	adj|of a cell or organism having two sets of chromosomes or twice the haploid number|diploid somatic cells	n|(genetics) an organism or cell having the normal amount of DNA per cell; i.e., two sets of chromosomes or twice the haploid number|
diploidy	n|the condition of being diploid|
diploma	n|a document certifying the successful completion of a course of study|
diplomacy	n|negotiation between nations|	n|subtly skillful handling of a situation|	n|wisdom in the management of public affairs|
diplomat	n|an official engaged in international negotiations|	n|a person who deals tactfully with others|
diplomate	n|medical specialist whose competence has been certified by a diploma granted by an appropriate professional group|
diplomatic	adj|relating to or characteristic of diplomacy|diplomatic immunity	adj|using or marked by tact in dealing with sensitive matters or people|the hostess averted a confrontation with a diplomatic chenage of subject
diplomatic building	n|government building in which diplomats live or work|
diplomatic corps	n|the body of diplomatic personnel|
diplomatic immunity	n|exemption from taxation or normal processes of law that is offered to diplomatic personnel in a foreign country|
diplomatic minister	n|a diplomat representing one government to another; ranks below ambassador|
diplomatic mission	n|a mission serving diplomatic ends|
diplomatic negotiations	n|negotiation between nations|
diplomatic pouch	n|a mail pouch that is sealed shut and that is used to carry communications between a legation and its home office|
diplomatic service	n|the body of diplomatic personnel|
diplomatical	adj|using or marked by tact in dealing with sensitive matters or people|the hostess averted a confrontation with a diplomatic chenage of subject
diplomatically	adv|with diplomacy; in a diplomatic manner|he answered very diplomatically
diplomatist	n|an official engaged in international negotiations|
diplopia	n|visual impairment in which an object is seen as two objects|diplopia often disappears when one eye is covered
diplopoda	n|arthropods having the body composed of numerous double somites each with two pairs of legs: millipedes|
diplopterygium	n|scandent thicket-forming ferns of Asia to western Pacific|
diplopterygium longissimum	n|large scrambling fern forming large patches to 18 feet high; Pacific region and China|
diplotaxis	n|wall rocket|
diplotaxis erucoides	n|from Mediterranean region; a naturalized weed throughout southern Europe|
diplotaxis muralis	n|yellow-flowered European plant that grows on old walls and in waste places; an adventive weed in North America|
diplotaxis tenuifolia	n|yellow-flowered European plant that grows on old walls and in waste places; an adventive weed in North America|
diplotene	n|the fourth stage of the prophase of meiosis|
dipnoi	n|bony fishes of the southern hemisphere that breathe by a modified air bladder as well as gills; sometimes classified as an order of Crossopterygii|
dipodidae	n|Old World jerboas|
dipodomys	n|kangaroo rats|
dipodomys phillipsii	n|any of various leaping rodents of desert regions of North America and Mexico; largest members of the family Heteromyidae|
dipogon	n|one species: Australian pea|
dipogon lignosus	n|South African evergreen partly woody vine grown for its clusters of rosy purple flowers followed by edible pods like snap beans; also grown as green manure; sometimes placed in genus Dolichos|
dipolar	adj|having equal and opposite electric charges or magnetic poles having opposite signs and separated by a small distance|
dipole	n|a pair of equal and opposite electric charges or magnetic poles separated by a small distance|	n|an aerial half a wavelength long consisting of two rods connected to a transmission line at the center|
dipole antenna	n|an aerial half a wavelength long consisting of two rods connected to a transmission line at the center|
dipole molecule	n|a molecule that is a permanent dipole|
dipole moment	n|the moment of a dipole|
dipped	adj|having abnormal sagging of the spine (especially in horses)|
dippel's oil	n|dark-colored ill-smelling oil obtained by carbonizing bone; used especially in sheep dips and in denaturing alcohol|
dipper	n|a ladle that has a cup with a long handle|	n|a cluster of seven stars in Ursa Minor; at the end of the dipper's handle is Polaris|	n|a group of seven bright stars in the constellation Ursa Major|	n|small stocky diving bird without webbed feet; frequents fast-flowing streams and feeds along the bottom|
dipsacaceae	n|chiefly southern European herbs with flowers usually in dense cymose heads|
dipsacus	n|type genus of the Dipsacaceae: teasel|
dipsacus fullonum	n|teasel with lilac flowers native to Old World but naturalized in North America; dried flower heads used to raise a nap on woolen cloth|
dipsomania	n|an intense persistent desire to drink alcoholic beverages to excess|
dipsomaniac	n|a person who drinks alcohol to excess habitually|
dipsosaurus	n|desert iguanas|
dipstick	n|a graduated rod dipped into a container to indicate the fluid level|
diptera	n|a large order of insects having a single pair of wings and sucking or piercing mouths; includes true flies and mosquitoes and gnats and crane flies|
dipteran	n|insects having usually a single pair of functional wings (anterior pair) with the posterior pair reduced to small knobbed structures and mouth parts adapted for sucking or lapping or piercing|
dipterocarp	n|tree of the family Dipterocarpaceae|
dipterocarpaceae	n|chiefly tropical Asian trees with two-winged fruits; yield valuable woods and aromatic oils and resins|
dipteron	n|insects having usually a single pair of functional wings (anterior pair) with the posterior pair reduced to small knobbed structures and mouth parts adapted for sucking or lapping or piercing|
dipteronia	n|small genus of large deciduous shrubs having large clusters of winged seeds that turn red as they mature; central and southern China|
dipterous	adj|of or relating to or belonging to the Diptera|
dipterous insect	n|insects having usually a single pair of functional wings (anterior pair) with the posterior pair reduced to small knobbed structures and mouth parts adapted for sucking or lapping or piercing|
diptych	n|a painting or carving (especially an altarpiece) on two panels (usually hinged like a book)|
dipus	n|type genus of the Dipodidae; typical jerboas having three toes on each hind foot|
dipylon	adj|of or relating to a gateway on the west of ancient Athens|	n|a gateway to the west of ancient Athens near which a distinctive style of pottery has been found|
dipylon gate	n|a gateway to the west of ancient Athens near which a distinctive style of pottery has been found|
dirac	n|English theoretical physicist who applied relativity theory to quantum mechanics and predicted the existence of antimatter and the positron (1902-1984)|
dirca	n|deciduous shrub of North America: leatherwood|
dirca palustris	n|deciduous shrub of eastern North America having tough flexible branches and pliable bark and small yellow flowers|
dire	adj|fraught with extreme danger; nearly hopeless|a desperate illness	adj|causing fear or dread or terror|the awful war
dire straits	n|a state of extreme distress|
direct	v|command with authority|He directed the children to do their homework	v|intend (something) to move towards a certain goal|He aimed his fists towards his opponent's face	v|guide the actors in (plays and films)|	v|be in charge of|
direct action	n|a protest action by labor or minority groups to obtain their demands|
direct antonym	n|antonyms that are commonly associated (e.g., `wet' and `dry')|
direct contrast	n|the opposition or dissimilarity of things that are compared|in contrast to
direct correlation	n|a correlation in which large values of one variable are associated with large values of the other and small with small; the correlation coefficient is between 0 and +1|
direct current	n|an electric current that flows in one direction steadily|
direct discourse	n|a report of the exact words used in a discourse (e.g., "he said `I am a fool'")|
direct dye	n|dye with a high affinity for cellulose fibers (cotton or rayon etc.)|
direct electric current	n|an electric current that flows in one direction steadily|
direct evidence	n|evidence (usually the testimony of a witness) directly related to the fact in dispute|
direct examination	n|(law) the initial questioning of a witness by the party that called the witness|
direct fire	n|fire delivered on a target that is visible to the person aiming it|
direct flight	n|a flight with one or more intermediate stops but no change of aircraft|
direct loan	n|a loan by a lender to a customer without the use of a third party; direct lending gives the lender greater discretion in making loans|
direct mail	n|advertising sent directly to prospective customers via the mail|
direct mailer	n|a distributor who uses direct mail to sell merchandise|
direct marketing	n|marketing via a promotion delivered directly to the individual prospective customer|
direct object	n|the object that receives the direct action of the verb|
direct primary	n|a primary where voters directly select the candidates who will run for office|
direct quotation	n|a report of the exact words used in a discourse (e.g., "he said `I am a fool'")|
direct sum	n|a union of two disjoint sets in which every element is the sum of an element from each of the disjoint sets|
direct support	n|a mission requiring one force to support another specific force and authorizing it to answer directly the supported force's request for assistance|
direct supporting fire	n|fire delivered in support of part of a force (as opposed to general supporting fire delivered in support of the force as a whole)|
direct tax	n|a tax paid directly by the person or organization on whom it is levied|
direct tide	n|the occurrence of high tide on one side of the earth coinciding with high tide on the opposite side|
direct transmission	n|a transmission mechanism in which the infectious agent is transferred directly into the body via touching or biting or kissing or sexual intercourse or by droplets entering the eye or nose or mouth|
direct trust	n|a trust created by the free and deliberate act of the parties involved (usually on the basis of written documentation)|
direct-grant school	n|formerly a school that charged tuition fees and also received government grants in return for admitting certain non-paying students who were nominated by the local authorities|
directed	adj|(often used in combination) having a specified direction|a positively directed vector	adj|manageable by a supervising agent|a directed program of study
directed study	n|a course of study that is supervised and controlled by a specialist in the subject|he registered for directed study
directed verdict	n|a verdict entered by the court in a jury trial without consideration by the jury|there cannot be a directed verdict of guilty in a criminal trial
directing	adj|showing the way by conducting or leading; imposing direction on|felt his mother's directing arm around him
direction	n|a line leading to a place or point|he looked the other direction	n|the spatial relation between something and the course along which it points or moves|he checked the direction and velocity of the wind	n|a general course along which something has a tendency to develop|I couldn't follow the direction of his thoughts	n|something that provides direction or advice as to a decision or course of action|
direction finder	n|radio; determines the direction of incoming radio waves|
directional	adj|relating to or indicating directions in space|a directional microphone	adj|relating to direction toward a (nonspatial) goal|he tried to explain the directional trends of modern science	adj|showing the way by conducting or leading; imposing direction on|felt his mother's directing arm around him
directional antenna	n|an antenna that transmits or receives signals only in a narrow angle|
directional microphone	n|a microphone that is designed to receive sound from a particular direction|
directional mike	n|a microphone that is designed to receive sound from a particular direction|
directionality	n|the property of a microphone or antenna of being more sensitive in one direction than in another|the antenna received signals with no directivity	n|the property of being directional or maintaining a direction|the directionality of written English is from left to right
directionless	adj|aimlessly drifting|
directive	n|a pronouncement encouraging or banning some activity|the boss loves to send us directives	adj|showing the way by conducting or leading; imposing direction on|felt his mother's directing arm around him
directiveness	n|the quality of being directive|
directivity	n|the property of a microphone or antenna of being more sensitive in one direction than in another|the antenna received signals with no directivity	n|the quality of being directive|
directly	adv|without deviation|the path leads directly to the lake	adv|without anyone or anything intervening|these two factors are directly related	adv|without delay or hesitation; with no time intervening|he answered immediately	adv|in a forthright manner; candidly or frankly|he didn't answer directly
directness	n|trueness of course toward a goal|rivaling a hawk in directness of aim	n|the quality of being honest and straightforward in attitude and speech|
director	n|someone who controls resources and expenditures|	n|member of a board of directors|	n|someone who supervises the actors and directs the action in the production of a show|	n|the person who directs the making of a film|
director of research	n|a supervisor in a research center|
director-stockholder relation	n|the responsibility of corporate directors to act in the best interests of stockholders|
directorate	n|a group of persons chosen to govern the affairs of a corporation or other large institution|
directorate for inter-services intelligence	n|the Pakistan intelligence agency; a powerful and almost autonomous political and military force; has procured nuclear technology and delivery capabilities; has had strong ties with the Taliban and other militant Islamic groups|
directorship	n|the position of a director of a business concern|
directory	n|an alphabetical list of names and addresses|	n|(computer science) a listing of the files stored in memory (usually on a hard disk)|
direful	adj|causing fear or dread or terror|the awful war
direfully	adv|in a direful manner|seeing himself trapped, he cried out direfully
dirge	n|a song or hymn of mourning composed or performed as a memorial to a dead person|
dirham	n|100 dirhams equal 1 riyal in Qatar|	n|the basic unit of money in the United Arab Emirates; equal to 1,000 fils|	n|the basic unit of money in Morocco; equal to 100 centimes|	n|100 dirhams equal 1 dinar in Tunisia|
dirigible	adj|capable of being steered or directed|	n|a steerable self-propelled aircraft|
diriment impediment	n|(canon law) an impediment that invalidates a marriage (such as the existence of a prior marriage)|
dirk	n|a relatively long dagger with a straight blade|
dirndl	n|a full skirt with a gathered waistband|	n|a dress with a tight bodice and full skirt|
dirt	n|the part of the earth's surface consisting of humus and disintegrated rock|	n|the state of being covered with unclean things|	n|obscene terms for feces|	n|disgraceful gossip about the private lives of other people|
dirt ball	n|a person who has a nasty or unethical character undeserving of respect|
dirt bike	n|a lightweight motorcycle equipped with rugged tires and suspension; an off-road motorcycle designed for riding cross country or over unpaved ground|
dirt cheap	adj|very cheap|a dirt cheap property
dirt track	n|a racetrack that is not paved|
dirtily	adv|in a sordid manner|as dirtily drunk as usual	adv|in a filthy unclean manner|a dirtily dressed camel driver
dirtiness	n|the state of being unsanitary|	n|the state of containing dirty impurities|	n|obscenity in speech or writing|
dirty	adj|soiled or likely to soil with dirt or grime|dirty unswept sidewalks	adj|(of behavior or especially language) characterized by obscenity or indecency|dirty words	adj|vile; despicable|a dirty (or lousy) trick	adj|spreading pollution or contamination; especially radioactive contamination|the air near the foundry was always dirty
dirty bomb	n|an atom bomb that leaves considerable radioactive contamination|
dirty dog	n|a person who is deemed to be despicable or contemptible|only a rotter would do that
dirty joke	n|an indelicate joke|
dirty laundry	n|personal matters that could be embarrassing if made public|
dirty linen	n|personal matters that could be embarrassing if made public|
dirty money	n|goods or money obtained illegally|
dirty old man	n|a middle-aged man with lecherous inclinations|
dirty pool	n|conduct that is unfair or unethical or unsportsmanlike|
dirty story	n|an indelicate joke|
dirty trick	n|an unkind or aggressive trick|
dirty tricks	n|underhand commercial or political behavior designed to discredit an opponent|
dirty war	n|an offensive conducted by secret police or the military of a regime against revolutionary and terrorist insurgents and marked by the use of kidnapping and torture and murder with civilians often being the victims|thousands of people disappeared and were killed during Argentina's dirty war in the late 1970s
dirty word	n|an offensive or indecent word or phrase|	n|a word that is considered to be unmentionable|`failure' is a dirty word to him
dirty-faced	adj|having a dirty face|a crowd of dirty-faced ragamuffins surrounded him
dirty-minded	adj|having lewd thoughts|
dirtying	n|the act of soiling something|
dis	n|(Roman mythology) god of the underworld; counterpart of Greek Hades|
dis pater	n|(Roman mythology) god of the underworld; counterpart of Greek Hades|
disa	n|any orchid of the genus Disa; beautiful orchids with dark green leaves and usually hooded flowers; much prized as emblematic flowers in their native regions|	n|a combat support agency in the Department of Defense responsible for developing and operating and supporting information systems to serve the needs of the President and the Secretary of Defense and the Joint Chiefs of Staff|
disability	n|the condition of being unable to perform as a consequence of physical or mental unfitness|reading disability
disability benefit	n|insurance benefits paid in case of disability|
disability check	n|a monthly payment made to someone who has become disabled and is unable to work|
disability insurance	n|social insurance for the disabled|
disability of walking	n|a disability that interferes with or prevents walking|
disability payment	n|a monthly payment made to someone who has become disabled and is unable to work|
disable	v|make unable to perform a certain action|disable this command on your computer	v|injure permanently|He was disabled in a car accident
disabled	adj|having restricted mental or physical functioning as a consequence of injury or illness|	n|people collectively who are crippled or otherwise physically handicapped|technology to help the elderly and the disabled
disablement	n|the condition of being unable to perform as a consequence of physical or mental unfitness|reading disability
disabling	adj|that cripples or disables or incapacitates|a crippling injury	adj|depriving of legal right; rendering legally disqualified|certain disabling restrictions disqualified him for citizenship
disabuse	v|free somebody (from an erroneous belief)|
disabused	adj|freed of a mistaken or misguided notion|some people are still not disabused of the old idea that the universe revolves around the Earth
disaccharidase	n|an enzyme that catalyzes the hydrolysis of disaccharides into monosaccharides|
disaccharide	n|any of a variety of carbohydrates that yield two monosaccharide molecules on complete hydrolysis|
disaccord	v|be different from one another|
disadvantage	n|the quality of having an inferior or less favorable position|	v|put at a disadvantage; hinder, harm|This rule clearly disadvantages me
disadvantaged	adj|marked by deprivation especially of the necessities of life or healthful environmental influences|a childhood that was unhappy and deprived, the family living off charity
disadvantageous	adj|involving or creating circumstances detrimental to success or effectiveness|a disadvantageous outcome
disadvantageously	adv|in a disadvantageous way; to someone's disadvantage|the venture turned out badly for the investors
disaffect	v|arouse hostility or indifference in where there had formerly been love, affection, or friendliness|She alienated her friends when she became fanatically religious
disaffected	adj|discontented as toward authority|
disaffection	n|the feeling of being alienated from other people|	n|disloyalty to the government or to established authority|the widespread disaffection of the troops
disaffirmation	n|the act of asserting that something alleged is not true|
disafforest	v|remove the trees from|The landscape was deforested by the enemy attacks
disagree	v|be of different opinions|I beg to differ!	v|be different from one another|
disagree with	v|not be very easily digestible|Spicy food disagrees with some people
disagreeable	adj|not to your liking|a disagreeable situation	adj|unpleasant to interact with|a disagreeable old man	adj|not agreeing with your tastes or expectations|found the task disagreeable and decided to abandon it
disagreeable person	n|a person who is not pleasant or agreeable|
disagreeable woman	n|a woman who is an unpleasant person|
disagreeableness	n|the quality of being disagreeable and unpleasant|	n|an ill-tempered and offensive disposition|
disagreeably	adv|in a disagreeable manner|`I took no harm from the journey, thank you,' she said disagreeably
disagreement	n|a conflict of people's opinions or actions or characters|	n|a difference between conflicting facts or claims or opinions|a growing divergence of opinion	n|the speech act of disagreeing or arguing or disputing|
disallow	v|command against|I forbid you to call me late at night
disambiguate	v|state unambiguously or remove ambiguities from|Can you disambiguate this statement?
disambiguation	n|clarification that follows from the removal of ambiguity|
disambiguator	n|(computer science) a natural language processing application that tries to determine the intended meaning of a word or phrase by examining the linguistic context in which it is used|
disappear	v|get lost, as without warning or explanation|He disappeared without a trace	v|become invisible or unnoticeable|The effect vanished when day broke	v|cease to exist|An entire civilization vanished	v|become less intense and fade away gradually|her resistance melted under his charm
disappearance	n|the act of leaving secretly or without explanation|	n|the event of passing out of sight|	n|gradually ceasing to be visible|	n|ceasing to exist|he regretted the disappearance of Greek from school curricula
disappearing	n|the act of leaving secretly or without explanation|
disappoint	v|fail to meet the hopes or expectations of|Her boyfriend let her down when he did not propose marriage
disappointed	adj|disappointingly unsuccessful|disappointed expectations and thwarted ambitions
disappointedly	adv|in disappointment; in a disappointed manner|she left the gambling table disappointedly
disappointing	adj|not up to expectations|a disappointing performance from one who had seemed so promising
disappointingly	adv|in a disappointing manner|the discoverer of argon, Sir William Ramsay, looked disappointingly ordinary
disappointment	n|a feeling of dissatisfaction that results when your expectations are not realized|his hopes were so high he was doomed to disappointment	n|an act (or failure to act) that disappoints someone|
disapprobation	n|an expression of strong disapproval; pronouncing as wrong or morally culpable|his uncompromising condemnation of racism
disapproval	n|a feeling of disliking something or what someone is doing|	n|the expression of disapproval|	n|an inclination to withhold approval from some person or group|	n|the act of disapproving or condemning|
disapprove	v|consider bad or wrong|	v|deem wrong or inappropriate|I disapprove of her child rearing methods
disapproving	adj|expressing or manifesting disapproval|
disapprovingly	adv|showing disapproval|he shook his head disapprovingly
disarm	v|remove offensive capability from|	v|make less hostile; win over|Her charm disarmed the prosecution lawyer completely	v|take away the weapons from; render harmless|
disarmament	n|act of reducing or depriving of arms|the disarmament of the aggressor nations must be complete
disarmer	n|someone opposed to violence as a means of settling disputes|
disarming	adj|capable of allaying hostility|	n|act of reducing or depriving of arms|the disarmament of the aggressor nations must be complete
disarrange	v|destroy the arrangement or order of|My son disarranged the papers on my desk	v|disturb the arrangement of|disarrange the papers
disarranged	adj|having the arrangement disturbed; not in order|her disarranged hair
disarrangement	n|a condition in which an orderly system has been disrupted|
disarray	n|a mental state characterized by a lack of clear and orderly thought and behavior|a confusion of impressions	n|untidiness (especially of clothing and appearance)|	v|bring disorder to|
disarrayed	adj|in disarray|disarrayed bedclothes
disarticulate	v|separate at the joints|disjoint the chicken before cooking it
disassemble	v|take apart into its constituent pieces|
disassociate	v|part; cease or break association with|She disassociated herself from the organization when she found out the identity of the president
disassociation	n|the state of being unconnected in memory or imagination|I could not think of him in disassociation from his wife	n|a state in which some integrated part of a person's life becomes separated from the rest of the personality and functions independently|
disassortative mating	n|mating of individuals having traits more dissimilar than likely in random mating|
disaster	n|a state of extreme (usually irremediable) ruin and misfortune|lack of funds has resulted in a catastrophe for our school system	n|an event resulting in great loss and misfortune|the whole city was affected by the irremediable calamity	n|an act that has disastrous consequences|
disaster area	n|a region whose population is affected by a general disaster|
disastrous	adj|(of events) having extremely unfortunate or dire consequences; bringing ruin|the stock market crashed on Black Friday
disastrously	adv|in a disastrous manner|the real value of the trust capital may be disastrously less than when the trust began
disavow	v|refuse to acknowledge; disclaim knowledge of; responsibility for, or association with|Her husband disavowed her after 30 years of marriage and six children
disavowable	adj|capable of being disavowed|
disavowal	n|denial of any connection with or knowledge of|
disband	v|cause to break up or cease to function|the principal disbanded the political student organization	v|stop functioning or cohering as a unit|The political wing of the party dissolved after much internal fighting
disbandment	n|the act of disbanding|the orchestra faced the prospect of disbandment
disbar	v|remove from the bar; expel from the practice of law by official action|The corrupt lawyer was disbarred
disbarment	n|the act of expelling a lawyer from the practice of law|
disbelief	n|doubt about the truth of something|	n|a rejection of belief|
disbelieve	v|reject as false; refuse to accept|
disbelieving	adj|denying or questioning the tenets of especially a religion|a skeptical approach to the nature of miracles
disbelievingly	adv|in an incredulous manner|the woman looked up at her incredulously
disbud	v|thin out buds to improve the quality of the remaining flowers|	v|destroy undeveloped horn buds (of cattle)|
disburden	v|take the burden off; remove the burden from|unburden the donkey
disbursal	n|amounts paid for goods and services that may be currently tax deductible (as opposed to capital expenditures)|	n|the act of spending or disbursing money|
disburse	v|expend, as from a fund|
disbursement	n|amounts paid for goods and services that may be currently tax deductible (as opposed to capital expenditures)|	n|the act of spending or disbursing money|
disburser	n|someone who spends money to purchase goods or services|
disc	n|sound recording consisting of a disk with a continuous groove; used to reproduce music by rotating while a phonograph needle tracks in the groove|	n|something with a round shape resembling a flat circular plate|the moon's disk hung in a cloudless sky	n|(computer science) a memory device consisting of a flat disk covered with a magnetic coating on which information is stored|	n|a flat circular plate|
disc brake	n|hydraulic brake in which friction is applied to both sides of a spinning disk by the brake pads|
disc drive	n|computer hardware that holds and spins a magnetic or optical disk and reads and writes information on it|
disc harrow	n|a harrow with a series of disks set on edge at an angle|
disc jockey	n|a person who announces and plays popular recorded music|
disc pack	n|(computer science) a portable pack of magnetic disks used in a disk storage device|
disc space	n|(computer science) the space available on a magnetic disk|
disc-jockey	v|comment on music to be played|He has a job disk-jockeying on the weekend
disc-shaped	adj|having a flat circular shape|
discalceate	adj|(used of certain religious orders) barefoot or wearing only sandals|discalced friars
discalced	adj|(used of certain religious orders) barefoot or wearing only sandals|discalced friars
discant	n|a decorative musical accompaniment (often improvised) added above a basic melody|
discard	v|throw or cast away|Put away your worries	n|anything that is cast aside or discarded|	n|(cards) the act of throwing out a useless card or of failing to follow suit|	n|getting rid something that is regarded as useless or undesirable|
discarded	adj|thrown away|wearing someone's cast-off clothes
discase	v|get undressed|please don't undress in front of everybody!
disceptation	n|a contentious speech act; a dispute where there is strong disagreement|they were involved in a violent argument
discern	v|detect with the senses|The fleeing convicts were picked out of the darkness by the watchful prison guards
discernability	n|distinctness that makes perception easy|
discernable	adj|perceptible by the senses or intellect|things happen in the earth and sky with no discernible cause
discernible	adj|perceptible by the senses or intellect|things happen in the earth and sky with no discernible cause	adj|capable of being perceived clearly|an essay with a meaning that was not always discernible	adj|capable of being seen or noticed|a discernible change in attitude
discerning	adj|having or revealing keen insight and good judgment|a discerning critic	adj|unobtrusively perceptive and sympathetic|a discerning editor	adj|quick to understand|a kind and apprehensive friend"- Nathaniel Hawthorne	adj|able to make or detect effects of great subtlety; sensitive|discerning taste
discernment	n|the cognitive condition of someone who understands|he has virtually no understanding of social cause and effect	n|delicate discrimination (especially of aesthetic values)|arrogance and lack of taste contributed to his rapid success	n|perception of that which is obscure|	n|the mental ability to understand and discriminate between relations|
discerp	v|divide into pieces|our department was dismembered when our funding dried up	v|cut off from a whole|His head was severed from his body
discharge	v|complete or carry out|discharge one's duties	v|pour forth or release|discharge liquids	v|free from obligations or duties|	v|remove the charge from|
discharge lamp	n|a lamp that generates light by a discharge between two electrodes in a gas|
discharge pipe	n|a pipe through which fluids can be discharged|
discharged	adj|having lost your job|
disciform	adj|having a round or oval shape like a disc|a disciform skin lesion
discina	n|any fungus of the genus Discina|
discina macrospora	n|a discina with a flat or saucer-shaped fertile body that is brown on the upper surface; has a short stalk; not recommended for eating|
disciotis venosa	n|an edible morel with a cup-shaped or saucer-shaped fruiting body can be up to 20 cm wide; the fertile surface inside the cup has wrinkles radiating from the center; can be easily confused with inedible mushrooms|
disciple	n|someone who believes and helps to spread the doctrine of another|
disciples of christ	n|a Protestant church that accepts the Bible as the only source of true Christian faith and practices baptism by immersion|
discipleship	n|the position of disciple|
disciplinal	adj|designed to promote discipline|the teacher's action was corrective rather than instructional
disciplinarian	n|someone who demands exact conformity to rules and forms|
disciplinary	adj|relating to discipline in behavior|disciplinary problems in the classroom	adj|relating to a specific field of academic study|economics in its modern disciplinary sense	adj|designed to promote discipline|the teacher's action was corrective rather than instructional
discipline	n|a branch of knowledge|in what discipline is his doctorate?	n|a system of rules of conduct or method of practice|he quickly learned the discipline of prison routine	n|the trait of being well behaved|he insisted on discipline among the troops	n|training to improve strength or self-control|
disciplined	adj|obeying the rules|	adj|trained mentally or physically by instruction or exercise|the beautiful coordination of his disciplined muscles
disclaim	v|renounce a legal claim or title to|	v|make a disclaimer about|He disclaimed any responsibility
disclaimer	n|(law) a voluntary repudiation of a person's legal claim to something|	n|denial of any connection with or knowledge of|
disclike	adj|having a flat circular shape|
disclose	v|make known to the public information that was previously known only to a few people or that was meant to be kept a secret|The auction house would not disclose the price at which the van Gogh had sold	v|reveal to view as by removing a cover|The curtain rose to disclose a stunning set
disclosed	adj|made known (especially something secret or concealed)|the disclosed purpose of their wicked plan
disclosure	n|the speech act of making something evident|
disco	n|popular dance music (especially in the late 1970s); melodic with a regular bass beat; intended mainly for dancing at discotheques|	n|a public dance hall for dancing to recorded popular music|	v|dance to disco music|
disco biscuit	n|street names for methylenedioxymethamphetamine|
disco music	n|popular dance music (especially in the late 1970s); melodic with a regular bass beat; intended mainly for dancing at discotheques|
discocephali	n|small order of fishes comprising the remoras|
discoglossidae	n|family of Old World toads having a fixed disklike tongue|
discography	n|a descriptive catalog of musical recordings|
discoid	adj|having a flat circular shape|
discoid lupus erythematosus	n|a chronic skin disease occurring primarily in women between the ages of 20 and 40; characterized by an eruption of red lesions over the cheeks and bridge of the nose|
discoidal	adj|having a flat circular shape|
discolor	v|lose color or turn colorless|The painting discolored	v|cause to lose or change color|The detergent discolored my shirts	v|change color, often in an undesired manner|The shirts discolored
discoloration	n|a soiled or discolored appearance|the wine left a dark stain	n|the act of changing the natural color of something by making it duller or dingier or unnatural or faded|
discolorise	v|remove color from|The sun bleached the red shirt
discolorize	v|remove color from|The sun bleached the red shirt
discolour	v|change color, often in an undesired manner|The shirts discolored
discolouration	n|a soiled or discolored appearance|the wine left a dark stain	n|the act of changing the natural color of something by making it duller or dingier or unnatural or faded|
discolourise	v|remove color from|The sun bleached the red shirt
discombobulate	v|cause to be confused emotionally|	v|be confusing or perplexing to; cause to be unable to think clearly|These questions confuse even the experts
discombobulated	adj|having self-possession upset; thrown into confusion|the hecklers pelted the discombobulated speaker with anything that came to hand
discombobulation	n|a feeling of embarrassment that leaves you confused|
discomfit	v|cause to lose one's composure|
discomfited	n|people who are defeated|the Romans had no pity for the defeated	adj|disappointingly unsuccessful|disappointed expectations and thwarted ambitions
discomfiture	n|anxious embarrassment|
discomfort	n|the state of being tense and feeling pain|	n|an uncomfortable feeling of mental painfulness or distress|
discommode	v|to cause inconvenience or discomfort to|Sorry to trouble you, but...
discompose	v|cause to lose one's composure|
discomposed	adj|having your composure disturbed|looked about with a wandering and discomposed air
discomposure	n|anxious embarrassment|	n|a temperament that is perturbed and lacking in composure|
discomycete	n|any fungus that is a member of the subclass Discomycetes|
discomycetes	n|a large and taxonomically difficult group of Ascomycetes in which the fleshy fruiting body is disklike or cup-shaped|
discomycetous	adj|relating to or characteristic of fungi of the subclass Discomycetes|
disconcert	v|cause to feel embarrassment|The constant attention of the young man confused her	v|cause to lose one's composure|
disconcerted	adj|having self-possession upset; thrown into confusion|the hecklers pelted the discombobulated speaker with anything that came to hand
disconcerting	adj|causing an emotional disturbance|his disconcerting habit of greeting friends ferociously and strangers charmingly"- Herb Caen
disconcertingly	adv|in a disturbing or embarrassing manner|he drank some sherry, his eyes disconcertingly keen as he watched her
disconcertion	n|anxious embarrassment|
disconcertment	n|anxious embarrassment|
disconfirming	adj|not indicating the presence of microorganisms or disease or a specific condition|the HIV test was negative	adj|establishing as invalid or untrue|
disconnect	v|pull the plug of (electrical appliances) and render inoperable|unplug the hair dryer after using it	v|make disconnected, disjoin or unfasten|	n|an unbridgeable disparity (as from a failure of understanding)|he felt a gulf between himself and his former friends
disconnected	adj|(music) marked by or composed of disconnected parts or sounds; cut short crisply|staccato applause	adj|having been divided; having the unity destroyed|Congress...gave the impression of...a confusing sum of disconnected local forces"-Samuel Lubell	adj|marked by sudden changes in subject and sharp transitions|abrupt prose	adj|not plugged in or connected to a power source|the iron is disconnected
disconnectedness	n|state of being disconnected|
disconnection	n|state of being disconnected|	n|an unbridgeable disparity (as from a failure of understanding)|he felt a gulf between himself and his former friends	n|the act of breaking a connection|
disconsolate	adj|sad beyond comforting; incapable of being consoled|inconsolable when her son died	adj|causing dejection|a blue day
disconsolately	adv|in grief-stricken loneliness; without comforting circumstances or prospects|
disconsolateness	n|feeling downcast and disheartened and hopeless|
discontent	n|a longing for something better than the present situation|	adj|showing or experiencing dissatisfaction or restless longing|saw many discontent faces in the room	v|make dissatisfied|
discontented	adj|showing or experiencing dissatisfaction or restless longing|saw many discontent faces in the room
discontentedly	adv|with discontent; in a discontented manner|he was still rumbling discontentedly when Pike returned bearing a folder of foolscap sheets
discontentedness	n|a longing for something better than the present situation|
discontentment	n|a longing for something better than the present situation|
discontinuance	n|the act of discontinuing or breaking off; an interruption (temporary or permanent)|
discontinuation	n|the act of discontinuing or breaking off; an interruption (temporary or permanent)|
discontinue	v|put an end to a state or an activity|Quit teasing your little brother	v|come to or be at an end|the support from our sponsoring agency will discontinue after March 31	v|prevent completion|stop the project
discontinued	adj|stopped permanently or temporarily|discontinued models
discontinuity	n|lack of connection or continuity|
discontinuous	adj|of a function or curve; possessing one or more discontinuities|	adj|not continuing without interruption in time or space|discontinuous applause
discord	n|lack of agreement or harmony|	n|disagreement among those expected to cooperate|	n|a harsh mixture of sounds|	n|strife resulting from a lack of agreement|
discordance	n|a harsh mixture of sounds|	n|strife resulting from a lack of agreement|
discordant	adj|not in agreement or harmony|views discordant with present-day ideas	adj|lacking in harmony|
discordantly	adv|in a discordant manner|the piece ended discordantly
discorporate	adj|not having a material body|bodiless ghosts
discotheque	n|a public dance hall for dancing to recorded popular music|
discount	n|the act of reducing the selling price of merchandise|	n|interest on an annual basis deducted in advance on a loan|	n|a refund of some fraction of the amount paid|	n|an amount or percentage deducted|
discount business	n|the business of selling merchandise at a discount|
discount chain	n|a chain of discount stores|
discount house	n|a sales outlet offering goods at a discounted price|
discount rate	n|the rate of interest set by the Federal Reserve that member banks are charged when they borrow money through the Federal Reserve System|	n|interest on an annual basis deducted in advance on a loan|
discount store	n|a sales outlet offering goods at a discounted price|
discountenance	v|look with disfavor on|The republic soon discountenanced its few friends	v|show disapproval by discouraging|any measure tending to fuse invalids into a class with special privileges should be discountenanced
discounter	n|a sales outlet offering goods at a discounted price|
discourage	v|try to prevent; show opposition to|We should discourage this practice among our youth	v|deprive of courage or hope; take away hope from; cause to feel discouraged|	v|advise or counsel in terms of someone's behavior|I warned him not to go too far
discouraged	adj|made less hopeful or enthusiastic|desperate demoralized people looking for work	adj|lacking in resolution|the accident left others discouraged about going there
discouragement	n|the feeling of despair in the face of obstacles|	n|the expression of opposition and disapproval|	n|the act of discouraging|the discouragement of petty theft
discouraging	adj|depriving of confidence or hope or enthusiasm and hence often deterring action|where never is heard a discouraging word	adj|expressing disapproval in order to dissuade|
discouragingly	adv|in a discouraging manner|the failure rate on the bar exam is discouragingly high
discourse	n|extended verbal expression in speech or writing|	n|an address of a religious nature (usually delivered during a church service)|	n|an extended communication (often interactive) dealing with some particular topic|the book contains an excellent discussion of modal logic	v|to consider or examine in speech or writing|The author talks about the different aspects of this question
discourteous	adj|showing no courtesy; rude|a distant and at times discourteous young	adj|lacking social graces|
discourteously	adv|in an impolite manner|he treated her impolitely
discourtesy	n|an expression of lack of respect|	n|a manner that is rude and insulting|	n|a lack of politeness; a failure to show regard for others; wounding the feelings or others|
discover	v|discover or determine the existence, presence, or fact of|She detected high levels of lead in her drinking water	v|get to know or become aware of, usually accidentally|I learned that she has two grown-up children	v|make a discovery, make a new finding|Roentgen discovered X-rays	v|make a discovery|She found that he had lied to her
discoverable	adj|capable of being ascertained or found out|ascertainable facts
discovered	adj|discovered or determined by scientific observation|variation in the ascertained flux depends on a number of factors
discovered check	n|a check on the opponent's king that is delivered by moving a piece out of the line of attack by a queen or rook or bishop|
discoverer	n|someone who is the first to think of or make something|	n|someone who is the first to observe something|
discovery	n|the act of discovering something|	n|something that is discovered|	n|a productive insight|	n|(law) compulsory pretrial disclosure of documents relevant to a case; enables one side in a litigation to elicit information from the other side concerning the facts in the case|
discovery day	n|a legal holiday commemorating the discovery of America by Christopher Columbus|
discredit	n|the state of being held in low esteem|your actions will bring discredit to your name	v|cause to be distrusted or disbelieved|The paper discredited the politician with its nasty commentary	v|damage the reputation of|This newspaper story discredits the politicians	v|reject as false; refuse to accept|
discreditable	adj|tending to bring discredit or disrepute; blameworthy|his marks were not at all discreditable
discreditably	adv|in a dishonorable manner or to a dishonorable degree|his grades were disgracefully low
discredited	adj|being unjustly brought into disrepute|a discredited politician	adj|suffering shame|
discreet	adj|marked by prudence or modesty and wise self-restraint|his trusted discreet aide	adj|unobtrusively perceptive and sympathetic|a discerning editor	adj|heedful of potential consequences|circumspect actions
discreetly	adv|with discretion; prudently and with wise self-restraint|I sent for the sergeant of the platoon both men were in and asked him to try to find out discreetly what lay behind this
discreetness	n|knowing how to avoid embarrassment or distress|the servants showed great tact and discretion	n|subtly skillful handling of a situation|
discrepancy	n|a difference between conflicting facts or claims or opinions|a growing divergence of opinion	n|an event that departs from expectations|
discrepant	adj|not compatible with other facts|	adj|not in agreement|	adj|not in accord|desires at variance with his duty
discrete	adj|constituting a separate entity or part|a government with three discrete divisions
discreteness	n|the state of being several and distinct|
discretion	n|freedom to act or judge on one's own|	n|knowing how to avoid embarrassment or distress|the servants showed great tact and discretion	n|refined taste; tact|	n|the power of making free choices unconstrained by external agencies|
discretional	adj|having or using the ability to act or decide according to your own discretion or judgment|The commission has discretionary power to award extra funds
discretionary	adj|having or using the ability to act or decide according to your own discretion or judgment|The commission has discretionary power to award extra funds	adj|(especially of funds) not earmarked; available for use as needed|discretionary funds
discretionary trust	n|a trust that gives the trustee discretion to pay the beneficiary as much of the trust income as the trustee believes appropriate|
discriminable	adj|capable of being discriminated|discriminable faults
discriminate	v|recognize or perceive the difference|	v|treat differently on the basis of sex or race|	v|distinguish|I could not discriminate the different tastes in this complicated dish	adj|marked by the ability to see or make fine distinctions|discriminate judgments
discriminating	adj|showing or indicating careful judgment and discernment especially in matters of taste|the discriminating eye of the connoisseur	adj|having or demonstrating ability to recognize or draw fine distinctions|an acute observer of politics and politicians
discrimination	n|unfair treatment of a person or group on the basis of prejudice|	n|the cognitive process whereby two or more stimuli are distinguished|
discriminative	adj|capable of making fine distinctions|	adj|expressing careful judgment|discriminative censure
discriminative stimulus	n|a stimulus that provides information about what to do|
discriminator	n|a person who (or that which) differentiates|
discriminatory	adj|being biased or having a belief or attitude formed beforehand|a prejudiced judge	adj|containing or implying a slight or showing prejudice|discriminatory attitudes and practices	adj|capable of making fine distinctions|	adj|manifesting partiality|a discriminatory tax
discursive	adj|proceeding to a conclusion by reason or argument rather than intuition|	adj|(of e.g. speech and writing) tending to depart from the main point or cover a wide range of subjects|amusingly digressive with satirical thrusts at women's fashions among other things
discursively	adv|in a rambling manner|
discursiveness	n|the quality of being discursive|
discus	n|an athletic competition in which a disk-shaped object is thrown as far as possible|	n|a disk used in throwing competitions|
discuss	v|to consider or examine in speech or writing|The author talks about the different aspects of this question	v|speak with others about (something); talk (something) over in detail; have a discussion|We discussed our household budget
discussant	n|a participant in a formal discussion|
discussion	n|an extended communication (often interactive) dealing with some particular topic|the book contains an excellent discussion of modal logic	n|an exchange of views on some topic|we had a good discussion
discussion section	n|a small class of students who are part of a larger course but are taught separately|a graduate student taught sections for the professor's lecture course
disdain	v|look down on with disdain|He despises the people he has to work for	v|reject with contempt|She spurned his advances	n|lack of respect accompanied by a feeling of intense dislike|he was held in contempt	n|a communication that indicates lack of respect by patronizing the recipient|
disdainful	adj|expressing extreme contempt|	adj|having or showing arrogant superiority to and disdain of those one views as unworthy|some economists are disdainful of their colleagues in other social disciplines
disdainfully	adv|in a proud and domineering manner|he treated his staff cavalierly	adv|without respect; in a disdainful manner|she spoke of him contemptuously
disdainfulness	n|the trait of displaying arrogance by patronizing those considered inferior|
disease	n|an impairment of health or a condition of abnormal functioning|
disease of the neuromuscular junction	n|a disease characterized by impairment of neuromuscular junctions|
disease of the skin	n|a disease affecting the skin|
diseased	adj|caused by or altered by or manifesting disease or pathology|diseased tonsils
diseased person	n|a person suffering from an illness|
disembark	v|go ashore|The passengers disembarked at Southampton
disembarkation	n|the act of passengers and crew getting off of a ship or aircraft|
disembarkment	n|the act of passengers and crew getting off of a ship or aircraft|
disembarrass	v|relieve from|Rid the house of pests
disembarrassment	n|something that extricates you from embarrassment|
disembodied	adj|not having a material body|bodiless ghosts
disembodied spirit	n|any incorporeal supernatural being that can become visible (or audible) to human beings|
disembody	v|free from a body or physical form or reality|
disembowel	v|remove the entrails of|draw a chicken
disembowelment	n|the act of removing the bowels or viscera; the act of cutting so as to cause the viscera to protrude|
disembroil	v|free from involvement or entanglement|How can I disentangle myself from her personal affairs?
disenable	v|make unable to perform a certain action|disable this command on your computer
disenchant	v|free from enchantment|
disenchanted	adj|freed from enchantment|
disenchanting	adj|freeing from illusion or false belief|
disenchantment	n|freeing from false belief or illusions|
disencumber	v|release from entanglement of difficulty|I cannot extricate myself from this task
disenfranchise	v|deprive of voting rights|
disenfranchised	adj|deprived of the rights of citizenship especially the right to vote|labor was voiceless
disenfranchisement	n|the act of withdrawing certification or terminating a franchise|
disengage	v|release from something that holds fast, connects, or entangles|I want to disengage myself from his influence	v|free or remove obstruction from|free a path across the cluttered floor	v|become free|in neutral, the gears disengage
disengagement	n|the act of releasing from an attachment or connection|	n|to break off a military action with an enemy|
disentangle	v|release from entanglement of difficulty|I cannot extricate myself from this task	v|extricate from entanglement|Can you disentangle the cord?	v|free from involvement or entanglement|How can I disentangle myself from her personal affairs?	v|separate the tangles of|
disentangled	adj|straightened out|
disentanglement	n|the act of releasing from a snarled or tangled condition|
disentangler	n|a person who removes tangles; someone who takes something out of a tangled state|
disequilibrium	n|loss of equilibrium attributable to an unstable situation in which some forces outweigh others|
disestablish	v|deprive (an established church) of its status|
disestablishment	n|the act terminating an established state of affairs; especially ending a connection with the Church of England|
disesteem	n|the state in which esteem has been lost|	v|have little or no respect for; hold in contempt|
disfavor	n|the state of being out of favor|he is in disfavor with the king	n|an inclination to withhold approval from some person or group|	v|put at a disadvantage; hinder, harm|This rule clearly disadvantages me
disfavour	n|the state of being out of favor|he is in disfavor with the king	n|an inclination to withhold approval from some person or group|	v|put at a disadvantage; hinder, harm|This rule clearly disadvantages me
disfiguration	n|an appearance that has been spoiled or is misshapen|there were distinguishing disfigurements on the suspect's back	n|the act of damaging the appearance or surface of something|the defacement of an Italian mosaic during the Turkish invasion
disfigure	v|mar or spoil the appearance of|scars defaced her cheeks
disfigured	adj|having the appearance spoiled|a disfigured face
disfigurement	n|an appearance that has been spoiled or is misshapen|there were distinguishing disfigurements on the suspect's back	n|the act of damaging the appearance or surface of something|the defacement of an Italian mosaic during the Turkish invasion
disfluency	n|lack of skillfulness in speaking or writing|
disforest	v|remove the trees from|The landscape was deforested by the enemy attacks
disforestation	n|the removal of trees|
disfranchise	v|deprive of voting rights|
disfranchised	adj|deprived of the rights of citizenship especially the right to vote|labor was voiceless
disfranchisement	n|the discontinuation of a franchise; especially the discontinuation of the right to vote|
disfunction	n|(medicine) any disturbance in the functioning of an organ or body part or a disturbance in the functioning of a social group|erectile dysfunction
disgorge	v|cause or allow (a solid substance) to flow or run out or over|spill the beans all over the table	v|eject the contents of the stomach through the mouth|After drinking too much, the students vomited
disgorgement	n|the reflex act of ejecting the contents of the stomach through the mouth|
disgrace	n|a state of dishonor|one mistake brought shame to all his family	v|bring shame or dishonor upon|he dishonored his family by committing a serious crime	v|reduce in worth or character, usually verbally|She tends to put down younger women colleagues	v|damage the reputation of|This newspaper story discredits the politicians
disgraced	adj|suffering shame|
disgraceful	adj|giving offense to moral sensibilities and injurious to reputation|scandalous behavior	adj|(used of conduct or character) deserving or bringing disgrace or shame|Man...has written one of his blackest records as a destroyer on the oceanic islands"- Rachel Carson
disgracefully	adv|in a dishonorable manner or to a dishonorable degree|his grades were disgracefully low
disgracefulness	n|unworthiness meriting public disgrace and dishonor|
disgruntle	v|put into a bad mood or into bad humour|The employees were disgruntled by their bad working conditions
disgruntled	adj|in a state of sulky dissatisfaction|
disgruntlement	n|a feeling of sulky discontent|
disguise	n|an outward semblance that misrepresents the true nature of something|the theatrical notion of disguise is always associated with catastrophe in his stories	n|any attire that modifies the appearance in order to conceal the wearer's identity|	n|the act of concealing the identity of something by modifying its appearance|he is a master of disguise	v|make unrecognizable|The herb masks the garlic taste
disguised	adj|having its true character concealed with the intent of misleading|hidden agenda
disgust	n|strong feelings of dislike|	v|fill with distaste|This spoilt food disgusts me	v|cause aversion in; offend the moral sense of|The pornographic pictures sickened us
disgusted	adj|having a strong distaste from surfeit|grew more and more disgusted
disgustedly	adv|with disgust|disgustedly, she averted her eyes when they brought in the mutilated body of the horse
disgustful	adj|highly offensive; arousing aversion or disgust|a disgusting smell
disgusting	adj|highly offensive; arousing aversion or disgust|a disgusting smell
disgustingly	adv|in a disgusting manner or to a disgusting degree|the beggar was disgustingly filthy
disgustingness	n|extreme unpalatability to the mouth|	n|the property of being extremely unacceptable to the mind|
dish	n|a piece of dishware normally used as a container for holding or serving food|we gave them a set of dishes for a wedding present	n|a particular item of prepared food|she prepared a special dish for dinner	n|the quantity that a dish will hold|they served me a dish of rice	n|a very attractive or seductive looking woman|
dish aerial	n|directional antenna consisting of a parabolic reflector for microwave or radio frequency radiation|
dish antenna	n|directional antenna consisting of a parabolic reflector for microwave or radio frequency radiation|
dish out	v|administer or bestow, as in small portions|administer critical remarks to everyone present	v|provide (usually but not necessarily food)|We serve meals for the homeless
dish rack	n|a rack for holding dishes as dishwater drains off of them|
dish the dirt	v|wag one's tongue; speak about others and reveal secrets or intimacies|She won't dish the dirt
dish towel	n|a towel for drying dishes|
dish up	v|provide (usually but not necessarily food)|We serve meals for the homeless
dish washer	n|a machine for washing dishes|
dish-shaped	adj|shaped like a dish or pan|
dishabille	n|the state of being carelessly or partially dressed|
disharmonious	adj|lacking in harmony|
disharmonize	v|cause to sound harsh and unpleasant|
disharmony	n|a lack of harmony|
dishcloth	n|a cloth for washing dishes|
dishcloth gourd	n|any of several tropical annual climbers having large yellow flowers and edible young fruits; grown commercially for the mature fruit's dried fibrous interior that is used as a sponge|
dishearten	v|take away the enthusiasm of|
disheartened	adj|made less hopeful or enthusiastic|desperate demoralized people looking for work
disheartening	adj|destructive of morale and self-reliance|
disheartenment	n|the feeling of despair in the face of obstacles|	n|a communication that leaves you disheartened or daunted|
dished	adj|shaped like a dish or pan|
dishevel	v|disarrange or rumple; dishevel|The strong wind tousled my hair
disheveled	adj|in disarray; extremely disorderly|her clothing was disheveled
dishevelled	adj|in disarray; extremely disorderly|her clothing was disheveled
dishful	n|the quantity that a dish will hold|they served me a dish of rice
dishonest	adj|deceptive or fraudulent; disposed to cheat or defraud or deceive|	adj|capable of being corrupted|corruptible judges
dishonestly	adv|in a corrupt and deceitful manner|he acted dishonestly when he gave the contract to his best friend
dishonesty	n|the quality of being dishonest|	n|lack of honesty; acts of lying or cheating or stealing|
dishonor	n|a state of shame or disgrace|he was resigned to a life of dishonor	n|lacking honor or integrity|	v|bring shame or dishonor upon|he dishonored his family by committing a serious crime	v|force (someone) to have sex against their will|The woman was raped on her way home at night
dishonorable	adj|lacking honor or integrity; deserving dishonor|dishonorable in thought and deed	adj|deceptive or fraudulent; disposed to cheat or defraud or deceive|
dishonorable discharge	n|a discharge from the armed forces for a grave offense (as sabotage or espionage or cowardice or murder)|
dishonorableness	n|the quality of not deserving honor or respect|
dishonorably	adv|in a dishonorable manner|he acted dishonorably	adv|with dishonor|he was dishonorably discharged	adv|in a dishonorable manner or to a dishonorable degree|his grades were disgracefully low
dishonored	adj|suffering shame|
dishonour	v|bring shame or dishonor upon|he dishonored his family by committing a serious crime	v|force (someone) to have sex against their will|The woman was raped on her way home at night	v|refuse to accept|dishonor checks and drafts	n|a state of shame or disgrace|he was resigned to a life of dishonor
dishonourable	adj|lacking honor or integrity; deserving dishonor|dishonorable in thought and deed
dishonourableness	n|the quality of not deserving honor or respect|
dishonourably	adv|in a dishonorable manner or to a dishonorable degree|his grades were disgracefully low
dishpan	n|large pan for washing dishes|
dishrag	n|a cloth for washing dishes|
dishtowel	n|a towel for drying dishes|
dishware	n|tableware (eating and serving dishes) collectively|
dishwasher	n|a machine for washing dishes|	n|someone who washes dishes|
dishwasher detergent	n|a low-sudsing detergent designed for use in dishwashers|
dishwashing	n|the act of washing dishes|
dishwashing detergent	n|a low-sudsing detergent designed for use in dishwashers|
dishwashing liquid	n|a low-sudsing detergent designed for use in dishwashers|
dishwashing machine	n|a machine for washing dishes|
dishwater	n|water in which dishes and cooking utensils are washed|
dishy	adj|(informal British) sexually attractive|a dishy blonde
disillusion	n|freeing from false belief or illusions|	v|free from enchantment|
disillusioned	adj|freed from illusion|
disillusioning	adj|freeing from illusion or false belief|
disillusionment	n|freeing from false belief or illusions|
disincarnate	v|make immaterial; remove the real essence of|
disincentive	n|a negative motivational influence|
disinclination	n|that toward which you are inclined to feel dislike|his disinclination for modesty is well known	n|a certain degree of unwillingness|a reluctance to commit himself
disincline	v|make unwilling|
disinclined	adj|unwilling because of mild dislike or disapproval|disinclined to say anything to anybody
disinfect	v|destroy microorganisms or pathogens by cleansing|disinfect a wound
disinfectant	adj|preventing infection by inhibiting the growth or action of microorganisms|	n|an agent (as heat or radiation or a chemical) that destroys microorganisms that might carry disease|
disinfection	n|treatment to destroy harmful microorganisms|
disinfest	v|rid of vermin|The exterminator disinfests the house
disinfestation	n|the activity of getting rid of vermin|
disinfestation officer	n|a workman employed to destroy or drive away vermin|
disinflation	n|a reduction of prices intended to improve the balance of payments|
disinformation	n|misinformation that is deliberately disseminated in order to influence or confuse rivals (foreign enemies or business competitors etc.)|
disingenuous	adj|not straightforward or candid; giving a false appearance of frankness|an ambitious, disingenuous, philistine, and hypocritical operator, who...exemplified...the most disagreeable traits of his time"- David Cannadine
disingenuously	adv|in a disingenuous manner|disingenuously, he asked leading questions about his opponent's work
disingenuousness	n|the quality of being disingenuous and lacking candor|
disinherit	v|prevent deliberately (as by making a will) from inheriting|
disinheritance	n|the act by a donor that terminates the right of a person to inherit|
disinherited	adj|deprived of your rightful heritage|
disintegrable	adj|capable of melting|
disintegrate	v|break into parts or components or lose cohesion or unity|The material disintegrated	v|cause to undergo fission or lose particles|	v|lose a stored charge, magnetic flux, or current|the particles disintegrated during the nuclear fission process
disintegration	n|in a decomposed state|	n|a loss (or serious disruption) of organization in some system|a disintegration of personality	n|separation into component parts|	n|the spontaneous disintegration of a radioactive substance along with the emission of ionizing radiation|
disintegrative	adj|tending to cause breakup into constituent elements or parts|
disinter	v|dig up for reburial or for medical investigation; of dead bodies|
disinterest	n|tolerance attributable to a lack of involvement|
disinterested	adj|unaffected by self-interest|
disinterestedly	adv|without bias; without selfish motives|he decided the case disinterestedly
disinterestedness	n|freedom from bias or from selfish motives|
disinterment	n|the act of digging something up out of the ground (especially a corpse) where it has been buried|
disinvest	v|deprive of status or authority|he was divested of his rights and his title	v|reduce or dispose of; cease to hold (an investment)|The company decided to divest	v|remove (someone's or one's own) clothes|The nurse quickly undressed the accident victim
disinvestment	n|the withdrawal of capital from a country or corporation|
disinvolve	v|free from involvement or entanglement|How can I disentangle myself from her personal affairs?
disjoin	v|make disjoint, separated, or disconnected; undo the joining of|	v|become separated, disconnected or disjoint|
disjoined	adj|have the connection undone; having become separate|
disjoint	adj|having no elements in common|	v|part; cease or break association with|She disassociated herself from the organization when she found out the identity of the president	v|separate at the joints|disjoint the chicken before cooking it	v|make disjoint, separated, or disconnected; undo the joining of|
disjointed	adj|lacking orderly continuity|a confused set of instructions	adj|taken apart at the joints|a disjointed fowl	adj|separated at the joint|a dislocated knee
disjointedly	adv|in a disjointed manner|`We're not married, not really married,' she said, and slowly, reluctantly, disjointedly it came out
disjointedness	n|lacking order or coherence|
disjunct	adj|progressing melodically by intervals larger than a major second|	adj|having deep constrictions separating head, thorax, and abdomen, as in insects|	adj|marked by separation of or from usually contiguous elements|little isolated worlds, as abruptly disjunct and unexpected as a palm-shaded well in the Sahara"- Scientific Monthly	adj|used of distributions, as of statistical or natural populations|disjunct distribution of king crabs
disjunction	n|state of being disconnected|	n|the act of breaking a connection|
disjunctive	adj|serving or tending to divide or separate|
disjunctive conjunction	n|the conjunctive relation of units that expresses the disjunction of their meanings|
disjuncture	n|state of being disconnected|
disk	n|something with a round shape resembling a flat circular plate|the moon's disk hung in a cloudless sky	n|a flat circular plate|	n|sound recording consisting of a disk with a continuous groove; used to reproduce music by rotating while a phonograph needle tracks in the groove|	n|(computer science) a memory device consisting of a flat disk covered with a magnetic coating on which information is stored|
disk access	n|memory access to the computer disk on which information is stored|
disk brake	n|hydraulic brake in which friction is applied to both sides of a spinning disk by the brake pads|
disk cache	n|a cache that stores copies of frequently used disk sectors in random access memory (RAM) so they can be read without accessing the slower disk|
disk clutch	n|a friction clutch in which the frictional surfaces are disks|
disk controller	n|(computer science) a circuit or chip that translates commands into a form that can control a hard disk drive|
disk drive	n|computer hardware that holds and spins a magnetic or optical disk and reads and writes information on it|
disk error	n|error resulting from malfunction of a magnetic disk|
disk file	n|(computer science) a computer file stored on a magnetic disk and identified by a unique label|
disk harrow	n|a harrow with a series of disks set on edge at an angle|
disk jockey	n|a person who announces and plays popular recorded music|
disk operating system	n|an operating system that is on a disk|
disk overhead	n|(computer science) the disk space required for information that is not data but is used for location and timing|
disk pack	n|(computer science) a portable pack of magnetic disks used in a disk storage device|
disk shape	n|the roundness of a 2-dimensional figure|
disk space	n|(computer science) the space available on a magnetic disk|
disk-jockey	v|comment on music to be played|He has a job disk-jockeying on the weekend
disk-shaped	adj|having a flat circular shape|
diskette	n|a small plastic magnetic disk enclosed in a stiff envelope with a radial slit; used to store data or programs for a microcomputer|floppy disks are noted for their relatively slow speed and small capacity and low price
disklike	adj|having a flat circular shape|
dislikable	adj|such as to provoke dislike|
dislike	n|an inclination to withhold approval from some person or group|	n|a feeling of aversion or antipathy|my dislike of him was instinctive	v|have or feel a dislike or distaste for|I really dislike this salesman
disliked	adj|regarded with aversion|he was intensely disliked
dislocate	v|move out of position|dislocate joints	v|put out of its usual place, position, or relationship|The colonists displaced the natives
dislocated	adj|separated at the joint|a dislocated knee
dislocation	n|an event that results in a displacement or discontinuity|	n|the act of disrupting an established order so it fails to continue|the social dislocations resulting from government policies	n|a displacement of a part (especially a bone) from its normal position (as in the shoulder or the vertebral column)|
dislodge	v|remove or force out from a position|The dentist dislodged the piece of food that had been stuck under my gums	v|change place or direction|Shift one's position	v|remove or force from a position of dwelling previously occupied|The new employee dislodged her by moving into her office space
dislodgement	n|forced removal from a position of advantage|
dislodgment	n|forced removal from a position of advantage|
dislogistic	adj|expressing disapproval|dyslogistic terms like `nitwit' and `scalawag'
disloyal	adj|showing lack of love for your country|	adj|deserting your allegiance or duty to leader or cause or principle|disloyal aides revealed his indiscretions to the papers
disloyally	adv|without loyalty; in a disloyal manner|his men acted disloyally and betrayed him in the end
disloyalty	n|the quality of being disloyal|
dismal	adj|causing dejection|a blue day
dismally	adv|in a cheerless manner|in August 1914, there was a dismally sentimental little dinner, when the French, German, Austrian and Belgian members of the committee drank together to the peace of the future	adv|in a dreadful manner|as he looks at the mess he has left behind he must wonder how the Brits so often managed to succeed in the kind of situation where he has so dismally failed
dismantle	v|tear down so as to make flat with the ground|The building was levelled	v|take apart into its constituent pieces|	v|take off or remove|strip a wall of its wallpaper
dismantled	adj|torn down and broken up|
dismay	n|the feeling of despair in the face of obstacles|	n|fear resulting from the awareness of danger|	v|lower someone's spirits; make downhearted|These news depressed her	v|fill with apprehension or alarm; cause to be unpleasantly surprised|I was horrified at the thought of being late for my interview
dismayed	adj|struck with fear, dread, or consternation|
dismaying	adj|causing consternation|appalling conditions
dismember	v|separate the limbs from the body|the tiger dismembered the tourist	v|divide into pieces|our department was dismembered when our funding dried up
dismemberment	n|the removal of limbs; being cut to pieces|
dismiss	v|bar from attention or consideration|She dismissed his advances	v|cease to consider; put out of judicial consideration|This case is dismissed!	v|stop associating with|They dropped her after she had a child out of wedlock	v|terminate the employment of; discharge from an office or position|The boss fired his secretary today
dismissal	n|a judgment disposing of the matter without a trial|	n|official notice that you have been fired from your job|	n|permission to go; the sending away of someone|	n|the termination of someone's employment (leaving them free to depart)|
dismissed	adj|having lost your job|
dismissible	adj|subject to dismissal|appointed and removable by the mayor
dismission	n|official notice that you have been fired from your job|	n|the termination of someone's employment (leaving them free to depart)|
dismissive	adj|showing indifference or disregard|a dismissive shrug	adj|stopping to associate with|they took dismissive action after the third violation
dismount	v|alight from (a horse)|	n|the act of dismounting (a horse or bike etc.)|
disneyland	n|an amusement park in Anaheim created in 1955 by Walt Disney|
disobedience	n|the failure to obey|	n|the trait of being unwilling to obey|
disobedient	adj|not obeying or complying with commands of those in authority|disobedient children	adj|unwilling to submit to authority|unruly teenagers
disobediently	adv|in a disobedient manner|he went ahead disobediently and did what his supervisor had warned him not to do
disobey	v|refuse to go along with; refuse to follow; be disobedient|He disobeyed his supervisor and was fired
disoblige	v|to cause inconvenience or discomfort to|Sorry to trouble you, but...	v|ignore someone's wishes|
disobliging	adj|intentionally unaccommodating|the action was not offensive to him but proved somewhat disobliging
disorder	n|a physical condition in which there is a disturbance of normal functioning|the doctor prescribed some medicine for the disorder	n|a condition in which things are not in their expected places|the files are in complete disorder	n|a disturbance of the peace or of public order|	v|disturb in mind or make uneasy or cause to be worried or alarmed|She was rather perturbed by the news that her father was seriously ill
disordered	adj|thrown into a state of disarray or confusion|troops fleeing in broken ranks	adj|lacking orderly continuity|a confused set of instructions	adj|not arranged in order|
disorderliness	n|a condition in which things are not in their expected places|the files are in complete disorder	n|rowdy behavior|	n|untidiness (especially of clothing and appearance)|
disorderly	adj|undisciplined and unruly|disorderly youths	adj|in utter disorder|a disorderly pile of clothes	adj|completely unordered and unpredictable and confusing|
disorderly behavior	n|any act of molesting, interrupting, hindering, agitating, or arousing from a state of repose or otherwise depriving inhabitants of the peace and quiet to which they are entitled|
disorderly conduct	n|any act of molesting, interrupting, hindering, agitating, or arousing from a state of repose or otherwise depriving inhabitants of the peace and quiet to which they are entitled|
disorganisation	n|a condition in which an orderly system has been disrupted|	n|the disturbance of a systematic arrangement causing disorder and confusion|the disorganization of the enemy troops by a flank attack
disorganise	v|remove the organization from|
disorganised	adj|lacking order or methodical arrangement or function|a disorganized enterprise
disorganization	n|a condition in which an orderly system has been disrupted|	n|the disturbance of a systematic arrangement causing disorder and confusion|the disorganization of the enemy troops by a flank attack
disorganize	v|remove the organization from|
disorganized	adj|lacking order or methodical arrangement or function|a disorganized enterprise
disorganized schizophrenia	n|a form of schizophrenia characterized by severe disintegration of personality including erratic speech and childish mannerisms and bizarre behavior; usually becomes evident during puberty; the most common diagnostic category in mental institutions|
disorganized type schizophrenia	n|a form of schizophrenia characterized by severe disintegration of personality including erratic speech and childish mannerisms and bizarre behavior; usually becomes evident during puberty; the most common diagnostic category in mental institutions|
disorient	v|cause to be lost or disoriented|
disorientate	v|cause to be lost or disoriented|
disorientation	n|a wild delusion (especially one induced by a hallucinogenic drug)|	n|confusion (usually transient) about where you are and how to proceed; uncertainty as to direction|his disorientation was the result of inattention
disoriented	adj|having lost your bearings; confused as to time or place or personal identity|I frequently find myself disoriented when I come up out of the subway	adj|socially disoriented|anomic loners musing over their fate
disorienting	adj|causing loss of physical or intellectual bearings|making so many turns to the right and then the left was completely disorienting
disown	v|prevent deliberately (as by making a will) from inheriting|	v|cast off|She renounced her husband
disowning	n|refusal to acknowledge as one's own|
disownment	n|refusal to acknowledge as one's own|
disparage	v|express a negative opinion of|She disparaged her student's efforts
disparagement	n|a communication that belittles somebody or something|	n|the act of speaking contemptuously of|
disparager	n|one who disparages or belittles the worth of something|
disparaging	adj|expressive of low opinion|derogatory comments
disparagingly	adv|in a disparaging manner|these mythological figures are described disparagingly as belonging `only to a story'
disparate	adj|fundamentally different or distinct in quality or kind|such disparate attractions as grand opera and game fishing	adj|including markedly dissimilar elements|a disparate aggregate of creeds and songs and prayers
disparateness	n|utter dissimilarity|
disparity	n|inequality or difference in some respect|
dispassion	n|objectivity and detachment|her manner assumed a dispassion and dryness very unlike her usual tone
dispassionate	adj|unaffected by strong emotion or prejudice|a journalist should be a dispassionate reporter of fact
dispassionately	adv|in an impartially dispassionate manner|although he was looking at the other girl, he did so dispassionately
dispassionateness	n|objectivity and detachment|her manner assumed a dispassion and dryness very unlike her usual tone
dispatch	n|an official report (usually sent in haste)|	n|the act of sending off something|	n|the property of being prompt and efficient|it was done with dispatch	n|killing a person or animal|
dispatch box	n|case consisting of an oblong container (usually having a lock) for carrying dispatches or other valuables|
dispatch case	n|case consisting of an oblong container (usually having a lock) for carrying dispatches or other valuables|
dispatch rider	n|a messenger who carries military dispatches (usually on a motorcycle)|
dispatcher	n|the official who signals the beginning of a race or competition|	n|employee of a transportation company who controls the departures of vehicles according to weather conditions and in the interest of efficient service|
dispel	v|force to go away; used both with concrete and metaphoric meanings|Drive away potential burglars	v|to cause to separate and go in different directions|She waved her hand and scattered the crowds
dispensability	n|the quality possessed by something that you can get along without|
dispensable	adj|capable of being dispensed with or done without|dispensable items of personal property
dispensableness	n|the quality possessed by something that you can get along without|
dispensary	n|clinic where medicine and medical supplies are dispensed|
dispensation	n|an exemption from some rule or obligation|	n|a share that has been dispensed or distributed|	n|the act of dispensing (giving out in portions)|
dispense	v|administer or bestow, as in small portions|administer critical remarks to everyone present	v|grant a dispensation; grant an exemption|I was dispensed from this terrible task	v|give or apply (medications)|
dispense with	v|give up what is not strictly needed|he asked if they could spare one of their horses to speed his journey	v|do without or cease to hold or adhere to|We are dispensing with formalities	v|forgo or do or go without|
dispensed	adj|distributed or weighted out in carefully determined portions|medicines dispensed to the sick
dispenser	n|a container so designed that the contents can be used in prescribed amounts|	n|a person who dispenses|
dispersal	n|the act of dispersing or diffusing something|the dispersion of the troops
disperse	v|distribute loosely|He scattered gun powder under the wagon	v|to cause to separate and go in different directions|She waved her hand and scattered the crowds	v|cause to separate|break up kidney stones	v|move away from each other|The crowds dispersed
dispersed	adj|distributed or spread over a considerable extent|has ties with many widely dispersed friends
dispersed particles	n|(of colloids) a substance in the colloidal state|
dispersed phase	n|(of colloids) a substance in the colloidal state|
dispersing medium	n|(of colloids) a substance in which another is colloidally dispersed|
dispersing phase	n|(of colloids) a substance in which another is colloidally dispersed|
dispersion	n|spreading widely or driving off|	n|the spatial or geographic property of being scattered about over a range, area, or volume|worldwide in distribution	n|the act of dispersing or diffusing something|the dispersion of the troops
dispersion medium	n|(of colloids) a substance in which another is colloidally dispersed|
dispersive	adj|spreading by diffusion|
dispirit	v|lower someone's spirits; make downhearted|These news depressed her
dispirited	adj|marked by low spirits; showing no enthusiasm|a dispirited and divided Party	adj|filled with melancholy and despondency|gloomy at the thought of what he had to face
dispiritedly	adv|in a dispirited manner without hope|the first Mozartian opera to be subjected to this curious treatment ran dispiritedly for five performances
dispiritedness	n|a feeling of low spirits|he felt responsible for her lowness of spirits
dispiriting	adj|destructive of morale and self-reliance|
displace	v|cause to move, usually with force or pressure|the refugees were displaced by the war	v|take the place of or have precedence over|live broadcast of the presidential debate preempts the regular news hour	v|terminate the employment of; discharge from an office or position|The boss fired his secretary today	v|cause to move or shift into a new position or place, both in a concrete and in an abstract sense|Move those boxes into the corner, please
displaced fracture	n|fracture in which the two ends of the broken bone are separated from one another|
displaced person	n|a person forced to flee from home or country|
displacement	n|act of taking the place of another especially using underhanded tactics|	n|an event in which something is displaced without rotation|	n|the act of uniform movement|	n|(chemistry) a reaction in which an elementary substance displaces and sets free a constituent element from a compound|
displacement reaction	n|(chemistry) a reaction in which an elementary substance displaces and sets free a constituent element from a compound|
displacement unit	n|a unit of measurement of volume or capacity|
display	n|something intended to communicate a particular impression|made a display of strength	n|something shown to the public|the museum had many exhibits of oriental art	n|a visual representation of something|	n|behavior that makes your feelings public|a display of emotion
display adapter	n|(computer science) an electronic device that converts information in memory to video output to a display|
display adaptor	n|(computer science) an electronic device that converts information in memory to video output to a display|
display board	n|a vertical surface on which information can be displayed to public view|
display case	n|a glass container used to store and display items in a shop or museum or home|
display panel	n|a vertical surface on which information can be displayed to public view|
display window	n|a window of a store facing onto the street; used to display merchandise for sale in the store|
displaying incompetence	adv|in an incompetent manner|he did the job rather incompetently
displease	v|give displeasure to|
displeased	adj|not pleased; experiencing or manifesting displeasure|
displeasing	adj|causing displeasure or lacking pleasing qualities|displeasing news
displeasingly	adv|in a displeasing manner|he made displeasingly cutting remarks about his friends
displeasure	n|the feeling of being displeased or annoyed or dissatisfied with someone or something|
displume	v|strip of honors, possessions, or attributes|	v|strip of feathers|pull a chicken
disport	v|occupy in an agreeable, entertaining or pleasant fashion|The play amused the ladies	v|play boisterously|The children frolicked in the garden
disposable	adj|free or available for use or disposition|every disposable piece of equipment was sent to the fire	adj|designed to be disposed of after use|disposable paper cups	n|an item that can be disposed of after it has been used|
disposable income	n|income (after taxes) that is available to you for saving or spending|
disposal	n|the power to use something or someone|used all the resources at his disposal	n|a method of tending to or managing the affairs of a some group of people (especially the group's business affairs)|	n|the act or means of getting rid of something|	n|a kitchen appliance for disposing of garbage|
disposal plant	n|a plant for disposing of sewage|
dispose	v|give, sell, or transfer to another|She disposed of her parents' possessions	v|throw or cast away|Put away your worries	v|make receptive or willing towards an action or attitude or belief|Their language inclines us to believe them	v|place or put in a particular order|the dots are unevenly disposed
dispose of	v|deal with or settle|He disposed of these cases quickly
disposed	adj|having made preparations|prepared to take risks	adj|(usually followed by `to') naturally disposed toward|he is apt to ignore matters he considers unimportant
disposition	n|your usual mood|he has a happy disposition	n|the act or means of getting rid of something|	n|an attitude of mind especially one that favors one alternative over others|he had an inclination to give up too easily	n|a natural or acquired habit or characteristic tendency in a person or thing|a swelling with a disposition to rupture
dispossess	v|deprive of the possession of real estate|
dispossessed	adj|physically or spiritually homeless or deprived of security|made a living out of shepherding dispossed people from one country to another"- James Stern
dispossession	n|the expulsion of someone (such as a tenant) from the possession of land by process of law|	n|freeing from evil spirits|
dispraise	n|the act of speaking contemptuously of|
dispread	v|spread abroad or out|The sun dispread its beams
disproof	n|any evidence that helps to establish the falsity of something|	n|the act of determining that something is false|
disproportion	n|lack of proportion; imbalance among the parts of something|
disproportional	adj|out of proportion|
disproportionate	adj|out of proportion|	adj|not proportionate|
disproportionately	adv|out of proportion|this wall is disproportionately long	adv|to a disproportionate degree|his benefits were disproportionately generous
disprove	v|prove to be false|The physicist disproved his colleagues' theories
disprover	n|a debater who refutes or disproves by offering contrary evidence or argument|
disputable	adj|capable of being disproved|	adj|open to argument or debate|that is a moot question
disputant	n|a person who disputes; who is good at or enjoys controversy|
disputation	n|the formal presentation of a stated proposition and the opposition to it (usually followed by a vote)|	n|a contentious speech act; a dispute where there is strong disagreement|they were involved in a violent argument
disputatious	adj|inclined or showing an inclination to dispute or disagree, even to engage in law suits|a style described as abrasive and contentious
disputatiously	adv|in a disputatious manner|
disputative	adj|inclined or showing an inclination to dispute or disagree, even to engage in law suits|a style described as abrasive and contentious
dispute	v|take exception to|She challenged his claims	v|have a disagreement over something|We quarreled over the question as to who discovered America	n|a disagreement or argument about something important|he had a dispute with his wife	n|coming into conflict with|
disputed	adj|subject to disagreement and debate|
disqualification	n|unfitness that bars you from participation|	n|the act of preventing someone from participating by finding them unqualified|
disqualified	adj|disqualified by law or rule or provision|	adj|barred from competition for violation of rules|a disqualified player
disqualify	v|make unfit or unsuitable|Your income disqualifies you	v|declare unfit|She was disqualified for the Olympics because she was a professional athlete
disqualifying	adj|depriving of legal right; rendering legally disqualified|certain disabling restrictions disqualified him for citizenship
disquiet	n|a feeling of mild anxiety about possible developments|	n|the trait of seeming ill at ease|	v|disturb in mind or make uneasy or cause to be worried or alarmed|She was rather perturbed by the news that her father was seriously ill
disquieted	adj|afflicted with or marked by anxious uneasiness or trouble or grief|too upset to say anything
disquieting	adj|causing mental discomfort|the disquieting sounds of nearby gunfire
disquietingly	adv|in a disquieting manner|the disquietingly close sounds of gunfire
disquietude	n|feelings of anxiety that make you tense and irritable|
disquisition	n|an elaborate analytical or explanatory essay or discussion|
disraeli	n|British statesman who as Prime Minister bought controlling interest in the Suez Canal and made Queen Victoria the empress of India (1804-1881)|
disregard	n|lack of attention and due care|	n|willful lack of care and attention|	v|refuse to acknowledge|She cut him dead at the meeting	v|bar from attention or consideration|She dismissed his advances
disregarded	adj|not noticed inadvertently|her aching muscles forgotten she danced all night
disregarding	adv|in spite of everything; without regard to drawbacks|he carried on regardless of the difficulties
disregardless	adv|in spite of everything; without regard to drawbacks|he carried on regardless of the difficulties
disrepair	n|in need of repairs|
disreputability	n|dishonorableness by virtue of lacking respectability or a good reputation|
disreputable	adj|lacking respectability in character or behavior or appearance|
disreputable person	n|someone lacking public esteem|
disreputableness	n|dishonorableness by virtue of lacking respectability or a good reputation|
disreputably	adv|in a disreputable manner|
disrepute	n|the state of being held in low esteem|your actions will bring discredit to your name
disrespect	n|an expression of lack of respect|	n|a disrespectful mental attitude|	n|a manner that is generally disrespectful and contemptuous|	v|show a lack of respect for|
disrespectful	adj|exhibiting lack of respect; rude and discourteous|remarks disrespectful of the law	adj|neither feeling nor showing respect|
disrespectfully	adv|in a disrespectful manner|he treats his parents rather disrespectfully
disrobe	v|get undressed|please don't undress in front of everybody!
disrupt	v|make a break in|We interrupt the program for the following messages	v|throw into disorder|This event disrupted the orderly process	v|interfere in someone else's activity|Please don't interrupt me while I'm on the phone
disrupted	adj|marked by breaks or gaps|many routes are unsafe or disrupted
disrupting explosive	n|a high explosive that is used to damage the target that is under attack|
disruption	n|an act of delaying or interrupting the continuity|it was presented without commercial breaks	n|a disorderly outburst or tumult|they were amazed by the furious disturbance they had caused	n|an event that results in a displacement or discontinuity|	n|the act of causing disorder|
disruptive	adj|characterized by unrest or disorder or insubordination|effects of the struggle will be violent and disruptive
disruptively	adv|in a disruptive manner|
diss	v|treat, mention, or speak to rudely|He insulted her with his rude remarks
dissatisfaction	n|the feeling of being displeased and discontent|he was never slow to express his dissatisfaction with the service he received
dissatisfactory	adj|not up to expectations|a disappointing performance from one who had seemed so promising
dissatisfied	adj|in a state of sulky dissatisfaction|
dissatisfy	v|fail to satisfy|
dissect	v|cut open or cut apart|dissect the bodies for analysis	v|make a mathematical, chemical, or grammatical analysis of; break down into components or essential features|analyze a specimen
dissected	adj|having one or more indentations reaching nearly to the midrib|
dissection	n|cutting so as to separate into pieces|	n|a minute and critical analysis|	n|detailed critical analysis or examination one part at a time (as of a literary work)|
dissemble	v|make believe with the intent to deceive|He feigned that he was ill	v|hide under a false appearance|He masked his disappointment	v|behave unnaturally or affectedly|She's just acting
dissembler	n|a person who professes beliefs and opinions that he or she does not hold in order to conceal his or her real feelings or motives|
dissembling	n|pretending with intention to deceive|	n|the act of deceiving|
disseminate	v|cause to become widely known|spread information
disseminated lupus erythematosus	n|an inflammatory disease of connective tissue with variable features including fever and weakness and fatigability and joint pains and skin lesions on the face or neck or arms|
disseminated multiple sclerosis	n|a chronic progressive nervous disorder involving loss of myelin sheath around certain nerve fibers|
disseminated sclerosis	n|a chronic progressive nervous disorder involving loss of myelin sheath around certain nerve fibers|
dissemination	n|the opening of a subject to widespread discussion and debate|	n|the property of being diffused or dispersed|	n|the act of dispersing or diffusing something|the dispersion of the troops
disseminative	adj|spreading by diffusion|
disseminator	n|someone who spreads the news|
dissension	n|disagreement among those expected to cooperate|	n|a conflict of people's opinions or actions or characters|
dissent	n|(law) the difference of one judge's opinion from that of the majority|he expressed his dissent in a contrary opinion	n|a difference of opinion|	n|the act of protesting; a public (often organized) manifestation of dissent|	v|withhold assent|Several Republicans dissented
dissenter	n|a person who dissents from some established policy|
dissentient	adj|(of Catholics) refusing to attend services of the Church of England|	adj|disagreeing, especially with a majority|
dissenting	adj|disagreeing, especially with a majority|
dissenting opinion	n|an opinion that disagrees with the court's disposition of the case|
dissentious	adj|dissenting (especially dissenting with the majority opinion)|
dissertate	v|talk at length and formally about a topic|The speaker dissertated about the social politics in 18th century England
dissertation	n|a treatise advancing a new point of view resulting from research; usually a requirement for an advanced academic degree|
disservice	n|an act intended to help that turns out badly|he did them a disservice
dissever	v|separate into parts or portions|divide the cake into three equal parts
dissidence	n|disagreement; especially disagreement with the government|
dissident	adj|characterized by departure from accepted beliefs or standards|	adj|disagreeing, especially with a majority|	n|a person who dissents from some established policy|
dissident irish republican army	n|a radical terrorist group that broke away in 1997 when the mainstream Provisional IRA proposed a cease-fire; has continued terrorist activities in opposition to any peace agreement|
dissilience	n|the emergence of seeds as seed pods burst open when they are ripe|
dissilient	adj|bursting open with force, as do some ripe seed vessels|
dissimilar	adj|not similar|a group of very dissimilar people	adj|not alike or similar|as unalike as two people could be
dissimilarity	n|the quality of being dissimilar|
dissimilate	v|become dissimilar by changing the sound qualities|These consonants dissimilate	v|make dissimilar; cause to become less similar|	v|become dissimilar or less similar|These two related tribes of people gradually dissimilated over time
dissimilation	n|a linguistic process by which one of two similar sounds in a word becomes less like the other|the Old French MARBRE became the English MARBLE by dissimilation	n|breakdown in living organisms of more complex substances into simpler ones together with release of energy|
dissimilitude	n|dissimilarity evidenced by an absence of likeness|
dissimulate	v|hide (feelings) from other people|
dissimulation	n|the act of deceiving|
dissimulative	adj|concealing under a false appearance with the intent to deceive|dissimulative arts
dissimulator	n|a person who professes beliefs and opinions that he or she does not hold in order to conceal his or her real feelings or motives|
dissipate	v|to cause to separate and go in different directions|She waved her hand and scattered the crowds	v|move away from each other|The crowds dispersed	v|spend frivolously and unwisely|Fritter away one's inheritance	v|live a life of pleasure, especially with respect to alcoholic consumption|
dissipated	adj|unrestrained by convention or morality|Congreve draws a debauched aristocratic society	adj|preoccupied with the pursuit of pleasure and especially games of chance|led a dissipated life
dissipation	n|breaking up and scattering by dispersion|the dissipation of the mist	n|dissolute indulgence in sensual pleasure|	n|useless or profitless activity; using or expending or consuming thoughtlessly or carelessly|if the effort brings no compensating gain it is a waste
dissociable	adj|capable of being divided or dissociated|often drugs and crime are not dissociable
dissociate	v|part; cease or break association with|She disassociated herself from the organization when she found out the identity of the president	v|regard as unconnected|you must dissociate these two events!	v|to undergo a reversible or temporary breakdown of a molecule into simpler molecules or atoms|acids dissociate to give hydrogen ions
dissociation	n|the act of removing from association|	n|a state in which some integrated part of a person's life becomes separated from the rest of the personality and functions independently|	n|(chemistry) the temporary or reversible process in which a molecule or ion is broken down into smaller molecules or ions|
dissociation constant	n|the equilibrium constant for a reversible dissociation|
dissociative	adj|tending to produce dissociation|
dissociative disorder	n|dissociation so severe that the usually integrated functions of consciousness and perception of self break down|
dissolubility	n|the property of being dissoluble|he measure the dissolubility of sugar in water
dissoluble	adj|capable of dissolving|
dissolute	adj|unrestrained by convention or morality|Congreve draws a debauched aristocratic society
dissolutely	adv|in a dissolute way|
dissoluteness	n|indiscipline with regard to sensuous pleasures|
dissolution	n|separation into component parts|	n|the process of going into solution|the dissolving of salt in water	n|dissolute indulgence in sensual pleasure|	n|the termination of a meeting|
dissolution of marriage	n|an annulment of a marriage|
dissolvable	adj|capable of dissolving|
dissolve	v|become weaker|The sound faded out	v|cause to go into a solution|The recipe says that we should dissolve a cup of sugar in two cups of water	v|come to an end|Their marriage dissolved	v|stop functioning or cohering as a unit|The political wing of the party dissolved after much internal fighting
dissolved	adj|(of solid matter) reduced to a liquid form|add the dissolved gelatin
dissolvent	n|a liquid substance capable of dissolving other substances|the solvent does not change its state in forming a solution
dissolver	n|a liquid substance capable of dissolving other substances|the solvent does not change its state in forming a solution
dissolving	n|the process of going into solution|the dissolving of salt in water
dissolving agent	n|a liquid substance capable of dissolving other substances|the solvent does not change its state in forming a solution
dissonance	n|a conflict of people's opinions or actions or characters|	n|the auditory experience of sound that lacks musical quality; sound that is a disagreeable auditory experience|modern music is just noise to me	n|disagreeable sounds|
dissonant	adj|characterized by musical dissonance; harmonically unresolved|	adj|lacking in harmony|	adj|not in accord|desires at variance with his duty
dissonate	v|be dissonant or harsh|The violins in this piece dissonated disturbingly	v|cause to sound harsh and unpleasant|
dissuade	v|turn away from by persuasion|Negative campaigning will only dissuade people
dissuasion	n|a communication that dissuades you|	n|persuading not to do or believe something; talking someone out of a belief or an intended course of action|
dissuasive	adj|deterring from action|dissuasive advice
dissyllable	n|a word having two syllables|
dissymmetry	n|(mathematics) a lack of symmetry|
distaff	adj|characteristic of or peculiar to a woman|female sensitiveness	n|the sphere of work by women|	n|the staff on which wool or flax is wound before spinning|
distal	adj|situated farthest from point of attachment or origin, as of a limb or bone|	adj|directed away from the midline or mesial plane of the body|
distal muscular dystrophy	n|a form of muscular dystrophy that sets in between 40 and 60 years of age and is characterized by weakness and wasting of the muscles of the hands and forearms and lower legs; inheritance is autosomal dominant|
distally	adv|far from the center|the bronchus is situated distally
distance	n|the property created by the space between two objects or points|	n|a distant region|I could see it in the distance	n|size of the gap between two places|the distance from New York to Chicago	n|indifference by personal withdrawal|emotional distance
distance vision	n|vision for objects that a 20 feet or more from the viewer|
distant	adj|separated in space or coming from or going to a distance|distant villages	adj|far apart in relevance or relationship or kinship|a distant cousin	adj|remote in manner|stood apart with aloof dignity	adj|separate or apart in time|distant events
distantly	adv|from or at a distance|dimly, distantly, voices sounded in the stillness
distaste	n|a feeling of intense dislike|
distasteful	adj|not pleasing in odor or taste|	adj|highly offensive; arousing aversion or disgust|a disgusting smell
distastefully	adv|in an offensively distasteful manner|a distastefully explicit report on the Royal couple's marital life	adv|in a disgusting manner or to a disgusting degree|the beggar was disgustingly filthy
distastefulness	n|extreme unpalatability to the mouth|	n|the quality of being offensive|
distemper	n|any of various infectious viral diseases of animals|	n|an angry and disagreeable mood|	n|paint made by mixing the pigments with water and a binder|	n|a painting created with paint that is made by mixing the pigments with water and a binder|
distend	v|become wider|His pupils were dilated	v|cause to expand as it by internal pressure|The gas distended the animal's body	v|swell from or as if from internal pressure|The distended bellies of the starving cows
distensible	adj|capable of being distended; able to stretch and expand|the stomach is a distensible organ
distension	n|the act of expanding by pressure from within|	n|the state of being stretched beyond normal dimensions|
distention	n|the state of being stretched beyond normal dimensions|	n|the act of expanding by pressure from within|
distich	n|two items of the same kind|
distil	v|undergo condensation; change from a gaseous to a liquid state and fall in drops|water condenses	v|extract by the process of distillation|distill the essence of this compound	v|undergo the process of distillation|	v|give off (a liquid)|The doctor distilled a few drops of disinfectant onto the wound
distill	v|remove impurities from, increase the concentration of, and separate through the process of distillation|purify the water	v|undergo the process of distillation|	v|extract by the process of distillation|distill the essence of this compound	v|undergo condensation; change from a gaseous to a liquid state and fall in drops|water condenses
distillate	n|a purified liquid produced by condensation from a vapor during distilling; the product of distilling|
distillation	n|the process of purifying a liquid by boiling it and condensing its vapors|	n|a purified liquid produced by condensation from a vapor during distilling; the product of distilling|
distilled water	n|water that has been purified by distillation|
distiller	n|someone who distills alcoholic liquors|
distillery	n|a plant and works where alcoholic drinks are made by distillation|
distillment	n|the process of purifying a liquid by boiling it and condensing its vapors|
distinct	adj|(often followed by `from') not alike; different in nature or quality|plants of several distinct types	adj|easy to perceive; especially clearly outlined|a distinct flavor	adj|constituting a separate entity or part|a government with three discrete divisions	adj|recognizable; marked|noticed a distinct improvement
distinction	n|a discrimination between things as different and distinct on the basis of their characteristics or attributes|it is necessary to make a distinction between love and infatuation	n|high status importance owing to marked superiority|a scholar of great eminence	n|a distinguishing difference between similar things or people|he learned the distinction between gold and lead	n|an honor awarded to someone in recognition of achievement or superiority|she graduated with the highest distinction
distinctive	adj|of a feature that helps to distinguish a person or thing|Jerusalem has a distinctive Middle East flavor"- Curtis Wilkie	adj|capable of being classified|
distinctive feature	n|an odd or unusual characteristic|
distinctively	adv|in an identifiably distinctive manner|the distinctively conservative district of the county
distinctiveness	n|a distinguishing trait|	n|utter dissimilarity|
distinctly	adv|clear to the mind; with distinct mental discernment|it's distinctly possible	adv|in a distinct and distinguishable manner|the subtleties of this distinctly British occasion	adv|to a distinct degree|urbanization in Spain is distinctly correlated with a fall in reproductive rate
distinctness	n|the quality of being sharp and clear|	n|the state of being several and distinct|	n|the quality of being not alike; being distinct or different from that otherwise experienced or known|
distinguish	v|mark as different|We distinguish several kinds of maple	v|detect with the senses|The fleeing convicts were picked out of the darkness by the watchful prison guards	v|be a distinctive feature, attribute, or trait; sometimes in a very positive sense|His modesty distinguishes him from his peers	v|make conspicuous or noteworthy|
distinguishable	adj|capable of being perceived as different or distinct|only the shine of their metal was distinguishable in the gloom	adj|(often followed by `from') not alike; different in nature or quality|plants of several distinct types
distinguished	adj|(used of persons) standing above others in character or attainment or reputation|our distinguished professor	adj|used of a person's appearance or behavior; befitting an eminent person|his distinguished bearing
distinguished conduct medal	n|a British military decoration for distinguished conduct in the field|
distinguished service order	n|a British military decoration for special service in action|
distinguishing characteristic	n|an odd or unusual characteristic|
distomatosis	n|a disease of the liver (especially in sheep and cattle) caused by liver flukes and their by-products|
distort	v|make false by mutilation or addition; as of a message or story|	v|form into a spiral shape|The cord is all twisted	v|twist and press out of shape|	v|affect as in thought or feeling|My personal feelings color my judgment in this case
distortable	adj|capable of having the meaning altered or twisted|our words are distortable things--as in a crooked mirror held up to nature
distorted	adj|so badly formed or out of shape as to be ugly|deformed thalidomide babies	adj|having an intended meaning altered or misrepresented|many of the facts seemed twisted out of any semblance to reality
distorted shape	n|a shape resulting from distortion|
distortion	n|a change for the worse|	n|a shape resulting from distortion|	n|an optical phenomenon resulting from the failure of a lens or mirror to produce a good image|	n|a change (usually undesired) in the waveform of an acoustic or analog electrical signal; the difference between two measurements of a signal (as between the input and output signal)|heavy metal guitar players use vacuum tube amplifiers to produce extreme distortion
distortionist	n|a painter who introduces distortions|
distract	v|draw someone's attention away from something|The thief distracted the bystanders	v|disturb in mind or make uneasy or cause to be worried or alarmed|She was rather perturbed by the news that her father was seriously ill
distracted	adj|having the attention diverted especially because of anxiety|
distractedly	adv|in a distracted manner|`Come in,' he said distractedly
distraction	n|mental turmoil|he drives me to distraction	n|an obstacle to attention|	n|an entertainment that provokes pleased interest and distracts you from worries and vexations|	n|the act of distracting; drawing someone's attention away from something|conjurers are experts at misdirection
distrain	v|levy a distress on|	v|confiscate by distress|	v|legally take something in place of a debt payment|
distraint	n|the seizure and holding of property as security for payment of a debt or satisfaction of a claim|Originally distress was a landlord's remedy against a tenant for unpaid rents or property damage but now the landlord is given a landlord's lien
distrait	adj|having the attention diverted especially because of anxiety|
distraught	adj|deeply agitated especially from emotion|distraught with grief
distress	n|psychological suffering|the death of his wife caused him great distress	n|a state of adversity (danger or affliction or need)|a ship in distress	n|extreme physical pain|the patient appeared to be in distress	n|the seizure and holding of property as security for payment of a debt or satisfaction of a claim|Originally distress was a landlord's remedy against a tenant for unpaid rents or property damage but now the landlord is given a landlord's lien
distress call	n|an internationally recognized signal sent out by a ship or plane indicating that help is needed|
distress signal	n|an internationally recognized signal sent out by a ship or plane indicating that help is needed|
distressed	adj|facing or experiencing financial trouble or difficulty|distressed companies need loans and technical advice	adj|generalized feeling of distress|	adj|suffering severe physical strain or distress|he dropped out of the race, clearly distressed and having difficulty breathing	adj|afflicted with or marked by anxious uneasiness or trouble or grief|too upset to say anything
distressful	adj|causing distress or worry or anxiety|distressing (or disturbing) news
distressfully	adv|with distress|`Doctor Rother says it's his only chance,' she added distressfully
distressfulness	n|the quality of arousing fear or distress|he learned the seriousness of his illness
distressing	adj|causing distress or worry or anxiety|distressing (or disturbing) news	adj|bad; unfortunate|my finances were in a deplorable state
distressingly	adv|unpleasantly|his ignorance was painfully obvious
distressingness	n|the quality of being painful|she feared the painfulness of childbirth
distributary	n|a branch of a river that flows away from the main stream and does not rejoin it|
distribute	v|administer or bestow, as in small portions|administer critical remarks to everyone present	v|distribute or disperse widely|The invaders spread their language all over the country	v|make available|The publisher wants to distribute the book in Asia	v|give to several people|The teacher handed out the exams
distributed	adj|spread out or scattered about or divided up|
distributed data processing	n|data processing in which some of the functions are performed in different places and connected by transmission facilities|
distributed fire	n|fire dispersed so as to engage effectively an area target|
distributer	n|someone who markets merchandise|	n|electrical device that distributes voltage to the spark plugs of a gasoline engine in the order of the firing sequence|
distribution	n|(statistics) an arrangement of values of a variable showing their observed or theoretical frequency of occurrence|	n|the spatial or geographic property of being scattered about over a range, area, or volume|worldwide in distribution	n|the act of distributing or spreading or apportioning|	n|the commercial activity of transporting and selling goods from a producer to a consumer|
distribution agreement	n|a contract governing the marketing of an item of merchandise|
distribution channel	n|a way of selling a company's product either directly or via distributors|possible distribution channels are wholesalers or small retailers or retail chains or direct mailers or your own stores
distribution cost	n|any cost incurred by a producer or wholesaler or retailer or distributor (as for advertising and shipping etc)|
distribution free statistic	n|a statistic computed without knowledge of the form or the parameters of the distribution from which observations are drawn|
distribution law	n|(chemistry) the total energy in an assembly of molecules is not distributed equally but is distributed around an average value according to a statistical distribution|
distribution list	n|list of names to whom a communication should be sent|
distributional	adj|of or relating to spatial distribution|distributional requirements
distributive	adj|serving to distribute or allot or disperse|
distributive shock	n|shock caused by poor distribution of the blood flow|
distributively	adv|as individuals or as separate units (not collectively)|taken distributively, their rights are imperceptible	adv|in a distributive manner|marine vertebrates have their weight supported distributively by the water
distributor	n|someone who markets merchandise|	n|a person with authority to allot or deal out or apportion|	n|a company that markets merchandise|his company is a large distributor of software products	n|electrical device that distributes voltage to the spark plugs of a gasoline engine in the order of the firing sequence|
distributor cam	n|the cam inside the distributor that rotates to contact spark plug terminals in the correct order|
distributor cap	n|the cap of the distributor that holds in place the wires from the distributor to the spark plugs|
distributor housing	n|the housing that supports the distributor cam|
distributor point	n|a contact in the distributor; as the rotor turns its projecting arm contacts them and current flows to the spark plugs|
district	n|a region marked off for administrative or other purposes|	v|regulate housing in; of certain areas of towns|
district attorney	n|an official prosecutor for a judicial district|
district line	n|the boundary between two districts|
district manager	n|a manager who supervises the sales activity for a district|
distrust	n|doubt about someone's honesty|	n|the trait of not trusting others|	v|regard as untrustworthy; regard with suspicion; have no faith or confidence in|
distrustful	adj|having or showing distrust|a man of distrustful nature
distrustfully	adv|with distrust|she looked at him distrustfully
distrustfulness	n|the trait of not trusting others|
disturb	v|move deeply|This book upset me	v|change the arrangement or position of|	v|tamper with|Don't touch my CDs!	v|destroy the peace or tranquility of|Don't interrupt me when I'm reading
disturbance	n|activity that is a malfunction, intrusion, or interruption|the term `distress' connotes some degree of perturbation and emotional upset	n|an unhappy and worried mental state|there was too much anger and disturbance	n|a disorderly outburst or tumult|they were amazed by the furious disturbance they had caused	n|a noisy fight|
disturbance of the peace	n|any act of molesting, interrupting, hindering, agitating, or arousing from a state of repose or otherwise depriving inhabitants of the peace and quiet to which they are entitled|
disturbed	adj|having the place or position changed|the disturbed books and papers on her desk	adj|afflicted with or marked by anxious uneasiness or trouble or grief|too upset to say anything	adj|emotionally unstable and having difficulty coping with personal relationships|	adj|affected with madness or insanity|a man who had gone mad
disturber	n|a troubler who interrupts or interferes with peace and quiet; someone who causes disorder and commotion|
disturbing	adj|causing distress or worry or anxiety|distressing (or disturbing) news
disturbingly	adv|in a disturbing manner|the details of the kidnaper's letter had sounded disturbingly convincing
disulfiram	n|a drug (trade name Antabuse) used in the treatment of alcoholism; causes nausea and vomiting if alcohol is ingested|
disunify	v|break up or separate|The country is disunifying
disunion	n|the termination or destruction of union|
disunite	v|part; cease or break association with|She disassociated herself from the organization when she found out the identity of the president	v|force, take, or pull apart|He separated the fighting children
disunited	adj|having been divided; having the unity destroyed|Congress...gave the impression of...a confusing sum of disconnected local forces"-Samuel Lubell
disunity	n|lack of unity (usually resulting from dissension)|
disuse	n|the state of something that has been unused and neglected|the house was in a terrible state of neglect
disused	adj|no longer in use|obsolete words
disyllabic	adj|having or characterized by or consisting of two syllables|
disyllable	n|a word having two syllables|
dit	n|the shorter of the two telegraphic signals used in Morse code|
dita	n|evergreen tree of eastern Asia and Philippines having large leathery leaves and small green-white flowers in compact cymes; bark formerly used medicinally|
dita bark	n|evergreen tree of eastern Asia and Philippines having large leathery leaves and small green-white flowers in compact cymes; bark formerly used medicinally|
ditch	n|a long narrow excavation in the earth|	n|any small natural waterway|	v|forsake|ditch a lover	v|throw away|Chuck these old notes
ditch digger	n|a laborer who digs ditches|
ditch fern	n|large deeply rooted fern of worldwide distribution with upright bipinnate compound tufted fronds|
ditch spade	n|a spade with a long handle for digging narrow ditches|
ditchmoss	n|submerged freshwater perennials|
dither	n|an excited state of agitation|he was in a dither	v|act nervously; be undecided; be uncertain|	v|make a fuss; be agitated|
dithered color	n|a color produced by a pattern of differently colored dots that together simulate the desired color|
dithered colour	n|a color produced by a pattern of differently colored dots that together simulate the desired color|
dithering	n|the process of representing intermediate colors by patterns of tiny colored dots that simulate the desired color|
dithyramb	n|a wildly enthusiastic speech or piece of writing|	n|(ancient Greece) a passionate hymn (usually in honor of Dionysus)|
dithyrambic	adj|of or in the manner of a dithyramb|
dittany	n|Eurasian perennial herb with white flowers that emit flammable vapor in hot weather|
dittany of crete	n|dwarf aromatic shrub of Crete|
ditto	n|a mark used to indicate the word above it should be repeated|	v|repeat an action or statement|The next speaker dittoed her argument
ditto mark	n|a mark used to indicate the word above it should be repeated|
ditty	n|a short simple song (or the words of a poem intended to be sung)|
ditty bag	n|kit used by sailors and soldiers|
diuresis	n|increased secretion of urine; if not due to increased liquid intake or to the action of a diuretic drug it can be a symptom of diabetes mellitus|
diuretic	n|any substance that tends to increase the flow of urine, which causes the body to get rid of excess water|
diuretic drug	n|any substance that tends to increase the flow of urine, which causes the body to get rid of excess water|
diuril	n|a diuretic drug (trade name Diuril) used in the treatment of edema and hypertension|
diurnal	adj|of or belonging to or active during the day|diurnal animals are active during the day	adj|having a daily cycle or occurring every day|diurnal rotation of the heavens
diurnal parallax	n|the parallax of a celestial body using two points on the surface of the earth as the earth rotates|
diurnal variation	n|fluctuations that occur during each day|
diva	n|a distinguished female operatic singer; a female operatic star|
divagate	v|lose clarity or turn aside especially from the main subject of attention or course of argument in writing, thinking, or speaking|She always digresses when telling a story
divagation	n|a message that departs from the main subject|	n|a turning aside (of your course or attention or concern)|a diversion from the main highway
divalent	adj|having a valence of two or having two valences|
divan	n|a long backless sofa (usually with pillows against a wall)|	n|a Muslim council of state|	n|a collection of Persian or Arabic poems (usually by one author)|	n|a Muslim council chamber or law court|
divan bed	n|an armless couch; a seat by day and a bed by night|
divaricate	v|branch off|The road divaricates here	v|spread apart|divaricate one's fingers
divarication	n|branching at a wide angle|
dive	n|a cheap disreputable nightclub or dance hall|	n|a headlong plunge into water|	n|a steep nose-down descent by an aircraft|	v|drop steeply|the stock market plunged
dive bomber	n|a bomber that releases its bombs during a steep dive toward the target|
dive brake	n|a small parachute or articulated flap to reduce the speed of an aircraft|
dive-bomb	v|bomb from a diving airplane|
dive-bombing	n|a bombing run in which the bomber releases the bomb while flying straight toward the target|
diver	n|someone who works underwater|	n|someone who dives (into water)|	n|large somewhat primitive fish-eating diving bird of the northern hemisphere having webbed feet placed far back; related to the grebes|
diverge	v|move or draw apart|The two paths diverge here	v|have no limits as a mathematical series|	v|extend in a different direction|The lines start to diverge here	v|be at variance with; be out of line with|
divergence	n|the act of moving away in different direction from a common point|an angle is formed by the divergence of two straight lines	n|a variation that deviates from the standard or norm|the deviation from the mean	n|an infinite series that has no limit|	n|a difference between conflicting facts or claims or opinions|a growing divergence of opinion
divergency	n|an infinite series that has no limit|	n|the act of moving away in different direction from a common point|an angle is formed by the divergence of two straight lines
divergent	adj|diverging from another or from a standard|a divergent opinion	adj|tending to move apart in different directions|
divergent strabismus	n|strabismus in which one or both eyes are directed outward|
divergent thinker	n|a thinker who moves away from the problem as stated and often has novel ideas and solutions|
divergent thinking	n|thinking that moves away in diverging directions so as to involve a variety of aspects and which sometimes lead to novel ideas and solutions; associated with creativity|
diverging	adj|tending to move apart in different directions|
diverging lens	n|a lens such that a parallel beam of light passing through it is caused to diverge or spread out|
divers	adj|many and different|tourist offices of divers nationalities
diverse	adj|many and different|tourist offices of divers nationalities	adj|distinctly dissimilar or unlike|celebrities as diverse as Bob Hope and Bob Dylan
diversely	adv|in diverse ways|the alternatives that are variously represented by the participants
diverseness	n|noticeable heterogeneity|a diversity of possibilities
diversification	n|the act of introducing variety (especially in investments or in the variety of goods and services offered)|my broker recommended a greater diversification of my investments	n|the condition of being varied; every day it is the same"|that restaurant's menu lacks diversification
diversified	adj|having variety of character or form or components; or having increased variety|a diversified musical program ranging from classical to modern
diversify	v|make (more) diverse|diversify a course of study	v|spread into new habitats and produce variety or variegate|The plants on this island diversified	v|vary in order to spread risk or to expand|The company diversified
diversion	n|an activity that diverts or amuses or stimulates|scuba diving is provided as a diversion for tourists	n|a turning aside (of your course or attention or concern)|a diversion from the main highway	n|an attack calculated to draw enemy defense away from the point of the principal attack|
diversionary	adj|(of tactics e.g.) likely or designed to confuse or deceive|
diversionary attack	n|an attack calculated to draw enemy defense away from the point of the principal attack|
diversionary landing	n|an amphibious diversionary attack|
diversionist	n|someone who commits sabotage or deliberately causes wrecks|
diversity	n|noticeable heterogeneity|a diversity of possibilities	n|the condition or result of being changeable|
divert	v|turn aside; turn away from|	v|send on a course or in a direction different from the planned or intended one|	v|occupy in an agreeable, entertaining or pleasant fashion|The play amused the ladies	v|withdraw (money) and move into a different location, often secretly and with dishonest intentions|
diverted	adj|pleasantly occupied|We are not amused" -Queen Victoria
diverticulitis	n|inflammation of a diverticulum in the digestive tract (especially the colon); characterized by painful abdominal cramping and fever and constipation|
diverticulosis	n|presence of multiple diverticula in the walls of the colon|
diverticulum	n|a herniation through the muscular wall of a tubular organ (especially the colon)|
divertimento	n|a musical composition in several movements; has no fixed form|
diverting	adj|providing enjoyment; pleasantly entertaining|an amusing speaker
divertingly	adv|in an entertaining and amusing manner|Hollywood has grown too sophisticated to turn out anything really amusingly bad these days
divest	v|take away possessions from someone|The Nazis stripped the Jews of all their assets	v|deprive of status or authority|he was divested of his rights and his title	v|reduce or dispose of; cease to hold (an investment)|The company decided to divest	v|remove (someone's or one's own) clothes|The nurse quickly undressed the accident victim
divestiture	n|an order to an offending party to rid itself of property; it has the purpose of depriving the defendant of the gains of wrongful behavior|the court found divestiture to be necessary in preventing a monopoly	n|the sale by a company of a product line or a subsidiary or a division|
divi-divi	n|twisted seed pods of the divi-divi tree; source of tannin|	n|small thornless tree or shrub of tropical America whose seed pods are a source of tannin|
dividable	adj|can be divided usually without leaving a remainder|15 is dividable by 3
divide	v|separate into parts or portions|divide the cake into three equal parts	v|perform a division|Can you divide 49 by seven?	v|act as a barrier between; stand between|The mountain range divides the two countries	v|come apart|The two pieces that we had glued separated
divided	adj|separated into parts or pieces|opinions are divided	adj|having a median strip or island between lanes of traffic moving in opposite directions|a divided highway	adj|distributed in portions (often equal) on the basis of a plan or purpose|
divided highway	n|a highway divided down the middle by a barrier that separates traffic going in different directions|in Britain they call a divided highway a dual carriageway
divided up	adj|distributed in portions (often equal) on the basis of a plan or purpose|
dividend	n|that part of the earnings of a corporation that is distributed to its shareholders; usually paid quarterly|	n|a number to be divided by another number|	n|a bonus; something extra (especially a share of a surplus)|
dividend warrant	n|an order of payment (such as a check payable to a shareholder) in which a dividend is paid|
divider	n|a taxonomist who classifies organisms into many groups on the basis of relatively minor characteristics|	n|a person who separates something into parts or groups|	n|a vertical structure that divides or separates (as a wall divides one room from another)|	n|a drafting instrument resembling a compass that is used for dividing lines into equal segments or for transferring measurements|
dividing line	n|a conceptual separation or distinction|there is a narrow line between sanity and insanity
divina commedia	n|a narrative epic poem written by Dante|
divination	n|successful conjecture by unusual insight or good luck|	n|a prediction uttered under divine inspiration|	n|the art or gift of prophecy (or the pretense of prophecy) by supernatural means|
divinatory	adj|resembling or characteristic of a prophet or prophecy|the high priest's divinatory pronouncement	adj|based primarily on surmise rather than adequate evidence|theories about the extinction of dinosaurs are still highly conjectural
divine	adj|emanating from God|divine judgment	adj|resulting from divine providence|providential care	adj|being or having the nature of a god; 'tis God-like to create"-J.G.Saxe|the custom of killing the divine king upon any serious failure of his...powers"-J.G.Frazier	adj|devoted to or in the service or worship of a deity|divine worship
divine comedy	n|a narrative epic poem written by Dante|
divine guidance	n|(theology) a special influence of a divinity on the minds of human beings|they believe that the books of Scripture were written under divine guidance
divine law	n|a law that is believed to come directly from God|
divine messenger	n|a messenger from God|angel of death
divine office	n|canonical prayers recited daily by priests (e.g. the breviary of the Roman Catholic Church)|
divine revelation	n|communication of knowledge to man by a divine or supernatural agency|
divine right	n|the doctrine that kings derive their right to rule directly from God and are not accountable to their subjects; rebellion is the worst of political crimes|the doctrine of the divine right of kings was enunciated by the Stuarts in Britain in the 16th century
divine right of kings	n|the doctrine that kings derive their right to rule directly from God and are not accountable to their subjects; rebellion is the worst of political crimes|the doctrine of the divine right of kings was enunciated by the Stuarts in Britain in the 16th century
divine service	n|the act of public worship following prescribed rules|the Sunday service
divine unity	n|an Islamic terrorist cell that originated in Jordan but operates in Germany; goal is to attack Europe and Russia with chemical weapons|
divinely	adv|by divine means|the divinely appointed means of rescue from temporal existence
diviner	n|someone who claims to discover hidden knowledge with the aid of supernatural powers|
diving	n|an athletic competition that involves diving into water|	n|a headlong plunge into water|
diving bell	n|diving apparatus for underwater work; has an open bottom and is supplied with compressed air|
diving board	n|a springboard from which swimmers can dive|
diving dress	n|a weighted and hermetically sealed garment supplied with air; worn by underwater divers|
diving duck	n|any of various ducks of especially bays and estuaries that dive for their food|
diving event	n|an athletic competition that involves diving into water|
diving petrel	n|any of several small diving birds of southern hemisphere seas; somewhat resemble auks|
diving suit	n|a weighted and hermetically sealed garment supplied with air; worn by underwater divers|
divining rod	n|forked stick that is said to dip down to indicate underground water or oil|
divinity	n|any supernatural being worshipped as controlling some part of the world or some aspect of life or who is the personification of a force|	n|the quality of being divine|ancient Egyptians believed in the divinity of the Pharaohs	n|white creamy fudge made with egg whites|	n|the rational and systematic study of religion and its influences and of the nature of religious truth|
divinity fudge	n|white creamy fudge made with egg whites|
divinyl ether	n|a colorless volatile highly flammable liquid formerly used as an inhalation anesthetic|
divisibility	n|the quality of being divisible; the capacity to be divided into parts or divided among a number of persons|
divisible	adj|capable of being or liable to be divided or separated|even numbers are divisible by two
division	n|an army unit large enough to sustain combat|two infantry divisions were held in reserve	n|one of the portions into which something is regarded as divided and which together constitute a whole|the written part of the exam	n|the act or process of dividing|	n|an administrative unit in government or business|
division anthophyta	n|comprising flowering plants that produce seeds enclosed in an ovary; in some systems considered a class (Angiospermae) and in others a division (Magnoliophyta or Anthophyta)|
division archaebacteria	n|in some classifications considered a kingdom|
division bryophyta	n|a division of nonflowering plants characterized by rhizoids rather than true roots and having little or no organized vascular tissue and showing alternation of generations between gamete-bearing forms and spore-bearing forms; comprises true mosses (Bryopsida) and liverworts (Hepaticopsida) and hornworts (Anthoceropsida)|
division chlorophyta	n|large division of chiefly freshwater eukaryotic algae that possess chlorophyll a and b, store food as starch, and cellulose cell walls; classes Chlorophyceae, Ulvophyceae, and Charophyceae; obviously ancestral to land plants|
division chrysophyta	n|mostly freshwater eukaryotic algae having the chlorophyll masked by brown or yellow pigment; yellow-green and golden-brown algae and diatoms: Xanthophyceae, Chrysophyceae, Bacillariophyceae; some classification systems superseded or subsumed by Heterokontophyta|
division cyanophyta	n|prokaryotic organisms sometimes considered a class or phylum or subkingdom; coextensive with the Cyanophyceae: cyanobacteria (blue-green algae)|
division cynodontia	n|a division of the order Therapsida from the Triassic period comprising small carnivorous tetrapod reptiles often with mammal-like teeth|
division dicynodontia	n|a division of Therapsida|
division eubacteria	n|one-celled monerans having simple cells with rigid walls and (in motile types) flagella|
division euglenophyta	n|free-swimming flagellate algae|
division eumycota	n|true fungi; eukaryotic heterotrophic walled organisms; distinguished from Myxomycota (funguslike slime molds): comprises subdivisions Mastigomycotina; Zygomycotina; Ascomycotina; Basidiomycotina; Deuteromycotina (imperfect fungi)|
division gymnomycota	n|slime molds; organisms having a noncellular and multinucleate creeping vegetative phase and a propagative spore-producing stage: comprises Myxomycetes and Acrasiomycetes; in some classifications placed in the kingdom Protoctista|
division gymnospermophyta	n|plants having naked seeds not enclosed in an ovary; in some systems considered a class (Gymnospermae) and in others a division (Gymnospermophyta); comprises three subdivisions (or classes): Cycadophytina (class Cycadopsida) and Gnetophytina (class Gnetopsida) and Coniferophytina (class Coniferopsida); in some classifications the Coniferophytina are divided into three groups: Pinophytina (class Pinopsida) and Ginkgophytina (class Ginkgopsida) and Taxophytina (class Taxopsida)|
division heterokontophyta	n|algae having chlorophyll a and usually c, and flagella of unequal lengths; terminology supersedes Chrysophyta in some classifications|
division lichenes	n|comprising the lichens which grow symbiotically with algae; sometimes treated as an independent group more or less coordinate with algae and fungi|
division magnoliophyta	n|comprising flowering plants that produce seeds enclosed in an ovary; in some systems considered a class (Angiospermae) and in others a division (Magnoliophyta or Anthophyta)|
division myxomycota	n|slime molds; organisms having a noncellular and multinucleate creeping vegetative phase and a propagative spore-producing stage: comprises Myxomycetes and Acrasiomycetes; in some classifications placed in the kingdom Protoctista|
division phaeophyta	n|coextensive with class Phaeophyceae; in some classifications subsumed in the division Heterokontophyta|
division protista	n|eukaryotic one-celled living organisms distinct from multicellular plants and animals: protozoa, slime molds, and eukaryotic algae|
division pteridophyta	n|containing all the vascular plants that do not bear seeds: ferns, horsetails, club mosses, and whisk ferns; in some classifications considered a subdivision of Tracheophyta|
division rhodophyta	n|lower plants; mostly marine and littoral eukaryotic algae|
division schizophyta	n|former term for the Cyanophyta|
division spermatophyta	n|seed plants; comprises the Angiospermae (or Magnoliophyta) and Gymnospermae (or Gymnospermophyta); in some classification systems Spermatophyta is coordinate with Pteridophyta (spore producing plants having vascular tissue and roots) and Bryophyta (spore producing plants lacking vascular tissue and roots)|
division tracheophyta	n|in former classifications: comprising plants with a vascular system including ferns and fern allies as well as seed plants|
divisional	adj|of or relating to a military division|divisional artillery	adj|serving to divide or marking a division|the divisional line between two states
divisive	adj|dissenting (especially dissenting with the majority opinion)|
divisor	n|one of two or more integers that can be exactly divided into another integer|what are the 4 factors of 6?	n|the number by which a dividend is divided|
divorce	v|part; cease or break association with|She disassociated herself from the organization when she found out the identity of the president	v|get a divorce; formally terminate a marriage|The couple divorced after only 6 months	n|the legal dissolution of a marriage|
divorce court	n|a court having jurisdiction over the termination of marriage contracts|
divorce lawyer	n|a lawyer specializing in actions for divorce or annulment|
divorced	adj|of someone whose marriage has been legally dissolved|
divorced man	n|a man who is divorced from (or separated from) his wife|
divorcee	n|a divorced woman or a woman who is separated from her husband|
divorcement	n|the legal dissolution of a marriage|
divot	n|(golf) the cavity left when a piece of turf is cut from the ground by the club head in making a stroke|it was a good drive but the ball ended up in a divot	n|a piece of turf dug out of a lawn or fairway (by an animals hooves or a golf club)|
divulge	v|make known to the public information that was previously known only to a few people or that was meant to be kept a secret|The auction house would not disclose the price at which the van Gogh had sold
divulgement	n|the act of disclosing something that was secret or private|
divulgence	n|the act of disclosing something that was secret or private|
divvy	n|short for dividend; especially one paid by a cooperative society|
divvy up	v|give out as one's portion or share|
diwan	n|a Muslim council of state|	n|a collection of Persian or Arabic poems (usually by one author)|	n|a Muslim council chamber or law court|
dixie	n|a large metal pot (12 gallon camp kettle) for cooking; used in military camps|
dixie cup	n|a disposable cup made of paper; for holding drinks|
dizen	v|dress up garishly and tastelessly|
dizygotic	adj|derived from two separately fertilized eggs|dizygotic twins
dizygotic twin	n|either of two twins who developed from two separate fertilized eggs|
dizygous	adj|derived from two separately fertilized eggs|dizygotic twins
dizzily	adv|in a giddy light-headed manner|he walked around dizzily
dizziness	n|a reeling sensation; a feeling that you are about to fall|
dizzy	adj|having or causing a whirling sensation; liable to falling|had a dizzy spell	adj|lacking seriousness; given to frivolity|a dizzy blonde	v|make dizzy or giddy|a dizzying pace
dj	n|a person who announces and plays popular recorded music|	v|comment on music to be played|He has a job disk-jockeying on the weekend
djakarta	n|capital and largest city of Indonesia; located on the island of Java; founded by the Dutch in 17th century|
djanet	n|a desert town in southeastern Algeria|
djibouti	n|port city on the Gulf of Aden; the capital and largest city of Djibouti|	n|a country in northeastern Africa on the Somali peninsula; formerly under French control but became independent in 1997|
djibouti franc	n|the basic unit of money in Djibouti|
djiboutian	adj|of or relating to Djibouti or its people or culture|Djiboutian landscape	n|a native or inhabitant of Djibouti|
djinn	n|(Islam) an invisible spirit mentioned in the Koran and believed by Muslims to inhabit the earth and influence mankind by appearing in the form of humans or animals|
djinni	n|(Islam) an invisible spirit mentioned in the Koran and believed by Muslims to inhabit the earth and influence mankind by appearing in the form of humans or animals|
djinny	n|(Islam) an invisible spirit mentioned in the Koran and believed by Muslims to inhabit the earth and influence mankind by appearing in the form of humans or animals|
dkg	n|10 grams|
dkl	n|a metric unit of volume or capacity equal to 10 liters|
dkm	n|a metric unit of length equal to ten meters|
dl	n|a metric unit of volume equal to one tenth of a liter|
dle	n|a chronic skin disease occurring primarily in women between the ages of 20 and 40; characterized by an eruption of red lesions over the cheeks and bridge of the nose|
dm	n|diabetes caused by a relative or absolute deficiency of insulin and characterized by polyuria|when doctors say `diabetes' they usually mean `diabetes mellitus'	n|a metric unit of length equal to one tenth of a meter|
dmd	n|a doctor's degree in dental medicine|
dmitri dmitrievich shostakovich	n|Russian composer best known for his fifteen symphonies (1906-1975)|
dmitri ivanovich mendeleev	n|Russian chemist who developed a periodic table of the chemical elements and predicted the discovery of several new elements (1834-1907)|
dmitri ivanovich mendeleyev	n|Russian chemist who developed a periodic table of the chemical elements and predicted the discovery of several new elements (1834-1907)|
dmitri mendeleev	n|Russian chemist who developed a periodic table of the chemical elements and predicted the discovery of several new elements (1834-1907)|
dmitri mendeleyev	n|Russian chemist who developed a periodic table of the chemical elements and predicted the discovery of several new elements (1834-1907)|
dmitri shostakovich	n|Russian composer best known for his fifteen symphonies (1906-1975)|
dmus	n|a doctor's degree in music|
dmz	n|a zone from which military forces or operations or installations are prohibited|tensions exist on both sides of the demilitarized zone separating North Korea and South Korea
dna	n|(biochemistry) a long linear polymer found in the nucleus of a cell and formed from nucleotides and shaped like a double helix; associated with the transmission of genetic information|DNA is the king of molecules
dna chip	n|a microchip that holds DNA probes that form half of the DNA double helix and can recognize DNA from samples being tested|
dna fingerprint	n|biometric identification obtained by examining a person's unique sequence of DNA base pairs; often used for evidence in criminal law cases|
dna polymerase	n|the enzyme responsible for DNA replication|
dneprodzerzhinsk	n|port city and industrial center in east central Ukraine on the Dnieper River|
dnieper	n|a river that rises in Russia near Smolensk and flowing south through Belarus and Ukraine to empty into the Black Sea|
dnieper river	n|a river that rises in Russia near Smolensk and flowing south through Belarus and Ukraine to empty into the Black Sea|
dnipropetrovsk	n|city in east central Ukraine on the Dnieper River; center of metallurgical industry|
do	v|engage in|make love, not war	v|carry out or perform an action|John did the painting, the weeding, and he cleaned out the gutters	v|get (something) done|I did my job	v|proceed or get along|How is she doing in her new job?
do a job on	v|destroy completely or make ugly or useless|The dog did a job on my pillow
do away with	v|terminate, end, or take out|Let's eliminate the course on Akkadian hieroglyphics
do by	v|interact in a certain way|Do right by her
do drugs	v|use recreational drugs|
do good	v|be beneficial for|This will do you good
do in	v|get rid of (someone who may be a threat) by killing|The mafia liquidated the informer
do it	v|have sexual intercourse with|This student sleeps with everyone in her dorm
do justice	v|bring out fully or to advantage|This photograph does not do her justice	v|show due and full appreciation|The diners did the food and wine justice
do one's best	v|perform a task as well as possible|The cast gives full measure every night
do the dishes	v|wash dishes|I cook and my husband washes up after dinner
do the honors	v|act as the host and receive or introduce one's guests|
do up	v|wrap for decorative purposes|The gift was done up in pretty red paper	v|use special care in dressing, making-up, etc.|She dolled herself up for the night out with her friends
do well	v|act in one's own or everybody's best interest|You will do well to arrive on time tomorrow!
do well by	v|treat with respect and consideration|children should do well by their parents
do work	v|be employed|Is your husband working again?
do-gooder	n|someone devoted to the promotion of human welfare and to social reforms|
do-it-yourself	adj|done by yourself|their house was a do-it-yourself project
do-nothing	adj|characterized by inability or unwillingness to work toward a goal or assume responsibility|a do-nothing government	n|person who does no work|a lazy bum
do-or-die	adj|desperately determined|do-or-die revolutionaries
do-si-do	n|a square-dance figure; two dancers approach each other and circle back to back before returning to their original places|
doable	adj|capable of existing or taking place or proving true; possible to do|
dobbin	n|a quiet plodding workhorse|
doberman	n|medium large breed of dog of German origin with a glossy black and tan coat; used as a watchdog|
doberman pinscher	n|medium large breed of dog of German origin with a glossy black and tan coat; used as a watchdog|
dobra	n|the basic unit of money on Sao Tome e Principe|
dobrich	n|a city in northeastern Bulgaria (north of Varna) that is the commercial center of an agricultural region|
dobson	n|large brown aquatic larva of the dobsonfly; used as fishing bait|	n|large soft-bodied insect having long slender mandibles in the male; aquatic larvae often used as bait|
dobson fly	n|large soft-bodied insect having long slender mandibles in the male; aquatic larvae often used as bait|
dobsonfly	n|large soft-bodied insect having long slender mandibles in the male; aquatic larvae often used as bait|
doc	n|a licensed medical practitioner|I felt so bad I went to see my doctor
docent	n|a teacher at some universities|
docetism	n|the heretical doctrine (associated with the Gnostics) that Jesus had no human body and his sufferings and death on the cross were apparent rather than real|
docile	adj|willing to be taught or led or supervised or directed|the docile masses of an enslaved nation	adj|ready and willing to be taught|docile pupils eager for instruction	adj|easily handled or managed|a gentle old horse, docile and obedient
docility	n|the trait of being agreeably submissive and manageable|
dock	n|an enclosure in a court of law where the defendant sits during the trial|	n|any of certain coarse weedy plants with long taproots, sometimes used as table greens or in folk medicine|	n|a platform built out from the shore into the water and supported by piles; provides access to ships and boats|	n|a platform where trucks or trains can be loaded or unloaded|
dock worker	n|a laborer who loads and unloads vessels in a port|
dock-walloper	n|a laborer who loads and unloads vessels in a port|
dockage	n|a fee charged for a vessel to use a dock|	n|landing in a harbor next to a pier where ships are loaded and unloaded or repaired; may have gates to let water in or out|the ship arrived at the dock more than a day late	n|the act of securing an arriving vessel with ropes|
docker	n|a laborer who loads and unloads vessels in a port|
docket	v|place on the docket for legal action|Only 5 of the 120 cases docketed were tried	v|make a summary or abstract of a legal document and inscribe it in a list|	n|(law) the calendar of a court; the list of cases to be tried or a summary of the court's activities|	n|a temporally organized plan for matters to be attended to|
dockhand	n|a laborer who loads and unloads vessels in a port|
docking	n|the act of securing an arriving vessel with ropes|
docking facility	n|landing in a harbor next to a pier where ships are loaded and unloaded or repaired; may have gates to let water in or out|the ship arrived at the dock more than a day late
docking fee	n|a fee charged for a vessel to use a dock|
dockside	n|the region adjacent to a boat dock|
dockworker	n|a laborer who loads and unloads vessels in a port|
dockyard	n|an establishment on the waterfront where vessels are built or fitted out or repaired|
docosahexaenoic acid	n|an omega-3 fatty acid with 22 carbon atoms; found in fish (especially tuna and bluefish)|
doctor	n|a licensed medical practitioner|I felt so bad I went to see my doctor	n|(Roman Catholic Church) a title conferred on 33 saints who distinguished themselves through the orthodoxy of their theological teaching|the Doctors of the Church greatly influenced Christian thought down to the late Middle Ages	n|children take the roles of physician or patient or nurse and pretend they are at the physician's office|the children explored each other's bodies by playing the game of doctor	n|a person who holds Ph.D. degree (or the equivalent) from an academic institution|she is a doctor of philosophy in physics
doctor of arts	n|an honorary arts degree|	n|a doctor's degree with a special disciplinary focus|
doctor of dental medicine	n|a doctor's degree in dental medicine|
doctor of dental surgery	n|a doctor's degree in dental surgery|
doctor of divinity	n|a doctor's degree in religion|
doctor of education	n|a doctor's degree in education|
doctor of fine arts	n|an honorary degree in fine arts|
doctor of humane letters	n|an honorary degree in letters|
doctor of humanities	n|an honorary degree in the humanities|
doctor of laws	n|an honorary law degree|
doctor of medicine	n|a doctor's degree in medicine|
doctor of music	n|a doctor's degree in music|
doctor of musical arts	n|a doctor's degree in musical arts|
doctor of optometry	n|a doctor's degree in optometry|
doctor of osteopathy	n|doctor's degree in osteopathy|
doctor of philosophy	n|a doctorate awarded for original contributions to knowledge|
doctor of public health	n|a doctor's degree in preventive medicine|
doctor of sacred theology	n|a doctor's degree in theology|STD is from the Latin Sanctae Theologiae Doctor
doctor of science	n|an honorary degree in science|
doctor of the church	n|(Roman Catholic Church) a title conferred on 33 saints who distinguished themselves through the orthodoxy of their theological teaching|the Doctors of the Church greatly influenced Christian thought down to the late Middle Ages
doctor of theology	n|a doctor's degree in theology|
doctor up	v|alter and make impure, as with the intention to deceive|Sophisticate rose water with geraniol
doctor's bill	n|statement of charges for medical services|
doctor's degree	n|one of the highest earned academic degrees conferred by a university|
doctor-fish	n|surgeon fish of the West Indies|
doctor-patient relation	n|the responsibility of a physician to act in the best interests of the patient|
doctoral	adj|of or relating to a doctor or doctorate|doctoral dissertation
doctorate	n|one of the highest earned academic degrees conferred by a university|
doctorfish	n|surgeon fish of the West Indies|
doctorial	adj|of or relating to a doctor or doctorate|doctoral dissertation
doctorspeak	n|medical jargon|
doctrinaire	adj|stubbornly insistent on theory without regard for practicality or suitability|	n|a stubborn person of arbitrary or arrogant opinions|
doctrinal	adj|relating to or involving or preoccupied with doctrine|quibbling over doctrinal minutiae
doctrinally	adv|as a matter of doctrine|
doctrine	n|a belief (or system of beliefs) accepted as authoritative by some group or school|
doctrine of analogy	n|the religious belief that between creature and creator no similarity can be found so great but that the dissimilarity is always greater; any analogy between God and humans will always be inadequate|
docudrama	n|a film or TV program presenting the facts about a person or event|
document	n|writing that provides information (especially information of an official nature)|	n|anything serving as a representation of a person's thinking by means of symbolic marks|	n|a written account of ownership or obligation|	n|(computer science) a computer file that contains text (and possibly formatting instructions) using seven-bit ASCII characters|
documental	adj|relating to or consisting of or derived from documents|
documentary	n|a film or TV program presenting the facts about a person or event|	adj|relating to or consisting of or derived from documents|	adj|(of film, television, radio, or photography) depicting a real-life event using images or interviews with people involved in the event|
documentary film	n|a film or TV program presenting the facts about a person or event|
documentation	n|confirmation that some fact or statement is true through the use of documentary evidence|	n|program listings or technical manuals describing the operation and use of programs|	n|documentary validation|his documentation of the results was excellent
documented	adj|furnished with or supported by documents|the first documented case of shark attack in those waters	adj|established as genuine|
dodder	n|a leafless annual parasitic vine of the genus Cuscuta having whitish or yellow filamentous stems; obtain nourishment through haustoria|	v|walk unsteadily|small children toddle
dodderer	n|one who dodders from old age and weakness|
doddering	adj|mentally or physically infirm with age|his mother was doddering and frail
doddery	adj|mentally or physically infirm with age|his mother was doddering and frail
doddle	n|an easy task|
dodecagon	n|a twelve-sided polygon|
dodecahedron	n|any polyhedron having twelve plane faces|
dodecanese	n|a group of islands in the southeast Aegean Sea|
dodecanoic acid	n|a crystalline fatty acid occurring as glycerides in natural fats and oils (especially coconut oil and palm-kernel oil)|
dodge	v|make a sudden movement in a new direction so as to avoid|The child dodged the teacher's blow	v|move to and fro or from place to place usually in an irregular course|the pickpocket dodged through the crowd	v|avoid or try to avoid fulfilling, answering, or performing (duties, questions, or issues)|He dodged the issue	n|an elaborate or deceitful scheme contrived to deceive or evade|his testimony was just a contrivance to throw us off the track
dodge city	n|a town of southwestern Kansas on the Arkansas River; formerly a rowdy cow town|
dodgem	n|a small low-powered electrically powered vehicle driven on a special platform where there are many others to be dodged|
dodger	n|a shifty deceptive person|	n|small oval cake of corn bread baked or fried (chiefly southern)|
dodging	n|nonperformance of something distasteful (as by deceit or trickery) that you are supposed to do|his evasion of his clear duty was reprehensible	n|a statement that evades the question by cleverness or trickery|	n|deliberately avoiding; keeping away from or preventing from happening|
dodgson	n|English author; Charles Dodgson was an Oxford don of mathematics who is remembered for the children's stories he wrote under the pen name Lewis Carroll (1832-1898)|
dodgy	adj|of uncertain outcome; especially fraught with risk|an extremely dicey future on a brave new world of liquid nitrogen, tar, and smog"- New Yorker	adj|marked by skill in deception|cunning men often pass for wise
dodo	n|someone whose style is out of fashion|	n|extinct heavy flightless bird of Mauritius related to pigeons|
dodoma	n|a city in the center of Tanzania that has been designated as the future capital|
dodonaea	n|a genus of tropical shrub or tree|
doe	n|mature female of mammals of which the male is called `buck'|
doei	n|an agency that collects political and economic and technical information about energy matters and makes the Department of Energy's technical and analytical expertise available to other members of the Intelligence Community|
doer	n|a person who acts and gets things done|he's a principal actor in this affair
doeskin	n|soft leather from deerskin or lambskin|	n|a fine smooth soft woolen fabric|
doff	v|remove|He doffed his hat
dog	n|a member of the genus Canis (probably descended from the common wolf) that has been domesticated by man since prehistoric times; occurs in many breeds|the dog barked all night	n|a dull unattractive unpleasant girl or woman|she got a reputation as a frump	n|informal term for a man|you lucky dog	n|someone who is morally reprehensible|you dirty dog
dog bent	n|common grass with slender stems and narrow leaves|
dog biscuit	n|a hard biscuit for dogs|
dog bite	n|a bite inflicted by a dog|
dog breeding	n|breeding dogs|
dog catcher	n|an employee of a municipal pound who is hired to round up stray dogs and cats|
dog collar	n|a collar for a dog|	n|a stiff white collar with no opening in the front; a distinctive symbol of the clergy|	n|necklace that fits tightly around a woman's neck|
dog days	n|the hot period between early July and early September; a period of inactivity|
dog do	n|fecal droppings from a dog|
dog fennel	n|widespread rank-smelling weed having white-rayed flower heads with yellow discs|
dog flea	n|flea that attacks dogs and cats|
dog food	n|food prepared for dogs|
dog grass	n|European grass spreading rapidly by creeping rhizomes; naturalized in North America as a weed|
dog hook	n|a stout lever with a sharp spike; used for handling logs|
dog house	n|outbuilding that serves as a shelter for a dog|
dog in the manger	n|someone who prevents you from enjoying something that they themselves have no need for|
dog mercury	n|European perennial weedy plant with greenish flowers|
dog paddle	n|an elementary swimming stroke imitating a swimming dog|
dog pound	n|a public enclosure for stray or unlicensed dogs|unlicensed dogs will be taken to the pound
dog racing	n|a race between dogs; usually an occasion for betting on the outcome|
dog rose	n|prickly wild rose with delicate pink or white scentless flowers; native to Europe|
dog shit	n|fecal droppings from a dog|
dog show	n|a competitive exhibition of dogs|
dog sled	n|a sled pulled by dogs|
dog sleigh	n|a sled pulled by dogs|
dog star	n|the brightest star in the sky; in Canis Major|
dog stinkhorn	n|a stinkhorn having a stalk without a cap; the slimy gleba is simply plastered on its surface near the apex where winged insects can find it|
dog tag	n|military identification tag worn on a chain around the neck|	n|metal plate on a dog collar bearing its registration number|
dog turd	n|fecal droppings from a dog|
dog violet	n|Old World leafy-stemmed blue-flowered violet|
dog wrench	n|a wrench with a handle shaped like a crank|
dog's breakfast	n|a poor job; a mess|they made a real dog's breakfast of that job
dog's dinner	n|a poor job; a mess|they made a real dog's breakfast of that job
dog's mercury	n|European perennial weedy plant with greenish flowers|
dog's-tooth check	n|textile with a pattern of small broken or jagged checks|
dog's-tooth violet	n|perennial woodland spring-flowering plant; widely cultivated|
dog-day cicada	n|its distinctive song is heard during July and August|
dog-ear	n|a corner of a page turned down to mark your place|
dog-eared	adj|worn or shabby from overuse or (of pages) from having corners turned down|a somewhat dog-eared duke...a bit run down"-Clifton Fadiman
dog-iron	n|metal supports for logs in a fireplace|the andirons were too hot to touch
dog-sized	adj|having the approximate size of an average dog|
dog-tired	adj|drained of energy or effectiveness; extremely tired; completely exhausted|the day's shopping left her exhausted
dogbane	n|any of several poisonous perennial plants of the genus Apocynum having acrid milky juice and bell-shaped white or pink flowers and a very bitter root|
dogbane family	n|chiefly tropical trees or shrubs or herbs having milky juice and often showy flowers; many are sources of drugs|
dogcart	n|a cart drawn by a dog|
doge	n|formerly the chief magistrate in the republics of Venice and Genoa|
dogfight	n|a fiercely disputed contest|their rancor dated from a political dogfight between them	n|disorderly fighting|	n|an aerial engagement between fighter planes|	n|a violent fight between dogs (sometimes organized illegally for entertainment and gambling)|
dogfighter	n|a fighter pilot who engages in an aerial dogfights|
dogfish	n|primitive long-bodied carnivorous freshwater fish with a very long dorsal fin; found in sluggish waters of North America|	n|any of several small sharks|
dogged	adj|stubbornly unyielding|dogged persistence
doggedly	adv|with obstinate determination|he pursued her doggedly
doggedness	n|persistent determination|
doggerel	n|a comic verse of irregular measure|he had heard some silly doggerel that kept running through his mind
doggerel verse	n|a comic verse of irregular measure|he had heard some silly doggerel that kept running through his mind
doggie	n|informal terms for dogs|
doggie bag	n|a bag for food that a customer did not eat at a restaurant; the transparent pretense is that the food is taken home to feed the customer's dog|
dogging	adj|relentless and indefatigable in pursuit or as if in pursuit|impossible to escape the dogging fears
doggo	adv|quietly in concealment|he lay doggo
doggy	n|informal terms for dogs|
doggy bag	n|a bag for food that a customer did not eat at a restaurant; the transparent pretense is that the food is taken home to feed the customer's dog|
doggy do	n|fecal droppings from a dog|
doghouse	n|outbuilding that serves as a shelter for a dog|	n|an idiomatic term for being in disfavor|in the doghouse
dogie	n|motherless calf in a range herd of cattle|
dogleg	n|angle that resembles the hind leg of a dog|	n|a golf hole with a sharp angle in the fairway|
doglike	adj|resembling a dog; especially in devotion|a doglike affection
dogma	n|a religious doctrine that is proclaimed as true without proof|	n|a doctrine or code of beliefs accepted as authoritative|he believed all the Marxist dogma
dogmatic	adj|characterized by assertion of unproved or unprovable principles|	adj|of or pertaining to or characteristic of a doctrine or code of beliefs accepted as authoritative|	adj|relating to or involving dogma|dogmatic writings
dogmatical	adj|characterized by assertion of unproved or unprovable principles|
dogmatically	adv|in a narrow-minded dogmatic manner|he is a dogmatically opinionated critic of Modern Art
dogmatise	v|state as a dogma|	v|speak dogmatically|
dogmatism	n|the intolerance and prejudice of a bigot|
dogmatist	n|a stubborn person of arbitrary or arrogant opinions|
dogmatize	v|state as a dogma|	v|speak dogmatically|
dogs-tooth check	n|textile with a pattern of small broken or jagged checks|
dogsbody	n|a worker who has to do all the unpleasant or boring jobs that no one else wants to do|
dogshit	n|obscene words for unacceptable behavior|I put up with a lot of bullshit from that jerk
dogsled	n|a sled pulled by dogs|	v|travel with a dogsled|
dogstooth check	n|textile with a pattern of small broken or jagged checks|
dogtooth	n|perennial woodland spring-flowering plant; widely cultivated|	n|one of the four pointed conical teeth (two in each jaw) located between the incisors and the premolars|	n|a carved pyramidal ornament; used in 13th century England|
dogtooth violet	n|perennial woodland spring-flowering plant; widely cultivated|
dogtrot	n|a steady trot like that of a dog|
dogwatch	n|either of two short watches: from 4-6 pm or 6-8 pm|
dogwood	n|a tree of shrub of the genus Cornus often having showy bracts resembling flowers|	n|hard tough wood of any dogwood of the genus Cornus; resembles boxwood|
dogwood family	n|a rosid dicot family of the order Umbellales including: genera Aucuba, Cornus, Corokia, Curtisia, Griselinia, Helwingia|
dogwood tree	n|a tree of shrub of the genus Cornus often having showy bracts resembling flowers|
dogy	n|motherless calf in a range herd of cattle|
doh	n|the syllable naming the first (tonic) note of any major scale in solmization|
doha	n|the capital and chief port of Qatar|
doily	n|a small round piece of linen placed under a dish or bowl|
doing business as	n|(law) a name under which a corporation conducts business that is not the legal name of the corporation as shown in its articles of incorporation|
doings	n|manner of acting or controlling yourself|
dojc	n|an agency of the Canadian government that provides litigation and legal advice and opinions to the government|
dol	n|a unit of pain intensity|
dolabrate	adj|having the shape of the head of an ax or cleaver|
dolabriform	adj|having the shape of the head of an ax or cleaver|
dolce	adv|gently and sweetly|
dolce far niente	n|carefree idleness|
doldrums	n|a state of inactivity (in business or art etc)|economic growth of less than 1% per year is considered to be economic stagnation	n|a belt of calms and light winds between the northern and southern trade winds of the Atlantic and Pacific|
dole	n|a share of money or food or clothing that has been charitably given|	n|money received from the state|
dole out	v|administer or bestow, as in small portions|administer critical remarks to everyone present
doled out	adj|given out in portions|
doleful	adj|filled with or evoking sadness|the child's doleful expression
dolefully	adv|with sadness; in a sorrowful manner|his mother looked at him dolefully when he told her he had joined the Army
dolefulness	n|sadness caused by grief or affliction|
dolichocephalic	adj|having a relatively long head with a cephalic index of under 75|	n|an adult with a long narrow head|
dolichocephalism	n|the quality of being dolichocephalic|
dolichocephaly	n|the quality of being dolichocephalic|
dolichocranial	adj|having a relatively long head with a cephalic index of under 75|
dolichocranic	adj|having a relatively long head with a cephalic index of under 75|
dolichonyx	n|bobolinks|
dolichos	n|genus of chiefly tropical vines often placed in genera Dipogon or Lablab or Macrotyloma|
dolichos biflorus	n|twining herb of Old World tropics cultivated in India for food and fodder; sometimes placed in genus Dolichos|
dolichos lablab	n|perennial twining vine of Old World tropics having trifoliate leaves and racemes of fragrant purple pea-like flowers followed by maroon pods of edible seeds; grown as an ornamental and as a vegetable on the Indian subcontinent; sometimes placed in genus Dolichos|
dolichos lignosus	n|South African evergreen partly woody vine grown for its clusters of rosy purple flowers followed by edible pods like snap beans; also grown as green manure; sometimes placed in genus Dolichos|
dolichotis	n|maras|
dolichotis patagonum	n|hare-like rodent of the pampas of Argentina|
doliolidae	n|oceanic tunicates|
doliolum	n|free-swimming oceanic tunicate with a barrel-shaped transparent body|
doll	n|a small replica of a person; used as a toy|	n|informal terms for a (young) woman|
doll up	v|use special care in dressing, making-up, etc.|She dolled herself up for the night out with her friends
doll's house	n|a house so small that it is likened to a child's plaything|	n|a small model of a house used as a toy by children|
dollar	n|the basic monetary unit in many countries; equal to 100 cents|	n|a piece of paper money worth one dollar|	n|a symbol of commercialism or greed|he worships the almighty dollar
dollar bill	n|a piece of paper money worth one dollar|
dollar diplomacy	n|diplomacy influenced by economic considerations|
dollar mark	n|a symbol of commercialism or greed|he worships the almighty dollar	n|a mark ($) written before a number to indicate that it stands for the number of dollars|
dollar sign	n|a symbol of commercialism or greed|he worships the almighty dollar	n|a mark ($) written before a number to indicate that it stands for the number of dollars|
dollar volume	n|the volume measured in dollars|the store's dollar volume continues to rise
dollarfish	n|small food fish of Atlantic coast|	n|any of several silvery marine fishes with very flat bodies|
dolled up	adj|dressed in fancy or formal clothing|
dollhouse	n|a house so small that it is likened to a child's plaything|	n|a small model of a house used as a toy by children|
dollop	n|a small measure (usually of food)|
dolly	n|conveyance consisting of a wheeled support on which a camera can be mounted|	n|conveyance consisting of a wheeled platform for moving heavy objects|	n|a small replica of a person; used as a toy|
dolman	n|a hussar's jacket worn over the shoulders|	n|a woman's cloak with dolman sleeves|
dolman jacket	n|a hussar's jacket worn over the shoulders|
dolman sleeve	n|a sleeve with a large armhole and tight cuff|
dolmas	n|well-seasoned rice (with nuts or currants or minced lamb) simmered or braised in stock|
dolmen	n|a prehistoric megalithic tomb typically having two large upright stones and a capstone|
dolobid	n|nonsteroidal anti-inflammatory (trade name Dolobid) used to treat arthritis and other inflammatory conditions|
dolomite	n|a kind of sedimentary rock resembling marble or limestone but rich in magnesium carbonate|	n|a light colored mineral consisting of calcium magnesium carbonate; a source of magnesium; used as a ceramic and as fertilizer|
dolomite alps	n|an eastern range of the Alps in northeastern Italy famous for their dolomitic limestone|
dolomitic	adj|relating to or consisting of dolomite|
dolophine hydrochloride	n|synthetic narcotic drug similar to morphine but less habit-forming; used in narcotic detoxification and maintenance of heroin addiction|
dolor	n|(poetry) painful grief|
dolorous	adj|showing sorrow|
dolour	n|(poetry) painful grief|
dolourous	adj|showing sorrow|
dolphin	n|large slender food and game fish widely distributed in warm seas (especially around Hawaii)|	n|any of various small toothed whales with a beaklike snout; larger than porpoises|
dolphin kick	n|a swimming kick; an up and down kick of the feet together|
dolphin oil	n|an unsaturated fatty oil obtained from dolphins and used as a fine lubricant|
dolphin striker	n|spar under the bowsprit of a sailboat|
dolphinfish	n|the lean flesh of a saltwater fish found in warm waters (especially in Hawaii)|	n|large slender food and game fish widely distributed in warm seas (especially around Hawaii)|
dolt	n|a person who is not very bright|The economy, stupid!
doltish	adj|heavy and dull and stupid|
doltishly	adv|in a stupid manner|he had stupidly bought a one way ticket
dom pedro	n|South African mixed drink made by mixing ice cream with whisky|
domain	n|a particular environment or walk of life|his social sphere is limited	n|territory over which rule or control is exercised|his domain extended into Europe	n|(mathematics) the set of values of the independent variable for which a function is defined|	n|people in general; especially a distinctive group of people with some shared interest|the Western world
domain name	n|strings of letters and numbers (separated by periods) that are used to name organizations and computers and addresses on the internet|domain names are organized hierarchically with the more generic parts to the right
domain of a function	n|(mathematics) the set of values of the independent variable for which a function is defined|
domatium	n|a part of a plant (e.g., a leaf) that has been modified to provide protection for insects or mites or fungi|
dombeya	n|any of various shrubs or small trees of the genus Dombeya grown for their rounded clusters of exquisite often sweet-scented flowers usually hanging beneath the leaves|
dome	n|a concave shape whose distinguishing characteristic is that the concavity faces downward|	n|informal terms for a human head|	n|a stadium that has a roof|	n|a hemispherical roof|
dome-shaped	adj|having the shape of a dome|
domed	adj|having a hemispherical vault or dome|
domed stadium	n|a stadium that has a roof|
domenikos theotocopoulos	n|Spanish painter (born in Greece) remembered for his religious works characterized by elongated human forms and dramatic use of color (1541-1614)|
domesday book	n|record of a British census and land survey in 1085-1086 ordered by William the Conqueror|
domestic	adj|of concern to or concerning the internal affairs of a nation|domestic issues such as tax rate and highway construction	adj|of or relating to the home|domestic servant	adj|of or involving the home or family|domestic worries	adj|converted or adapted to domestic use|domestic animals
domestic animal	n|any of various animals that have been tamed and made fit for a human environment|
domestic ass	n|domestic beast of burden descended from the African wild ass; patient but stubborn|
domestic cat	n|any domesticated member of the genus Felis|
domestic dog	n|a member of the genus Canis (probably descended from the common wolf) that has been domesticated by man since prehistoric times; occurs in many breeds|the dog barked all night
domestic flight	n|a flight that begins and ends in the same country|
domestic fowl	n|a domesticated gallinaceous bird thought to be descended from the red jungle fowl|
domestic goat	n|any of various breeds of goat raised for milk or meat or wool|
domestic help	n|a servant who is paid to perform menial tasks around the household|
domestic llama	n|used in the Andes as a beast of burden and source of wool; considered a domesticated variety of the guanaco|
domestic partner	n|a person (not necessarily a spouse) with whom you cohabit and share a long-term sexual relationship|
domestic pigeon	n|domesticated pigeon raised for sport or food|
domestic prelate	n|(Roman Catholic Church) a priest who is an honorary member of the papal household|
domestic science	n|theory and practice of homemaking|
domestic sheep	n|any of various breeds raised for wool or edible meat or skin|
domestic silkworm moth	n|stocky creamy-white Asiatic moth found almost entirely under human care; the source of most of the silk commerce|
domestic terrorism	n|terrorism practiced in your own country against your own people|the 1995 bombing of a federal building in Oklahoma City was an instance of domestic terrorism
domestic violence	n|violence or physical abuse directed toward your spouse or domestic partner or other members of a household|
domestically	adv|with respect to the internal affairs of a government|domestically, the president proposes a more moderate economic policy	adv|with respect to home or family|the housewife bored us with her domestically limited conversation
domesticate	v|adapt (a wild plant or unclaimed land) to the environment|domesticate oats	v|overcome the wildness of; make docile and tractable|He tames lions for the circus	v|make fit for cultivation, domestic life, and service to humans|The horse was domesticated a long time ago
domesticated	adj|converted or adapted to domestic use|domestic animals	adj|accustomed to home life; others find gratification in it"|some men think it unmanly to be domesticated
domesticated animal	n|any of various animals that have been tamed and made fit for a human environment|
domesticated silkworm moth	n|stocky creamy-white Asiatic moth found almost entirely under human care; the source of most of the silk commerce|
domestication	n|adaptation to intimate association with human beings|	n|the attribute of having been domesticated|	n|accommodation to domestic life|her explorer husband resisted all her attempts at domestication
domesticise	v|overcome the wildness of; make docile and tractable|He tames lions for the circus
domesticity	n|the quality of being domestic or domesticated|a royal family living in unpretentious domesticity	n|domestic activities or life|making a hobby of domesticity
domesticize	v|overcome the wildness of; make docile and tractable|He tames lions for the circus
domicile	n|(law) the residence where you have your permanent home or principal establishment and to where, whenever you are absent, you intend to return; every person is compelled to have one and only one domicile at a time|what's his legal residence?	n|housing that someone is living in|he built a modest dwelling near the pond	v|make one's home in a particular place or community|may parents reside in Florida
domiciliary	adj|of or relating to or provided in a domicile|domiciliary medical care
domiciliate	v|make one's home in a particular place or community|may parents reside in Florida	v|provide housing for|The immigrants were housed in a new development outside the town
domiciliation	n|temporary living quarters|
dominance	n|superior development of one side of the body|	n|the state that exists when one person or group has power over another|her apparent dominance of her husband was really her attempt to make him pay attention to her	n|the organic phenomenon in which one of a pair of alleles present in a genotype is expressed in the phenotype and the other allele of the pair is not|	n|the power or right to give orders or make decisions|he has the authority to issue warrants
dominant	adj|exercising influence or control|television plays a dominant role in molding public opinion	adj|(of genes) producing the same phenotype whether its allele is identical or dissimilar|	adj|most frequent or common|prevailing winds	n|(music) the fifth note of the diatonic scale|
dominant allele	n|an allele that produces the same phenotype whether its paired allele is identical or different|
dominant gene	n|gene that produces the same phenotype in the organism whether or not its allele identical|the dominant gene for brown eyes
dominate	v|be larger in number, quantity, power, status or importance|Money reigns supreme here	v|be in control|Her husband completely dominates her	v|have dominance or the power to defeat over|Her pain completely mastered her	v|be greater in significance than|the tragedy overshadowed the couple's happiness
dominated	adj|controlled or ruled by superior authority or power|	adj|harassed by persistent nagging|
dominating	adj|most powerful or important or influential|the economically ascendant class	adj|used of a height or viewpoint|a commanding view of the ocean	adj|offensively self-assured or given to exercising usually unwarranted power|an autocratic person
domination	n|social control by dominating|	n|power to dominate or defeat|mastery of the seas
dominatrix	n|a dominating woman (especially one who plays that role in a sadomasochistic sexual relationship)|
domine	n|a clergyman; especially a settled minister or parson|
dominee	n|a clergyman; especially a settled minister or parson|
domineer	v|rule or exercise power over (somebody) in a cruel and autocratic manner|her husband and mother-in-law tyrannize her
domineering	adj|tending to domineer|
domineeringly	adv|in a domineering manner|his wife behaved domineeringly
domineeringness	n|the trait of being imperious and overbearing|
domingo	n|Spanish operatic tenor noted for performances in operas by Verdi and Puccini (born in 1941)|
domingo de guzman	n|(Roman Catholic Church) Spanish priest who founded an order whose members became known as Dominicans or Black Friars (circa 1170-1221)|
dominic	n|(Roman Catholic Church) Spanish priest who founded an order whose members became known as Dominicans or Black Friars (circa 1170-1221)|
dominica	n|a country on the island of Dominica|	n|a volcanic island in the Windward Islands that was once a stronghold of the Carib Indians|
dominical	adj|of or relating to or coming from Jesus Christ|	adj|of or relating to Sunday as the Lord's Day|
dominican	adj|of or relating to or characteristic of the Dominican Republic or its people|the Dominican population	adj|of or relating to Saint Dominic or the Dominican order|Dominican monks	n|a Roman Catholic friar wearing the black mantle of the Dominican order|	n|a native or inhabitant of the Dominican Republic|
dominican dollar	n|the basic unit of money in Dominica|
dominican mahogany	n|mahogany tree of West Indies|
dominican monetary unit	n|monetary unit in the Dominican Republic|
dominican order	n|a Roman Catholic order of mendicant preachers founded in the 13th century|
dominican peso	n|the basic unit of money in the Dominican Republic; equal to 100 centavos|
dominican republic	n|a republic in the West Indies; located on the eastern two-thirds of the island of Hispaniola|
dominicus	n|first day of the week; observed as a day of rest and worship by most Christians|
dominie	n|a clergyman; especially a settled minister or parson|
dominion	n|dominance or power through legal authority|France held undisputed dominion over vast areas of Africa	n|a region marked off for administrative or other purposes|	n|one of the self-governing nations in the British Commonwealth|
dominion day	n|a legal holiday in Canada commemorating receiving Dominion status in 1867|
domino	n|a loose hooded cloak worn with a half mask as part of a masquerade costume|	n|a mask covering the upper part of the face but with holes for the eyes|	n|a small rectangular block used in playing the game of dominoes; the face of each block has two equal areas that can bear 0 to 6 dots|
domino effect	n|the consequence of one event setting off a chain of similar events (like a falling domino causing a whole row of upended dominos to fall)|
domino theory	n|the political theory that if one nation comes under communist control then neighboring nations will also come under communist control|
dominoes	n|any of several games played with small rectangular blocks|
dominos	n|any of several games played with small rectangular blocks|
dominus	n|a clergyman; especially a settled minister or parson|
domitian	n|Emperor of Rome; son of Vespasian who succeeded his brother Titus; instigated a reign of terror and was assassinated as a tyrant (51-96)|
domoic acid	n|a neurotoxin that is deadly for humans; found in various marine algae|
don	n|a Spanish gentleman or nobleman|	n|teacher at a university or college (especially at Cambridge or Oxford)|	n|the head of an organized crime family|	n|Celtic goddess; mother of Gwydion and Arianrhod; corresponds to Irish Danu|
don juan	n|a legendary Spanish nobleman and philanderer who became the hero of many poems and plays and operas|	n|any successful womanizer (after the legendary profligate Spanish nobleman)|
don luchino visconti conte di modrone	n|Italian filmmaker (1906-1976)|
don marquis	n|humorist who wrote about the imaginary life of cockroaches (1878-1937)|
don quixote	n|the hero of a romance by Cervantes; chivalrous but impractical|	n|any impractical idealist (after Cervantes' hero)|
don river	n|a European river in southwestern Russia; flows into the Sea of Azov|
don't-know	n|a person who responds `I don't know' in a public opinion poll|70% in favor, 13% opposed and 17% don't-knows
dona	n|a Spanish courtesy title or form of address for a woman|Dona Marguerita
donald duck	n|a fictional duck created in animated film strips by Walt Disney|
donald robert perry marquis	n|humorist who wrote about the imaginary life of cockroaches (1878-1937)|
donar	n|the Teutonic god of thunder; counterpart of Norse Thor|
donate	v|give to a charity or good cause|I donated blood to the Red Cross for the victims of the earthquake
donatello	n|Florentine sculptor famous for his lifelike sculptures (1386-1466)|
donation	n|a voluntary gift (as of money or service or ideas) made to some worthwhile cause|	n|act of giving in common with others for a common purpose especially to a charity|
donatism	n|a schismatic Christian religion in northern Africa from the 4th to the 7th century; held that only those who led a blameless life belonged in the church or could administer the sacraments|
donatist	adj|of or relating to Donatism|	n|an adherent of Donatism|
donato bramante	n|great Italian architect of the High Renaissance in Italy (1444-1514)|
donato d'agnolo bramante	n|great Italian architect of the High Renaissance in Italy (1444-1514)|
donato di betto bardi	n|Florentine sculptor famous for his lifelike sculptures (1386-1466)|
donatus	n|Roman grammarian whose textbook on Latin grammar was used throughout the Middle Ages (fourth century)|
donbas	n|an industrial region in the Ukraine|
donbass	n|an industrial region in the Ukraine|
done	adj|having finished or arrived at completion|certain to make history before he's done	adj|cooked until ready to serve|
done for	adj|destroyed or killed|we are gone geese	adj|doomed to extinction|
done with	adj|having no further concern with|he was through with school and he was through with family"- John Dos Passos
donee	n|the recipient of funds or other benefits|
donets basin	n|an industrial region in the Ukraine|
donetsk	n|an industrial city in the Donets Basin|
donetske	n|an industrial city in the Donets Basin|
dong	n|the basic unit of money in Vietnam|	v|go `ding dong', like a bell|
dongle	n|(computer science) an electronic device that must be attached to a computer in order for it to use protected software|
donizetti	n|Italian composer of operas (1797-1848)|
donjon	n|the main tower within the walls of a medieval castle or fortress|
donkey	n|the symbol of the Democratic Party; introduced in cartoons by Thomas Nast in 1874|	n|domestic beast of burden descended from the African wild ass; patient but stubborn|
donkey boiler	n|(nautical) an extra boiler (as a ship's boiler that is used while the ship is in port)|
donkey cart	n|a cart with an underslung axle and two seats|
donkey engine	n|a locomotive for switching rolling stock in a railroad yard|	n|(nautical) a small engine (as one used on board ships to operate a windlass)|
donkey jacket	n|a short thick jacket; often worn by workmen|
donkey pump	n|a supplementary pump available if needed|
donkeywork	n|hard monotonous routine work|
donkin	n|English engineer who developed a method of preserving food by sterilizing it with heat and sealing it inside a steel container--the first tin can (1768-1855)|
donna	n|an Italian woman of rank|
donne	n|English clergyman and metaphysical poet celebrated as a preacher (1572-1631)|
donnean	adj|of or relating to or in the manner of John Donne|
donner pass	n|a mountain pass in northeastern California near Lake Tahoe; site where in 1844 some members of an emigrant party survived by eating those who had died|
donnian	adj|of or relating to or in the manner of John Donne|
donnish	adj|marked by a narrow focus on or display of learning especially its trivial aspects|
donor	n|person who makes a gift of property|	n|(medicine) someone who gives blood or tissue or an organ to be used in another person (the host)|
donor card	n|a card that you carry on your person and that authorizes the use of your organs for transplantation after your death|
donut	n|a small ring-shaped friedcake|
doo-wop	n|a genre (usually a cappella) of Black vocal-harmony music of the 1950s that evolved in New York City from gospel singing; characterized by close four-part harmonies; the name derived from some of the nonsense syllables sung by the backup|
doodad	n|something unspecified whose name is either forgotten or not known|she eased the ball-shaped doodad back into its socket
doodia	n|any fern of the genus Doodia having pinnate fronds with sharply dentate pinnae|	n|in some classification systems placed in family Polypodiaceae; small terrestrial colony-forming ferns of Australasia|
doodle	n|an aimless drawing|	v|make a doodle; draw aimlessly|
doodlebug	n|a small motor vehicle|	n|a small jet-propelled winged missile that carries a bomb|	n|the larva of any of several insects|
doodly-squat	n|a small worthless amount|you don't know jack
doofus	n|a stupid incompetent person|
doohickey	n|something unspecified whose name is either forgotten or not known|she eased the ball-shaped doodad back into its socket
doojigger	n|something unspecified whose name is either forgotten or not known|she eased the ball-shaped doodad back into its socket
doom	n|an unpleasant or disastrous destiny|everyone was aware of the approaching doom but was helpless to avoid it	v|decree or designate beforehand|She was destined to become a great pianist	v|pronounce a sentence on (somebody) in a court of law|He was condemned to ten years in prison	v|make certain of the failure or destruction of|This decision will doom me to lose my position
doomed	adj|marked for certain death|the black spot told the old sailor he was doomed	adj|in danger of the eternal punishment of Hell|poor damned souls	adj|marked by or promising bad fortune|their business venture was doomed from the start	adj|(usually followed by `to') determined by tragic fate|doomed to unhappiness
doomsday	n|(New Testament) day at the end of time following Armageddon when God will decree the fates of all individual humans according to the good and evil of their earthly lives|	n|an unpleasant or disastrous destiny|everyone was aware of the approaching doom but was helpless to avoid it
doomsday book	n|record of a British census and land survey in 1085-1086 ordered by William the Conqueror|
door	n|a swinging or sliding barrier that will close the entrance to a room or building or vehicle|he knocked on the door	n|the entrance (the space in a wall) through which you enter or leave a room or building; the space that a door can close|he stuck his head in the doorway	n|anything providing a means of access (or escape)|we closed the door to Haitian immigrants	n|a structure where people live or work (usually ordered along a street or road)|the office next door
door guard	n|someone who guards an entrance|
door latch	n|spring-loaded doorlock that can only be opened from the outside with a key|
door prize	n|tickets are passed out at the entrance to a dance or party or other social function and a prize is awarded to the holder of the winning ticket|
door-to-door	adj|(of e.g. journeys or deliveries) direct from point of origin to point of destination|the limousine offers door-to-door service	adj|omitting no one; from the door of one house to that of the next|a door-to-door campaign
doorbell	n|a push button at an outer door that gives a ringing or buzzing signal when pushed|
doorcase	n|the frame that supports a door|
doorframe	n|the frame that supports a door|
doorhandle	n|a knob used to release the catch when opening a door (often called `doorhandle' in Great Britain)|
doorjamb	n|a jamb for a door|
doorkeeper	n|an official stationed at the entrance of a courtroom or legislative chamber|	n|the lowest of the minor Holy Orders in the unreformed Western Church but now suppressed by the Roman Catholic Church|	n|someone who guards an entrance|
doorknob	n|a knob used to release the catch when opening a door (often called `doorhandle' in Great Britain)|
doorknocker	n|a device (usually metal and ornamental) attached by a hinge to a door|
doorlock	n|a lock on an exterior door|
doorman	n|someone who guards an entrance|
doormat	n|a person who is physically weak and ineffectual|	n|a mat placed outside an exterior door for wiping the shoes before entering|
doornail	n|a nail with a large head; formerly used to decorate doors|
doorplate	n|a nameplate fastened to a door; indicates the person who works or lives there|
doorpost	n|a jamb for a door|
doorsill	n|the sill of a door; a horizontal piece of wood or stone that forms the bottom of a doorway and offers support when passing through a doorway|
doorstep	n|the sill of a door; a horizontal piece of wood or stone that forms the bottom of a doorway and offers support when passing through a doorway|
doorstop	n|a stop that keeps open doors from moving|
doorstopper	n|a stop that keeps open doors from moving|
doorway	n|the entrance (the space in a wall) through which you enter or leave a room or building; the space that a door can close|he stuck his head in the doorway
dooryard	n|a yard outside the front or rear door of a house|
dopa	n|amino acid that is formed in the liver and converted into dopamine in the brain|
dopamine	n|a monoamine neurotransmitter found in the brain and essential for the normal functioning of the central nervous system; as a drug (trade names Dopastat and Intropin) it is used to treat shock and hypotension|
dopastat	n|a monoamine neurotransmitter found in the brain and essential for the normal functioning of the central nervous system; as a drug (trade names Dopastat and Intropin) it is used to treat shock and hypotension|
dope	n|street names for marijuana|	n|an ignorant or foolish person|	n|slang terms for inside information|is that the straight dope?	v|take drugs to improve one's athletic performance|
dope off	v|change from a waking to a sleeping state|he always falls asleep during lectures
dope sheet	n|a racing publication giving information on horses and the outcomes of horse races|
dope up	v|give a narcotic to|The athletes were dope by the coach before the race
doped	adj|treated or impregnated with a foreign substance|	adj|under the influence of narcotics|knocked out by doped wine
dopey	adj|having or revealing stupidity|ridiculous anserine behavior
doppelganger	n|a ghostly double of a living person that haunts its living counterpart|
doppelzentner	n|a unit of weight equal to 100 kilograms|
doppler	n|Austrian physicist famous for his discovery of the Doppler effect (1803-1853)|
doppler effect	n|change in the apparent frequency of a wave as observer and source move toward or away from each other|
doppler radar	n|radar that uses the Doppler shift to measure velocity|
doppler shift	n|change in the apparent frequency of a wave as observer and source move toward or away from each other|
dopy	adj|having or revealing stupidity|ridiculous anserine behavior
dorado	n|a constellation in the southern hemisphere near Reticulum and Pictor; contains most of the Large Magellanic Cloud|
dorbeetle	n|Old World dung beetle that flies with a droning sound|
dorian	adj|of or relating to the ancient Greek inhabitants of Doris, to their Doric dialect of Greek, or to their culture|	n|a member of one of four linguistic divisions of the prehistoric Greeks|	n|the ancient Greek inhabitants of Doris who entered Greece from the north about 1100 BC|
dorian order	n|the oldest and simplest of the Greek orders and the only one that normally has no base|
doric	adj|of or pertaining to the Doric style of architecture|	n|the dialect of Ancient Greek spoken in Doris|
doric dialect	n|the dialect of Ancient Greek spoken in Doris|
doric order	n|the oldest and simplest of the Greek orders and the only one that normally has no base|
doriden	n|sedative (trade name Doriden) used to treat some sleep disorders|
doris	n|(Greek mythology) wife of Nereus and mother of the Nereids|	n|a small region of ancient Greece where the Doric dialect was spoken|
doris lessing	n|English author of novels and short stories who grew up in Rhodesia (now Zimbabwe) (born in 1919)|
doris may lessing	n|English author of novels and short stories who grew up in Rhodesia (now Zimbabwe) (born in 1919)|
dork	n|a dull stupid fatuous person|
dorking	n|an English breed of large domestic fowl having five toes (the hind toe doubled)|
dorm	n|a college or university building containing living quarters for students|
dorm room	n|a large sleeping room containing several beds|
dormancy	n|a state of quiet (but possibly temporary) inaction|the volcano erupted after centuries of dormancy	n|quiet and inactive restfulness|
dormant	adj|in a condition of biological rest or suspended animation|dormant buds	adj|(of e.g. volcanos) not erupting and not extinct|a dormant volcano	adj|lying with head on paws as if sleeping|	adj|inactive but capable of becoming active|her feelings of affection are dormant but easily awakened
dormant account	n|a savings account showing no activity (other than posting interest) for some specified period|the dormant account reverted to the state under escheat laws
dormer	n|a gabled extension built out from a sloping roof to accommodate a vertical window|
dormer window	n|the window in a gabled extension built to accommodate a window|	n|a gabled extension built out from a sloping roof to accommodate a vertical window|
dormie	adj|in match play a side that stands as many holes ahead as there are holes remaining to be played|he was dormie three and still lost the match
dormition	n|celebration in the Eastern Orthodox Church of the Virgin Mary's being taken up into heaven when her earthly life ended; corresponds to the Assumption in the Roman Catholic Church and is also celebrated on August 15th|
dormitory	n|a college or university building containing living quarters for students|	n|a large sleeping room containing several beds|
dormitory room	n|a large sleeping room containing several beds|
dormouse	n|small furry-tailed squirrel-like Old World rodent that becomes torpid in cold weather|
dormy	adj|in match play a side that stands as many holes ahead as there are holes remaining to be played|he was dormie three and still lost the match
doronicum	n|genus of Eurasian perennial tuberous or rhizomatous herbs: leopard's bane|
doroteo arango	n|Mexican revolutionary leader (1877-1923)|
dorotheanthus	n|a caryophyllaceous genus of Dorotheanthus|
dorotheanthus bellidiformis	n|low-growing showy succulent annual of South Africa having white or pink or red or orange flowers and spatulate leaves covered in papillae that resemble small crystals|
dorothy hodgkin	n|English chemist (born in Egypt) who used crystallography to study the structure of organic compounds (1910-1994)|
dorothy l. sayers	n|English writer of detective fiction (1893-1957)|
dorothy leigh sayers	n|English writer of detective fiction (1893-1957)|
dorothy mary crowfoot hodgkin	n|English chemist (born in Egypt) who used crystallography to study the structure of organic compounds (1910-1994)|
dorothy sayers	n|English writer of detective fiction (1893-1957)|
dorsal	adj|belonging to or on or near the back or upper surface of an animal or organ or part|the dorsal fin is the vertical fin on the back of a fish and certain marine mammals	adj|facing away from the axis of an organ or organism|the abaxial surface of a leaf is the underside or side facing away from the stem
dorsal fin	n|unpaired median fin on the backs of fishes and some other aquatic vertebrates that help to maintain balance|
dorsal horn	n|one of two roots of a spinal nerve that passes dorsally from the spinal cord and that consists of sensory fibers|
dorsal root	n|one of two roots of a spinal nerve that passes dorsally from the spinal cord and that consists of sensory fibers|
dorsal scapular vein	n|vein that is a tributary of the subclavian vein or external jugular vein and accompanies the descending scapular artery|
dorsal vertebra	n|one of 12 vertebrae in the human vertebral column; thoracic vertebrae extend from the seventh cervical vertebra down to the first lumbar vertebra|
dorsally	adv|in a dorsal location or direction|
dorsiflexion	n|the act of bending backward (of the body or a body part)|
dorsoventral	adj|extending from the back to the belly|
dorsoventrally	adv|in a dorsoventral direction|the ray has a dorsoventrally flattened body
dorsum	n|the posterior part of a human (or animal) body from the neck to the end of the spine|his back was nicely tanned	n|the back of the body of a vertebrate or any analogous surface (as the upper or outer surface of an organ or appendage or part)|the dorsum of the foot
dortmund	n|an industrial city in northwestern Germany; flourished from the 13th to 17th century as a member of the Hanseatic League|
dory	n|a small boat of shallow draft with cross thwarts for seats and rowlocks for oars with which it is propelled|	n|pike-like freshwater perches|	n|marine fishes widely distributed in mid-waters and deep slope waters|
dorylinae	n|army ants|
doryopteris	n|small to medium tropical tufted ferns; sometimes placed in family Adiantaceae|
dos	n|an operating system that is on a disk|
dosage	n|the quantity of an active agent (substance or radiation) taken in or absorbed at any one time|	n|a measured portion of medicine taken at any one time|
dose	n|a measured portion of medicine taken at any one time|	n|the quantity of an active agent (substance or radiation) taken in or absorbed at any one time|	n|a communicable infection transmitted by sexual intercourse or genital contact|	n|street name for lysergic acid diethylamide|
dose rate	n|the quantity of radiation absorbed per unit time|
dosed	adj|treated with some kind of application|a mustache dosed with bear grease
dosemeter	n|a measuring instrument for measuring doses of ionizing radiation (X-rays or radioactivity)|
dosimeter	n|a measuring instrument for measuring doses of ionizing radiation (X-rays or radioactivity)|
dosimetry	n|measuring the dose of radiation emitted by a radioactive source|
doss	v|sleep in a convenient place|You can crash here, though it's not very comfortable
doss down	v|sleep in a convenient place|You can crash here, though it's not very comfortable
dossal	n|an ornamental hanging of rich fabric hung behind the altar of a church or at the sides of a chancel|
dossel	n|an ornamental hanging of rich fabric hung behind the altar of a church or at the sides of a chancel|
dosser	n|someone who sleeps in any convenient place|
dosshouse	n|a cheap lodging house|
dossier	n|a collection of papers containing detailed information about a particular person or subject (usually a person's record)|
dostoevski	n|Russian novelist who wrote of human suffering with humor and psychological insight (1821-1881)|
dostoevskian	adj|of or relating to or in the style of Feodor Dostoevski|
dostoevsky	n|Russian novelist who wrote of human suffering with humor and psychological insight (1821-1881)|
dostoyevskian	adj|of or relating to or in the style of Feodor Dostoevski|
dostoyevsky	n|Russian novelist who wrote of human suffering with humor and psychological insight (1821-1881)|
dot	n|a very small circular shape|a row of points	n|the shorter of the two telegraphic signals used in Morse code|	n|street name for lysergic acid diethylamide|	v|scatter or intersperse like dots or studs|Hills constellated with lights
dot com	n|a company that operates its business primarily on the internet using a URL that ends in `.com'|
dot com company	n|a company that operates its business primarily on the internet using a URL that ends in `.com'|
dot matrix	n|a rectangular matrix of dots from which written characters can be formed|
dot matrix printer	n|a printer that represents each character as a pattern of dots from a dot matrix|
dot printer	n|a printer that represents each character as a pattern of dots from a dot matrix|
dot product	n|a real number (a scalar) that is the product of two vectors|
dot-com	adj|of or relating to an internet company|a dot-com outfit in San Francisco	n|a company that operates its business primarily on the internet using a URL that ends in `.com'|
dotage	n|mental infirmity as a consequence of old age; sometimes shown by foolish infatuations|
dotard	n|an oldster in his dotage; someone whose age has impaired his intellect|
dote	v|be foolish or senile due to old age|	v|shower with love; show excessive affection for|Grandmother dotes on the twins
doting	adj|extravagantly or foolishly loving and indulgent|adoring grandparents
dotrel	n|rare plover of upland areas of Eurasia|
dotted	adj|having a pattern of dots|	adj|having gaps or spaces|sign on the dotted line
dotted line	n|a line made up of dots or dashes; often used to indicate where you are supposed to sign a contract|just sign on the dotted line
dotterel	n|rare plover of upland areas of Eurasia|
dottily	adv|in a mildly insane manner|the old lady is beginning to behave quite dottily
dottle	n|the residue of partially burnt tobacco left caked in the bowl of a pipe after smoking|
dotty	adj|informal or slang terms for mentally irregular|it used to drive my husband balmy	adj|intensely enthusiastic about or preoccupied with|crazy about cars and racing
douala	n|the largest city of Cameroon|
douay bible	n|an English translation of the Vulgate by Roman Catholic scholars|
douay version	n|an English translation of the Vulgate by Roman Catholic scholars|
douay-rheims bible	n|an English translation of the Vulgate by Roman Catholic scholars|
douay-rheims version	n|an English translation of the Vulgate by Roman Catholic scholars|
double	v|increase twofold|The population doubled within 50 years	v|hit a two-base hit|	v|bend over or curl up, usually with laughter or pain|He doubled and vomited violently	v|do double duty; serve two purposes or have two functions|She doubles as his wife and secretary
double agent	n|a spy who works for two mutually antagonistic countries|
double back	v|retrace one's course|The hikers got into a storm and had to turn back
double bar	n|notation marking the end of principal parts of a musical composition; two adjacent bar lines|
double bass	n|largest and lowest member of the violin family|
double bassoon	n|the bassoon that is the largest instrument in the oboe family|
double bed	n|a bed wide enough to accommodate two sleepers|
double bind	n|(psychology) an unresolvable dilemma; situation in which a person receives contradictory messages from a person who is very powerful|
double birdie	v|shoot two strokes under par|She eagled the hole
double blind	n|a test procedure in which the identity of those receiving the intervention is concealed from both the administrators and the subjects until after the test is completed; designed to reduce or eliminate bias in the results|
double bogey	v|to shoot two strokes over par|
double boiler	n|two saucepans, one fitting inside the other|
double bond	n|a covalent bond in which two pairs of electrons are shared between two atoms|
double check	n|something that checks the correctness of a previous check|
double chin	n|a fold of fatty tissue under the chin|
double clinch	n|a clinch with two loops|
double cream	n|fresh soft French cheese containing at least 60% fat|
double creme	n|cream with a fat content of 48% or more|
double crochet	n|a kind of crochet stitch|	v|make by double stitching|
double cross	v|betray by double-dealing|	n|an act of betrayal|he gave us the old double cross
double dagger	n|a character used in printing to indicate a cross reference or footnote|
double damages	n|twice the amount that a court would normally find the injured party entitled to|
double date	n|a date in which two couples participate|
double decomposition	n|a chemical reaction between two compounds in which parts of each are interchanged to form two new compounds (AB+CD=AD+CB)|
double decomposition reaction	n|a chemical reaction between two compounds in which parts of each are interchanged to form two new compounds (AB+CD=AD+CB)|
double digit	n|a two-digit integer; from 10 to 99|
double dipper	n|someone who draws two incomes from the government (usually by combining a salary and a pension)|
double dipping	n|two incomes received from the same source (as by holding a government job and receiving a government pension)|
double door	n|two vertical doors that meet in the middle of the door frame when closed|
double dribble	n|an illegal dribble in basketball (the player uses both hands to dribble or the player starts to dribble a second time after coming to a stop)|
double dutch	n|an incomprehensible talk|	n|the difficult version of jump rope in which players jump over two ropes that are swung in a crisscross manner by two turners|
double dye	v|dye twice|
double eagle	n|(golf) a score of three strokes under par on a hole|
double entendre	n|an ambiguity with one interpretation that is indelicate|
double entry	n|bookkeeper debits the transaction to one account and credits it to another|
double fault	n|(tennis) two successive faults in serving resulting in the loss of the point|
double feature	n|two games instead of one (especially in baseball when the same two teams play two games on the same day)|
double first	n|a first-class honours degree in two subjects|
double flat	n|a musical notation of two flats in front of a note indicating that it is to be lowered by two semitones|
double glazing	n|a window with two panes of glass and a space between them; reduces heat and noise transmission through the window|
double gloucester	n|a smooth firm mild orange-red cheese|
double gold	n|very tall branching herb with showy much-doubled yellow flower heads|
double helix	n|a pair of parallel helices intertwined about a common axis|the shape of the DNA molecule is a double helix
double indemnity	n|a clause in an insurance policy that provides for double the face value of the policy in the case of accidental death|
double knit	n|a knit fabric similar to jersey that is made with two sets of needles producing a double thickness joined by interlocking stitches|
double leg circle	n|a gymnastic exercise performed on the pommel horse when the gymnast (with legs together) swings his legs in a circle while alternating hands on the pommels|
double negative	n|an affirmative constructed from two negatives|A not unwelcome outcome	n|a grammatically substandard but emphatic negative|I don't never go
double obelisk	n|a character used in printing to indicate a cross reference or footnote|
double over	v|bend over or curl up, usually with laughter or pain|He doubled and vomited violently
double play	n|the act of getting two players out on one play|
double pneumonia	n|lobar pneumonia involving both lungs|
double quick	adv|at a faster speed|now let's play the piece again double-quick
double quotes	n|a pair of quotation marks|
double reed	n|a woodwind that has a pair of joined reeds that vibrate together|	n|a pair of joined reeds that vibrate together to produce the sound in some woodwinds|
double refraction	n|splitting a ray into two parallel rays polarized perpendicularly|
double replacement reaction	n|a chemical reaction between two compounds where the positive ion of one compound is exchanged with the positive ion of another compound|
double rhyme	n|a two-syllable rhyme|`ended' and `blended' form a double rhyme
double salt	n|a solution of two simple salts that forms a single substance on crystallization|
double saucepan	n|two saucepans, one fitting inside the other|
double sharp	n|a musical notation of two sharps in front of a note indicating that it is to be raised by two semitones|
double standard	n|an ethical or moral code that applies more strictly to one group than to another|
double standard of sexual behavior	n|a code that permits greater sexual freedom for men than for women (associated with the subordination of women)|
double star	n|a system of two stars that revolve around each other under their mutual gravitation|
double stitch	n|a kind of crochet stitch|	v|make by double stitching|
double stopping	n|stopping two strings and producing two notes at the same time|
double take	n|a delayed reaction indicating surprise|
double talk	n|deliberately unintelligible gibberish|
double time	adv|at a faster speed|now let's play the piece again double-quick	n|a fast marching pace (180 steps/min) or slow jog|	n|a doubled wage (for working overtime)|
double tongue	v|play fast notes on a wind instrument|
double up	v|bend over or curl up, usually with laughter or pain|He doubled and vomited violently	v|share a room or a bed designed for only one person|	v|stake winnings from one bet on a subsequent wager|
double vision	n|visual impairment in which an object is seen as two objects|diplopia often disappears when one eye is covered
double-barreled	adj|having two barrels mounted side by side|a double-barreled shotgun	adj|having two purposes; twofold|our double-barreled desire to make things profitable as well as attractive"- Louis Kronenbergers
double-barrelled	adj|having two barrels mounted side by side|a double-barreled shotgun	adj|having two purposes; twofold|our double-barreled desire to make things profitable as well as attractive"- Louis Kronenbergers
double-bass	adj|pitched an octave below normal bass instrumental or vocal range|contrabass or double-bass clarinet
double-bedded	adj|having a double bed|a double-bedded room
double-bitted ax	n|an ax that has cutting edges on both sides of the head|
double-bitted axe	n|an ax that has cutting edges on both sides of the head|
double-blind experiment	n|an experimental procedure in which neither the subjects of the experiment nor the persons administering the experiment know the critical aspects of the experiment|a double-blind procedure is used to guard against both experimenter bias and placebo effects
double-blind procedure	n|an experimental procedure in which neither the subjects of the experiment nor the persons administering the experiment know the critical aspects of the experiment|a double-blind procedure is used to guard against both experimenter bias and placebo effects
double-blind study	n|an experimental procedure in which neither the subjects of the experiment nor the persons administering the experiment know the critical aspects of the experiment|a double-blind procedure is used to guard against both experimenter bias and placebo effects
double-bogey	n|(golf) a score of two strokes over par for a hole|
double-breasted	adj|(of clothing) fastened by lapping one edge of the front well over the other usually with a double row of buttons|double-breasted jacket
double-breasted jacket	n|a jacket having fronts that overlap enough for two separate rows of buttons|
double-breasted suit	n|a suit with a double-breasted jacket|
double-check	v|check once more to be absolutely sure|
double-chinned	adj|having sagging folds of flesh beneath the chin or lower jaw|
double-crosser	n|a person who says one thing and does another|
double-crossing	n|an act of betrayal|he gave us the old double cross
double-date	v|go out on a date with a partner and another couple|let's double date this Saturday
double-dealer	n|a person who says one thing and does another|
double-dealing	adj|marked by deliberate deceptiveness especially by pretending one set of feelings and acting under the influence of another|she was a deceitful scheming little thing"- Israel Zangwill	n|acting in bad faith; deception by pretending to entertain one set of intentions while acting under the influence of another|
double-decker	n|a vehicle carrying many passengers; used for public transport|he always rode the bus to work
double-dyed	adj|without qualification; used informally as (often pejorative) intensifiers|an arrant fool
double-edged	adj|capable of being interpreted in two usually contradictory ways|double-edged praise
double-entry bookkeeping	n|bookkeeper debits the transaction to one account and credits it to another|
double-faced	adj|(of fabrics) having faces on both sides|damask is a double-faced fabric	adj|marked by deliberate deceptiveness especially by pretending one set of feelings and acting under the influence of another|she was a deceitful scheming little thing"- Israel Zangwill
double-geared	adj|equipped with compound gearing consisting of 2 pinions and 2 wheels in mesh to increase the mechanical advantage|the double-geared lifting mechanism of a crane	adj|(of a lathe) equipped with gearing for reducing the speed of the spindle from that of the driving pulley|a back-geared lathe
double-glaze	v|provide with two sheets of glass|
double-humped	adj|having two humps|
double-hung window	n|a window having two sashes that slide up and down|
double-jointed	adj|having unusually flexible joints especially of the limbs or fingers|
double-magnum	n|a large wine bottle (holds 4/5 of a gallon)|
double-park	v|park a vehicle alongside another|
double-prop	n|a propeller plane with an engine that drives two propellers in opposite directions (for stability)|
double-propeller plane	n|a propeller plane with an engine that drives two propellers in opposite directions (for stability)|
double-quick	adj|(of a marching cadence) very quick|
double-reed instrument	n|a woodwind that has a pair of joined reeds that vibrate together|
double-space	v|type with a full space between lines|
double-spaced	adj|(of type or print) having a blank line between lines of type|manuscripts must be double-spaced
double-spacing	n|typing that leaves alternate lines blank|
double-team	v|cover with two defensive players|
double-tongued	adj|marked by deliberate deceptiveness especially by pretending one set of feelings and acting under the influence of another|she was a deceitful scheming little thing"- Israel Zangwill
double-u	n|the 23rd letter of the Roman alphabet|
doubled	adj|twice as great or many|ate a double portion
doubleheader	n|two games instead of one (especially in baseball when the same two teams play two games on the same day)|
doubler	n|an electronic device that doubles the voltage or the frequency of an input signal|
doubles	n|badminton played with two players on each side|	n|tennis played with two players on each side|
doublespeak	n|any language that pretends to communicate but actually does not|
doublet	n|a man's close-fitting jacket; worn during the Renaissance|
doublethink	n|believing two contradictory ideas at the same time|
doubleton	n|(bridge) a pair of playing cards that are the only cards in their suit in the hand dealt to a player|
doubletree	n|a crossbar on a wagon or carriage to which two whiffletrees are attached in order to harness two horses abreast|
doubling	n|increase by a factor of two|doubling with a computer took no time at all	n|raising the stakes in a card game by a factor of 2|I decided his double was a bluff
doubloon	n|a former Spanish gold coin|
doubly	adv|to double the degree|she was doubly rewarded	adv|in a twofold manner|he was doubly wrong
doubly transitive verb	n|a transitive verb that takes both a direct and an indirect object|
doubly transitive verb form	n|a transitive verb that takes both a direct and an indirect object|
doubt	n|the state of being unsure of something|	n|uncertainty about the truth or factuality or existence of something|the dubiousness of his claim	v|consider unlikely or have doubts about|I doubt that she will accept his proposal of marriage	v|lack confidence in or have doubts about|I doubt these reports
doubter	n|someone who habitually doubts accepted beliefs|	n|someone who is doubtful or noncommittal about something|
doubtful	adj|open to doubt or suspicion|the candidate's doubtful past	adj|fraught with uncertainty or doubt|they were doubtful that the cord would hold	adj|unsettled in mind or opinion|drew a few tentative conclusions
doubtfully	adv|in a doubtful manner|Gerald shook his head doubtfully
doubtfulness	n|the state of being unsure of something|	n|uncertainty about the truth or factuality or existence of something|the dubiousness of his claim
doubting	adj|marked by or given to doubt|a skeptical attitude
doubting thomas	n|the Apostle who would not believe the resurrection of Jesus until he saw Jesus with his own eyes|	n|someone who demands physical evidence in order to be convinced (especially when this demand is out of place)|
doubtless	adv|without doubt; certainly|it's undoubtedly very beautiful
doubtlessly	adv|without doubt; certainly|it's undoubtedly very beautiful
douche	n|a small syringe with detachable nozzles; used for vaginal lavage and enemas|	n|irrigation with a jet of water or medicated solution into or around a body part (especially the vagina) to treat infections or cleanse from odorous contents|	v|direct a spray of water into a bodily cavity, for cleaning|
douche bag	n|a small syringe with detachable nozzles; used for vaginal lavage and enemas|
dough	n|a flour mixture stiff enough to knead or roll|	n|informal terms for money|
doughboy	n|a rounded lump of dough that is deep-fried and served as hot bread|the doughboy was a predecessor of the doughnut
doughnut	n|a toroidal shape|a ring of ships in the harbor	n|a small ring-shaped friedcake|
doughnut-shaped	adj|shaped like a ring|
doughy	adj|having the consistency of dough because of insufficient leavening or improper cooking; it's a doughy mess"|the cake fell
douglas fir	n|strong durable timber of a douglas fir|	n|tall evergreen timber tree of western North America having resinous wood and short needles|
douglas hemlock	n|lofty douglas fir of northwestern North America having short needles and egg-shaped cones|
douglas pine	n|lofty douglas fir of northwestern North America having short needles and egg-shaped cones|
douglas spruce	n|lofty douglas fir of northwestern North America having short needles and egg-shaped cones|
doula	n|an assistant (often the father of the soon-to-be-born child) who provides support for a woman in labor by encouraging her to use techniques learned in childbirth-preparation classes|
dour	adj|stubbornly unyielding|dogged persistence	adj|harshly uninviting or formidable in manner or appearance|a dour, self-sacrificing life	adj|showing a brooding ill humor|a dark scowl
doura	n|sorghums of dry regions of Asia and North Africa|
dourah	n|sorghums of dry regions of Asia and North Africa|
dourly	adv|in a sullen manner|he sat in his chair dourly
douroucouli	n|nocturnal monkey of Central America and South America with large eyes and thick fur|
douse	v|put out, as of a candle or a light|Douse the lights	v|wet thoroughly|	v|dip into a liquid|He dipped into the pool	v|immerse briefly into a liquid so as to wet, coat, or saturate|dip the garment into the cleaning solution
dousing	n|the act of wetting something by submerging it|
dove	n|any of numerous small pigeons|	n|someone who prefers negotiations to armed conflict in the conduct of foreign relations|	n|a constellation in the southern hemisphere near Puppis and Caelum|	n|flesh of a pigeon suitable for roasting or braising; flesh of a dove (young squab) may be broiled|
dove's foot geranium	n|western geranium with small pink flowers; a common weed on lawns and in vacant lots|
dovecote	n|a birdhouse for pigeons|
dovekie	n|small short-billed auk abundant in Arctic regions|
dover	n|the capital of the state of Delaware|
dover's powder	n|a medicinal powder made essentially of ipecac and opium; formerly used to relieve pain and induce perspiration|
dovetail	v|fit together tightly, as if by means of a dovetail|	n|a mortise joint formed by interlocking tenons and mortises|
dovetail joint	n|a mortise joint formed by interlocking tenons and mortises|
dovetail plane	n|a woodworking plane designed to make the grooves for dovetail joints|
dovish	adj|opposed to war|
dovishness	n|any political orientation favoring compromise to avoid conflict|
dovyalis	n|small genus of sometimes spiny shrubs or small trees; Africa; India; Sri Lanka|
dovyalis caffra	n|vigorous South African spiny shrub grown for its round yellow juicy edible fruits|
dovyalis hebecarpa	n|a small shrubby spiny tree cultivated for its maroon-purple fruit with sweet purple pulp tasting like gooseberries; Sri Lanka and India|
dow jones	n|an indicator of stock market prices; based on the share values of 30 blue-chip stocks listed on the New York Stock Exchange|the Dow Jones Industrial Average is the most widely cited indicator of how the stock market is doing
dow-jones industrial average	n|an indicator of stock market prices; based on the share values of 30 blue-chip stocks listed on the New York Stock Exchange|the Dow Jones Industrial Average is the most widely cited indicator of how the stock market is doing
dowager	n|a widow holding property received from her deceased husband|
dowager's hump	n|abnormal spinal curvature that results when osteoporosis causes the spine to collapse; seen most often in elderly women|
dowdily	adv|in a dowdy unfashionable manner|she dresses dowdily
dowdiness	n|having a drab or dowdy quality; lacking stylishness or elegance|
dowding	n|British marshal of the RAF who commanded the British air defense forces that defeated the Luftwaffe during the Battle of Britain (1882-1970)|
dowdy	adj|lacking in smartness or taste|a dowdy grey outfit	adj|primly out of date|nothing so frumpish as last year's gambling game	n|British marshal of the RAF who commanded the British air defense forces that defeated the Luftwaffe during the Battle of Britain (1882-1970)|	n|deep-dish apple dessert covered with a rich crust|
dowel	n|a fastener that is inserted into holes in two adjacent pieces and holds them together|
dowel pin	n|a fastener that is inserted into holes in two adjacent pieces and holds them together|
doweling	n|fastening by dowels|
dower	n|money or property brought by a woman to her husband at marriage|	n|a life estate to which a wife is entitled on the death of her husband|	v|furnish with an endowment|When she got married, she got dowered
dowered	adj|supplied with a dower or dowry|
dowerless	adj|lacking a dowry|
dowery	n|money or property brought by a woman to her husband at marriage|
dowitcher	n|shorebird of the sandpiper family that resembles a snipe|
dowland	n|English lutenist and composer of songs for the lute (1563-1626)|
down	adj|being or moving lower in position or less in some value|lay face down	adj|extending or moving from a higher to a lower place|the down staircase	adj|becoming progressively lower|the down trend in the real estate market	adj|being put out by a strikeout|two down in the bottom of the ninth
down easter	n|a native or resident of Maine|
down feather	n|soft fine feathers|
down in the mouth	adj|filled with melancholy and despondency|gloomy at the thought of what he had to face
down pat	adj|understood perfectly|had his algebra problems down
down payment	n|a partial payment made at the time of purchase; the balance to be paid later|
down quark	n|a stable quark with an electric charge of -1/3 and a mass 607 times that of an electron|
down syndrome	n|a congenital disorder caused by having an extra 21st chromosome; results in a flat face and short stature and mental retardation|
down the stairs	adv|on a floor below|the tenants live downstairs
down town	n|the center of a city|
down's syndrome	n|a congenital disorder caused by having an extra 21st chromosome; results in a flat face and short stature and mental retardation|
down-and-out	adj|lacking resources (or any prospect of resources)|	n|a person who is destitute|he tried to help the down-and-out
down-bow	n|a downward stroke from the heel to the tip of the bow|
down-to-earth	adj|sensible and practical|has a straightforward down-to-earth approach to a problem
downbeat	n|the first beat of a musical measure (as the conductor's arm moves downward)|
downbound	adj|heading in any direction that is conventionally down|a downbound channel
downcast	adj|directed downward|a downcast glance	adj|filled with melancholy and despondency|gloomy at the thought of what he had to face	n|a ventilation shaft through which air enters a mine|
downdraft	n|a strong downward air current|
downer	n|a drug that reduces excitability and calms a person|
downfall	n|failure that results in a loss of position or reputation|	n|the falling to earth of any form of water (rain or snow or hail or sleet or mist)|	n|a sudden decline in strength or number or importance|the fall of the House of Hapsburg
downfield	adj|toward or in the defending team's end of the playing field|he threw to a downfield receiver
downgrade	v|rate lower; lower in value or esteem|	n|the property possessed by a slope or surface that descends|
downhearted	adj|filled with melancholy and despondency|gloomy at the thought of what he had to face
downheartedness	n|a feeling of low spirits|he felt responsible for her lowness of spirits
downhill	adj|sloping down rather steeply|	adv|toward a lower or inferior state|your performance has been going downhill for a long time now	adv|toward the bottom of a hill|running downhill, he gained a lot of speed	n|the downward slope of a hill|
downiness	n|a light softness|
downing street	n|a street of Westminster in London|the Prime Minister lives at No. 10 Downing Street	n|the British government|
downlike	adj|like down or as soft as down|
download	v|transfer a file or program from a central computer to a smaller computer or to a computer at a remote location|
downmarket	adj|designed for low-income consumers|
downplay	v|represent as less significant or important|	v|understate the importance or quality of|he played down his royal ancestry
downpour	n|a heavy rain|
downright	adv|thoroughgoing|he is outright dishonest	adj|characterized by plain blunt honesty|a downright answer	adj|complete and without restriction or qualification; sometimes used informally as intensifiers|absolute freedom
downrightness	n|the quality of being direct and straightforward|what some people take for rudeness is really straightforwardness
downriver	adv|away from the source or with the current|
downscale	adj|intended for people with low incomes|mass-produced downscale versions of high-priced fashions
downshift	n|a change from a financially rewarding but stressful career to a less well paid but more fulfilling one|	n|a change to a lower gear in a car or bicycle|
downside	n|a negative aspect of something that is generally positive|there is a downside even to motherhood
downsize	v|dismiss from work|three secretaries were downsized during the financial crisis	v|design or manufacture in a smaller size|the car makers downsized the SUVs when fuel became very expensive	v|(of a company) reduce in size or number of employees|the company downsized its research staff
downsizing	n|the reduction of expenditures in order to become financially stable|
downslope	n|a downward slope or bend|
downspin	n|a swift and dangerous downturn|
downstage	adj|of the front half of a stage|	adv|at or toward the front of the stage|the actors moved further and further downstage	n|the front half of the stage (as seen from the audience)|
downstair	adj|on or of lower floors of a building|the downstairs (or downstair) phone
downstairs	adv|on a floor below|the tenants live downstairs	adj|on or of lower floors of a building|the downstairs (or downstair) phone
downstream	adv|away from the source or with the current|	adj|in the direction of a stream's current|
downstroke	n|a stroke normally made in a downward direction|
downswing	n|a swing downward of a golf club|	n|a worsening of business or economic activity|the market took a downturn
downtick	n|a transaction in the stock market at a price below the price of the preceding transaction|
downtime	n|a period of time when something (as a machine or factory) is not operating (especially as a result of malfunctions)|
downtown	adj|of or located in the lower part of a town, or in the business center|downtown Manhattan	n|the central area or commercial center of a town or city|the heart of Birmingham's downtown	adv|toward or in the lower or central part of town|
downtrodden	adj|abused or oppressed by people in power|
downturn	n|a worsening of business or economic activity|the market took a downturn
downward	adj|extending or moving from a higher to a lower place|the down staircase	adj|on or toward a surface regarded as a base|he lay face downward	adv|spatially or metaphorically from a higher to a lower level or position|don't fall down
downward-arching	adj|curving downward|
downward-sloping	adj|sloping down rather steeply|
downwardly	adv|spatially or metaphorically from a higher to a lower level or position|don't fall down
downwards	adv|spatially or metaphorically from a higher to a lower level or position|don't fall down
downwind	adv|with the wind; in the direction the wind is blowing|they flew downwind	adv|toward the wind|they were sailing windward	adj|towards the side away from the wind|
downy	adj|like down or as soft as down|	adj|covered with fine soft hairs or down|downy milkweed seeds
downy birch	n|European birch with dull white to pale brown bark and somewhat drooping hairy branches|
downy brome	n|annual or winter annual grass with softly hairy leaves of the Mediterranean|
downy bromegrass	n|annual or winter annual grass with softly hairy leaves of the Mediterranean|
downy cheat	n|annual or winter annual grass with softly hairy leaves of the Mediterranean|
downy chess	n|annual or winter annual grass with softly hairy leaves of the Mediterranean|
downy manzanita	n|erect openly branched California shrub whose twigs are woolly when young|
downy mildew	n|any of various fungi of the family Peronosporaceae parasitic on e.g. grapes and potatoes and melons|
downy wood mint	n|a variety of wood mint|
downy yellow violet	n|violet of eastern North America having softly pubescent leaves and stems and clear yellow flowers with brown-purple veins|
dowry	n|money or property brought by a woman to her husband at marriage|
dowse	n|searching for underground water or minerals by using a dowsing rod|	v|wet thoroughly|	v|use a divining rod in search of underground water or metal|	v|slacken|douse a rope
dowser	n|someone who uses a divining rod to find underground water|	n|forked stick that is said to dip down to indicate underground water or oil|
dowsing	n|searching for underground water or minerals by using a dowsing rod|
dowsing rod	n|forked stick that is said to dip down to indicate underground water or oil|
doxastic logic	n|the modal logic of belief and disbelief|
doxazosin	n|an antihypertensive drug (trade name Cardura) that works by relaxing blood vessels so that blood passes through them more easily; it is also used to treat benign prostatic hyperplasia|
doxepin	n|a tricyclic antidepressant (trade names Adapin and Sinequan) with numerous side effects (dry mouth and sedation and gastrointestinal disturbances)|
doxepin hydrochloride	n|a tricyclic antidepressant (trade names Adapin and Sinequan) with numerous side effects (dry mouth and sedation and gastrointestinal disturbances)|
doxology	n|a hymn or verse in Christian liturgy glorifying God|
doxorubicin	n|an antibiotic used as an anticancer drug|
doxy	n|a woman who cohabits with an important man|
doxycycline	n|an antibiotic derived from tetracycline that is effective against many infections|Vibramycin is the trade name of doxycycline
doyen	n|a man who is the senior member of a group|he is the dean of foreign correspondents
doyenne	n|a woman who is the senior member of a group|
doyley	n|a small round piece of linen placed under a dish or bowl|
doyly	n|a small round piece of linen placed under a dish or bowl|
doze	v|sleep lightly or for a short period of time|	n|a light fitful sleep|
doze off	v|change from a waking to a sleeping state|he always falls asleep during lectures
dozen	adj|denoting a quantity consisting of 12 items or units|	n|the cardinal number that is the sum of eleven and one|
dozens	n|a large number or amount|made lots of new friends
dozer	n|large powerful tractor; a large blade in front flattens areas of ground|
dozy	adj|half asleep|made drowsy by the long ride
dp	n|a person forced to flee from home or country|
dph	n|a doctor's degree in preventive medicine|
dphil	n|a British doctorate|
dprk	n|a communist country in the northern half of the Korean Peninsula; established in 1948|
dpt vaccine	n|abbreviation for combination vaccine against diphtheria and pertussis (whooping cough) and tetanus toxoids; usually given in a series of injections in early childhood|
dr.	n|a person who holds Ph.D. degree (or the equivalent) from an academic institution|she is a doctor of philosophy in physics	n|a licensed medical practitioner|I felt so bad I went to see my doctor
dr. johnson	n|English writer and lexicographer (1709-1784)|
drab	adj|lacking in liveliness or charm or surprise|her drab personality	adj|lacking brightness or color; dull|drab faded curtains	adj|of a light brownish green color|	adj|causing dejection|a blue day
draba	n|any of numerous low-growing cushion-forming plants of the genus Draba having rosette-forming leaves and terminal racemes of small flowers with scapose or leafy stems; fruit is a dehiscent oblong or linear silique|
draba verna	n|annual weed of Europe and North America having a rosette of basal leaves and tiny flowers followed by oblong seed capsules|
drably	adv|in a drab manner|she dresses drably
drabness	n|having a drab or dowdy quality; lacking stylishness or elegance|
dracaena	n|an agave that is often cultivated for its decorative foliage|
dracaena draco	n|tall tree of the Canary Islands; source of dragon's blood|
dracaenaceae	n|one of two subfamilies to which some classification systems assign some members of the Agavaceae|
dracenaceae	n|one of two subfamilies to which some classification systems assign some members of the Agavaceae|
drachm	n|a unit of apothecary weight equal to an eighth of an ounce or to 60 grains|	n|a British imperial capacity measure (liquid or dry) equal to 60 minims or 3.5516 cubic centimeters|	n|a unit of capacity or volume in the apothecary system equal to one eighth of a fluid ounce|
drachma	n|a unit of apothecary weight equal to an eighth of an ounce or to 60 grains|	n|formerly the basic unit of money in Greece|
draco	n|Athenian lawmaker whose code of laws prescribed death for almost every offense (circa 7th century BC)|	n|a faint constellation twisting around the north celestial pole and lying between Ursa Major and Cepheus|	n|a reptile genus known as flying dragons or flying lizards|
draconian	adj|of or relating to Draco or his harsh code of laws|Draconian measures
dracula	n|fictional vampire in a gothic horror novel by Bram Stoker|
dracunculiasis	n|a painful and debilitating infestation contracted by drinking stagnant water contaminated with Guinea worm larvae that can mature inside a human's abdomen until the worm emerges through a painful blister in the person's skin|
dracunculidae	n|greatly elongated roundworm|
dracunculus	n|tuberous herbaceous perennials: dragon arum|	n|type genus of the family Dracunculidae|
dracunculus medinensis	n|parasitic roundworm of India and Africa that lives in the abdomen or beneath the skin of humans and other vertebrates|
dracunculus vulgaris	n|European arum resembling the cuckoopint|
draft	n|a document ordering the payment of money; drawn by one person or bank on another|	n|a current of air (usually coming into a chimney or room or vehicle)|	n|a preliminary sketch of a design or picture|	n|a serving of drink (usually alcoholic) drawn from a keg|they served beer on draft
draft animal	n|an animal used for pulling heavy loads|
draft beer	n|beer drawn from a keg|
draft board	n|a board to select personnel for involuntary military service|
draft copy	n|any of the various versions in the development of a written work|a preliminary draft
draft dodger	n|someone who is drafted and illegally refuses to serve|
draft evader	n|someone who is drafted and illegally refuses to serve|
draft horse	n|horse adapted for drawing heavy loads|
draftee	n|someone who is drafted into military service|
drafter	n|a writer of a draft|
drafting	n|writing a first version to be filled out and polished later|	n|the craft of drawing blueprints|	n|the creation of artistic pictures or diagrams|he learned drawing from his father
drafting board	n|a smooth board on which paper is placed for making drawings|
drafting instrument	n|an instrument used by a draftsman in making drawings|
drafting table	n|a worktable with adjustable top|
draftsman	n|a skilled worker who draws plans of buildings or machines|	n|an artist skilled at drawing|
draftsmanship	n|the creation of artistic pictures or diagrams|he learned drawing from his father
draftsperson	n|a skilled worker who draws plans of buildings or machines|
drafty	adj|not airtight|
drag	v|pull, as against a resistance|He dragged the big suitcase behind him	v|draw slowly or heavily|haul stones	v|force into some kind of situation, condition, or course of action|They were swept up by the events	v|move slowly and as if with great effort|
drag a bunt	v|hit a ball in such a way so as to make it go a short distance|
drag coefficient	n|the ratio of the drag on a body moving through air to the product of the velocity and the surface area of the body|
drag down	v|exert a force with a heavy weight|The snow bore down on the roof
drag in	v|force into some kind of situation, condition, or course of action|They were swept up by the events
drag on	v|last unnecessarily long|	v|proceed for an extended period of time|The speech dragged on for two hours
drag one's feet	v|postpone doing what one should be doing|He did not want to write the letter and procrastinated for days
drag one's heels	v|postpone doing what one should be doing|He did not want to write the letter and procrastinated for days
drag out	v|last unnecessarily long|	v|proceed for an extended period of time|The speech dragged on for two hours
drag through the mud	v|speak unfavorably about|She badmouths her husband everywhere
drag up	v|mention something unpleasant from the past|Drag up old stories
dragee	n|silvery candy beads used for decorating cakes|	n|sugar-coated nut or fruit piece|	n|pill that is a sugar-coated medicated candy|
dragger	n|someone who pulls or tugs or drags in an effort to move something|	n|a fishing boat that uses a trawl net or dragnet to catch fish|
dragging	adj|marked by a painfully slow and effortful manner|it was a strange dragging approach
draggingly	adv|in a dragging manner|
draggle	v|make wet and dirty, as from rain|
draggled	adj|limp and soiled as if dragged in the mud|the beggar's bedraggled clothes
dragnet	n|a system of coordinated measures for apprehending (criminals or other individuals)|caught in the police dragnet	n|a conical fishnet dragged through the water at great depths|
dragoman	n|an interpreter and guide in the Near East; in the Ottoman Empire in the 18th and 19th centuries a translator of European languages for the Turkish and Arab authorities and most dragomans were Greek (many reached high positions in the government)|
dragon	n|a creature of Teutonic mythology; usually represented as breathing fire and having a reptilian body and sometimes wings|	n|a fiercely vigilant and unpleasant woman|	n|a faint constellation twisting around the north celestial pole and lying between Ursa Major and Cepheus|	n|any of several small tropical Asian lizards capable of gliding by spreading winglike membranes on each side of the body|
dragon arum	n|European arum resembling the cuckoopint|
dragon lizard	n|the largest lizard in the world (10 feet); found on Indonesian islands|
dragon tree	n|tall tree of the Canary Islands; source of dragon's blood|
dragon's blood	n|a dark red resinous substance derived from various trees and used in photoengraving|
dragon's eye	n|Asian fruit similar to litchi|
dragon's mouth	n|a bog orchid with usually a solitary fragrant magenta pink blossom with a wide gaping corolla; Canada|
dragonet	n|small often brightly colored scaleless marine bottom-dwellers; found in tropical and warm temperate waters of Europe and America|
dragonfly	n|slender-bodied non-stinging insect having iridescent wings that are outspread at rest; adults and nymphs feed on mosquitoes etc.|
dragoon	n|a member of a European military unit formerly composed of heavily armed cavalrymen|	v|compel by coercion, threats, or crude means|They sandbagged him to make dinner for everyone	v|subjugate by imposing troops|
dragunov	n|a sniper rifle with a telescopic sight|
drain	v|flow off gradually|The rain water drains into this big vat	v|deplete of resources|The exercise class drains me of energy	v|empty of liquid; drain the liquid from|We drained the oil tank	v|make weak|Life in the camp drained him
drain basket	n|a filter in a sink drain; traps debris but passes water|
drain the cup	v|drink to the last drop|drink up--there's more wine coming
drainage	n|emptying something accomplished by allowing liquid to run out of it|
drainage area	n|the entire geographical area drained by a river and its tributaries; an area characterized by all runoff being conveyed to the same outlet|flood control in the Missouri basin
drainage basin	n|the entire geographical area drained by a river and its tributaries; an area characterized by all runoff being conveyed to the same outlet|flood control in the Missouri basin
drainage ditch	n|a ditch for carrying off excess water or sewage|
drainage system	n|a system of watercourses or drains for carrying off excess water|
drainboard	n|a board beside a kitchen sink and inclined to drain into the sink|
drained	adj|emptied or exhausted of (as by drawing off e.g. water or other liquid)|a drained marsh	adj|very tired|	adj|drained of electric charge; discharged|a dead battery
draining	adj|having a debilitating effect|an exhausting job in the hot sun
draining board	n|a board beside a kitchen sink and inclined to drain into the sink|
drainpipe	n|a pipe through which liquid is carried away|
drainplug	n|a removable plug for holding water in a tub or basin|
drake	n|English explorer and admiral who was the first Englishman to circumnavigate the globe and who helped to defeat the Spanish Armada (1540-1596)|	n|adult male of a wild or domestic duck|
dram	n|a unit of apothecary weight equal to an eighth of an ounce or to 60 grains|	n|1/16 ounce or 1.771 grams|	n|the basic unit of money in Armenia|
drama	n|a dramatic work intended for performance by actors on a stage|he wrote several plays but only one was produced on Broadway	n|an episode that is turbulent or highly emotional|	n|the literary genre of works intended for the theater|	n|the quality of being arresting or highly emotional|
drama critic	n|a critic of theatrical performances|
dramamine	n|antihistamine and antiemetic (trade name Dramamine) used to treat motion sickness|
dramatic	adj|suitable to or characteristic of drama|a dramatic entrance in a swirling cape	adj|sensational in appearance or thrilling in effect|a dramatic sunset	adj|pertaining to or characteristic of drama|dramatic arts	adj|used of a singer or singing voice that is marked by power and expressiveness and a histrionic or theatrical style|a dramatic tenor
dramatic art	n|the art of writing and producing plays|
dramatic composition	n|a play for performance on the stage or television or in a movie etc.|
dramatic event	n|an episode that is turbulent or highly emotional|
dramatic irony	n|(theater) irony that occurs when the meaning of the situation is understood by the audience but not by the characters in the play|
dramatic performance	n|the act of performing a drama|the group joined together in a dramatic production
dramatic play	n|a dramatic work intended for performance by actors on a stage|he wrote several plays but only one was produced on Broadway
dramatic production	n|the act of performing a drama|the group joined together in a dramatic production
dramatic work	n|a play for performance on the stage or television or in a movie etc.|
dramatically	adv|in a very impressive manner|your performance will improve dramatically	adv|in a dramatic manner|he confessed dramatically	adv|with respect to dramatic value|the play was dramatically interesting, but the direction was bad
dramatics	n|participation in theatrical productions as an extracurricular activity|	n|the art of writing and producing plays|
dramatis personae	n|the actors in a play|
dramatisation	n|conversion into dramatic form|the play was a dramatization of a short story	n|a dramatic representation|
dramatise	v|put into dramatic form|adopt a book for a screenplay	v|represent something in a dramatic manner|These events dramatize the lack of social responsibility among today's youth	v|add details to|
dramatist	n|someone who writes plays|
dramatization	n|conversion into dramatic form|the play was a dramatization of a short story	n|a dramatic representation|
dramatize	v|put into dramatic form|adopt a book for a screenplay	v|represent something in a dramatic manner|These events dramatize the lack of social responsibility among today's youth	v|add details to|
dramaturgic	adj|relating to the technical aspects of drama|
dramaturgical	adj|relating to the technical aspects of drama|
dramaturgy	n|the art of writing and producing plays|
drambuie	n|a sweet Scotch whisky liqueur|
drape	v|arrange in a particular way|drape a cloth	v|place casually|The cat draped herself on the sofa	v|cover as if with clothing|the mountain was clothed in tropical trees	v|cover or dress loosely with cloth|drape the statue with a sheet
draped	adj|covered with or as if with clothes or a wrap or cloak|leaf-clothed trees	adj|covered in folds of cloth|velvet-draped windows
draper	n|a dealer in fabrics and sewing materials (and sometimes in clothing and drygoods)|
drapery	n|hanging cloth used as a blind (especially for a window)|	n|cloth gracefully draped and arranged in loose folds|
drastic	adj|forceful and extreme and rigorous|drastic measures
drastically	adv|in a drastic manner|
draught	n|a serving of drink (usually alcoholic) drawn from a keg|they served beer on draft	n|a large and hurried swallow|he finished it at a single gulp	n|a current of air (usually coming into a chimney or room or vehicle)|	n|the depth of a vessel's keel below the surface (especially when loaded)|
draught beer	n|beer drawn from a keg|
draught horse	n|horse adapted for drawing heavy loads|
draughts	n|a checkerboard game for two players who each have 12 pieces; the object is to jump over and so capture the opponent's pieces|
draughtsman	n|a skilled worker who draws plans of buildings or machines|
draughty	adj|not airtight|
dravidian	n|a member of one of the aboriginal inhabitants of India|	n|a large family of languages spoken in south and central India and Sri Lanka|
dravidian language	n|a large family of languages spoken in south and central India and Sri Lanka|
dravidic	n|a large family of languages spoken in south and central India and Sri Lanka|
draw	v|cause to move by pulling|draw a wagon	v|get or derive|He drew great benefits from his membership in the association	v|make a mark or lines on a surface|draw a line	v|make, formulate, or derive in the mind|I draw a line here
draw a bead on	v|aim with a gun|The hunter drew a bead on the rabbit	v|have an ambitious plan or a lofty goal|
draw a blank	v|be unable to remember|I'm drawing a blank
draw a line	v|reasonably object (to) or set a limit (on)|I draw the line when it comes to lending money to friends!
draw and quarter	v|pull (a person) apart with four horses tied to his extremities, so as to execute him|in the old days, people were drawn and quartered for certain crimes
draw away	v|move ahead of (one's competitors) in a race|	v|remove by drawing or pulling|She placed the tray down and drew off the cloth
draw back	v|pull back or move away or backward|The enemy withdrew	v|use a surgical instrument to hold open (the edges of a wound or an organ)|
draw close	v|move or arrange oneself in a comfortable and cozy position|We cuddled against each other to keep warm	v|move towards|We were approaching our destination	v|pull towards oneself|He drew the crying child close
draw in	v|pull inward or towards a center|The pilot drew in the landing gear	v|direct toward itself or oneself by means of some psychological power or physical attributes|Her good looks attract the stares of many men	v|shape one's body into a curl|She curled farther down under the covers	v|advance or converge on|The police were closing in on him
draw near	v|move towards|We were approaching our destination
draw off	v|remove by drawing or pulling|She placed the tray down and drew off the cloth	v|remove (a commodity) from (a supply source)|She drew $2,000 from the account
draw out	v|cause to speak|Can you draw her out--she is always so quiet	v|lengthen in time; cause to be or last longer|We prolonged our stay	v|make more sociable|The therapist drew out the shy girl	v|deduce (a principle) or construe (a meaning)|We drew out some interesting linguistic data from the native informant
draw poker	n|poker in which a player can discard cards and receive substitutes from the dealer|he played only draw and stud
draw rein	v|control and direct with or as if by reins|rein a horse
draw the line	v|reasonably object (to) or set a limit (on)|I draw the line when it comes to lending money to friends!
draw together	v|bring together in a common cause or emotion|The death of their child had drawn them together
draw up	v|form or arrange in order or formation, as of a body of soldiers|	v|straighten oneself|He drew himself up when he talked to his superior	v|cause (a vehicle) to stop|He pulled up the car in front of the hotel	v|make up plans or basic details for|frame a policy
drawback	n|the quality of being a hindrance|he pointed out all the drawbacks to my plan
drawbar	n|a strong metal bar bearing a hook to attach something to be pulled|
drawbridge	n|a bridge that can be raised to block passage or to allow boats or ships to pass beneath it|
drawee	n|the person (or bank) who is expected to pay a check or draft when it is presented for payment|
drawer	n|a boxlike container in a piece of furniture; made so as to slide in and out|	n|the person who writes a check or draft instructing the drawee to pay someone else|	n|an artist skilled at drawing|
drawers	n|underpants worn by men|	n|(used in the plural) underpants worn by women|she was afraid that her bloomers might have been showing
drawing	n|an illustration that is drawn by hand and published in a book, magazine, or newspaper|it is shown by the drawing in Fig. 7	n|a representation of forms or objects on a surface by means of lines|drawings of abstract forms	n|the creation of artistic pictures or diagrams|he learned drawing from his father	n|players buy (or are given) chances and prizes are distributed by casting lots|
drawing board	n|a smooth board on which paper is placed for making drawings|
drawing card	n|an entertainer who attracts large audiences|he was the biggest drawing card they had	n|a featured article of merchandise sold at a loss in order to draw customers|
drawing chalk	n|colored chalks used by artists|
drawing ink	n|a black liquid ink used for printing or writing or drawing|
drawing lots	n|making a chance decision by using lots (straws or pebbles etc.) that are thrown or drawn|
drawing off	n|act of getting or draining something such as electricity or a liquid from a source|the drawing of water from the well
drawing paper	n|paper that is specially prepared for use in drafting|
drawing pin	n|a tack for attaching papers to a bulletin board or drawing board|
drawing power	n|the capacity for attracting people (customers or supporters)|
drawing room	n|a formal room where visitors can be received and entertained|	n|a private compartment on a sleeping car with three bunks and a toilet|
drawing string	n|a tie consisting of a cord that goes through a seam around an opening|he pulled the drawstring and closed the bag
drawing table	n|a worktable with adjustable top|
drawing-room car	n|a passenger car for day travel; you pay extra fare for individual chairs|
drawknife	n|a woodworker's knife to shave surfaces|
drawl	n|a slow speech pattern with prolonged vowels|	v|lengthen and slow down or draw out|drawl one's vowels
drawler	n|someone who speaks with a drawl|
drawn	adj|showing the wearing effects of overwork or care or suffering|looking careworn as she bent over her mending	adj|having the curtains or draperies closed or pulled shut|the drawn draperies kept direct sunlight from fading the rug
drawn butter	n|butter made clear by heating and removing the sediment of milk solids|
drawn-out	adj|relatively long in duration; tediously protracted|a drawn-out argument	adj|(used of speech) uttered slowly with prolonged vowels|
drawnwork	n|ornamental needlework done by drawing threads to form lacelike patterns|
drawshave	n|a woodworker's knife to shave surfaces|
drawstring	n|a tie consisting of a cord that goes through a seam around an opening|he pulled the drawstring and closed the bag
drawstring bag	n|a bag that is closed at the top with a drawstring|
dray	n|a low heavy horse cart without sides; used for haulage|
dray horse	n|horse adapted for drawing heavy loads|
drayhorse	n|draft horse kept for pulling carts|
dread	n|fearful expectation or anticipation|the student looked around the examination room with apprehension	v|be afraid or scared of; be frightened of|I fear the winters in Moscow	adj|causing fear or dread or terror|the awful war
dreaded	adj|causing fear or dread or terror|the awful war
dreadful	adj|causing fear or dread or terror|the awful war	adj|exceptionally bad or displeasing|atrocious taste	adj|extremely disagreeable and unpleasant|don't go out, the weather is dreadful
dreadfully	adv|of a dreadful kind|there was a dreadfully bloody accident on the road this morning	adv|in a dreadful manner|as he looks at the mess he has left behind he must wonder how the Brits so often managed to succeed in the kind of situation where he has so dismally failed
dreadfulness	n|a quality of extreme unpleasantness|
dreadlock	n|one of many long thin braids of hair radiating from the scalp; popularized by Rastafarians|
dreadnaught	n|battleship that has big guns all of the same caliber|
dreadnought	n|battleship that has big guns all of the same caliber|
dream	n|a series of mental images and emotions occurring during sleep|I had a dream about you last night	n|imaginative thoughts indulged in while awake|he lives in a dream that has nothing to do with reality	n|a cherished desire|his ambition is to own his own business	n|a fantastic but vain hope (from fantasies induced by the opium pipe)|I have this pipe dream about being emperor of the universe
dream up	v|devise or invent|He thought up a plan to get rich quickly
dreamed	adj|conceived of or imagined or hoped for|his dreamed symphony that would take the world of music by storm
dreamer	n|someone who is dreaming|	n|someone guided more by ideals than by practical considerations|	n|a person who escapes into a world of fantasy|
dreamfully	adv|in a dreamy manner|`She would look beautiful in the new dress,' Tommy said dreamily
dreamily	adv|in a dreamy manner|`She would look beautiful in the new dress,' Tommy said dreamily
dreaminess	n|a relaxed comfortable feeling|
dreaming	n|imaginative thoughts indulged in while awake|he lives in a dream that has nothing to do with reality	n|a series of mental images and emotions occurring during sleep|I had a dream about you last night
dreamland	n|a pleasing country existing only in dreams or imagination|
dreamless	adj|untroubled by dreams|a sound and dreamless sleep
dreamlike	adj|resembling a dream|night invested the lake with a dreamlike quality
dreamworld	n|a pleasing country existing only in dreams or imagination|
dreamy	adj|dreamy in mood or nature|a woolgathering moment	adj|lacking spirit or liveliness|a lackadaisical attempt
drear	adj|causing dejection|a blue day
drearily	adv|in a cheerless manner|in August 1914, there was a dismally sentimental little dinner, when the French, German, Austrian and Belgian members of the committee drank together to the peace of the future
dreariness	n|extreme dullness; lacking spirit or interest|
dreary	adj|lacking in liveliness or charm or surprise|her drab personality	adj|causing dejection|a blue day
dreck	n|merchandise that is shoddy or inferior|
dredge	n|a power shovel to remove material from a channel or riverbed|	v|cover before cooking|dredge the chicken in flour before frying it	v|search (as the bottom of a body of water) for something valuable or lost|	v|remove with a power shovel, usually from a bottom of a body of water|
dredge up	v|mention something unpleasant from the past|Drag up old stories
dredger	n|a barge (or a vessel resembling a barge) that is used for dredging|
dredging bucket	n|a bucket for lifting material from a channel or riverbed|
dreg	n|a small amount of residue|
dregs	n|sediment that has settled at the bottom of a liquid|
dreissena	n|zebra mussels|
dreissena polymorpha	n|inch long mollusk imported accidentally from Europe; clogs utility inlet pipes and feeds on edible freshwater mussels|
drench	v|drench or submerge or be drenched or submerged|The tsunami swamped every boat in the harbor	v|force to drink|	v|permeate or impregnate|The war drenched the country in blood	v|cover with liquid; pour liquid onto|souse water on his hot face
drenched	adj|abundantly covered or supplied with; often used in combination|drenched in moonlight
drenched in	adj|abundantly covered or supplied with; often used in combination|drenched in moonlight
drenching	n|the act of making something completely wet|he gave it a good drenching
drepanididae	n|Hawaiian honeycreepers|
drepanis	n|a genus of Drepanididae|
drepanocytic anaemia	n|a congenital form of anemia occurring mostly in blacks; characterized by abnormal blood cells having a crescent shape|
drepanocytic anemia	n|a congenital form of anemia occurring mostly in blacks; characterized by abnormal blood cells having a crescent shape|
dresden	n|a city in southeastern Germany on the Elbe River; it was almost totally destroyed by British air raids in 1945|
dress	v|put on clothes|we had to dress quickly	v|provide with clothes or put clothes on|Parents must feed and dress their child	v|put a finish on|dress the surface smooth	v|dress in a certain manner|She dresses in the latest Paris fashion
dress blues	n|a dress uniform for formal occasions|
dress circle	n|a curved section or tier of seats in a hall or theater or opera house; usually the first tier above the orchestra|they had excellent seats in the dress circle
dress code	n|a set of rules specifying the correct manner of dress while on the premises of the institution (or specifying what manner of dress is prohibited)|
dress down	v|censure severely or angrily|The mother scolded the child for entering a stranger's car	v|dress informally and casually|On Fridays, employees can underdress
dress hanger	n|a hanger that is shaped like a person's shoulders and used to hang garments on|
dress hat	n|a man's hat with a tall crown; usually covered with silk or with beaver fur|
dress out	v|kill and prepare for market or consumption|dress a turkey
dress rack	n|a rack used primarily to display dresses for sale in a store|
dress rehearsal	n|a full uninterrupted rehearsal in costumes shortly before the first performance|
dress ship	v|decorate a ship with flags|
dress shirt	n|a man's white shirt (with a starch front) for evening wear (usually with a tuxedo)|
dress shop	n|a shop that sells women's clothes and jewelry|
dress suit	n|formalwear consisting of full evening dress for men|
dress uniform	n|a military uniform worn on formal occasions|
dress up	v|put on special clothes to appear particularly appealing and attractive|She never dresses up, even when she goes to the opera	v|make something appear superficially attractive|The researcher tried to dress up the uninteresting data	v|put a caparison on|caparison the horses for the festive occasion	v|dress in a costume|We dressed up for Halloween as pumpkins
dress whites	n|a dress uniform for formal occasions|
dressage	n|maneuvers of a horse in response to body signals by the rider|
dressed	adj|dressed or clothed especially in fine attire; often used in combination|the elegantly attired gentleman	adj|treated with medications and protective covering|	adj|(of lumber or stone) to trim and smooth|	adj|dressed in fancy or formal clothing|
dressed ore	n|the desired mineral that is left after impurities have been removed from mined ore|
dressed to kill	adj|dressed in fancy or formal clothing|
dressed to the nines	adj|dressed in fancy or formal clothing|
dressed-up	adj|dressed in fancy or formal clothing|
dresser	n|furniture with drawers for keeping clothes|	n|a person who dresses in a particular way|she's an elegant dresser	n|a wardrobe assistant for an actor|	n|low table with mirror or mirrors where one sits while dressing or applying makeup|
dressing	n|savory dressings for salads; basically of two kinds: either the thin French or vinaigrette type or the creamy mayonnaise type|	n|a mixture of seasoned ingredients used to stuff meats and vegetables|	n|making fertile as by applying fertilizer or manure|	n|a cloth covering for a wound or sore|
dressing case	n|a small piece of luggage for carrying brushes and bottles and toilet articles while traveling|
dressing down	n|a severe scolding|
dressing gown	n|a robe worn before dressing or while lounging|
dressing room	n|a room in which you can change clothes|
dressing sack	n|a woman's loose jacket; worn while dressing|
dressing sacque	n|a woman's loose jacket; worn while dressing|
dressing station	n|(military) a station located near a combat area for giving first aid to the wounded|
dressing table	n|low table with mirror or mirrors where one sits while dressing or applying makeup|
dressmaker	n|someone who makes or mends dresses|
dressmaker's model	n|someone who models dresses|
dressmaking	n|the craft of making dresses|
dressy	adj|in fancy clothing|
drey	n|the nest of a squirrel|
dreyfus	n|French army officer of Jewish descent whose false imprisonment for treason in 1894 raised issues of anti-Semitism that dominated French politics until his release in 1906 (1859-1935)|
drib	n|a small indefinite quantity (especially of a liquid)|he had a drop too much to drink
dribble	v|run or flow slowly, as in drops or in an unsteady stream|water trickled onto the lawn from the broken hose	v|let or cause to fall in drops|dribble oil into the mixture	v|propel|Carry the ball	v|let saliva drivel from the mouth|The baby drooled
dribbler	n|a basketball player who is dribbling the ball to advance it|	n|a person who dribbles; he needs a bib"|that baby is a dribbler
dribbling	n|the propulsion of a ball by repeated taps or kicks|
driblet	n|a small indefinite quantity (especially of a liquid)|he had a drop too much to drink
dried	adj|not still wet|the ink has dried	adj|preserved by removing natural moisture|dried beef
dried apricot	n|apricots preserved by drying|
dried fruit	n|fruit preserved by drying|
dried milk	n|dehydrated milk|
dried-out	adj|thoroughly dried out|old boxes of desiccated Cuban cigars
dried-up	adj|(used especially of vegetation) having lost all moisture|dried-up grass	adj|depleted of water|a dried-up water hole
drier	n|a substance that promotes drying (e.g., calcium oxide absorbs water and is used to remove moisture)|	n|an appliance that removes moisture|
drift	v|be in motion due to some air or water current|The leaves were blowing in the wind	v|wander from a direct course or at random|The child strayed from the path and her parents lost sight of her	v|move about aimlessly or without any destination, often in search of food or employment|The gypsies roamed the woods	v|vary or move from a fixed point or course|stock prices are drifting higher
drift apart	v|lose personal contact over time|The two women, who had been roommates in college, drifted apart after they got married
drift away	v|lose personal contact over time|The two women, who had been roommates in college, drifted apart after they got married
drift ice	n|masses of ice floating in the open sea|
drift net	n|a large fishnet supported by floats; it drifts with the current|
drift off	v|change from a waking to a sleeping state|he always falls asleep during lectures
driftage	n|the deviation (by a vessel or aircraft) from its intended course due to drifting|
drifter	n|a wanderer who has no established residence or visible means of support|
driftfish	n|larger butterfishes of the western Atlantic from the New York area to the northern Gulf of Mexico|	n|small (6 inches) tropical butterfishes found worldwide|
drifting	adj|continually changing especially as from one abode or occupation to another|a drifting double-dealer	n|aimless wandering from place to place|
driftwood	n|wood that is floating or that has been washed ashore|
drill	v|make a hole, especially with a pointed power or hand tool|don't drill here, there's a gas pipe	v|train in the military, e.g., in the use of weapons|	v|learn by repetition|We drilled French verbs every day	v|teach by repetition|
drill bit	n|a bit used in drilling for oil|
drill hole	n|a hole or passage made by a drill; usually made for exploratory purposes|
drill in	v|teach by drills and repetition|
drill instructor	n|a noncommissioned officer who instructs recruits in military marching and discipline|
drill master	n|a noncommissioned officer who instructs recruits in military marching and discipline|
drill press	n|a machine tool with a separate, upright stand; an electric drill is pressed into the work automatically or with a hand lever|
drill rig	n|rig used in drilling for oil or gas|
drill rod	n|carbon steel used for rock drills and dowels|
drill site	n|workplace that is the site of a drill hole|
drill steel	n|carbon steel used for rock drills and dowels|
drill-like	adj|resembling a drill|
drilled	adj|trained in a skill by repetitious practice|well-drilled in military procedures
drilling	n|the act of drilling|	n|the act of drilling a hole in the earth in the hope of producing petroleum|
drilling bit	n|a bit used in drilling for oil|
drilling fluid	n|a mixture of clays and chemicals and water; pumped down the drill pipe to lubricate and cool the drilling bit and to flush out the cuttings and to strengthen the sides of the hole|
drilling mud	n|a mixture of clays and chemicals and water; pumped down the drill pipe to lubricate and cool the drilling bit and to flush out the cuttings and to strengthen the sides of the hole|
drilling pipe	n|a series of tubes (joined by screwed collars) that connect a drilling platform to the drilling bit; rotates the bit and supplies drilling mud|
drilling platform	n|drilling rig consisting of an offshore platform (floating or fixed to the sea bed) from which many oil wells can be bored radially|
drilling rig	n|rig used in drilling for oil or gas|
drily	adv|in a dry laconic manner|`I know that', he said dryly
drimys	n|shrubs and trees of southern hemisphere having aromatic foliage|
drink	v|take in liquids|The patient must drink several liters each day	v|consume alcohol|We were up drinking all night	v|propose a toast to|Let us toast the birthday girl!	v|be fascinated or spell-bound by; pay close attention to|The mother drinks in every word of her son on the stage
drink down	v|drink down entirely|He downed three martinis before dinner
drink in	v|be fascinated or spell-bound by; pay close attention to|The mother drinks in every word of her son on the stage
drink up	v|drink to the last drop|drink up--there's more wine coming
drinkable	adj|suitable for drinking|	n|any liquid suitable for drinking|may I take your beverage order?
drinker	n|a person who drinks liquids|	n|a person who drinks alcoholic beverages (especially to excess)|
drinking	n|the act of consuming liquids|	n|the act of drinking alcoholic beverages to excess|drink was his downfall
drinking age	n|the age at which is legal for a person to buy alcoholic beverages|
drinking bout	n|a long period of drinking|
drinking chocolate	n|a beverage made from cocoa powder and milk and sugar; usually drunk hot|
drinking fountain	n|a public fountain to provide a jet of drinking water|
drinking glass	n|a container made of glass for holding liquids while drinking|
drinking song	n|a song celebrating the joys of drinking; sung at drinking parties|
drinking straw	n|a thin paper or plastic tube used to suck liquids into the mouth|
drinking vessel	n|a vessel intended for drinking|
drinking water	n|water suitable for drinking|
drip	v|fall in drops|Water is dripping from the faucet	v|let or cause to fall in drops|dribble oil into the mixture	n|flowing in drops; the formation and falling of drops of liquid|there's a drip through the roof	n|the sound of a liquid falling drop by drop|the constant sound of dripping irritated him
drip coffee	n|coffee made by passing boiling water through a perforated container packed with finely ground coffee|
drip culture	n|a hydroponic method of growing plants by allowing nutrient solutions to drip slowly onto an inert medium in which the plants are growing|
drip feed	n|the administration of a solution (blood or saline or plasma etc.) one drop at a time|
drip loop	n|a downward hanging loop in a line that runs to a building|when it rained water would fall from the drip loop before it reached the building
drip mat	n|a small mat placed under a glass to protect a surface from condensation|
drip mold	n|(architecture) a projection from a cornice or sill designed to protect the area below from rainwater (as over a window or doorway)|
drip mould	n|(architecture) a projection from a cornice or sill designed to protect the area below from rainwater (as over a window or doorway)|
drip pan	n|pan for catching drippings under roasting meat|	n|pan under a refrigerator for collecting liquid waste|
drip pot	n|a coffeepot for making drip coffee|
drip-dry	adj|treated so as to be easily or quickly washed and dried and requiring little or no ironing|a wash-and-wear shirt	adj|used of fabrics that do not require ironing|drip-dry shirts for travel	v|dry by hanging up wet|
dripless	adj|designed to prevent dripping|a dripless faucet
drippage	n|a liquid (as water) that flows in drops (as from the eaves of house)|
drippily	adv|in a mawkish and emotional manner|the violinist played that piece mawkishly
drippiness	n|the physical property of being soft and drippy|	n|falsely emotional in a maudlin way|
dripping	adv|extremely wet|dripping wet	n|a liquid (as water) that flows in drops (as from the eaves of house)|	n|the sound of a liquid falling drop by drop|the constant sound of dripping irritated him
dripping pan	n|pan for catching drippings under roasting meat|
drippings	n|fat that exudes from meat and drips off while it is being roasted or fried|
drippy	adj|wet with light rain|a sad drizzly day	adj|leaking in drops|a drippy faucet	adj|effusively or insincerely emotional|a bathetic novel
dripstone	n|the form of calcium carbonate found in stalactites and stalagmites|	n|a protective drip that is made of stone|
drive	v|operate or control a vehicle|drive a car or bus	v|travel or be transported in a vehicle|We drove to the university every morning	v|cause someone or something to move by driving|She drove me to school every day	v|force into or from an action or state, either physically or metaphorically|She rammed her mind into focus
drive around	v|drive someone in a vehicle|	v|drive without any particular aim|we were driving around in the countryside on a fine Sunday morning
drive away	v|force to go away; used both with concrete and metaphoric meanings|Drive away potential burglars
drive back	v|force or drive back|repel the attacker
drive home	v|carry out or perform|deliver an attack	v|make clear by special emphasis and try to convince somebody of something|drive home a point or an argument
drive in	v|cause a run or runner to be scored|His line double drove in Jim Lemon with the winning run	v|arrive by motorcar|The star and her manager drive in today from their motor tour across the country	v|cause to penetrate, as with a circular motion|drive in screws or bolts
drive line	n|mechanism that transmits power from the engine to the driving wheels of a motor vehicle|
drive line system	n|mechanism that transmits power from the engine to the driving wheels of a motor vehicle|
drive off	v|force to go away; used both with concrete and metaphoric meanings|Drive away potential burglars
drive out	v|force to go away; used both with concrete and metaphoric meanings|Drive away potential burglars	v|force or drive out|The police routed them out of bed at 2 A.M.	v|clear out the chest and lungs|This drug expectorates quickly
drive up	v|approach while driving|The truck entered the driveway and drove up towards the house
drive-by killing	n|homicide committed by shooting from a moving automobile|
drive-by shooting	n|shooting someone from a car as it is driven past the victim|
drive-in	n|any installation designed to accommodate patrons in their automobiles|
drivel	n|a worthless message|	n|saliva spilling from the mouth|	v|let saliva drivel from the mouth|The baby drooled
driveller	n|someone whose talk is trivial drivel|	n|a person who dribbles; he needs a bib"|that baby is a dribbler
driven	adj|compelled forcibly by an outside agency|mobs goaded by blind hatred	adj|urged or forced to action through moral pressure|felt impelled to take a stand against the issue	adj|strongly motivated to succeed|
driven well	n|a well made by driving a tube into the earth to a stratum that bears water|
driver	n|the operator of a motor vehicle|	n|someone who drives animals that pull a vehicle|	n|a golfer who hits the golf ball with a driver|	n|(computer science) a program that determines how a computer will communicate with a peripheral device|
driver ant	n|tropical nomadic ant that preys mainly on other insects|
driver's licence	n|a license authorizing the bearer to drive a motor vehicle|
driver's license	n|a license authorizing the bearer to drive a motor vehicle|
driveshaft	n|a rotating shaft that transmits power from the engine to the point of application|
driveway	n|a road leading up to a private house|they parked in the driveway
driving	adj|having the power of driving or impelling|a driving personal ambition	adj|acting with vigor|responsibility turned the spoiled playboy into a driving young executive	n|hitting a golf ball off of a tee with a driver|he sliced his drive out of bounds	n|the act of controlling and steering the movement of a vehicle or animal|
driving axle	n|the axle of a self-propelled vehicle that provides the driving power|
driving belt	n|a belt that carries motion from a motor to the machinery|
driving force	n|the act of applying force to propel something|after reaching the desired velocity the drive is cut off
driving iron	n|(golf) the long iron with the most nearly vertical face|
driving licence	n|a license authorizing the bearer to drive a motor vehicle|
driving license	n|a license authorizing the bearer to drive a motor vehicle|
driving range	n|a practice range for practicing golf shots|
driving school	n|a school where people are taught to drive automobiles|
driving wheel	n|a wheel that drives a motor vehicle (transforms torque into a tractive force)|
drixoral	n|the trade name for a drug used to treat upper respiratory congestion; it contains an antihistamine and a bronchodilator and a vasoconstrictor|
drizzle	n|very light rain; stronger than mist but less than a shower|	v|rain lightly|When it drizzles in summer, hiking can be pleasant	v|moisten with fine drops|drizzle the meat with melted butter
drizzling	adj|(of rain) falling lightly in very small drops|a raw drizzing rain
drizzly	adj|wet with light rain|a sad drizzly day
drogheda	n|in 1649 the place was captured by Oliver Cromwell, who massacred the Catholic inhabitants|
drogue	n|a funnel-shaped device towed as a target by an airplane|	n|a truncated cloth cone mounted on a mast; used (e.g., at airports) to show the direction of the wind|	n|restraint consisting of a canvas covered frame that floats behind a vessel; prevents drifting or maintains the heading into a wind|	n|a parachute used to decelerate an object that is moving rapidly|
drogue chute	n|a parachute used to decelerate an object that is moving rapidly|
drogue parachute	n|a small parachute that pulls the main parachute from its storage pack|	n|a parachute used to decelerate an object that is moving rapidly|
droll	adj|comical in an odd or whimsical manner|a droll little man with a quiet tongue-in-cheek kind of humor
drollery	n|a comic incident or series of incidents|	n|a quaint and amusing jest|
dromaeosaur	n|a kind of maniraptor|
dromaeosauridae	n|swift-running bipedal dinosaurs|
dromaius	n|a genus of birds in the order Casuariiformes|
dromaius novaehollandiae	n|large Australian flightless bird similar to the ostrich but smaller|
drome	n|an airfield equipped with control tower and hangars as well as accommodations for passengers and cargo|
dromedary	n|one-humped camel of the hot deserts of northern Africa and southwestern Asia|
dronabinol	n|psychoactive substance present in marijuana; used therapeutically to control nausea associated with cancer therapy|
drone	n|stingless male bee in a colony of social bees (especially honeybees) whose sole function is to mate with the queen|	n|an unchanging intonation|	n|someone who takes more time than necessary; someone who lags behind|	n|an aircraft without a pilot that is operated by remote control|
drone on	v|talk in a monotonous voice|
drone pipe	n|a pipe of the bagpipe that is tuned to produce a single continuous tone|
droning	n|an unchanging intonation|
drool	n|pretentious or silly talk or writing|	n|saliva spilling from the mouth|	v|be envious, desirous, eager for, or extremely happy about something|She was salivating over the raise she anticipated	v|let saliva drivel from the mouth|The baby drooled
drool over	v|envy without restraint|
drooler	n|a person who dribbles; he needs a bib"|that baby is a dribbler
droop	v|droop, sink, or settle from or as if from pressure or loss of tautness|	v|hang loosely or laxly|His tongue lolled	v|become limp|The flowers wilted	n|a shape that sags|there was a sag in the chair seat
drooping	adj|weak from exhaustion|	adj|hanging down (as from exhaustion or weakness)|	adj|having branches or flower heads that bend downward|nodding daffodils
drooping brome	n|annual or winter annual grass with softly hairy leaves of the Mediterranean|
drooping juniper	n|small tree of western Texas and mountains of Mexico having spreading branches with drooping branchlets|
droopingly	adv|in a drooping manner|a branch hung low, droopingly
droopy	adj|hanging down (as from exhaustion or weakness)|
drop	v|let fall to the ground|Don't drop the dishes	v|to fall vertically|the bombs are dropping on enemy targets	v|go down in value|Stock prices dropped	v|fall or descend to a lower place or level|He sank to his knees
drop a line	v|communicate (with) in writing|Write her soon, please!
drop anchor	v|secure a vessel with an anchor|We anchored at Baltimore
drop arch	n|a blunt pointed arch drawn from two centers within the span|
drop away	v|get worse|My grades are slipping
drop back	v|take position in the rear, as in a military formation or in the line of scrimmage in football|The defender dropped back behind his teammate	v|to lag or linger behind|But in so many other areas we still are dragging
drop behind	v|to lag or linger behind|But in so many other areas we still are dragging
drop biscuit	n|biscuit made from dough with enough milk that it can be dropped from a spoon|
drop by	v|visit informally and spontaneously|We frequently drop by the neighbors' house for a cup of coffee
drop by the wayside	v|give up in the face of defeat of lacking hope; admit defeat|In the second round, the challenger gave up
drop cloth	n|a curtain that can be lowered and raised onto a stage from the flies; often used as background scenery|	n|a large piece of cloth laid over the floor or furniture while a room is being painted|
drop curtain	n|a curtain that can be lowered and raised onto a stage from the flies; often used as background scenery|
drop dead	v|pass from physical life and lose all bodily attributes and functions necessary to sustain life|She died from cancer
drop down	v|fall or descend to a lower place or level|He sank to his knees
drop earring	n|an earring with a pendant ornament|
drop forge	n|device for making large forgings|
drop hammer	n|device for making large forgings|
drop in	v|visit informally and spontaneously|We frequently drop by the neighbors' house for a cup of coffee
drop keel	n|a retractable fin keel used on sailboats to prevent drifting to leeward|
drop like flies	v|rapidly collapse, die, or drop out in large numbers|the contestants dropped like flies when the thermometer hit one hundred degrees
drop line	n|a headline with the top line flush left and succeeding lines indented to the right|
drop off	v|fall or diminish|The number of students in this course dropped off after the first test	v|change from a waking to a sleeping state|he always falls asleep during lectures	v|remove (cargo, people, etc.) from and leave|unload the cargo	v|retreat|
drop one's serve	v|lose a game in which one is serving|
drop open	v|open involuntarily|His mouth dropped open
drop out	v|give up in the face of defeat of lacking hope; admit defeat|In the second round, the challenger gave up	v|withdraw from established society, especially because of disillusion with conventional values|She hasn't heard from her brother in years--he dropped out after moving to California	v|leave school or an educational program prematurely|Many students drop out because they are not prepared for our challenging program
drop press	n|device for making large forgings|
drop scone	n|a scone made by dropping a spoonful of batter on a griddle|
drop shot	n|a soft return so that the tennis ball drops abruptly after crossing the net|
drop the ball	v|commit a faux pas or a fault or make a serious mistake|I blundered during the job interview
drop zone	n|an agreed area where military supplies are dropped to ground troops|
drop-dead	adv|extremely|she was drop-dead gorgeous
drop-down menu	n|a menu of options that appears below the item when the computer user clicks on it|
drop-kick	v|make the point after a touchdown with a dropkick|	v|drop and kick (a ball) as it touches the ground, as for a field goal|
drop-leaf	n|a hinged leaf on a table that can be raised and supported by a bracket|
drop-leaf table	n|a table that has a drop-leaf to enlarge its surface|
drop-off	n|a noticeable deterioration in performance or quality|the team went into a slump	n|a steep high face of rock|he stood on a high cliff overlooking the town	n|a change downward|there was a decrease in his temperature as the fever subsided
drop-off charge	n|a fee added for returning a rented car to a location different from the one where it was rented|
drop-seed	n|a grass of the genus Sporobolus|
dropforge	v|forge with a dropforge|drop-force the metal
dropkick	n|(football) kicking (as for a field goal) in which the football is dropped and kicked as it touches the ground|	v|make the point after a touchdown with a dropkick|	v|drop and kick (a ball) as it touches the ground, as for a field goal|
dropkicker	n|a football kicker who drops the ball and kicks it just as it reaches the ground|
droplet	n|a tiny drop|
dropline	n|a headline with the top line flush left and succeeding lines indented to the right|
dropout	n|someone who quits school before graduation|	n|someone who withdraws from a social group or environment|
dropped egg	n|egg cooked in gently boiling water|
dropper	n|pipet consisting of a small tube with a vacuum bulb at one end for drawing liquid in and releasing it a drop at a time|she used an eye dropper to administer medication to the eyes
dropping	adj|coming down freely under the influence of gravity|the eerie whistle of dropping bombs
dropping zone	n|an agreed area where military supplies are dropped to ground troops|
droppings	n|fecal matter of animals|
dropseed	n|a grass of the genus Sporobolus|
dropsical	adj|swollen with an excessive accumulation of fluid|
dropsy	n|swelling from excessive accumulation of watery fluid in cells, tissues, or serous cavities|
drosera	n|the type genus of Droseraceae including many low bog-inhabiting insectivorous plants|
droseraceae	n|a family of carnivorous herbs and shrubs|
droshky	n|an open horse-drawn carriage with four wheels; formerly used in Poland and Russia|
drosky	n|an open horse-drawn carriage with four wheels; formerly used in Poland and Russia|
drosophila	n|small fruit fly used by Thomas Hunt Morgan in studying basic mechanisms of inheritance|
drosophila melanogaster	n|small fruit fly used by Thomas Hunt Morgan in studying basic mechanisms of inheritance|
drosophilidae	n|fruit flies|
drosophyllum	n|one species|
drosophyllum lusitanicum	n|perennial of dry habitats whose leaves have glandular hairs that secrete adhesive and digestive fluid for capture and digestion of insects; Portugal, southern Spain and Morocco|
dross	n|worthless or dangerous material that should be removed|there were impurities in the water	n|the scum formed by oxidation at the surface of molten metals|
drought	n|a shortage of rainfall|farmers most affected by the drought hope that there may yet be sufficient rain early in the growing season	n|a prolonged shortage|when England defeated Pakistan it ended a ten-year drought
drouth	n|a prolonged shortage|when England defeated Pakistan it ended a ten-year drought	n|a shortage of rainfall|farmers most affected by the drought hope that there may yet be sufficient rain early in the growing season
drove	n|a group of animals (a herd or flock) moving together|	n|a moving crowd|	n|a stonemason's chisel with a broad edge for dressing stone|
drove chisel	n|a stonemason's chisel with a broad edge for dressing stone|
drover	n|someone who drives a herd|
drown	v|cover completely or make imperceptible|I was drowned in work	v|get rid of as if by submerging|She drowned her trouble in alcohol	v|die from being submerged in water, getting water into the lungs, and asphyxiating|The child drowned in the lake	v|kill by submerging in water|He drowned the kittens
drown out	v|make imperceptible|The noise from the ice machine drowned out the music
drowse	v|sleep lightly or for a short period of time|	v|be on the verge of sleeping|The students were drowsing in the 8 AM class	n|a light fitful sleep|
drowse off	v|change from a waking to a sleeping state|he always falls asleep during lectures
drowsily	adv|in a drowsy manner|`Time to get up,' she said drowsily
drowsiness	n|a very sleepy state|sleepiness causes many driving accidents
drowsing	adj|half asleep|made drowsy by the long ride
drowsy	adj|half asleep|made drowsy by the long ride	adj|showing lack of attention or boredom|the yawning congregation
drub	v|beat thoroughly and conclusively in a competition or fight|We licked the other team on Sunday!
drubbing	n|a sound defeat|	n|the act of inflicting corporal punishment with repeated blows|
drudge	n|one who works hard at boring tasks|	n|a laborer who is obliged to do menial work|	v|work hard|She was digging away at her math homework
drudgery	n|hard monotonous routine work|
drudging	adj|doing arduous or unpleasant work|drudging peasants
drug	n|a substance that is used as a medicine or narcotic|	v|administer a drug to|They drugged the kidnapped tourist	v|use recreational drugs|
drug abuse	n|excessive use of drugs|
drug addict	n|a narcotics addict|
drug addiction	n|an addiction to a drug (especially a narcotic drug)|
drug baron	n|a person who controls an organization dealing in illegal drugs|
drug bust	n|seizure of illegal drugs by the police|
drug cartel	n|an illicit cartel formed to control the production and distribution of narcotic drugs|drug cartels sometimes finance terrorist organizations
drug cocktail	n|a combination of protease inhibitors taken with reverse transcriptase inhibitors; used in treating AIDS and HIV|
drug company	n|a company that makes and sells pharmaceuticals|
drug dealer	n|an unlicensed dealer in illegal drugs|
drug enforcement administration	n|federal agency responsible for enforcing laws and regulations governing narcotics and controlled substances; goal is to immobilize drug trafficking organizations|
drug enforcement agency	n|federal agency responsible for enforcing laws and regulations governing narcotics and controlled substances; goal is to immobilize drug trafficking organizations|
drug lord	n|a person who controls an organization dealing in illegal drugs|
drug of abuse	n|a drug that is taken for nonmedicinal reasons (usually for mind-altering effects); drug abuse can lead to physical and mental damage and (with some substances) dependence and addiction|
drug peddler	n|an unlicensed dealer in illegal drugs|
drug traffic	n|traffic in illegal drugs|
drug trafficker	n|an unlicensed dealer in illegal drugs|
drug trafficking	n|traffic in illegal drugs|
drug user	n|a person who takes drugs|
drug war	n|conflict between law enforcement and those who deal in illegal drugs|
drug withdrawal	n|the termination of drug taking|
drug-addicted	adj|addicted to a drug|
drug-free	adj|characteristic of a person not taking illegal drugs or of a place where no illegal drugs are used|
drugged	adj|under the influence of narcotics|knocked out by doped wine
drugget	n|a rug made of a coarse fabric having a cotton warp and a wool filling|
drugging	n|the administration of a sedative agent or drug|
druggist	n|a health professional trained in the art of preparing and dispensing drugs|
drugless	adj|without the use of drugs|drugless therapy
drugs bust	n|seizure of illegal drugs by the police|
drugstore	n|a retail shop where medicine and other articles are sold|
druid	n|a pre-Christian priest among the Celts of ancient Gaul and Britain and Ireland|
druidism	n|the system of religion and philosophy taught by the Druids and their rites and ceremonies|
drum	n|a musical percussion instrument; usually consists of a hollow cylinder with a membrane stretched across each end|	n|the sound of a drum|he could hear the drums before he heard the fifes	n|a bulging cylindrical shape; hollow with flat ends|	n|a cylindrical metal container used for shipping or storage of liquids|
drum brake	n|hydraulic brake in which friction is applied to the inside of a spinning drum by the brake shoe|
drum major	n|the leader of a marching band or drum corps|
drum majorette	n|a female baton twirler who accompanies a marching band|	n|a female drum major|
drum out	v|remove from a position or office|The chairman was ousted after he misappropriated funds
drum printer	n|a line printer in which the type is mounted on a rotating drum that contains a full character set for each printing position|
drum roll	n|the sound of a drum (especially a snare drum) beaten rapidly and continuously|
drum sander	n|a power tool used for sanding wood; an endless loop of sandpaper is moved at high speed by an electric motor|
drum up	v|gather|drum up support
drum-like	adj|shaped in a form resembling a drum|
drum-shaped	adj|shaped in a form resembling a drum|
drumbeat	n|the sound made by beating a drum|	n|(military) the beating of a drum as a signal for lowering the flag at sundown|	n|a vehement and vociferous advocacy of a cause|the warmongers kept up their drumbeat on Iraq
drumbeater	n|a fervent and even militant proponent of something|
drumfire	n|intense and continuous artillery fire|
drumfish	n|small to medium-sized bottom-dwelling food and game fishes of shallow coastal and fresh waters that make a drumming noise|
drumhead	n|a membrane that is stretched taut over a drum|	adj|performed speedily and without formality|a summary execution
drumhead court-martial	n|a military court convened to hear urgent charges of offenses committed in action|
drumlin	n|a mound of glacial drift|
drummer	n|someone who plays a drum|
drumming	n|the act of playing drums|he practiced his drumming several hours every day
drumstick	n|the lower joint of the leg of a fowl|	n|a stick used for playing a drum|
drumstick tree	n|deciduous or semi-evergreen tree having scented sepia to yellow flowers in drooping racemes and pods whose pulp is used medicinally; tropical Asia and Central and South America and Australia|
drunk	adj|stupefied or excited by a chemical substance (especially alcohol)|a noisy crowd of intoxicated sailors	adj|as if under the influence of alcohol|felt intoxicated by her success	n|a chronic drinker|	n|someone who is intoxicated|
drunk-and-disorderly	n|someone arrested on the charge of being drunk and disorderly|they delivered the drunk-and-disorderlies to the county jail
drunkard	n|a chronic drinker|
drunken	adj|given to or marked by the consumption of alcohol|a bibulous fellow
drunken reveler	n|someone who engages in drinking bouts|
drunken reveller	n|someone who engages in drinking bouts|
drunken revelry	n|a wild gathering involving excessive drinking and promiscuity|
drunkenly	adv|showing effects of much strong drink|He sang drunkenly
drunkenness	n|a temporary state resulting from excessive consumption of alcohol|	n|habitual intoxication; prolonged and excessive intake of alcoholic drinks leading to a breakdown in health and an addiction to alcohol such that abrupt deprivation leads to severe withdrawal symptoms|	n|the act of drinking alcoholic beverages to excess|drink was his downfall
drupaceous	adj|of or related to a drupe|
drupe	n|fleshy indehiscent fruit with a single seed: e.g. almond; peach; plum; cherry; elderberry; olive; jujube|
drupelet	n|a small part of an aggregate fruit that resembles a drupe|
druse	n|an adherent of an esoteric monotheistic religious sect living in the relative security of the mountains of Syria and Lebanon who believes that Al-hakim was an incarnation of God|a Druze is permitted to conform outwardly to the faith of the unbelievers among whom he lives
drusen	n|(plural) an eye disease resulting from small accumulations of hyaline bodies underneath the retina|
druthers	n|the right or chance to choose|given my druthers, I'd eat cake
druze	n|an adherent of an esoteric monotheistic religious sect living in the relative security of the mountains of Syria and Lebanon who believes that Al-hakim was an incarnation of God|a Druze is permitted to conform outwardly to the faith of the unbelievers among whom he lives
dry	adj|free from liquid or moisture; lacking natural or normal moisture or depleted of water; or no longer wet|dry land	adj|humorously sarcastic or mocking|dry humor	adj|lacking moisture or volatile components|dry paint	adj|opposed to or prohibiting the production and sale of alcoholic beverages|the dry vote led by preachers and bootleggers
dry battery	n|a voltaic battery consisting of two or more dry cells|
dry cell	n|a small Leclanche cell containing no free liquid; the electrolyte is a paste and the negative zinc pole forms the container of the cell; used in flashlights, portable radios, etc.|
dry cereal	n|a cereal that is not heated before serving|
dry clean	v|clean with chemical agents|
dry cleaner	n|the operator of dry-cleaning establishment|
dry cleaners	n|shop where dry cleaning is done|
dry cleaning	n|the act of cleaning (fabrics) with a solvent other than water|
dry dock	n|a large dock from which water can be pumped out; used for building ships or for repairing a ship below its waterline|
dry fly	n|a fly (fisherman's lure) that skims the surface of the water|
dry gangrene	n|(pathology) gangrene that develops in the presence of arterial obstruction and is characterized by dryness of the dead tissue and a dark brown color|
dry ice	n|solidified carbon dioxide; dry ice sublimates at -78.5 C and is used mainly as a refrigerant|
dry kiln	n|a kiln for drying and seasoning lumber|
dry land	n|the solid part of the earth's surface|the plane turned away from the sea and moved back over land
dry masonry	n|masonry without mortar|
dry measure	n|a unit of capacity for dry commodities (as fruit or grain)|
dry milk	n|dehydrated milk|
dry mop	n|a dry swab for dusting floors|
dry mouth	n|abnormal dryness of the mouth resulting from decreased secretion of saliva|
dry mustard	n|a substance such that one to three tablespoons dissolved in a glass of warm water is a homemade emetic|
dry nurse	n|a nurse who cares for but does not suckle an infant|
dry out	v|become dry or drier|The laundry dries in the sun	v|become empty of water|The river runs dry in the summer	v|remove the moisture from and make dry|dry clothes
dry plate	n|a former photographic method that used a glass plate coated with a light-sensitive gelatinous emulsion|
dry plate process	n|a former photographic method that used a glass plate coated with a light-sensitive gelatinous emulsion|
dry point	n|a print produced by dry point engraving|	n|a steel needle for engraving without acid on a bare copper plate|
dry rot	n|a crumbling and drying of timber or bulbs or potatoes or fruit caused by a fungus|	n|a fungus causing dry rot|
dry run	n|a practice session in preparation for a public performance (as of a play or speech or concert)|he missed too many rehearsals
dry season	n|one of the two seasons in tropical climates|
dry socket	n|inflammation in the socket of a tooth; sometimes occurs after a tooth is extracted and a blood clot fails to form|
dry unit	n|a unit of capacity for dry commodities (as fruit or grain)|
dry up	v|lose water or moisture|In the desert, you get dehydrated very quickly	v|dry up and shrivel due to complete loss of moisture|a mummified body was found
dry vermouth	n|dry pale amber variety|
dry wall	n|a wide flat board used to cover walls or partitions; made from plaster or wood pulp or other materials and used primarily to form the interior walls of houses|	n|a stone wall made with stones fitted together without mortar|
dry walling	n|the activity of building stone walls without mortar|
dry wash	n|the dry bed of an intermittent stream (as at the bottom of a canyon)|
dry-bulb thermometer	n|an ordinary thermometer with a dry bulb; used to measure the air temperature|
dry-cleaned	adj|cleaned with chemical solvents|
dry-dock	v|maneuver (a ship) into a drydock|
dry-eyed	adj|free from tears|
dry-gulching	n|the act of killing from ambush|
dry-nurse	v|take care of an infant without breastfeeding it|
dry-rot	v|affect or be affected with dry rot|
dry-shod	adj|having or keeping the feet or shoes dry|a land bridge over which man and beasts could have crossed dry-shod
dry-stone wall	n|a stone wall made with stones fitted together without mortar|
dry-wall	v|construct with drywall|dry-wall the basement of the house
dry-wood termite	n|any of various termites that live in and feed on dry wood that is not connected with the soil|
dryad	n|a deity or nymph of the woods|
dryas	n|mountain avens|
dryas octopetala	n|creeping evergreen shrub with large white flowers; widely distributed in northern portions of Eurasia and North America|
dryden	n|the outstanding poet and dramatist of the Restoration (1631-1700)|
drydock	n|a large dock from which water can be pumped out; used for building ships or for repairing a ship below its waterline|	v|maneuver (a ship) into a drydock|
dryer	n|an appliance that removes moisture|
drygoods	n|textiles or clothing and related merchandise|
drying agent	n|a substance that promotes drying (e.g., calcium oxide absorbs water and is used to remove moisture)|
drying oil	n|an oil that hardens in air due to oxidation and is often used as a paint or varnish base|
drying up	n|the process of extracting moisture|
dryly	adv|in a dry laconic manner|`I know that', he said dryly
drymarchon	n|a genus of Colubridae|
drymarchon corais	n|large dark-blue nonvenomous snake that invades burrows; found in southern North America and Mexico|
drymarchon corais couperi	n|a variety of indigo snake|
drymoglossum	n|epiphytic ferns of Madagascar to tropical Asia and New Guinea|
drynaria	n|large robust epiphytic ferns of tropical forest and scrub; Africa and Asia and Australia|
drynaria rigidula	n|giant epiphytic or lithophytic fern; Asia to Polynesia and Australia|
dryness	n|the condition of not containing or being covered by a liquid (especially water)|	n|moderation in or abstinence from alcohol or other drugs|	n|objectivity and detachment|her manner assumed a dispassion and dryness very unlike her usual tone
dryopithecine	n|considered a possible ancestor to both anthropoid apes and humans|
dryopithecus	n|genus of Old World hominoids; Miocene and Pliocene|
dryopithecus rudapithecus hungaricus	n|fossil hominoids from northern central Hungary; late Miocene|
dryopteridaceae	n|alternative names for one of a number of families into which the family Polypodiaceae has been subdivided in some classification systems|
dryopteris	n|large widespread genus of medium-sized terrestrial ferns; in some classification systems placed in Polypodiaceae|
dryopteris dilatata	n|European shield fern|
dryopteris filix-mas	n|fern of North America and Europe whose rhizomes and stalks yield an oleoresin used to expel tapeworms|
dryopteris fragrans	n|fern or northern Eurasia and North America having fragrant fronds|
dryopteris noveboracensis	n|slender shield fern of moist woods of eastern North America; sometimes placed in genus Dryopteris|
dryopteris oreades	n|a fern of the genus Dryopteris|
dryopteris oreopteris	n|common European mountain fern having fragrant lemon or balsam scented fronds|
dryopteris phegopteris	n|beech fern of North America and Eurasia|
dryopteris thelypteris	n|fern having pinnatifid fronds and growing in wet places; cosmopolitan in north temperate regions|
dryopteris thelypteris pubescens	n|fern of northeastern North America|
drypis	n|spiny-leaved perennial herb of southern Europe having terminal clusters of small flowers|
drywall	n|a wide flat board used to cover walls or partitions; made from plaster or wood pulp or other materials and used primarily to form the interior walls of houses|
ds	n|a radioactive transuranic element|	n|the bureau in the State Department that is responsible for the security of diplomats and embassies overseas|	n|an honorary degree in science|
dscdna	n|double-stranded cDNA|
dsl	n|a generic name for digital lines that are provided by telephone companies to their local subscribers and that carry data at high speeds|
dtic	n|the agency in the Department of Defense that provides scientific and technical information to federal agencies and their contractors|
dts	n|acute delirium caused by alcohol poisoning|
du barry	n|courtier and influential mistress of Louis XV who was guillotined during the French Revolution (1743-1793)|
du maurier	n|English writer of melodramatic novels (1907-1989)|	n|English writer and illustrator; grandfather of Daphne du Maurier (1834-1896)|
duad	n|two items of the same kind|
dual	adj|consisting of or involving two parts or components usually in pairs|an egg with a double yolk	adj|having more than one decidedly dissimilar aspects or qualities; public preaching and private influence"- R.W.Emerson|a double (or dual) role for an actor	adj|a grammatical number category referring to two items or units as opposed to one item (singular) or more than two items (plural)|ancient Greek had the dual form but it has merged with the plural form in modern Greek
dual carriageway	n|a highway divided down the middle by a barrier that separates traffic going in different directions|in Britain they call a divided highway a dual carriageway
dual inline package switch	n|(computer science) one of a set of small on-off switches mounted in computer hardware; used in place of jumpers to configure the machine for a user|
dual scan display	n|a type of passive matrix display in which the top and bottom half of the screen are refreshed simultaneously|
dual-lane	adj|having a median strip or island between lanes of traffic moving in opposite directions|a divided highway
dual-purpose	adj|designed for or serving two purposes|a supercomputer can be used for civilian or military purposes
dual-use	adj|designed for or serving two purposes|a supercomputer can be used for civilian or military purposes
dualism	n|the doctrine that reality consists of two basic opposing elements, often taken to be mind and matter (or mind and body), or good and evil|
dualist	n|an adherent of dualism|
dualistic	adj|of or relating to the philosophical doctrine of dualism|a Manichaean conflict between good and evil
duality	n|being twofold; a classification into two opposed parts or subclasses|the dichotomy between eastern and western culture	n|(physics) the property of matter and electromagnetic radiation that is characterized by the fact that some properties can be explained best by wave theory and others by particle theory|	n|(geometry) the interchangeability of the roles of points and planes in the theorems of projective geometry|
dub	v|give a nickname to|	v|provide (movies) with a soundtrack of a foreign language|	v|raise (someone) to knighthood|The Beatles were knighted	n|the new sounds added by dubbing|
dubai	n|port city in the United Arab Emirates on the Persian Gulf|
dubbin	n|tallow mixed with oil; used to make leather soft and waterproof|
dubbing	n|a new soundtrack that is added to a film|
dubiety	n|the state of being unsure of something|
dubious	adj|fraught with uncertainty or doubt|they were doubtful that the cord would hold	adj|open to doubt or suspicion|the candidate's doubtful past	adj|not convinced|they admitted the force of my argument but remained dubious
dubiously	adv|in a questionable and dubious manner|these were estates his father questionably acquired	adv|in a doubtful manner|Gerald shook his head doubtfully
dubiousness	n|the state of being unsure of something|	n|uncertainty about the truth or factuality or existence of something|the dubiousness of his claim
dubitable	adj|open to doubt or suspicion|the candidate's doubtful past
dublin	n|capital and largest city and major port of the Irish Republic|
dubliner	n|a resident of Dublin|
dubnium	n|a transuranic element|
dubonnet	n|(trademark) a sweet aromatic French wine (red or white) used chiefly as an aperitif|
dubrovnik	n|a port city in southwestern Croatia on the Adriatic; a popular tourist center|
dubuque	n|a town in eastern Iowa on the Mississippi River|
duc d'elchingen	n|French marshal in the Napoleonic Wars (1769-1815)|
duc de richelieu	n|French prelate and statesman; principal minister to Louis XIII (1585-1642)|
duc de sully	n|French statesman (1560-1641)|
ducal	adj|of or belonging to or suitable for a duke|ducal palace
ducat	n|formerly a gold coin of various European countries|
duce	n|leader|Mussolini was called Il Duce
duchenne's muscular dystrophy	n|the most common form of muscular dystrophy; inheritance is X-linked recessive (carried by females but affecting only males)|
duchess	n|the wife of a duke or a woman holding ducal title in her own right|
duchess of ferrara	n|Italian noblewoman and patron of the arts (1480-1519)|
duchesse de valentinois	n|French noblewoman who was the mistress of Henry II; she had more influence over him than did his wife Catherine de Medicis (1499-1566)|
duchy	n|the domain controlled by a duke or duchess|
duck	v|to move (the head or body) quickly downwards or away|Before he could duck, another stone struck him	v|submerge or plunge suddenly|	v|dip into a liquid|He dipped into the pool	v|avoid or try to avoid fulfilling, answering, or performing (duties, questions, or issues)|He dodged the issue
duck down	n|down of the duck|
duck hunter	n|hunter of ducks|
duck hunting	n|hunting ducks|
duck pate	n|a pate made from duck liver|
duck sauce	n|a thick sweet and pungent Chinese condiment|
duck shot	n|small lead shot for shotgun shells|
duck soup	n|any undertaking that is easy to do|marketing this product will be no picnic
duck's egg	n|(cricket) a score of nothing by a batsman|
duck-billed	adj|having a beak resembling that of a duck|a duck-billed dinosaur
duck-billed dinosaur	n|any of numerous large bipedal ornithischian dinosaurs having a horny duck-like bill and webbed feet; may have been partly aquatic|
duck-billed platypus	n|small densely furred aquatic monotreme of Australia and Tasmania having a broad bill and tail and webbed feet; only species in the family Ornithorhynchidae|
duckbill	adj|having a beak resembling that of a duck|a duck-billed dinosaur	n|primitive fish of the Mississippi valley having a long paddle-shaped snout|	n|small densely furred aquatic monotreme of Australia and Tasmania having a broad bill and tail and webbed feet; only species in the family Ornithorhynchidae|
duckbilled platypus	n|small densely furred aquatic monotreme of Australia and Tasmania having a broad bill and tail and webbed feet; only species in the family Ornithorhynchidae|
duckboard	n|a boardwalk laid across muddy ground|
ducking	n|hunting ducks|	n|the act of wetting something by submerging it|
ducking stool	n|an instrument of punishment consisting of a chair in which offenders were ducked in water|
duckling	n|flesh of a young domestic duck|	n|young duck|
duckpin	n|a bowling pin that is short and squat by comparison with a tenpin|
duckpins	n|a bowling game using a pin smaller than a tenpin but proportionately wider|
ducks and drakes	n|a game in which a flat stone is bounced along the surface of calm water|
duckweed	n|any small or minute aquatic plant of the family Lemnaceae that float on or near the surface of shallow ponds|
duckweed family	n|family of small free-floating thalloid plants|
ducky	n|a special loved one|
duct	n|a bodily passage or tube lined with epithelial cells and conveying a secretion or other substance|the tear duct was obstructed	n|a continuous tube formed by a row of elongated cells lacking intervening end walls|	n|an enclosed conduit for a fluid|
duct gland	n|a gland that secretes externally through a duct|
duct tape	n|a wide silvery adhesive tape intended to seal joints in sheet metal duct work but having many other uses|duct tape holds the world together
ductile	adj|easily influenced|	adj|capable of being shaped or bent or drawn out|ductile copper
ductileness	n|the malleability of something that can be drawn into threads or wires or hammered into thin sheets|
ductility	n|the malleability of something that can be drawn into threads or wires or hammered into thin sheets|
ductless	adj|not having a duct|ductless glands
ductless gland	n|any of the glands of the endocrine system that secrete hormones directly into the bloodstream|
ductule	n|a very small duct|
ductulus	n|a very small duct|
ductus arteriosus	n|a blood vessel in a fetus that bypasses pulmonary circulation by connecting the pulmonary artery directly to the ascending aorta; normally closes at birth|
ductus deferens	n|a duct that carries spermatozoa from the epididymis to the ejaculatory duct|
dud	adj|failing to detonate; especially not charged with an active explosive|he stepped on a dud mine	n|someone who is unsuccessful|	n|an explosion that fails to occur|	n|an event that fails badly or is totally ineffectual|the first experiment was a real turkey
dude	n|an informal form of address for a man|Say, fellow, what are you doing?	n|a man who is much concerned with his dress and appearance|
dude ranch	n|a holiday resort offering ranch activities (riding and camping)|
dudeen	n|a clay pipe with a short stem|
dudgeon	n|a feeling of intense indignation (now used only in the phrase `in high dudgeon')|
dudley moore	n|English actor and comedian who appeared on television and in films (born in 1935)|
dudley stuart john moore	n|English actor and comedian who appeared on television and in films (born in 1935)|
duds	n|informal terms for clothing|
due	adj|owed and payable immediately or on demand|payment is due	adj|scheduled to arrive|the train is due in 15 minutes	adj|suitable to or expected in the circumstances|all due respect	adj|capable of being assigned or credited to|punctuation errors ascribable to careless proofreading
due care	n|the care that a reasonable man would exercise under the circumstances; the standard for determining legal duty|
due date	n|the date on which an obligation must be repaid|
due east	n|the cardinal compass point that is at 90 degrees|
due north	n|the cardinal compass point that is at 0 or 360 degrees|
due process	n|(law) the administration of justice according to established rules and principles; based on the principle that a person cannot be deprived of life or liberty or property without appropriate legal procedures and safeguards|
due process of law	n|(law) the administration of justice according to established rules and principles; based on the principle that a person cannot be deprived of life or liberty or property without appropriate legal procedures and safeguards|
due south	n|the cardinal compass point that is at 180 degrees|
due west	n|the cardinal compass point that is a 270 degrees|
duel	n|a prearranged fight with deadly weapons by two people (accompanied by seconds) in order to settle a quarrel over a point of honor|	n|any struggle between two skillful opponents (individuals or groups)|	v|fight a duel, as over one's honor or a woman|In the 19th century, men often dueled over small matters
dueler	n|a person who fights duels|
duelist	n|a person who fights duels|
dueller	n|a person who fights duels|
duellist	n|a person who fights duels|
duenna	n|a woman chaperon|
duet	n|two items of the same kind|	n|two performers or singers who perform together|	n|a pair who associate with one another|the engaged couple	n|a musical composition for two performers|
duette	n|two performers or singers who perform together|	n|a musical composition for two performers|
duff	n|a stiff flour pudding steamed or boiled usually and containing e.g. currants and raisins and citron|
duffel	n|a large cylindrical bag of heavy cloth; for carrying personal belongings|	n|a coarse heavy woolen fabric|
duffel bag	n|a large cylindrical bag of heavy cloth; for carrying personal belongings|
duffel coat	n|a warm coat made of duffel; usually has a hood and fastens with toggles|
duffer	n|an incompetent or clumsy person|as a golfer he was only a duffer
duffle	n|a large cylindrical bag of heavy cloth; for carrying personal belongings|	n|a coarse heavy woolen fabric|
duffle bag	n|a large cylindrical bag of heavy cloth; for carrying personal belongings|
duffle coat	n|a warm coat made of duffel; usually has a hood and fastens with toggles|
dufy	n|French painter noted for brightly colored scenes (1877-1953)|
dug	n|an udder or breast or teat|
dugald stewart	n|Scottish philosopher and follower of Thomas Reid (1753-1828)|
dugong	n|sirenian tusked mammal found from eastern Africa to Australia; the flat tail is bilobate|
dugong dugon	n|sirenian tusked mammal found from eastern Africa to Australia; the flat tail is bilobate|
dugongidae	n|a family of mammals of order Sirenia including dugongs and Steller's sea cow|
dugout	n|either of two low shelters on either side of a baseball diamond where the players and coaches sit during the game|	n|a canoe made by hollowing out and shaping a large log|	n|a fortification of earth; mostly or entirely below ground|
dugout canoe	n|a canoe made by hollowing out and shaping a large log|
dukas	n|French composer (1865-1935)|
duke	n|a British peer of the highest rank|	n|a nobleman (in various countries) of high rank|
duke of argyll's tea tree	n|deciduous erect or spreading shrub with spiny branches and violet-purple flowers followed by orange-red berries; southeastern Europe to China|
duke of cumberland	n|English general; son of George II; fought unsuccessfully in the battle of Fontenoy (1721-1765)|
duke of edinburgh	n|Englishman and husband of Elizabeth II (born 1921)|
duke of lancaster	n|the fourth son of Edward III who was the effective ruler of England during the close of his father's reign and during the minority of Richard II; his son was Henry Bolingbroke (1340-1399)|
duke of marlborough	n|English general considered one of the greatest generals in history (1650-1722)|
duke of wellington	n|British general and statesman; he defeated Napoleon at Waterloo; subsequently served as Prime Minister (1769-1852)|
duke of windsor	n|King of England and Ireland in 1936; his marriage to Wallis Warfield Simpson created a constitutional crisis leading to his abdication (1894-1972)|
duke university	n|a university in Durham, North Carolina|
dukedom	n|the dignity or rank or position of a duke|	n|the domain controlled by a duke or duchess|
dulcet	adj|extremely pleasant in a gentle way|the most dulcet swimming on the most beautiful and remote beaches	adj|pleasing to the ear|the dulcet tones of the cello
dulciana	n|the organ stop having a tone of soft sweet string quality|
dulcify	v|make sweeter in taste|
dulcimer	n|a trapezoidal zither whose metal strings are struck with light hammers|
dulcinea	n|a woman who is a man's sweetheart|
dulcorate	v|make sweeter in taste|
dull	adj|lacking in liveliness or animation|he was so dull at parties	adj|emitting or reflecting very little light|a dull glow	adj|being or made softer or less loud or clear|the dull boom of distant breaking waves	adj|so lacking in interest as to cause mental weariness|a boring evening with uninteresting people
dull-purple	adj|of a dull shade of purple|
dull-white	adj|of a dull shade of white|
dullard	n|a person who is not very bright|The economy, stupid!	n|a person who evokes boredom|
dulled	adj|having lost or been caused to lose interest because of overexposure|the mind of the audience is becoming dulled	adj|made dull or blunt|	adj|deprived of color|colors dulled by too much sun
dullness	n|the quality of being slow to understand|	n|the quality of lacking interestingness|the stories were of a dullness to bring a buffalo to its knees	n|a lack of visual brightness|the brightness of the orange sky was reflected in the dullness of the orange sea	n|lack of sensibility|there was a dullness in his heart
dully	adv|without liveliness|she nodded her head dully	adv|without luster or shine|the light shone dully through the haze
dulse	n|coarse edible red seaweed|
duluth	n|a city in northeast Minnesota on Lake Superior|
duly	adv|in accordance with what is appropriate or suitable for the circumstances|he was appropriately dressed
duma	n|a legislative body in the ruling assembly of Russia and of some other republics in the former USSR|
dumas	n|French writer remembered for his swashbuckling historical tales (1802-1870)|
dumb	adj|slow to learn or understand; lacking intellectual acuity|so dense he never understands anything I say to him	adj|temporarily incapable of speaking|struck dumb	adj|lacking the power of human speech|dumb animals	adj|unable to speak because of hereditary deafness|
dumb bomb	n|a bomb that falls because of gravity and is not guided to a target|
dumb cane	n|an evergreen plant with large showy dark green leaves; contains a poison that swells the tongue and throat hence the name|
dumb show	n|a performance using gestures and body movements without words|
dumbass	n|a stupid person; these words are used to express a low opinion of someone's intelligence|
dumbbell	n|an exercising weight; two spheres connected by a short bar that serves as a handle|	n|an ignorant or foolish person|
dumbfound	v|be a mystery or bewildering to|This beats me!
dumbfounded	adj|as if struck dumb with astonishment and surprise|a circle of policemen stood dumbfounded by her denial of having seen the accident
dumbfounding	adj|bewildering or striking dumb with wonder|
dumbly	adv|in a stupid manner|he had so rapaciously desired and so obtusely expected to find her alone	adv|in an inarticulate manner|I nodded dumbly and he slit the envelope
dumbness	n|the quality of being mentally slow and limited|
dumbstricken	adj|as if struck dumb with astonishment and surprise|a circle of policemen stood dumbfounded by her denial of having seen the accident
dumbstruck	adj|as if struck dumb with astonishment and surprise|a circle of policemen stood dumbfounded by her denial of having seen the accident
dumbwaiter	n|a small elevator used to convey food (or other goods) from one floor of a building to another|
dumdum	n|a soft-nosed small-arms bullet that expands when it hits a target and causes a gaping wound|
dumdum bullet	n|a soft-nosed small-arms bullet that expands when it hits a target and causes a gaping wound|
dumdum fever	n|leishmaniasis of the viscera|
dumetella	n|catbirds|
dumfounded	adj|as if struck dumb with astonishment and surprise|a circle of policemen stood dumbfounded by her denial of having seen the accident
dumfounding	adj|bewildering or striking dumb with wonder|
dummy	adj|having the appearance of being real but lacking capacity to function|a dummy corporation	n|a person who does not talk|	n|an ignorant or foolish person|	n|a figure representing the human form|
dummy up	v|make a dummy of|dummy up the books that are to be published	v|refuse to talk or stop talking; fall silent|The children shut up when their father approached
dummy whist	n|a form of whist with three players; four hands are dealt with the hand opposite the dealer being face up|
dump	v|throw away as refuse|No dumping in these woods!	v|sever all ties with, usually unceremoniously or irresponsibly|The company dumped him after many years of service	v|sell at artificially low prices|	v|drop (stuff) in a heap or mass|The truck dumped the garbage in the street
dump routine	n|a routine that writes from an internal store to some external medium|
dump truck	n|truck whose contents can be emptied without handling; the front end of the platform can be pneumatically raised so that the load is discharged by gravity|
dumpcart	n|a cart that can be tilted to empty contents without handling|
dumper	n|truck whose contents can be emptied without handling; the front end of the platform can be pneumatically raised so that the load is discharged by gravity|
dumpiness	n|a short and stout physique|
dumping	n|selling goods abroad at a price below that charged in the domestic market|
dumpling	n|small balls or strips of boiled or steamed dough|	n|dessert made by baking fruit wrapped in pastry|
dumplings	n|small balls or strips of boiled or steamed dough|
dumps	n|an informal expression for a mildly depressed state|in the dumps
dumpsite	n|a piece of land where waste materials are dumped|
dumpster	n|a container designed to receive and transport and dump waste|
dumpy	adj|resembling a garbage dump|	adj|short and thick; as e.g. having short legs and heavy musculature|some people seem born to be square and chunky	adj|short and plump|
dumpy level	n|a surveyor's level having a short telescope fixed to a horizontally rotating table and a spirit level|
dumuzi	n|Sumerian and Babylonian god of pastures and vegetation; consort of Inanna|
dun	adj|of a dull greyish brown to brownish grey color|the dun and dreary prairie	n|horse of a dull brownish grey color|	n|a color or pigment varying around a light grey-brown color|she wore dun	v|treat cruelly|The children tormented the stuttering teacher
dun-colored	adj|having a dun color|
dun-coloured	adj|having a dun color|
duncan grant	n|Scottish painter; cousin of Lytton Strachey and member of the Bloomsbury Group (1885-1978)|
duncan james corrow grant	n|Scottish painter; cousin of Lytton Strachey and member of the Bloomsbury Group (1885-1978)|
dunce	n|a stupid person; these words are used to express a low opinion of someone's intelligence|
dunce cap	n|a cone-shaped paper hat formerly placed on the head of slow or lazy pupils|
dunce's cap	n|a cone-shaped paper hat formerly placed on the head of slow or lazy pupils|
duncical	adj|(used informally) stupid|
duncish	adj|(used informally) stupid|
dundathu pine	n|Australian timber tree resembling the kauri but having wood much lighter in weight and softer|
dunderhead	n|a stupid person; these words are used to express a low opinion of someone's intelligence|
dune	n|a ridge of sand created by the wind; found in deserts or near lakes and oceans|
dune buggy	n|a recreational vehicle with large tires used on beaches or sand dunes|
dune cycling	n|bicycling or motorcycling on sand dunes|
dung	n|fecal matter of animals|	v|fertilize or dress with dung|you must dung the land	v|defecate; used of animals|
dung beetle	n|any of numerous beetles that roll balls of dung on which they feed and in which they lay eggs|
dungaree	n|a coarse durable twill-weave cotton fabric|
dungeness crab	n|flesh of Cancer magister (Dungeness crab)|	n|small edible crab of Pacific coast of North America|
dungeon	n|the main tower within the walls of a medieval castle or fortress|	n|a dark cell (usually underground) where prisoners can be confined|
dunghill	n|a foul or degraded condition|	n|a heap of dung or refuse|
dunk	v|immerse briefly into a liquid so as to wet, coat, or saturate|dip the garment into the cleaning solution	v|make a dunk shot, in basketball|He dunked the ball	v|dip into a liquid while eating|She dunked the piece of bread in the sauce	n|a basketball shot in which the basketball is propelled downward into the basket|
dunk shot	n|a basketball shot in which the basketball is propelled downward into the basket|
dunkard	n|an adherent of Baptistic doctrines (who practice baptism by immersion)|
dunker	n|an eater who dips food into a liquid before eating it|he was a dunker--he couldn't eat a doughnut without a cup of coffee to dunk it in	n|a basketball player who is able to make dunk shots|	n|an adherent of Baptistic doctrines (who practice baptism by immersion)|
dunkerque	n|a seaport in northern France on the North Sea; scene of the evacuation of British forces in 1940 during World War II|	n|an amphibious evacuation in World War II (1940) when 330,000 Allied troops had to be evacuated from the beaches in northern France in a desperate retreat under enemy fire|
dunkirk	n|a crisis in which a desperate effort is the only alternative to defeat|the Russians had to pull off a Dunkirk to get out of there	n|a seaport in northern France on the North Sea; scene of the evacuation of British forces in 1940 during World War II|	n|an amphibious evacuation in World War II (1940) when 330,000 Allied troops had to be evacuated from the beaches in northern France in a desperate retreat under enemy fire|
dunnock	n|small brownish European songbird|
duns scotus	n|Scottish theologian who was very influential in the Middle Ages (1265-1308)|
duo	n|two items of the same kind|	n|two performers or singers who perform together|	n|a pair who associate with one another|the engaged couple	n|a musical composition for two performers|
duodecimal	adj|based on twelve|the duodecimal number system	n|one part in twelve equal parts|
duodecimal digit	n|a digit from 0 to 11 in duodecimal notation|
duodecimal notation	n|any notation that uses 12 different characters|
duodecimal number system	n|a positional system of numeration that uses duodecimal digits and a radix of twelve|
duodecimal system	n|a positional system of numeration that uses duodecimal digits and a radix of twelve|
duodenal	adj|in or relating to the duodenum|duodenal ulcer
duodenal smear	n|alimentary tract smear of material obtained from the duodenum|
duodenal ulcer	n|a peptic ulcer of the duodenum|
duodenum	n|the part of the small intestine between the stomach and the jejunum|
duologue	n|a conversation between two persons|	n|a part of the script in which the speaking roles are limited to two actors|
duomo	n|the principal Christian church building of a bishop's diocese|
dupe	v|fool or hoax|The immigrant was duped because he trusted everyone	n|a person who is tricked or swindled|
dupery	n|something intended to deceive; deliberate trickery intended to gain an advantage|
duple	adj|consisting of or involving two parts or components usually in pairs|an egg with a double yolk
duple time	n|musical time with two beats in each bar|
duplex	adj|(used technically of a device or process) having two parts|a duplex transaction	adj|allowing communication in opposite directions simultaneously|duplex system	n|a house with two units sharing a common wall|	n|an apartment having rooms on two floors that are connected by a staircase|
duplex apartment	n|an apartment having rooms on two floors that are connected by a staircase|
duplex house	n|a house with two units sharing a common wall|
duplicability	n|the quality of being reproducible|
duplicable	adj|capable of being duplicated|
duplicatable	adj|capable of being duplicated|
duplicate	v|make or do or perform again|He could never replicate his brilliant performance of the magic trick	v|duplicate or match|The polished surface twinned his face and chest in reverse	v|make a duplicate or duplicates of|Could you please duplicate this letter for me?	v|increase twofold|The population doubled within 50 years
duplication	n|a copy that corresponds to an original exactly|he made a duplicate for the files	n|the act of copying or making a duplicate (or duplicates) of something|this kind of duplication is wasteful
duplicator	n|apparatus that makes copies of typed, written or drawn material|
duplicidentata	n|in former classifications considered a suborder of Rodentia coextensive with the order Lagomorpha: gnawing animals|
duplicitous	adj|marked by deliberate deceptiveness especially by pretending one set of feelings and acting under the influence of another|she was a deceitful scheming little thing"- Israel Zangwill
duplicity	n|a fraudulent or duplicitous representation|	n|acting in bad faith; deception by pretending to entertain one set of intentions while acting under the influence of another|
dura	n|the outermost (and toughest) of the 3 meninges|
dura mater	n|the outermost (and toughest) of the 3 meninges|
durability	n|permanence by virtue of the power to resist stress or force|they advertised the durability of their products
durable	adj|existing for a long time|hopes for a durable peace	adj|capable of withstanding wear and tear and decay|durable denim jeans	adj|very long lasting|less durable rocks were gradually worn away to form valleys
durable goods	n|consumer goods that are not destroyed by use|
durable press	n|a fabric that has been chemically processed to resist wrinkles and hold its shape|
durables	n|consumer goods that are not destroyed by use|
durabolin	n|an androgen (trade names Durabolin or Kabolin) that is used to treat testosterone deficiency or breast cancer or osteoporosis|
dural	adj|of or relating to the dura mater|
duralumin	n|an aluminum-based alloy|
duramen	n|the older inactive central wood of a tree or woody plant; usually darker and denser than the surrounding sapwood|
durance	n|imprisonment (especially for a long time)|
durango	n|a city in north central Mexico; mining center|
duration	n|the period of time during which something continues|	n|the property of enduring or continuing in time|	n|continuance in time|the ceremony was of short duration
durative	n|the aspect of a verb that expresses its duration|
durative aspect	n|the aspect of a verb that expresses its duration|
durazzo	n|port city in western Albania on the Adriatic|
durban	n|a port city in eastern South Africa on the Indian Ocean; resort and industrial center|
durbar	n|the room in the palace of a native prince of India in which audiences and receptions occur|
durer	n|a leading German painter and engraver of the Renaissance (1471-1528)|
duress	n|compulsory force or threat|confessed under duress
durga	n|Hindu goddess of war; a malevolent aspect of Devi|the inaccessible Durga
durham	n|a city of north central North Carolina; site of Duke University|	n|English breed of short-horned cattle|
durian	n|tree of southeastern Asia having edible oval fruit with a hard spiny rind|	n|huge fruit native to southeastern Asia `smelling like Hell and tasting like Heaven'; seeds are roasted and eaten like nuts|
durian tree	n|tree of southeastern Asia having edible oval fruit with a hard spiny rind|
durio	n|a genus of tall Asian trees of the family Bombacaceae|
durio zibethinus	n|tree of southeastern Asia having edible oval fruit with a hard spiny rind|
durion	n|tree of southeastern Asia having edible oval fruit with a hard spiny rind|
durkheim	n|French sociologist and first professor of sociology at the Sorbonne (1858-1917)|
durmast	n|deciduous European oak valued for its tough elastic wood|
durra	n|sorghums of dry regions of Asia and North Africa|
durrell	n|English writer of Irish descent who spent much of his life in Mediterranean regions (1912-1990)|
durres	n|port city in western Albania on the Adriatic|
durum	n|wheat with hard dark-colored kernels high in gluten and used for bread and pasta; grown especially in southern Russia, North Africa, and northern central North America|
durum wheat	n|wheat with hard dark-colored kernels high in gluten and used for bread and pasta; grown especially in southern Russia, North Africa, and northern central North America|
dusanbe	n|the capital of Tajikistan; formerly Stalinabad 1926-1991|
duse	n|Italian actress best known for her performances in tragic roles (1858-1924)|
dushanbe	n|the capital of Tajikistan; formerly Stalinabad 1926-1991|
dusicyon	n|crab-eating dog|
dusicyon cancrivorus	n|wild dog of northern South America|
dusk	n|the time of day immediately following sunset|he loved the twilight	v|become dusk|
duskiness	n|the state of being poorly illuminated|	n|a swarthy complexion|
dusky	adj|lighted by or as if by twilight|The dusky night rides down the sky/And ushers in the morn"-Henry Fielding	adj|naturally having skin of a dark color|a dark-skinned beauty
dusky shark	n|relatively slender blue-grey shark; nearly worldwide in tropical and temperate waters|
dusky-colored	adj|having a dark color|
dusky-coloured	adj|having a dark color|
dusky-footed wood rat	n|a wood rat with dusky feet|
dusky-footed woodrat	n|host to Lyme disease tick (Ixodes pacificus) in northern California|
dusseldorf	n|an industrial city in western Germany on the Rhine|
dust	n|fine powdery material such as dry earth or pollen that can be blown about in the air|the furniture was covered with dust	n|the remains of something that has been destroyed or broken up|	n|free microscopic particles of solid material|astronomers say that the empty space between planets actually contains measurable amounts of dust	v|remove the dust from|dust the cabinets
dust bag	n|a bag into which dirt is sucked by a vacuum cleaner|
dust cloud	n|a cloud of dust suspended in the air|
dust coat	n|a loose coverall (coat or frock) reaching down to the ankles|
dust contamination	n|state of being contaminated with dust|	n|the act of contaminating with dust particles|
dust cover	n|a paper jacket for a book; a jacket on which promotional information is usually printed|	n|a large piece of cloth used to cover furniture that is not in use for a long period|	n|a removable plastic protective covering for a piece of equipment|
dust devil	n|a miniature whirlwind strong enough to whip dust and leaves and litter into the air|
dust jacket	n|a paper jacket for a book; a jacket on which promotional information is usually printed|
dust mop	n|a dry swab for dusting floors|
dust sheet	n|a large piece of cloth used to cover furniture that is not in use for a long period|
dust storm	n|a windstorm that lifts up clouds of dust or sand|it was the kind of duster not experienced in years
dust wrapper	n|a paper jacket for a book; a jacket on which promotional information is usually printed|
dust-covered	adj|covered with a layer of dust|a dusty pile of books
dustbin	n|a bin that holds rubbish until it is collected|
dustcart	n|a truck for collecting domestic refuse|in Britain a garbage truck is called a dustcart
dustcloth	n|a piece of cloth used for dusting|
duster	n|a windstorm that lifts up clouds of dust or sand|it was the kind of duster not experienced in years	n|a loose coverall (coat or frock) reaching down to the ankles|	n|a piece of cloth used for dusting|	n|a pitch thrown deliberately close to the batter|
dustiness	n|the state of being covered with dust|
dusting powder	n|a fine powder for spreading on the body (as after bathing)|
dustlike	adj|as fine and powdery as dust|
dustman	n|someone employed to collect and dispose of refuse|
dustmop	n|a dry swab for dusting floors|
dustpan	n|the quantity that a dustpan will hold|	n|a short-handled receptacle into which dust can be swept|
dustpanful	n|the quantity that a dustpan will hold|
dustrag	n|a piece of cloth used for dusting|
dustup	n|an angry dispute|they had a quarrel
dusty	adj|covered with a layer of dust|a dusty pile of books	adj|lacking originality or spontaneity; no longer new|moth-eaten theories about race
dusty miller	n|shrubby perennial of the Canary Islands having white flowers and leaves and hairy stems covered with dustlike down; sometimes placed in genus Chrysanthemum|	n|stiff much-branched perennial of the Mediterranean region having very white woolly stems and leaves|	n|a plant having leaves and stems covered with down that resembles dust|	n|herb with greyish leaves found along the east coast of North America; used as an ornamental plant|
dutch	adj|of or relating to the Netherlands or its people or culture|Dutch painting	n|the people of the Netherlands|the Dutch are famous for their tulips	n|the West Germanic language of the Netherlands|
dutch auction	n|a method of selling in which the price is reduced until a buyer is found|
dutch capital	n|an industrial center and the nominal capital of the Netherlands; center of the diamond-cutting industry; seat of an important stock exchange; known for its canals and art museum|
dutch courage	n|courage resulting from intoxication|
dutch door	n|an exterior door divided in two horizontally; either half can be closed or open independently|
dutch east indies	n|a republic in southeastern Asia on an archipelago including more than 13,000 islands; achieved independence from the Netherlands in 1945; the principal oil producer in the Far East and Pacific regions|
dutch elm	n|any of various hybrid ornamental European shade trees ranging from dwarf to tall|
dutch elm disease	n|disease of elms caused by a fungus|
dutch elm fungus	n|fungus causing Dutch elm disease|
dutch florin	n|formerly the basic unit of money in the Netherlands; equal to 100 cents|
dutch guiana	n|a republic in northeastern South America on the Atlantic; achieved independence from the Netherlands in 1975|
dutch hoe	n|a hoe that is used by pushing rather than pulling|
dutch iris	n|bulbous Spanish iris having blue flowers|	n|bulbous Spanish iris with red-violet flowers|
dutch monetary unit	n|monetary unit in the Netherlands|
dutch oven	n|an oven consisting of a metal box for cooking in front of a fire|	n|iron or earthenware cooking pot; used for stews|
dutch people	n|the people of the Netherlands|the Dutch are famous for their tulips
dutch treat	n|a dinner where each person pays for his own|
dutch uncle	n|a counselor who admonishes frankly and sternly|
dutch-elm beetle	n|a vector of the fungus causing Dutch elm disease|
dutch-processed cocoa	n|cocoa powder treated with a mild alkalizing agent (such as baking soda)|
dutchman	n|a native or inhabitant of Holland|
dutchman's-pipe	n|hardy deciduous vine having large leaves and flowers with the calyx tube curved like the bowl of a pipe|
duteous	adj|willingly obedient out of a sense of duty and respect|a dutiful child
dutiable	adj|subject to import tax|dutiable imports
dutiful	adj|willingly obedient out of a sense of duty and respect|a dutiful child
dutifully	adv|out of a sense of duty; in a dutiful manner|he dutifully visited his mother every Sunday
dutifulness	n|piety by virtue of devotion to duty|
duty	n|the social force that binds you to the courses of action demanded by that force; every opportunity, an obligation; every possession, a duty"- John D.Rockefeller Jr|we must instill a sense of duty in our children	n|work that you are obliged to perform for moral or legal reasons|the duties of the job	n|a government tax on imports or exports|they signed a treaty to lower duties on trade between their countries
duty assignment	n|a duty that you are assigned to perform (especially in the armed forces)|hazardous duty
duty period	n|the time period during which you are at work|
duty tour	n|a period of time spent in military service|
duty-bound	adj|under a moral obligation to do something|
duty-free	adj|exempt from duty|duty-free liquor
duvalier	n|son and successor of Francois Duvalier as president of Haiti; he was overthrown by a mass uprising in 1986 (born in 1951)|	n|oppressive Haitian dictator (1907-1971)|
duvet	n|a soft quilt usually filled with the down of the eider|
dvd	n|a digital recording (as of a movie) on an optical disk that can be played on a computer or a television set|
dvorak	n|Czech composer who combined folk elements with traditional forms (1841-1904)|
dwarf	n|a person who is markedly small|	n|a legendary creature resembling a tiny old man; lives in the depths of the earth and guards buried treasure|	n|a plant or animal that is atypically small|	v|make appear small by comparison|This year's debt dwarfs that of last year
dwarf astilbe	n|mat-forming evergreen Asiatic plant with finely cut leaves and small pink to burgundy flowers; grown as ground cover|
dwarf banana	n|low-growing Asian banana tree cultivated especially in the West Indies for its clusters of edible yellow fruit|
dwarf bilberry	n|low-growing tufted deciduous shrub of northern and alpine North America having pink to coral-red flowers followed by sweet blue berries|
dwarf blueberry	n|low-growing tufted deciduous shrub of northern and alpine North America having pink to coral-red flowers followed by sweet blue berries|
dwarf buffalo	n|small buffalo of the Celebes having small straight horns|
dwarf cape gooseberry	n|stout hairy annual of eastern North America with sweet yellow fruits|
dwarf cornel	n|creeping perennial herb distinguished by red berries and clustered leaf whorls at the tips of shoots; Greenland to Alaska|
dwarf daisy	n|tiny grey woolly tufted annual with small golden-yellow flower heads; southeastern California to northwestern Arizona and southwestern Utah; sometimes placed in genus Eriophyllum|
dwarf elder	n|dwarf herbaceous elder of Europe having pink flowers and a nauseous odor|	n|bristly herb of eastern and central North America having black fruit and medicinal bark|
dwarf flowering almond	n|small Chinese shrub with smooth unfurrowed dark red fruit grown especially for its red or pink or white flowers|
dwarf golden chinkapin	n|evergreen shrub similar to golden chinkapin; mountains of California|
dwarf hulsea	n|similar to but smaller than alpine hulsea|
dwarf juniper	n|a procumbent variety of the common juniper|	n|procumbent or spreading juniper|
dwarf lycopod	n|tufted spikemoss forming loose spreading mats; eastern North America|
dwarf maple	n|small maple of northwestern North America|
dwarf mountain pine	n|low shrubby pine of central Europe with short bright green needles in bunches of two|
dwarf mulberry	n|creeping raspberry of north temperate regions with yellow or orange berries|
dwarf nipplewort	n|small European herb with small yellow flowers|
dwarf pipefish	n|small (4 inches) fish found off the Florida Gulf Coast|
dwarf pocket rat	n|small silky-haired pouched rodent; similar to but smaller than kangaroo rats|
dwarf russian almond	n|Asiatic shrub cultivated for its rosy red flowers|
dwarf sperm whale	n|very small (to 8 feet) sperm whale of central coasts of Atlantic and Pacific|
dwarf sumac	n|common nonpoisonous shrub of eastern North America with compound leaves and green paniculate flowers followed by red berries|
dwarf tulip	n|small early blooming tulip|
dwarf willow	n|widely distributed boreal shrubby willow with partially underground creeping stems and bright green glossy leaves|
dwarfish	adj|atypically small|dwarf tree
dwarfishness	n|smallness of stature|
dwarfism	n|a genetic abnormality resulting in short stature|
dweeb	n|an insignificant student who is ridiculed as being affected or boringly studious|
dwell	v|think moodily or anxiously about something|	v|originate (in)|The problems dwell in the social injustices in this country	v|be an inhabitant of or reside in|People lived in Africa millions of years ago	v|exist or be situated within|Strange notions inhabited her mind
dwell on	v|delay|
dweller	n|a person who inhabits a particular place|
dwelling	n|housing that someone is living in|he built a modest dwelling near the pond
dwelling house	n|housing that someone is living in|he built a modest dwelling near the pond
dwindle	v|become smaller or lose substance|Her savings dwindled down
dwindle away	v|become smaller or lose substance|Her savings dwindled down
dwindle down	v|become smaller or lose substance|Her savings dwindled down
dwindling	adj|gradually decreasing until little remains|	n|a becoming gradually less|there is no greater sadness that the dwindling away of a family
dwindling away	n|a becoming gradually less|there is no greater sadness that the dwindling away of a family
dy	n|a trivalent metallic element of the rare earth group; forms compounds that are highly magnetic|
dyad	n|two items of the same kind|
dyadic	adj|of or relating to a dyad or based on two|
dyadic operation	n|an operation on exactly two operands|
dyarchy	n|a form of government having two joint rulers|
dyaus	n|Hindu god of the sky|
dyaus-pitar	n|Hindu god of the sky|
dybbuk	n|(Jewish folklore) a demon that enters the body of a living person and controls that body's behavior|
dye	v|color with dye|Please dye these shoes	n|a usually soluble substance for staining or coloring e.g. fabrics or hair|
dye-works	n|a workshop where dyeing is done|
dyed	adj|(used of color) artificially produced; not natural|a bleached blonde
dyeing	n|the use of dye to change the color of something permanently|
dyer	n|someone whose job is to dye cloth|
dyer's mignonette	n|European mignonette cultivated as a source of yellow dye; naturalized in North America|
dyer's rocket	n|European mignonette cultivated as a source of yellow dye; naturalized in North America|
dyer's woad	n|European biennial formerly grown for the blue coloring matter yielded by its leaves|
dyer's woodruff	n|creeping European perennial having red or pinkish-white flowers and red roots sometimes used as a substitute for madder in dyeing|
dyers' chamomile	n|Eurasian perennial herb with hairy divided leaves and yellow flowers; naturalized in North America|
dyestuff	n|a usually soluble substance for staining or coloring e.g. fabrics or hair|
dyewood	n|any wood from which dye is obtained|
dying	adj|in or associated with the process of passing from life or ceasing to be|a dying man	adj|eagerly desirous|anxious to see the new show at the museum	n|the time when something ends|it was the death of all his plans
dyirbal	n|a language of Australian aborigines|
dyke	n|(slang) offensive term for a lesbian who is noticeably masculine|	n|a barrier constructed to contain the flow of water or to keep out the sea|	v|enclose with a dike|dike the land to protect it from water
dylan	n|Celtic god of the waves; son of Arianrhod|
dylan marlais thomas	n|Welsh poet (1914-1953)|
dylan thomas	n|Welsh poet (1914-1953)|
dynamic	adj|characterized by action or forcefulness or force of personality|a dynamic market	adj|of or relating to dynamics|	adj|(used of verbs (e.g. `to run') and participial adjectives (e.g. `running' in `running water')) expressing action rather than a state of being|	n|an efficient incentive|they hoped it would act as a spiritual dynamic on all churches
dynamic balance	n|(aeronautics) the state of equilibrium in which centrifugal forces due to a rotating mass (e.g., a propeller) do not produce force in the shaft and so vibration is reduced|
dynamic electricity	n|a flow of electric charge|
dynamic headroom	n|the capacity of a system to reproduce loud sounds without distortion|
dynamic viscosity	n|a measure of the resistance to flow of a fluid under an applied force|
dynamical	adj|characterized by action or forcefulness or force of personality|a dynamic market
dynamical system	n|(physics) a phase space together with a transformation of that space|
dynamically	adv|in a forceful dynamic manner|this pianist plays dynamically
dynamics	n|the branch of mechanics concerned with the forces that cause motions of bodies|
dynamise	v|make more dynamic|She was dynamized by her desire to go to grad school	v|make (a drug) effective|dynamized medicine
dynamism	n|any of the various theories or doctrines or philosophical systems that attempt to explain the phenomena of the universe in terms of some immanent force or energy|	n|active strength of body or mind|	n|the activeness of an energetic personality|
dynamite	n|an explosive containing nitrate sensitized with nitroglycerin absorbed on wood pulp|	v|blow up with dynamite|The rock was dynamited
dynamiter	n|a person who uses dynamite in a revolutionary cause|
dynamitist	n|a person who uses dynamite in a revolutionary cause|
dynamize	v|make more dynamic|She was dynamized by her desire to go to grad school	v|make (a drug) effective|dynamized medicine
dynamo	n|generator consisting of a coil (the armature) that rotates between the poles of an electromagnet (the field magnet) causing a current to flow in the armature|
dynamometer	n|measuring instrument designed to measure power|
dynapen	n|antibacterial (trade name Dynapen) used to treat staphylococcal infections that are resistant to penicillin|
dynast	n|a hereditary ruler|
dynastic	adj|of or relating to or characteristic of a dynasty|
dynasty	n|a sequence of powerful leaders in the same family|
dyne	n|a unit of force equal to the force that imparts an acceleration of 1 cm/sec/sec to a mass of 1 gram|
dysaphia	n|a disorder in the sense of touch|
dysarthria	n|impaired articulatory ability resulting from defects in the peripheral motor nerves or in the speech musculature|
dyscalculia	n|impaired ability to learn grade-appropriate mathematics|
dyschezia	n|difficulty in defecating (usually as a consequence of long continued voluntary suppression of the urge to defecate)|
dyscrasia	n|an abnormal or physiologically unbalanced state of the body|
dysdercus	n|a genus of slender long-legged bugs that feed on the developing seeds of cotton and stain it|
dysentery	n|an infection of the intestines marked by severe diarrhea|
dysfunction	n|(medicine) any disturbance in the functioning of an organ or body part or a disturbance in the functioning of a social group|erectile dysfunction
dysfunctional	adj|impaired in function; especially of a bodily system or organ|	adj|(of a trait or condition) failing to serve an adjustive purpose|dysfunctional behavior
dysgenesis	n|infertility between hybrids|
dysgenic	adj|pertaining to or causing degeneration in the offspring produced|
dysgenics	n|the study of the operation of factors causing degeneration in the type of offspring produced|
dysgraphia	n|impaired ability to learn to write|
dyskinesia	n|abnormality in performing voluntary muscle movements|
dyslectic	adj|having impaired ability to comprehend written words usually associated with a neurologic disorder|	n|a person who has dyslexia|
dyslexia	n|impaired ability to learn to read|
dyslexic	adj|of or relating to or symptomatic of dyslexia|	adj|having impaired ability to comprehend written words usually associated with a neurologic disorder|	n|a person who has dyslexia|
dyslogia	n|impaired ability to express ideas verbally; usually resulting from difficulties of reasoning (as in feeblemindedness or certain psychoses)|
dyslogistic	adj|expressing disapproval|dyslogistic terms like `nitwit' and `scalawag'
dysmenorrhea	n|painful menstruation|
dysomia	n|impairment of the sense of smell|
dysosmia	n|a disorder in the sense of smell|
dysostosis multiplex	n|hereditary disease (autosomal recessive) consisting of an error is mucopolysaccharide metabolism; characterized by severe abnormalities in development of skeletal cartilage and bone and mental retardation|
dyspepsia	n|a disorder of digestive function characterized by discomfort or heartburn or nausea|
dyspeptic	adj|suffering from dyspepsia|	adj|irritable as if suffering from indigestion|	n|a person suffering from indigestion|
dysphagia	n|condition in which swallowing is difficult or painful|
dysphasia	n|an impairment of language (especially speech production) that is usually due to brain damage|
dysphemism	n|an offensive or disparaging expression that is substituted for an inoffensive one|his favorite dysphemism was to ask for axle grease when he wanted butter
dysphemistic	adj|of or the nature of dysphemism|`kick the bucket' is a dysphemistic term for `die'
dysphonia	n|speech disorder attributable to a disorder of phonation|
dysphoria	n|abnormal depression and discontent|
dysphoric	adj|generalized feeling of distress|
dysplasia	n|abnormal development (of organs or cells) or an abnormal structure resulting from such growth|
dysplastic	adj|relating to or evidencing dysplasia|
dyspnea	n|difficult or labored respiration|
dyspneal	adj|not breathing or able to breathe except with difficulty|breathless at thought of what I had done
dyspneic	adj|not breathing or able to breathe except with difficulty|breathless at thought of what I had done
dyspnoea	n|difficult or labored respiration|
dyspnoeal	adj|not breathing or able to breathe except with difficulty|breathless at thought of what I had done
dyspnoeic	adj|not breathing or able to breathe except with difficulty|breathless at thought of what I had done
dysprosium	n|a trivalent metallic element of the rare earth group; forms compounds that are highly magnetic|
dyssynergia	n|inability to coordinate voluntary muscle movements; unsteady movements and staggering gait|
dysthymia	n|mild chronic depression|I thought she had just been in a bad mood for thirty years, but the doctor called it dysthymia
dysthymic depression	n|mild chronic depression|I thought she had just been in a bad mood for thirty years, but the doctor called it dysthymia
dystopia	n|state in which the conditions of life are extremely bad as from deprivation or oppression or terror|	n|a work of fiction describing an imaginary place where life is extremely bad because of deprivation or oppression or terror|
dystopian	adj|of or pertaining to or resembling a dystopia|	adj|as bad as can be; characterized by human misery|AIDS is one of the dystopian harbingers of the global villages"- Susan Sontag
dystrophy	n|any of several hereditary diseases of the muscular system characterized by weakness and wasting of skeletal muscles|	n|any degenerative disorder resulting from inadequate or faulty nutrition|
dysuria	n|painful or difficult urination|
dytiscidae	n|water beetles|
dyushambe	n|the capital of Tajikistan; formerly Stalinabad 1926-1991|
dziggetai	n|Mongolian wild ass|
