k	n|the basic unit of thermodynamic temperature adopted under the Systeme International d'Unites|	n|a light soft silver-white metallic element of the alkali metal group; oxidizes rapidly in air and reacts violently with water; is abundant in nature in combined forms occurring in sea water and in carnallite and kainite and sylvite|	n|the cardinal number that is the product of 10 and 100|	n|a unit of information equal to 1000 bytes|
k particle	n|an unstable meson produced as the result of a high-energy particle collision|
k'ung futzu	n|Chinese philosopher whose ideas and sayings were collected after his death and became the basis of a philosophical doctrine known a Confucianism (circa 551-478 BC)|
k-dur 20	n|salt of potassium (KCl) (trade names K-Dur 20, Kaochlor and K-lor and Klorvess and K-lyte); taken in tablet form to treat potassium deficiency|
k-lor	n|salt of potassium (KCl) (trade names K-Dur 20, Kaochlor and K-lor and Klorvess and K-lyte); taken in tablet form to treat potassium deficiency|
k-lyte	n|salt of potassium (KCl) (trade names K-Dur 20, Kaochlor and K-lor and Klorvess and K-lyte); taken in tablet form to treat potassium deficiency|
k-meson	n|an unstable meson produced as the result of a high-energy particle collision|
k.e.	n|the mechanical energy that a body has by virtue of its motion|
k2	n|a mountain peak in the Karakoram Range in northern Kashmir; the 2nd highest peak in the world (28,250 feet high)|
ka	n|unknown god; an epithet of Prajapati and Brahma|
kaaba	n|(Islam) a black stone building in Mecca that is shaped like a cube and that is the most sacred Muslim pilgrim shrine; believed to have been given by Gabriel to Abraham; Muslims turn in its direction when praying|
kabala	n|an esoteric or occult matter resembling the Kabbalah that is traditionally secret|	n|an esoteric theosophy of rabbinical origin based on the Hebrew scriptures and developed between the 7th and 18th centuries|
kabbala	n|an esoteric or occult matter resembling the Kabbalah that is traditionally secret|	n|an esoteric theosophy of rabbinical origin based on the Hebrew scriptures and developed between the 7th and 18th centuries|
kabbalah	n|an esoteric or occult matter resembling the Kabbalah that is traditionally secret|	n|an esoteric theosophy of rabbinical origin based on the Hebrew scriptures and developed between the 7th and 18th centuries|
kabbalism	n|the doctrines of the Kabbalah|	n|adherence to some extreme traditional theological concept or interpretation|
kabbalist	n|an expert who is highly skilled in obscure or difficult or esoteric matters|	n|a student of the Jewish Kabbalah|
kabbalistic	adj|having a secret or hidden meaning|cabalistic symbols engraved in stone
kabob	n|cubes of meat marinated and cooked on a skewer usually with vegetables|
kabolin	n|an androgen (trade names Durabolin or Kabolin) that is used to treat testosterone deficiency or breast cancer or osteoporosis|
kabul	n|the capital and largest city of Afghanistan; located in eastern Afghanistan|
kach	n|a terrorist organization founded for Jewish defense; fights antisemitism and hopes to restore the biblical state of Israel|
kachaturian	n|Armenian composer who incorporated oriental folk music (1903-1978)|
kachin	n|Tibeto-Burman languages spoken in northernmost Burma and adjacent China and India|
kachina	n|a masked dancer during a Pueblo religious ceremony who is thought to embody some particular spirit|	n|a deified spirit of the Pueblo people|	n|a carved doll wearing the costume of a particular Pueblo spirit; usually presented to a child as a gift|
kachinic	n|Tibeto-Burman languages spoken in northernmost Burma and adjacent China and India|
kadai	n|a family of Sino-Tibetan languages spoken in southeastern Asia|
kadai language	n|a family of Sino-Tibetan languages spoken in southeastern Asia|
kadikoy	n|a former town on the Bosporus (now part of Istanbul); site of the Council of Chalcedon|
kaffir	n|important for human and animal food; growth habit and stem form similar to Indian corn but having sawtooth-edged leaves|	n|an offensive and insulting term for any Black African|
kaffir boom	n|small semi-evergreen tree of South Africa having dense clusters of clear scarlet flowers and red seeds|	n|small semi-evergreen broad-spreading tree of eastern South Africa with orange-scarlet flowers and small coral-red seeds; yields a light soft wood used for fence posts or shingles|
kaffir bread	n|South African cycad; the farinaceous pith of the fruit used as food|
kaffir cat	n|widely distributed wildcat of Africa and Asia Minor|
kaffir corn	n|important for human and animal food; growth habit and stem form similar to Indian corn but having sawtooth-edged leaves|
kaffir pox	n|a mild form of smallpox caused by a less virulent form of the virus|
kaffiyeh	n|an Arab headdress consisting of a square piece of cloth folded into a triangle and fastened over the crown by an agal|
kafir	n|an offensive and insulting term for any Black African|	n|a member of the Kafir people in northeastern Afghanistan|
kafir corn	n|important for human and animal food; growth habit and stem form similar to Indian corn but having sawtooth-edged leaves|
kafiri	n|a Dardic language spoken by the Kafir in northeastern Afghanistan|
kafka	n|Czech novelist who wrote in German about a nightmarish world of isolated and troubled individuals (1883-1924)|
kafkaesque	adj|relating to or in the manner of Franz Kafka or his writings|	adj|characterized by surreal distortion and a sense of impending danger|the kafkaesque terror of the endless interrogations
kafocin	n|antibiotic related to cephalosporin but no longer in common use|
kaftan	n|a woman's dress style that imitates the caftan cloaks worn by men in the Near East|	n|a (cotton or silk) cloak with full sleeves and sash reaching down to the ankles; worn by men in the Levant|
kahane chai	n|a terrorist organization founded for Jewish defense; fights antisemitism and hopes to restore the biblical state of Israel|
kahikatea	n|New Zealand evergreen valued for its light easily worked wood|
kahlua	n|coffee-flavored liqueur made in Mexico|
kahoolawe	n|an island of south-central Hawaii|
kahoolawe island	n|an island of south-central Hawaii|
kai apple	n|South African fruit smelling and tasting like apricots; used for pickles and preserves|
kail	n|a hardy cabbage with coarse curly leaves that do not form a head|	n|coarse curly-leafed cabbage|
kainite	n|a white mineral consisting of magnesium sulphate and potassium chloride; a source of potassium salts; used as a fertilizer|
kainogenesis	n|introduction during embryonic development of characters or structure not present in the earlier evolutionary history of the strain or species (such as the addition of the placenta in mammalian evolution)|
kaiser	n|the title of the Holy Roman Emperors or the emperors of Austria or of Germany until 1918|
kaiser bill	n|grandson of Queen Victoria and Kaiser of Germany from 1888 to 1918; he was vilified as causing World War I (1859-1941)|
kaiser roll	n|rounded raised poppy-seed roll made of a square piece of dough by folding the corners in to the center|
kaiser wilhelm	n|grandson of Queen Victoria and Kaiser of Germany from 1888 to 1918; he was vilified as causing World War I (1859-1941)|
kakatoe	n|a genus of Psittacidae|
kakatoe galerita	n|white cockatoo with a yellow erectile crest|
kakatoe leadbeateri	n|white Australian cockatoo with roseate tinged plumage|
kakemono	n|a Japanese (paper or silk) wall hanging; usually narrow with a picture or writing on it and a roller at the bottom|
kaki	n|small deciduous Asiatic tree bearing large red or orange edible astringent fruit|	n|blackish stilt of New Zealand sometimes considered a color phase of the white-headed stilt|
kakke disease	n|the endemic form of beriberi|
kala azar	n|sores resulting from a tropical infection by protozoa of the genus Leishmania which are spread by sandflies|
kala-azar	n|leishmaniasis of the viscera|
kalaallit nunaat	n|the largest island in the world; lies between the North Atlantic and the Arctic Ocean; a self-governing province of Denmark|
kalahari	n|a desert in southwestern Africa - largely Botswana|
kalahari desert	n|a desert in southwestern Africa - largely Botswana|
kalamazoo	n|a town in southwest Michigan|
kalansuwa	n|a cap that is wrapped around by a turban and worn by Muslim religious elders|
kalantas	n|Philippine timber tree having hard red fragrant wood|
kalapooian	n|a Penutian language spoken by the Kalapuya|
kalapuyan	n|a Penutian language spoken by the Kalapuya|
kalashnikov	n|a type of submachine gun made in Russia|
kalashnikov culture	n|the attitudes and behavior in a social group that resolves political disputes by force of arms|the Kalashnikov culture in Afghanistan
kale	n|informal terms for money|	n|a hardy cabbage with coarse curly leaves that do not form a head|	n|coarse curly-leafed cabbage|
kaleidoscope	n|a complex pattern of constantly changing colors and shapes|	n|an optical toy in a tube; it produces symmetrical patterns as bits of colored glass are reflected by mirrors|
kaleidoscopic	adj|continually shifting or rapidly changing|
kaleidoscopical	adj|continually shifting or rapidly changing|
kalemia	n|the presence of excess potassium in the circulating blood|
kali	n|bushy plant of Old World salt marshes and sea beaches having prickly leaves; burned to produce a crude soda ash|	n|wife of Siva and malevolent form of Devi|the black
kalian	n|an oriental tobacco pipe with a long flexible tube connected to a container where the smoke is cooled by passing through water|a bipolar world with the hookah and Turkish coffee versus hamburgers and Coca Cola
kalif	n|the civil and religious leader of a Muslim state considered to be a representative of Allah on earth|many radical Muslims believe a Khalifah will unite all Islamic lands and people and subjugate the rest of the world
kalimantan	n|the part of Indonesia on the southern side of the island of Borneo|	n|3rd largest island in the world; in the western Pacific to the north of Java; largely covered by dense jungle and rain forest; part of the Malay Archipelago|
kalinin	n|soviet statesman and head of state of the USSR (1875-1946)|
kaliph	n|the civil and religious leader of a Muslim state considered to be a representative of Allah on earth|many radical Muslims believe a Khalifah will unite all Islamic lands and people and subjugate the rest of the world
kaliuresis	n|the presence of excess potassium in the urine|
kalka	n|the Mongol people living in the central and eastern parts of Outer Mongolia|	n|the language of the Khalkha that is the official language of the Mongolian People's Republic|
kalki	n|the 10th and last incarnation of Vishnu|
kallman's syndrome	n|hypogonadism with anosmia; a congenital sexual disorder that prevents the testicles from maturing at puberty|
kalmia	n|any plant of the genus Kalmia|
kalon tripa	n|the chairman of the Kashag and essentially head of the Tibetan government-in-exile|
kalotermes	n|type genus of Kalotermitidae; termites destructive of wood and living trees|
kalotermitidae	n|primitive termites of warm regions|
kalpac	n|a high-crowned black cap (usually made of felt or sheepskin) worn by men in Turkey and Iran and the Caucasus|
kaluga	n|a city of central Russia to the south of Moscow|
kalumpang	n|large tree of Old World tropics having foul-smelling orange-red blossoms followed by red pods enclosing oil-rich seeds sometimes used as food|
kaluresis	n|the presence of excess potassium in the urine|
kam muang	n|a branch of the Tai languages|
kam-sui	n|a group of Kadai languages|
kam-tai	n|a family of Sino-Tibetan languages spoken in southeastern Asia|
kama	n|Hindu god of love and erotic desire; opposite of Mara|
kamarupan	n|the Tibeto-Burman language spoken in northeastern India and adjacent regions of western Burma|
kamasutra	n|(Hinduism) an ancient Sanskrit text giving rules for sensuous and sensual pleasure and love and marriage in accordance with Hindu law|
kamba	n|a Bantu language spoken by the Kamba in Kenya|
kamchatka peninsula	n|a peninsula in eastern Siberia; between Bering Sea and Sea of Okhotsk|
kamchatkan sea eagle	n|found on coasts of the northwestern Pacific|
kameez	n|a long tunic worn by many people from the Indian subcontinent (usually with a salwar or churidars)|
kamehameha i	n|Hawaiian king who united the islands under his rule (1758-1819)|
kamehameha the great	n|Hawaiian king who united the islands under his rule (1758-1819)|
kamet	n|a mountain in the Himalayas in northern India (25,450 feet high)|
kami	n|one the Shinto deities (including mythological beings, spirits of distinguished men, forces of nature)|
kamia	n|the Yuman language spoken by the Kamia|
kamikaze	n|a fighter plane used for suicide missions by Japanese pilots in World War II|	n|a pilot trained and willing to cause a suicidal crash|
kammon strait bridge	n|a suspension bridge between Kyushu and Honshu|
kampala	n|the capital and largest city of Uganda on the north shore of Lake Victoria|
kampong	n|a native village in Malaysia|
kampuchea	n|a nation in southeastern Asia; was part of Indochina under French rule until 1946|
kampuchean	adj|of or relating to or characteristic of Cambodia or its people or language|	n|a native or inhabitant of Cambodia|
kan river	n|a river in southeastern China that flows generally north into the Chang Jiang to the north of Nanchang|
kanaf	n|valuable fiber plant of East Indies now widespread in cultivation|
kanamycin	n|antibiotic (trade name Kantrex) used to treat severe infections|
kananga	n|a city in southwestern Congo; former name (until 1966) was Luluabourg|
kanara	n|a historical region of southwestern India on the west coast|
kanarese	n|a member of a Kannada-speaking group of people living chiefly in Kanara in southern India|	n|a Dravidian language spoken in southern India|
kanawha	n|a tributary of the Ohio River in West Virginia|
kanawha river	n|a tributary of the Ohio River in West Virginia|
kanchanjanga	n|a mountain the Himalayas on the border between Nepal and Tibet (28,208 feet high)|
kanchenjunga	n|a mountain the Himalayas on the border between Nepal and Tibet (28,208 feet high)|
kanchil	n|small chevrotain of southeastern Asia|
kandahar	n|a city in southern Afghanistan; an important trading center|
kandinski	n|Russian painter who was a pioneer of abstract art (1866-1944)|
kandinsky	n|Russian painter who was a pioneer of abstract art (1866-1944)|
kandy	n|a city of central Sri Lanka that was the last capital of the ancient kings of Ceylon; a resort and religious center|
kangaroo	n|any of several herbivorous leaping marsupials of Australia and New Guinea having large powerful hind legs and a long thick tail|
kangaroo apple	n|Australian annual sometimes cultivated for its racemes of purple flowers and edible yellow egg-shaped fruit|
kangaroo bear	n|sluggish tailless Australian arboreal marsupial with grey furry ears and coat; feeds on eucalyptus leaves and bark|
kangaroo court	n|an irregular unauthorized court|
kangaroo hare	n|small Australian wallaby that resembles a hare and has persistent teeth|
kangaroo jerboa	n|brush-tailed rat kangaroo|
kangaroo mouse	n|small silky-haired pouched rodent; similar to but smaller than kangaroo rats|	n|leaping rodent of Australian desert areas|
kangaroo paw	n|sedgelike spring-flowering herb having clustered flowers covered with woolly hairs; Australia|
kangaroo rat	n|any of various leaping rodents of desert regions of North America and Mexico; largest members of the family Heteromyidae|	n|any of several rabbit-sized ratlike Australian kangaroos|
kangaroo's paw	n|sedgelike spring-flowering herb having clustered flowers covered with woolly hairs; Australia|
kangaroo's-foot	n|sedgelike spring-flowering herb having clustered flowers covered with woolly hairs; Australia|
kangaroo-foot plant	n|sedgelike spring-flowering herb having clustered flowers covered with woolly hairs; Australia|
kannada	n|a Dravidian language spoken in southern India|
kannada-speaking	adj|able to communicate in Kannada|
kansa	n|a member of the Siouan people of the Kansas river valley in Kansas|	n|the Dhegiha dialect spoken by the Kansa|
kansan	n|a native or resident of Kansas|
kansas	n|a member of the Siouan people of the Kansas river valley in Kansas|	n|a river in northeastern Kansas; flows eastward to become a tributary of the Missouri River|	n|the Dhegiha dialect spoken by the Kansa|
kansas city	n|a city in western Missouri situated at the confluence of the Kansas River and the Missouri River; adjacent to Kansas City, Kansas|	n|a city of northeast Kansas on the Missouri River adjacent to Kansas City, Missouri|
kansas river	n|a river in northeastern Kansas; flows eastward to become a tributary of the Missouri River|
kansu	n|a province in north-central China; formerly part of the Silk Road to Turkistan and India and Persia|
kant	n|influential German idealist philosopher (1724-1804)|
kantian	adj|of or relating to Immanuel Kant or his philosophy|
kantrex	n|antibiotic (trade name Kantrex) used to treat severe infections|
kanzu	n|(Swahili) a long garment (usually white) with long sleeves; worn by men in East Africa|
kaochlor	n|salt of potassium (KCl) (trade names K-Dur 20, Kaochlor and K-lor and Klorvess and K-lyte); taken in tablet form to treat potassium deficiency|
kaoliang	n|sorghums of China and Manchuria having small white or brown grains (used for food) and dry pithy stalks (used for fodder, fuel and thatching)|
kaolin	n|a fine usually white clay formed by the weathering of aluminous minerals (as feldspar); used in ceramics and as an absorbent and as a filler (e.g., in paper)|
kaoline	n|a fine usually white clay formed by the weathering of aluminous minerals (as feldspar); used in ceramics and as an absorbent and as a filler (e.g., in paper)|
kaolinite	n|a mineral consisting of aluminum silicate; main source of kaolin|
kaon	n|an unstable meson produced as the result of a high-energy particle collision|
kaopectate	n|trade name for a fixed-combination antidiarrheal drug that use kaolin as the adsorbent and pectin as the emollient|
kapeika	n|100 kapeikas equal 1 rubel in Belarus|
kaph	n|the 11th letter of the Hebrew alphabet|
kaplan group	n|a Turkish terrorist group of fundamentalist Muslims with ties to al-Qaeda that operates in Germany; seeks the violent overthrow of the Turkish government and the establishment of an Islamic nation modeled on Iran|
kapok	n|a plant fiber from the kapok tree; used for stuffing and insulation|	n|massive tropical tree with deep ridges on its massive trunk and bearing large pods of seeds covered with silky floss; source of the silky kapok fiber|
kaposi's sarcoma	n|a sarcoma that starts with purplish spots on the feet and legs and spreads from the skin to lymph nodes and internal organs; a common manifestation of AIDS|until 1980 Kaposi's sarcoma occurred almost exclusively with Jewish or Italian or black men
kaposi's varicelliform eruption	n|a now rare complication of vaccinia superimposed on atopic dermatitis with high fever and generalized vesicles and papulovesicles|
kappa	n|the 10th letter of the Greek alphabet|
kappa-meson	n|an unstable meson produced as the result of a high-energy particle collision|
kapsiki	n|a Chadic language spoken south of Lake Chad|
kapuka	n|small New Zealand broadleaf evergreen tree often cultivated in warm regions as an ornamental|
kaput	adj|destroyed or killed|we are gone geese
kara kum	n|a desert in Turkmenistan to the south of the Aral Sea|
kara sea	n|part of the Arctic Ocean to the north of Siberia and to the east of the Barents Sea; icebound most of the year|
karabiner	n|an oblong metal ring with a spring clip; used in mountaineering to attach a rope to a piton or to connect two ropes|
karachi	n|the largest city in Pakistan; located in southeastern Pakistan; an industrial center and seaport on the Arabian Sea; former capital of Pakistan|
karaites	n|a Jewish sect that recognizes only the Hebrew Scriptures as the source of divinely inspired legislation and denies the authority of the postbiblical tradition of the Talmud; the sect arose in Iraq in the eighth century|
karakalpak	n|a member of a Turkic people living near Lake Aral in central Asia|	n|the Turkic language spoken by the Karakalpak|
karakoram	n|a mountain range in northern Kashmir; an extension of the Hindu Kush; contains the 2nd highest peak|
karakoram range	n|a mountain range in northern Kashmir; an extension of the Hindu Kush; contains the 2nd highest peak|
karakorum range	n|a mountain range in northern Kashmir; an extension of the Hindu Kush; contains the 2nd highest peak|
karakul	n|hardy coarse-haired sheep of central Asia; lambs are valued for their soft curly black fur|
karaoke	n|singing popular songs accompanied by a recording of an orchestra (usually in bars or nightclubs)|
karat	n|the unit of measurement for the proportion of gold in an alloy; 18-karat gold is 75% gold; 24-karat gold is pure gold|
karate	n|a traditional Japanese system of unarmed combat; sharp blows and kicks are given to pressure-sensitive points on the body of the opponent|
karaya gum	n|exudate of an Asian tree; used for finishing textiles and to thicken foodstuffs and cosmetics|
karbala	n|a city of central Iraq to the south of Baghdad; a holy city for Shiite Muslims because it is the site of the tomb of Mohammed's grandson who was killed there in 680|
karel capek	n|Czech writer who introduced the word `robot' into the English language (1890-1938)|
karelia	n|a region in Finland and Russia between the Gulf of Finland and the White Sea|
karelian	n|a member of the Finnish people living in Karelia in northwestern European Russia|	n|a Finnic language spoken by the people of Karelia|
karelian isthmus	n|the isthmus between the Gulf of Finland and Lake Ladoga that connects Finland and Russia|
karen	n|the Tibeto-Burman language spoken in the Thailand and Burmese borderlands|
karen blixen	n|Danish writer who lived in Kenya for 19 years and is remembered for her writings about Africa (1885-1962)|
karenic	n|the Tibeto-Burman language spoken in the Thailand and Burmese borderlands|
karl adolf eichmann	n|Austrian who became the Nazi official who administered the concentration camps where millions of Jews were murdered during World War II (1906-1962)|
karl adolph verner	n|Danish philologist (1846-1896)|
karl alex muller	n|Swiss physicist who studied superconductivity (born in 1927)|
karl baedeker	n|German publisher of a series of travel guidebooks (1801-1859)|
karl barth	n|Swiss Protestant theologian (1886-1968)|
karl czerny	n|Austrian virtuoso pianist and composer of many works for the piano; studied with Beethoven and was a teacher of Liszt (1791-1857)|
karl friedrich gauss	n|German mathematician who developed the theory of numbers and who applied mathematics to electricity and magnetism and astronomy and geodesy (1777-1855)|
karl friedrich hieronymus von munchhausen	n|German raconteur who told preposterous stories about his adventures as a soldier and hunter; his name is now associated with any telling of exaggerated stories or winning lies (1720-1797)|
karl gauss	n|German mathematician who developed the theory of numbers and who applied mathematics to electricity and magnetism and astronomy and geodesy (1777-1855)|
karl gjellerup	n|Danish novelist (1857-1919)|
karl gunnar myrdal	n|Swedish economist (1898-1987)|
karl gustav jacob jacobi	n|German mathematician (1804-1851)|
karl jaspers	n|German psychiatrist (1883-1969)|
karl linne	n|Swedish botanist who proposed the modern system of biological nomenclature (1707-1778)|
karl marx	n|founder of modern communism; wrote the Communist Manifesto with Engels in 1848; wrote Das Kapital in 1867 (1818-1883)|
karl popper	n|British philosopher (born in Austria) who argued that scientific theories can never be proved to be true, but are tested by attempts to falsify them (1902-1994)|
karl rudolf gerd von rundstedt	n|German field marshal in World War II who directed the conquest of Poland and led the Ardennes counteroffensive (1875-1953)|
karl scheele	n|Swedish chemist (born in Germany) who discovered oxygen before Priestley did (1742-1786)|
karl theodor jaspers	n|German psychiatrist (1883-1969)|
karl von clausewitz	n|Prussian general and military theorist who proposed a doctrine of total war and war as an extension of diplomacy (1780-1831)|
karl von frisch	n|Austrian zoologist noted for his studies of honeybees (1886-1982)|
karl waldemar ziegler	n|German chemist honored for his research on polymers (1898-1973)|
karl wernicke	n|German neurologist best known for his studies of aphasia (1848-1905)|
karl wilhelm scheele	n|Swedish chemist (born in Germany) who discovered oxygen before Priestley did (1742-1786)|
karl wilhelm siemens	n|engineer who was a brother of Ernst Werner von Siemens and who moved to England (1823-1883)|
karl-marx-stadt	n|a city in east central Germany; formerly called Karl-Marx-Stadt until 1990; noted for textile manufacturing|
karlfeldt	n|Swedish poet whose works incorporate Swedish customs and folklore (1864-1931)|
karma	n|(Hinduism and Buddhism) the effects of a person's actions that determine his destiny in his next incarnation|
karnataka	n|state in southern India; formerly Mysore|
karok	n|the Quoratean language of the Karok|
karol wojtyla	n|the first Pope born in Poland; the first Pope not born in Italy in 450 years (1920-2005)|
karpov	n|Russian chess master who was world champion from 1975 until 1985 when he was defeated by Gary Kasparov (born in 1951)|
karsavina	n|Russian dancer who danced with Nijinsky (1885-1978)|
kartik	n|the eighth month of the Hindu calendar|
kartikeya	n|Hindu god of bravery|
karttika	n|the eighth month of the Hindu calendar|
karttikeya	n|Hindu god of bravery|
karyokinesis	n|organic process consisting of the division of the nucleus of a cell during mitosis or meiosis|
karyokinetic	adj|of or relating to the division of the nucleus of a cell during mitosis or meiosis|
karyolymph	n|a clear liquid in the cell nucleus in which the nucleolus and chromatin and other structures are dispersed|
karyolysis	n|disintegration and dissolution of a cell nucleus when a cell dies|
karyon	n|a part of the cell containing DNA and RNA and responsible for growth and reproduction|
karyoplasm	n|the protoplasm that constitutes the nucleus of a cell|
karyotype	n|the appearance of the chromosomal makeup of a somatic cell in an individual or species (including the number and arrangement and size and structure of the chromosomes)|
kasai	n|a river of southwestern Africa that rises in central Angola and flows east and then north (forming part of the border between Angola and Congo) and continuing northwest through Congo to empty into the Congo River on the border between Congo and Republic of the Congo|
kasai river	n|a river of southwestern Africa that rises in central Angola and flows east and then north (forming part of the border between Angola and Congo) and continuing northwest through Congo to empty into the Congo River on the border between Congo and Republic of the Congo|
kasbah	n|an older or native quarter of many cities in northern Africa; the quarter in which the citadel is located|
kasha	n|boiled or baked buckwheat|
kashag	n|the advisory board of the Tibetan government-in-exile|
kashmir	n|an area in southwestern Asia whose sovereignty is disputed between Pakistan and India|
kashmir goat	n|Himalayan goat having a silky undercoat highly prized as cashmere wool|
kashmiri	adj|of or relating to or characteristic of Kashmir or its people or culture|the Kashmiri mountains	n|a member of the people of Kashmir|	n|the official state language of Kashmir|
kaspar friedrich wolff	n|German anatomist (1733-1794)|
kasparov	n|Azerbaijani chess master who became world champion in 1985 by defeating Anatoli Karpov (born in 1963)|
kassite	n|a member of an ancient people who ruled Babylonia between 1600 and 1200 BC|	n|an ancient language spoken by the Kassites|
kastler	n|French physicist (1902-1984)|
kat	n|the leaves of the shrub Catha edulis which are chewed like tobacco or used to make tea; has the effect of a euphoric stimulant|in Yemen kat is used daily by 85% of adults
katabatic	adj|of an air current or wind; moving downward or down a slope because of cooling especially at night|
katabatic wind	n|a wind caused by the downward motion of cold air|
katabolic	adj|relating to or characterized by catabolism|	adj|characterized by destructive metabolism|
katabolism	n|breakdown in living organisms of more complex substances into simpler ones together with release of energy|
katamorphism	n|metamorphism that occurs at or near the earth's surface; breaks down complex minerals into simpler ones|
katar	n|an Arab country on the peninsula of Qatar; achieved independence from the United Kingdom in 1971; the economy is dominated by oil|	n|a peninsula extending northward from the Arabian mainland into the Persian Gulf|
katar peninsula	n|a peninsula extending northward from the Arabian mainland into the Persian Gulf|
katari	adj|of or concerning Qatar or its inhabitants|the Qatari ruling family	n|a native or inhabitant of Qatar|
katharevusa	n|literary style of Modern Greek containing features borrowed from Koine|
katharobe	n|an organism that lives in an oxygenated medium lacking organic matter|
katharobic	adj|of living being in an oxygenated environment lacking organic matter|
katharometer	n|measures thermal conductivity|
katharsis	n|purging the body by the use of a cathartic to stimulate evacuation of the bowels|	n|(psychoanalysis) purging of emotional tensions|
katherine mansfield	n|New Zealand writer of short stories (1888-1923)|
kathleen mansfield beauchamp	n|New Zealand writer of short stories (1888-1923)|
kathmandu	n|the capital and largest city of Nepal|
katmai national park	n|a national park in Alaska featuring mountains|
katmandu	n|the capital and largest city of Nepal|
katowice	n|an industrial city of southern Poland|
katsina	n|a city in northern Nigeria; a major center of the Hausa people|
katsura tree	n|rapidly growing deciduous tree of low mountainsides of China and Japan; grown as an ornamental for its dark blue-green candy-scented foliage that becomes yellow to scarlet in autumn|
katsushika hokusai	n|Japanese painter whose work influenced the impressionists (1760-1849)|
katsuwonidae	n|in some classifications considered a separate family comprising the oceanic bonitos|
katsuwonus	n|oceanic bonitos; in some classifications placed in its own family Katsuwonidae|
katsuwonus pelamis	n|fish whose flesh is dried and flaked for Japanese cookery; may be same species as skipjack tuna|
kattegatt	n|a strait of the North Sea between Jutland and Sweden; connects with the North Sea through the Skagerrak|
katydid	n|large green long-horned grasshopper of North America; males produce shrill sounds by rubbing together special organs on the forewings|
katzenjammer	n|disagreeable aftereffects from the use of drugs (especially alcohol)|	n|loud confused noise from many sources|
kauai	n|an island of Hawaii to the northwest of Oahu|
kauai island	n|an island of Hawaii to the northwest of Oahu|
kaunas	n|a city in central Lithuania|
kaunda	n|statesman who led Northern Rhodesia to full independence as Zambia in 1964 and served as Zambia's first president (1924-1999)|
kauri	n|resin of the kauri trees of New Zealand; found usually as a fossil; also collected for making varnishes and linoleum|	n|tall timber tree of New Zealand having white straight-grained wood|	n|white close-grained wood of a tree of the genus Agathis especially Agathis australis|
kauri copal	n|resin of the kauri trees of New Zealand; found usually as a fossil; also collected for making varnishes and linoleum|
kauri gum	n|resin of the kauri trees of New Zealand; found usually as a fossil; also collected for making varnishes and linoleum|
kauri pine	n|any of various trees of the genus Agathis; yield dammar resin|
kauri resin	n|resin of the kauri trees of New Zealand; found usually as a fossil; also collected for making varnishes and linoleum|
kaury	n|tall timber tree of New Zealand having white straight-grained wood|
kava	n|an alcoholic drink made from the aromatic roots of the kava shrub|
kavakava	n|an alcoholic drink made from the aromatic roots of the kava shrub|
kavir desert	n|a salt desert in north central Iran|
kavrin	n|an alkaloid medicine (trade name Kavrin) obtained from opium; used to relax smooth muscles; it is nonaddictive|
kaw river	n|a river in northeastern Kansas; flows eastward to become a tributary of the Missouri River|
kawaka	n|New Zealand timber tree resembling the cypress|
kawasaki disease	n|an acute disease of young children characterized by a rash and swollen lymph nodes and fever; of unknown cause|
kayak	n|a small canoe consisting of a light frame made watertight with animal skins; used by Eskimos|	v|travel in a small canoe|we kayaked down the river
kayo	n|a blow that renders the opponent unconscious|	v|knock unconscious or senseless|the boxing champion knocked out his opponent in a few seconds
kayoed	adj|knocked unconscious by a heavy blow|
kayser-fleischer ring	n|a pigmented ring at the outer edge of the cornea of the eye; a symptom of Wilson's disease|
kazak	n|a Muslim who is a member of a Turkic people of western Asia (especially in Kazakstan)|	n|a landlocked republic to the south of Russia and to the northeast of the Caspian Sea; the original Turkic-speaking inhabitants were overrun by Mongols in the 13th century; an Asian soviet from 1936 to 1991|	n|the Turkic language spoken by the Kazak|
kazakh	n|a Muslim who is a member of a Turkic people of western Asia (especially in Kazakstan)|	n|a landlocked republic to the south of Russia and to the northeast of the Caspian Sea; the original Turkic-speaking inhabitants were overrun by Mongols in the 13th century; an Asian soviet from 1936 to 1991|	n|the Turkic language spoken by the Kazak|
kazakhstan	n|a landlocked republic to the south of Russia and to the northeast of the Caspian Sea; the original Turkic-speaking inhabitants were overrun by Mongols in the 13th century; an Asian soviet from 1936 to 1991|
kazakhstani	adj|of or pertaining to Kazakhstan or to the Kazakhs or their culture|	n|a native or inhabitant of Kazakhstan|
kazakhstani monetary unit	n|monetary unit in Kazakhstan|
kazakstan	n|a landlocked republic to the south of Russia and to the northeast of the Caspian Sea; the original Turkic-speaking inhabitants were overrun by Mongols in the 13th century; an Asian soviet from 1936 to 1991|
kazan	n|an industrial city in the European part of Russia|
kazimir malevich	n|Russian abstract painter (1878-1935)|
kazimir severinovich malevich	n|Russian abstract painter (1878-1935)|
kazoo	n|a toy wind instrument that has a membrane that makes a sound when you hum into the mouthpiece|
kb	n|a unit of information equal to 1000 bits|	n|a unit of information equal to 1000 bytes|	n|a unit of information equal to 1024 bytes|
kbit	n|a unit of information equal to 1000 bits|
kbo	n|any of many minor planets in the Kuiper belt outside the orbit of Neptune at the edge of the solar system|
kc	n|one thousand periods per second|
kea	n|large brownish-green New Zealand parrot|
kean	n|English actor noted for his portrayals of Shakespeare's great tragic characters (1789-1833)|
keats	n|Englishman and romantic poet (1795-1821)|
keb	n|Egyptian god of the earth; father of Osiris and Isis|
kebab	n|cubes of meat marinated and cooked on a skewer usually with vegetables|
keble	n|English clergyman who (with John Henry Newman and Edward Pusey) founded the Oxford movement (1792-1866)|
kechua	n|the language of the Quechua which was spoken by the Incas|
kechuan	adj|of or relating to the Quechua or their language|	n|the language of the Quechua which was spoken by the Incas|
kedah	n|sultanate and one of the 13 states that constitute the Federation of Malaysia|
kedgeree	n|a dish of rice and hard-boiled eggs and cooked flaked fish|
keel	n|a projection or ridge that suggests a keel|	n|the median ridge on the breastbone of birds that fly|	n|one of the main longitudinal beams (or plates) of the hull of a vessel; can extend vertically into the water to provide lateral stability|	v|walk as if unable to control one's movements|The drunken man staggered into the room
keel arch	n|a pointed arch having an S-shape on both sides|
keel over	v|turn over and fall|the man had a heart attack and keeled over
keel-shaped	adj|shaped in the form of the keel of a boat|
keelboat	n|river boat with a shallow draught and a keel but no sails; used to carry freight; moved by rowing or punting or towing|
keeled	adj|having a ridge or shaped like a ridge or suggesting the keel of a ship|a carinate sepal
keeled garlic	n|Eurasian bulbous plant|
keelson	n|a longitudinal beam connected to the keel of ship to strengthen it|
keen	adj|having or demonstrating ability to recognize or draw fine distinctions|an acute observer of politics and politicians	adj|intense or sharp|suffered exquisite pain	adj|very good|he did a bully job	adj|painful as if caused by a sharp instrument|a cutting wind
keen-eyed	adj|having keen eyesight|
keen-sighted	adj|having very keen vision|quick-sighted as a cat	adj|capable of seeing to a great distance|
keenly	adv|in a keen or penetrating way|he was keenly aware of his own shortcomings
keenness	n|a quick and penetrating intelligence|he argued with great acuteness	n|a positive feeling of wanting to push ahead with something|	n|thinness of edge or fineness of point|
keep	v|cause to continue in a certain state, position, or activity; e.g., `keep clean'|hold in place	v|continue a certain state, condition, or activity|Keep on working!	v|retain possession of|Can I keep my old stuffed animals?	v|stop (someone or something) from doing something or being in a certain state|We must prevent the cancer from spreading
keep abreast	v|keep informed|He kept up on his country's foreign policies
keep an eye on	v|follow with the eyes or the mind|Keep an eye on the baby, please!
keep apart	v|set apart from others|The dentist sequesters the tooth he is working on
keep away	v|prevent from coming close|I tried to keep the child away from the pool
keep back	v|secure and keep for possible future use or application|The landlord retained the security deposit	v|hold back; refuse to hand over or share|The father is withholding the allowance until the son cleans his room	v|prevent the action or expression of|hold back your anger
keep company	v|be a companion to somebody|
keep down	v|place a limit on the number of|	v|put down by force or intimidation|The government quashes any attempt of an uprising	v|manage not to throw up|
keep going	v|continue uninterrupted|The disease will run on unchecked	v|suffice for a period between two points|This money will keep us going for another year	v|be a regular customer or client of|We patronize this store
keep guard	v|watch over so as to protect|We must stand sentinel to protect ourselves
keep in	v|cause to stay indoors|
keep in line	v|maintain influence over (others or oneself) skillfully, usually to one's advantage|She manipulates her boss
keep mum	v|refuse to talk or stop talking; fall silent|The children shut up when their father approached
keep note	v|maintain in the forefront of one's awareness|He kept note of the location of the soldiers
keep off	v|refrain from certain foods or beverages|I keep off drugs	v|refrain from entering or walking onto|keep off the grass
keep on	v|allow to remain in a place or position or maintain a property or feature|We cannot continue several servants any longer
keep one's distance	v|stay clear of, avoid|Keep your hands off my wife!
keep one's eyes off	v|stay clear of, avoid|Keep your hands off my wife!
keep one's eyes open	v|pay attention; be watchful|Keep your eyes peeled for any policemen
keep one's eyes peeled	v|pay attention; be watchful|Keep your eyes peeled for any policemen
keep one's eyes skinned	v|pay attention; be watchful|Keep your eyes peeled for any policemen
keep one's hands off	v|stay clear of, avoid|Keep your hands off my wife!
keep one's mouth shut	v|refrain from divulging sensitive information; keep quiet about confidential information|Don't tell him any secrets--he cannot keep his mouth shut!
keep one's nose to the grindstone	v|work doggedly or persistently|She keeps plugging away at her dissertation
keep one's shoulder to the wheel	v|work doggedly or persistently|She keeps plugging away at her dissertation
keep open	v|retain rights to|keep my job for me while I give birth
keep out	v|prevent from entering; shut out|The trees were shutting out all sunlight	v|remain outside|
keep pace	v|maintain the same pace|The child cannot keep step with his big brother
keep quiet	v|refrain from divulging sensitive information; keep quiet about confidential information|Don't tell him any secrets--he cannot keep his mouth shut!
keep step	v|maintain the same pace|The child cannot keep step with his big brother
keep tabs on	v|keep a record on or watch attentively|The government keeps tabs on the dissidents
keep to oneself	v|shun the company of others|The new student keeps to herself	v|withhold information|I kept your little secret to myself all these years
keep track	v|keep informed of fully aware|I keep track of the stock market developments
keep up	v|maintain a required pace or level|He could not keep up and dropped out of the race	v|lengthen or extend in duration or space|We sustained the diplomatic negotiations as long as possible	v|keep in safety and protect from harm, decay, loss, or destruction|We preserve these archeological findings	v|keep informed|He kept up on his country's foreign policies
keeper	n|someone in charge of other people|am I my brother's keeper?	n|one having charge of buildings or grounds or animals|
keeping	n|conformity or harmony|his behavior was not in keeping with the occasion	n|the responsibility of a guardian or keeper|he left his car in my keeping	n|the act of retaining something|
keepsake	n|something of sentimental value|
keeshond	n|a spitz-like dog having a shaggy greyish coat and tightly curled tail originating in Holland|
keflex	n|an oral cephalosporin (trade names Keflex and Keflin and Keftab) commonly prescribe for mild to moderately severe infections of the skin or ears or throat or lungs or urinary tract|
keflin	n|an oral cephalosporin (trade names Keflex and Keflin and Keftab) commonly prescribe for mild to moderately severe infections of the skin or ears or throat or lungs or urinary tract|
keftab	n|an oral cephalosporin (trade names Keflex and Keflin and Keftab) commonly prescribe for mild to moderately severe infections of the skin or ears or throat or lungs or urinary tract|
keg	n|the quantity contained in a keg|	n|small cask or barrel|
kegel exercises	n|exercises for women designed to improve the ability to hold urine|
kegful	n|the quantity contained in a keg|
kei apple	n|vigorous South African spiny shrub grown for its round yellow juicy edible fruits|
kei apple bush	n|vigorous South African spiny shrub grown for its round yellow juicy edible fruits|
keister	n|the fleshy part of the human body that you sit on|he deserves a good kick in the butt
kekchi	n|a member of a Mayan people of north central Guatemala|	n|a Mayan language spoken by the Kekchi|
kekule	n|German chemist remembered for his discovery of the ring structure of benzene (1829-1896)|
kekule formula	n|a closed chain of 6 carbon atoms with hydrogen atoms attached|
kelantan	n|sultanate and one of the 13 states that constitute the Federation of Malaysia|
keloid	n|raised pinkish scar tissue at the site of an injury; results from excessive tissue repair|
kelp	n|large brown seaweeds having fluted leathery fronds|
kelp greenling	n|common food and sport fish of western coast of North America|
kelpie	n|(Scottish folklore) water spirit in the form of a horse that likes to drown its riders|	n|an Australian sheepdog with pointed ears|
kelpwort	n|bushy plant of Old World salt marshes and sea beaches having prickly leaves; burned to produce a crude soda ash|
kelpy	n|(Scottish folklore) water spirit in the form of a horse that likes to drown its riders|
kelt	n|a member of a European people who once occupied Britain and Spain and Gaul prior to Roman times|
kelter	n|in working order|out of kilter
kelvin	n|the basic unit of thermodynamic temperature adopted under the Systeme International d'Unites|	n|British physicist who invented the Kelvin scale of temperature and pioneered undersea telegraphy (1824-1907)|
kelvin scale	n|a temperature scale that defines absolute zero as 0 degrees; water freezes at 273.16 degrees and boils at 373.16 degrees|
kemadrin	n|drug (trade name Kemadrin) used to reduce tremors in Parkinsonism|
kemal ataturk	n|Turkish statesman who abolished the caliphate and founded Turkey as a modern secular state (1881-1938)|
kemal pasha	n|Turkish statesman who abolished the caliphate and founded Turkey as a modern secular state (1881-1938)|
kempt	adj|(of hair) neat and tidy|a nicely kempt beard
ken	n|range of what one can know or understand|beyond my ken	n|the range of vision|out of sight of land
ken russell	n|English film director (born in 1927)|
kenaf	n|fiber from an East Indian plant Hibiscus cannabinus|	n|valuable fiber plant of East Indies now widespread in cultivation|
kenai fjords national park	n|a national park in Alaska having mountains and whale watching and ancient Indian copper mines|
kenalog	n|a synthetic corticosteroid (trade names Aristocort or Aristopak or Kenalog) used as an anti-inflammatory agent|
kendal	n|a green dye, often used to color cloth, which is obtained from the woad plant|
kendal green	n|a green dye, often used to color cloth, which is obtained from the woad plant|
kendall partial rank correlation	n|a nonparametric measure of partial correlation|
kendall rank correlation	n|a nonparametric measure of the agreement between two rankings|
kendall test	n|any of several nonparametric measures of correlation (used when the assumptions of standard correlational analysis are not met)|
kendall's tau	n|a nonparametric measure of the agreement between two rankings|
kendrew	n|English biologist noted for studies of the molecular structure of blood components (born in 1917)|
kennedia	n|genus of Australian woody vines having showy red or purplish flowers|
kennedia coccinea	n|prostrate or twining woody vine with small leathery leaves and umbels of red flowers; Australia and Tasmania|
kennedia prostrata	n|hairy trailing or prostrate western Australian vine with bright scarlet-pink flowers|
kennedy	n|a large airport on Long Island to the east of New York City|
kennedy international	n|a large airport on Long Island to the east of New York City|
kennedy international airport	n|a large airport on Long Island to the east of New York City|
kennedya	n|genus of Australian woody vines having showy red or purplish flowers|
kennel	n|outbuilding that serves as a shelter for a dog|	v|put up in a kennel|kennel a dog
kennelly-heaviside layer	n|a region of the ionosphere (from 50 to 90 miles up) that reflects radio waves of medium length|
kenneth david kaunda	n|statesman who led Northern Rhodesia to full independence as Zambia in 1964 and served as Zambia's first president (1924-1999)|
kenneth grahame	n|English writer (born in Scotland) of children's stories (1859-1932)|
kenneth kaunda	n|statesman who led Northern Rhodesia to full independence as Zambia in 1964 and served as Zambia's first president (1924-1999)|
kennewick	n|a town in southern Washington on the Columbia River|
kenning	n|conventional metaphoric name for something, used especially in Old English and Old Norse poetry|
keno	n|a game in which numbered balls are drawn at random and players cover the corresponding numbers on their cards|
kenogenesis	n|introduction during embryonic development of characters or structure not present in the earlier evolutionary history of the strain or species (such as the addition of the placenta in mammalian evolution)|
kenosis	n|the concept of emptying one's own will and receive God's will, in Catholicism|
kent	n|a county in southeastern England on the English Channel; formerly an Anglo-Saxon kingdom, it was the first to be colonized by the Romans|
kentan	n|east Asian perennial having large reddish-orange black-spotted flowers with reflexed petals|
kentish	n|one of the major dialects of Old English|	n|a dialect of Middle English|
kentuckian	n|a native or resident of Kentucky|
kentucky black bass	n|a variety of black bass|
kentucky coffee tree	n|handsome tree of central and eastern North America having large bipinnate leaves and green-white flowers followed by large woody brown pods whose seeds are used as a coffee substitute|
kentucky derby	n|an annual race for three-year-old horses; held at Churchill Downs in Louisville, Kentucky|
kentucky wonder	n|flat-podded green bean|
kentucky wonder bean	n|flat-podded green bean|
kentucky yellowwood	n|small handsome roundheaded deciduous tree having showy white flowers in terminal clusters and heavy hardwood yielding yellow dye|
kenya	n|a republic in eastern Africa; achieved independence from the United Kingdom in 1963; major archeological discoveries have been made in the Great Rift Valley in Kenya|
kenya fever	n|a disease (common in India and around the Mediterranean area) caused by a rickettsia that is transmitted to humans by a reddish brown tick (ixodid) that lives on dogs and other mammals|
kenyan	adj|of or relating to or characteristic of Kenya or its people|Kenyan mountains	n|a native or inhabitant of Kenya|
kenyan monetary unit	n|monetary unit in Kenya|
kenyan shilling	n|the basic unit of money in Kenya; equal to 100 cents|
kenyapithecus	n|extinct primate having powerful chewing muscles along with large molars and small incisors; fossils found in Kenya|
kenyata	n|Kenyan statesman and the first president of independent Kenya (1893-1978)|
kenzo tange	n|Japanese architect (born in 1913)|
keogh plan	n|a tax-deferred pension plan for employees of unincorporated businesses or for self-employed persons|
kepi	n|a cap with a flat circular top and a visor|
kepler	n|German astronomer who first stated laws of planetary motion (1571-1630)|
kepler's first law	n|a law stating that the orbit of each planet is an ellipse with the sun at one focus of the ellipse|
kepler's law	n|(astronomy) one of three empirical laws of planetary motion stated by Johannes Kepler|
kepler's law of planetary motion	n|(astronomy) one of three empirical laws of planetary motion stated by Johannes Kepler|
kepler's second law	n|a law concerning the speed at which planets travel; a line connecting a planet to the sun will sweep out equal areas in equal times|Kepler's second law means that a planet's orbital speed changes with its distance from the sun
kepler's third law	n|a law stating that the ratio of the square of the revolutionary period (in years) to the cube of the orbital axis (in astronomical units) is the same for all planets|
kept	adj|(especially of promises or contracts) not violated or disregarded|unbroken promises
kept up	adj|kept in good condition|
kept woman	n|an adulterous woman; a woman who has an ongoing extramarital sexual relationship with a man|
kera	n|a Chadic language spoken in Chad|
keratalgia	n|pain in the cornea|
keratectasia	n|abnormal bulging of the cornea of the eye|
keratin	n|a fibrous scleroprotein that occurs in the outer layer of the skin and in horny tissues such as hair, feathers, nails, and hooves|
keratinisation	n|organic process by which keratin is deposited in cells and the cells become horny (as in nails and hair)|
keratinise	v|convert into keratin|	v|become horny and impregnated with keratin|
keratinization	n|organic process by which keratin is deposited in cells and the cells become horny (as in nails and hair)|
keratinize	v|convert into keratin|	v|become horny and impregnated with keratin|
keratitis	n|inflammation of the cornea causing watery painful eyes and blurred vision|
keratoacanthoma	n|skin tumor that grows rapidly (especially in older people) and resembles a carcinoma but does not spread; it usually disappears spontaneously, often leaving a scar|
keratocele	n|hernia of the cornea|
keratoconjunctivitis	n|inflammation of the cornea and conjunctiva|
keratoconus	n|abnormal cone-shaped protrusion of the cornea of the eye; can be treated by epikeratophakia|
keratoderma	n|any skin disorder consisting of a growth that appears horny|
keratoderma blennorrhagica	n|skin disease characterized by a scaly rash on the palms and soles; associated with Reiter's syndrome|
keratodermia	n|any skin disorder consisting of a growth that appears horny|
keratohyalin	n|hyaline in the large granules of the stratum granulosum|
keratoiritis	n|inflammation of the cornea and the iris of the eye|
keratomalacia	n|softening and drying and ulceration of the cornea resulting from vitamin A deficiency; symptom of cystic fibrosis or sprue|
keratomycosis	n|fungal infection of the cornea|
keratonosis	n|any abnormal condition of the outer skin (epidermis)|
keratonosus	n|any disease of the cornea|
keratoplasty	n|a surgical procedure in which part or all of a damaged or diseased cornea is replaced by healthy corneal tissue from a donor|
keratoscleritis	n|inflammation of the cornea and sclera of the eye|
keratoscope	n|medical instrument to examine the cornea in order to detect irregularities in its anterior surface|
keratoscopy	n|examination of the cornea with a keratoscope to detect irregularities in its anterior surface|
keratosis	n|a skin condition marked by an overgrowth of layers of horny skin|
keratosis blennorrhagica	n|skin disease characterized by a scaly rash on the palms and soles; associated with Reiter's syndrome|
keratosis follicularis	n|a rare hereditary condition marked by dark crusted patches (sometimes containing pus)|
keratosis nigricans	n|a skin disease characterized by dark wartlike patches in the body folds; can be benign or malignant|
keratosis pilaris	n|keratosis characterized by hard conical elevations in the openings of sebaceous glands (especially of arms and thighs)|
keratotomy	n|surgical incision into the cornea|
kerb	n|an edge between a sidewalk and a roadway consisting of a line of curbstones (usually forming part of a gutter)|
kerb crawler	n|someone who drives slowly along the curb seeking sex from prostitutes or other women|
kerbala	n|a city of central Iraq to the south of Baghdad; a holy city for Shiite Muslims because it is the site of the tomb of Mohammed's grandson who was killed there in 680|
kerbela	n|a city of central Iraq to the south of Baghdad; a holy city for Shiite Muslims because it is the site of the tomb of Mohammed's grandson who was killed there in 680|
kerbstone	n|a paving stone forming part of a curb|
kerchief	n|a square scarf that is folded into a triangle and worn over the head or about the neck|
kerensky	n|Russian revolutionary who was head of state after Nicholas II abdicated but was overthrown by the Bolsheviks (1881-1970)|
kerfuffle	n|a disorderly outburst or tumult|they were amazed by the furious disturbance they had caused
kerion	n|ringworm infection of the hair follicles of the scalp and beard that usually results in a swelling that is covered with pustules and oozes fluid|
kern	n|the part of a metal type that projects beyond its body|	v|furnish with a kern|	v|remove a portion of space between (adjacent letters)|
kernel	n|the inner and usually edible part of a seed or grain or nut or fruit stone|black walnut kernels are difficult to get out of the shell	n|a single whole grain of a cereal|a kernel of corn	n|the choicest or most essential or most vital part of some idea or experience|the gist of the prosecutor's argument
kernicterus	n|an abnormal accumulation of bile pigment in the brain and other nerve tissue; causes yellow staining and tissue damage|
kernig's sign	n|symptom of meningitis; patient cannot extend the leg at the knee when the thigh is flexed because of stiffness in the hamstrings|
kernite	n|a light soft mineral consisting of hydrated sodium borate in crystalline form; an important source of boron|
kerosene	n|a flammable hydrocarbon oil used as fuel in lamps and heaters|
kerosene heater	n|heater that burns oil (as kerosine) for heating or cooking|
kerosene lamp	n|a lamp that burns oil (as kerosine) for light|
kerosine	n|a flammable hydrocarbon oil used as fuel in lamps and heaters|
kerosine heater	n|heater that burns oil (as kerosine) for heating or cooking|
kerosine lamp	n|a lamp that burns oil (as kerosine) for light|
kerr cell	n|optical device consisting of a transparent cell with two electrodes between two polarizing media; passes light only if the two planes of polarization are parallel; used as a high-speed shutter or to modulate a laser beam|
kerry blue terrier	n|an Irish breed of medium-sized terriers with a silky blue-grey coat|
kerugma	n|preaching the gospel of Christ in the manner of the early church|
kerygma	n|preaching the gospel of Christ in the manner of the early church|
kestrel	n|small Old World falcon that hovers in the air against a wind|
ketalar	n|a general anesthetic and tranquilizer (not a barbiturate) that is administered intravenously or intramuscularly; used mainly by veterinarians or for minor surgery with geriatric or pediatric patients; taken in large doses it causes hallucinations similar to those associated with the use of PCP|
ketamine	n|a general anesthetic and tranquilizer (not a barbiturate) that is administered intravenously or intramuscularly; used mainly by veterinarians or for minor surgery with geriatric or pediatric patients; taken in large doses it causes hallucinations similar to those associated with the use of PCP|
ketamine hydrochloride	n|a general anesthetic and tranquilizer (not a barbiturate) that is administered intravenously or intramuscularly; used mainly by veterinarians or for minor surgery with geriatric or pediatric patients; taken in large doses it causes hallucinations similar to those associated with the use of PCP|
ketch	n|a sailing vessel with two masts; the mizzen is forward of the rudderpost|
ketchup	n|thick spicy sauce made from tomatoes|
ketchup bottle	n|a bottle that holds catsup|
keteleeria	n|Asiatic conifers resembling firs|
ketembilla	n|a small shrubby spiny tree cultivated for its maroon-purple fruit with sweet purple pulp tasting like gooseberries; Sri Lanka and India|	n|maroon-purple gooseberry-like fruit of India having tart-sweet purple pulp used especially for preserves|
ketembilla tree	n|a small shrubby spiny tree cultivated for its maroon-purple fruit with sweet purple pulp tasting like gooseberries; Sri Lanka and India|
ketoacidosis	n|acidosis with an accumulation of ketone bodies; occurs primarily in diabetes mellitus|
ketoacidosis-prone diabetes	n|severe diabetes mellitus with an early onset; characterized by polyuria and excessive thirst and increased appetite and weight loss and episodic ketoacidosis; diet and insulin injections are required to control the disease|
ketoacidosis-resistant diabetes	n|mild form of diabetes mellitus that develops gradually in adults; can be precipitated by obesity or severe stress or menopause or other factors; can usually be controlled by diet and hypoglycemic agents without injections of insulin|
ketoacidosis-resistant diabetes mellitus	n|mild form of diabetes mellitus that develops gradually in adults; can be precipitated by obesity or severe stress or menopause or other factors; can usually be controlled by diet and hypoglycemic agents without injections of insulin|
ketoaciduria	n|excessive amounts of ketone bodies in the urine as in diabetes mellitus or starvation|
ketohexose	n|a monosaccharide having six carbon atoms and a ketone group|
ketone	n|any of a class of organic compounds having a carbonyl group linked to a carbon atom in each of two hydrocarbon radicals|
ketone body	n|a ketone that is an intermediate product of the breakdown of fats in the body; any of three compounds (acetoacetic acid, acetone, and/or beta-hydroxybutyric acid) found in excess in blood and urine of persons with metabolic disorders|
ketone group	n|a group having the characteristic properties of ketones|
ketonemia	n|an abnormal increase of ketone bodies in the blood as in diabetes mellitus|
ketonuria	n|excessive amounts of ketone bodies in the urine as in diabetes mellitus or starvation|
ketoprofen	n|nonsteroidal anti-inflammatory drug (trade names Orudis or Orudis KT or Oruvail)|
ketorolac	n|nonsteroidal anti-inflammatory (trade name Torodal) that is given only orally|
ketorolac tromethamine	n|nonsteroidal anti-inflammatory drug (trade names Acular and Toradol) that is administered only intramuscularly|
ketose	n|any monosaccharide sugar that contains a ketone group or its hemiacetal|
ketosis	n|an abnormal increase of ketone bodies in the blood as in diabetes mellitus|
ketosis-prone diabetes	n|severe diabetes mellitus with an early onset; characterized by polyuria and excessive thirst and increased appetite and weight loss and episodic ketoacidosis; diet and insulin injections are required to control the disease|
ketosis-resistant diabetes	n|mild form of diabetes mellitus that develops gradually in adults; can be precipitated by obesity or severe stress or menopause or other factors; can usually be controlled by diet and hypoglycemic agents without injections of insulin|
ketosis-resistant diabetes mellitus	n|mild form of diabetes mellitus that develops gradually in adults; can be precipitated by obesity or severe stress or menopause or other factors; can usually be controlled by diet and hypoglycemic agents without injections of insulin|
ketosteroid	n|a steroid containing a ketone group|
kettle	n|a metal pot for stewing or boiling; usually has a lid|	n|the quantity a kettle will hold|	n|(geology) a hollow (typically filled by a lake) that results from the melting of a mass of ice trapped in glacial deposits|	n|a large hemispherical brass or copper percussion instrument with a drumhead that can be tuned by adjusting the tension on it|
kettle hole	n|(geology) a hollow (typically filled by a lake) that results from the melting of a mass of ice trapped in glacial deposits|
kettle of fish	n|informal terms for a difficult situation|he got into a terrible fix
kettledrum	n|a large hemispherical brass or copper percussion instrument with a drumhead that can be tuned by adjusting the tension on it|
kettleful	n|the quantity a kettle will hold|
ketubim	n|the third of three divisions of the Hebrew Scriptures|
keuka lake	n|a glacial lake in central New York; one of the Finger Lakes|
keurboom	n|fast-growing roundheaded tree with fragrant white to deep rose flowers; planted as an ornamental|	n|tree with odd-pinnate leaves and racemes of fragrant pink to purple flowers|
key	n|metal device shaped in such a way that when it is inserted into the appropriate lock the lock's mechanism can be rotated|	n|something crucial for explaining|the key to development is economic integration	n|pitch of the voice|he spoke in a low key	n|any of 24 major or minor diatonic scales that provide the tonal framework for a piece of music|
key fruit	n|a winged often one-seed indehiscent fruit as of the ash or elm or maple|
key lime	n|small yellow-green limes of southern Florida|
key out	v|identify as in botany or biology, for example|
key palm	n|small stocky fan palm of southern Florida and Cuba|
key pattern	n|an ornamental pattern consisting of repeated vertical and horizontal lines (often in relief)|there was a simple fret at the top of the walls
key ring	n|a circular ring of metal for holding keys|
key signature	n|the sharps or flats that follow the clef and indicate the key|
key stroke	n|the stroke of a key; one depression of a key on a keyboard|the number of keystrokes was used as a measure of work
key west	n|a town on the westernmost of the Florida keys in the Gulf of Mexico|
key word	n|a word that is used as a pattern to decode an encrypted message|	n|a significant word used in indexing or cataloging|
keyboard	n|device consisting of a set of keys on a piano or organ or typewriter or typesetting machine or computer or the like|	n|holder consisting of an arrangement of hooks on which keys or locks can be hung|
keyboard buffer	n|a buffer that keeps track of key strokes until the computer is ready to respond to them|
keyboard instrument	n|a musical instrument that is played by means of a keyboard|
keyboardist	n|a musician who plays a keyboard instrument|
keycard	n|a plastic card that has a magnetically coded strip that is scanned in order to operate a mechanism|
keyed	adj|fitted with or secured by a key|a keyed instrument	adj|set to a key or tone|
keyhole	n|the hole where a key is inserted|
keyhole limpet	n|marine limpet having a conical shell with an opening at the apex|
keyhole saw	n|a handsaw with a long narrow blade for cutting short radius curves; similar to a compass saw|
keyless	adj|lacking or not requiring a key|a keyless lock operated by a series of pushbuttons
keynes	n|English economist who advocated the use of government monetary and fiscal policy to maintain full employment without inflation (1883-1946)|
keynesian	adj|of or relating to John Maynard Keynes or to his economic theories|	n|a follower of the economic theories of John Maynard Keynes|
keynesianism	n|the economic theories of John Maynard Keynes who advocated government monetary and fiscal programs intended to stimulate business activity and increase employment|
keynote	n|the principal theme in a speech or literary work|	n|a fundamental or central idea|	n|(music) the first note of a diatonic scale|	v|set the keynote of|Comfort keynotes this designer's Fall collection
keynote address	n|a speech setting forth the keynote|
keynote speech	n|a speech setting forth the keynote|
keypad	n|a keyboard that is a data input device for computers; arrangement of keys is modelled after the typewriter keyboard|
keystone	n|a central cohesive source of support and stability|faith is his anchor	n|the central building block at the top of an arch or vault|
keystone state	n|a Mid-Atlantic state; one of the original 13 colonies|
keystone stater	n|a native or resident of Pennsylvania|
keystroke	n|the stroke of a key; one depression of a key on a keyboard|the number of keystrokes was used as a measure of work
kg	n|one thousand grams; the basic unit of mass adopted under the Systeme International d'Unites|a kilogram is approximately 2.2 pounds
kgb	n|formerly the predominant security police organization of Soviet Russia|
khabarovsk	n|a city on the Amur River on the border of China and the capital of Khabarovsk|	n|an administrative territory in Russia on the eastern coast of Siberia|
khachaturian	n|Russian composer (born in Armenia) whose works are romantic and reflect his interest in folk music (1903-1978)|
khadafy	n|Libyan leader who seized power in a military coup d'etat in 1969; deposed the Libyan monarchy and imposed socialism and Islamic orthodoxy on the country (born in 1942)|
khaddar	n|a coarse homespun cotton cloth made in India|
khadi	n|a coarse homespun cotton cloth made in India|
khaki	adj|of a yellowish brown color|	n|a sturdy twilled cloth of a yellowish brown color used especially for military uniforms|
khakis	n|a military uniform made of khaki fabric|
khalif	n|the civil and religious leader of a Muslim state considered to be a representative of Allah on earth|many radical Muslims believe a Khalifah will unite all Islamic lands and people and subjugate the rest of the world
khalifah	n|the civil and religious leader of a Muslim state considered to be a representative of Allah on earth|many radical Muslims believe a Khalifah will unite all Islamic lands and people and subjugate the rest of the world
khalka	n|the Mongol people living in the central and eastern parts of Outer Mongolia|	n|the language of the Khalkha that is the official language of the Mongolian People's Republic|
khalkha	n|the Mongol people living in the central and eastern parts of Outer Mongolia|	n|the language of the Khalkha that is the official language of the Mongolian People's Republic|
khalsa	n|the group of initiated Sikhs to which devout orthodox Sikhs are ritually admitted at puberty; founded by the tenth and last Guru in 1699|
khama	n|Botswanan statesman who was the first president of Botswana (1921-1980)|
khamsin	n|an oppressively hot southerly wind from the Sahara that blows across Egypt in the spring|
khamti	n|a branch of the Tai languages|
khan	n|a title given to rulers or other important people in Asian countries|	n|an inn in some eastern countries with a large courtyard that provides accommodation for caravans|
khanate	n|the realm of a khan|	n|the position of a khan|
khanty	n|a member of the nomadic Ugrian people living in northwestern Siberia (east of the Urals)|	n|a Ugric language (related to Hungarian) spoken by the Ostyak|
kharkiv	n|a city in northeastern Ukraine; former capital of the Ukraine|
kharkov	n|a city in northeastern Ukraine; former capital of the Ukraine|
khartoum	n|the capital of Sudan located at the confluence of the Blue Nile and White Nile|
khat	n|the leaves of the shrub Catha edulis which are chewed like tobacco or used to make tea; has the effect of a euphoric stimulant|in Yemen kat is used daily by 85% of adults
khaya	n|African mahogany trees|
khayr ad-din	n|Barbary pirate (died in 1546)|
khedive	n|one of the Turkish viceroys who ruled Egypt between 1867 and 1914|
khepera	n|Egyptian god of the morning sun; creator|
khesari	n|European annual grown for forage; seeds used for food in India and for stock elsewhere|
khi	n|the 22nd letter of the Greek alphabet|
khimar	n|a headscarf worn by observant Muslim women that hangs down to just above the waist|
khios	n|an island in the Aegean Sea off the west coast of Turkey; belongs to Greece|
khirghiz	n|a member of a people vast regions of central Siberia|	n|the Turkic language spoken by the Kirghiz|
khmer	n|the Mon-Khmer language spoken in Cambodia|	n|a native or inhabitant of Cambodia|
khmer rouge	n|a communist organization formed in Cambodia in 1970; became a terrorist organization in 1975 when it captured Phnom Penh and created a government that killed an estimated three million people; was defeated by Vietnamese troops but remained active until 1999|
khoikhoi	n|any of the Khoisan languages spoken by the pastoral people of Namibia and South Africa|
khoikhoin	n|any of the Khoisan languages spoken by the pastoral people of Namibia and South Africa|
khoisan	n|nomadic hunters and gatherers who live in southern Africa|	n|a family of languages spoken in southern Africa|
khoisan language	n|a family of languages spoken in southern Africa|
khomeini	n|Iranian religious leader of the Shiites; when Shah Pahlavi's regime fell Khomeini established a new constitution giving himself supreme powers (1900-1989)|
khoum	n|5 khoums equal 1 ouguiya in Mauritania|
khowar	n|a Dardic language spoken in northwestern Pakistan|
khrushchev	n|Soviet statesman and premier who denounced Stalin (1894-1971)|
khuen	n|a branch of the Tai languages|
khufu	n|Egyptian Pharaoh of the 27th century BC who commissioned the Great Pyramid at Giza|
khukuri	n|a curved steel knife with a razor-sharp edge used in combat by the Gurkhas; has cultural and religious significance in Nepal|
khyber pass	n|a mountain pass of great strategic and commercial value in the Hindu Kush on the border between northern Pakistan and western Afghanistan; a route by which invaders entered India|
khz	n|one thousand periods per second|
ki	n|the circulating life energy that in Chinese philosophy is thought to be inherent in all things; in traditional Chinese medicine the balance of negative and positive forms in the body is believed to be essential for good health|	n|goddess personifying earth; counterpart of Akkadian Aruru|
kia quen	n|a form of foot torture used by the Chinese in which the victim's foot was placed between three pieces of bamboo and systematically squeezed|
kiaat	n|deciduous South African tree having large odd-pinnate leaves and profuse fragrant orange-yellow flowers; yields a red juice and heavy strong durable wood|
kiang	n|wild ass of Tibet and Mongolia|
kib	n|a unit of information equal to 1024 bytes|
kibbitz	v|make unwanted and intrusive comments|
kibble	n|coarsely ground grain in the form of pellets (as for pet food)|	n|an iron bucket used for hoisting in wells or mining|
kibbutz	n|a collective farm or settlement owned by its members in modern Israel; children are reared collectively|
kibbutznik	n|a member of a kibbutz|
kibe	n|ulcerated chilblain on the heel|
kibibit	n|a unit of information equal to 1024 bits|
kibibyte	n|a unit of information equal to 1024 bytes|
kibit	n|a unit of information equal to 1024 bits|
kibitz	v|make unwanted and intrusive comments|
kibitzer	n|(Yiddish) a meddler who offers unwanted advice to others|
kibosh	v|stop from happening or developing|Block his election
kichaga	n|a Bantu language spoken by the Chaga in northern Tanzania|
kichai	n|a member of a Caddo people formerly living in north central Texas|
kick	v|drive or propel with the foot|	v|thrash about or strike out with the feet|	v|strike with the foot|The boy kicked the dog	v|kick a leg up|
kick about	v|be around; be alive or active|Does the old man still kick around?
kick around	v|be around; be alive or active|Does the old man still kick around?	v|treat badly; abuse|They won't have me to kick around any more!	v|discuss lightly|We bandied around these difficult questions
kick back	v|pay a kickback; make an illegal payment|	v|spring back, as from a forceful thrust|The gun kicked back into my shoulder
kick down	v|open violently|kick in the doors
kick downstairs	v|assign to a lower position; reduce in rank|She was demoted because she always speaks up
kick in	v|enter a particular state|Laziness set in	v|contribute to some cause|I gave at the office	v|open violently|kick in the doors
kick in the butt	n|punishment inflicted by kicking the victim in the behind|
kick off	v|commence officially|
kick one's heels	v|wait or pass the time aimlessly or futilely; be kept waiting|She kicked her heels for hours at the gate of the Embassy
kick out	v|force to leave or move out|He was expelled from his native country	v|remove from a position or office|The chairman was ousted after he misappropriated funds
kick pleat	n|pleat in back of a straight skirt to allow ease in walking|
kick start	n|a starter (as on a motorcycle) that is activated with the foot and the weight of the body|
kick starter	n|a starter (as on a motorcycle) that is activated with the foot and the weight of the body|
kick the bucket	v|pass from physical life and lose all bodily attributes and functions necessary to sustain life|She died from cancer
kick turn	n|a standing turn made in skiing; one ski is raised to the vertical and pivoted backward to become parallel with the other ski but headed in the opposite direction and then the other ski is aligned with the first|
kick up	n|raising the feet backward with the hands on the ground; a first movement in doing a handstand|	v|cause to rise by kicking|kick up dust	v|evoke or provoke to appear or occur|Her behavior provoked a quarrel between the couple
kick upstairs	v|give a promotion to or assign to a higher position|John was kicked upstairs when a replacement was hired
kick-start	v|start (a motorcycle) by means of a kick starter|
kickapoo	n|a member of the Algonquian people formerly inhabiting southern Wisconsin and northern Illinois|	n|the Algonquian language of the Kickapoo|
kickback	n|a commercial bribe paid by a seller to a purchasing agent in order to induce the agent to enter into the transaction|
kicker	n|a player who kicks the football|
kicking	n|a rhythmic thrusting movement of the legs as in swimming or calisthenics|the kick must be synchronized with the arm movements	n|the act of delivering a blow with the foot|he gave the ball a powerful kick
kickoff	n|(football) a kick from the center of the field to start a football game or to resume it after a score|	n|the time at which something is supposed to begin|they got an early start	n|a start given to contestants|I was there with my parents at the kickoff
kickshaw	n|something considered choice to eat|
kicksorter	n|scientific instrument consisting of an electronic circuit that permits only voltage pulses of predetermined height to pass|
kickstand	n|a swiveling metal rod attached to a bicycle or motorcycle or other two-wheeled vehicle; the rod lies horizontally when not in use but can be kicked into a vertical position as a support to hold the vehicle upright when it is not being ridden|
kid	v|tell false information to for fun|Are you pulling my leg?	v|be silly or tease one another|After we relaxed, we just kidded around	n|a young person of either sex|she writes books for children	n|soft smooth leather from the hide of a young goat|kid gloves
kid glove	n|a glove made of fine soft leather (as kidskin)|
kid-glove	adj|showing skill and sensitivity in dealing with people|by diplomatic conduct he avoided antagonizing anyone
kidd	n|Scottish sea captain who was hired to protect British shipping in the Indian Ocean and then was accused of piracy and hanged (1645-1701)|
kiddie	n|informal term for a young child|
kiddie porn	n|the illegal use of children in pornographic pictures or films|
kiddy	n|informal term for a young child|
kiddy porn	n|the illegal use of children in pornographic pictures or films|
kidnap	v|take away to an undisclosed location against their will and usually in order to extract a ransom|The industrialist's son was kidnapped
kidnaper	n|someone who unlawfully seizes and detains a victim (usually for ransom)|
kidnapper	n|someone who unlawfully seizes and detains a victim (usually for ransom)|
kidnapping	n|(law) the unlawful act of capturing and carrying away a person against their will and holding them in false imprisonment|
kidney	n|either of two bean-shaped excretory organs that filter wastes (especially urea) from the blood and excrete them and water in urine|urine passes out of the kidney through ureters to the bladder
kidney bean	n|the common bean plant grown for the beans rather than the pods (especially a variety with large red kidney-shaped beans)|	n|large dark red bean; usually dried|
kidney begonia	n|rhizomatous begonia with roundish fleshy leaves reddish colored beneath|
kidney disease	n|a disease affecting the kidneys|
kidney failure	n|inability of the kidneys to excrete wastes and to help maintain the electrolyte balance|
kidney fern	n|large fern of New Zealand having kidney-shaped fronds|
kidney pie	n|like steak and kidney pie but without steak|
kidney stone	n|a calculus formed in the kidney|
kidney vetch	n|perennial Eurasian herb having heads of red or yellow flowers and common in meadows and pastures; formerly used medicinally for kidney disorders|
kidney-shaped	adj|(of a leaf or bean shape) resembling the shape of kidney|
kidskin	n|soft smooth leather from the hide of a young goat|kid gloves
kierkegaard	n|Danish philosopher who is generally considered. along with Nietzsche, to be a founder of existentialism (1813-1855)|
kieselguhr	n|a light soil consisting of siliceous diatom remains and often used as a filtering material|
kieserite	n|a white mineral consisting of hydrous magnesium sulfate often found in salt mines|
kieslowski	n|Polish filmmaker who made ten films based on the Ten Commandments (1941-1996)|
kiev	n|capital and largest city of the Ukraine; a major manufacturing and transportation center|
kigali	n|the national capital and largest city of Rwanda; located in central Rwanda|
kiggelaria	n|small genus of South African shrubs or small trees|
kiggelaria africana	n|large much-branched shrub grown primarily for its evergreen foliage|
kike	n|(ethnic slur) offensive term for a Jew|
kikladhes	n|a group of over 200 islands in the southern Aegean|
kilderkin	n|an obsolete British unit of capacity equal to 18 Imperial gallons|
kiley	n|an Australian boomerang; one side flat and the other convex|
kilimanjaro	n|the highest peak in Africa; located in northeastern Tanzania; 19,340 feet high|
kiliwa	n|the Yuman language spoken by the Kiliwa|
kiliwi	n|the Yuman language spoken by the Kiliwa|
kill	v|cause to die; put to death, usually intentionally or knowingly|This man killed several people when he tried to rob a bank	v|thwart the passage of|kill a motion	v|end or extinguish by forceful means|Stamp out poverty!	v|be fatal|cigarettes kill
kill off	v|kill en masse; kill on a large scale; kill many|Hitler wanted to exterminate the Jews, Gypsies, Communists, and homosexuals of Europe
kill oneself	v|strain oneself more than is healthy|
kill zone	n|an area where a battle has occurred with many fatalities|
killable	adj|fit to kill, especially for food|
killarney fern	n|large stout fern of extreme western Europe|
killer	n|someone who causes the death of a person or animal|	n|a difficulty that is hard to deal with|that exam was a real killer	n|predatory black-and-white toothed whale with large dorsal fin; common in cold seas|
killer bee	n|an investment banker who devises strategies to make a target company less attractive for takeover|	n|a strain of bees that originated in Brazil in the 1950s as a cross between an aggressive African bee and a honeybee; retains most of the traits of the African bee; now spread as far north as Texas|
killer cell	n|T cell with CD8 receptor that recognizes antigens on the surface of a virus-infected cell and binds to the infected cell and kill it|
killer t cell	n|T cell with CD8 receptor that recognizes antigens on the surface of a virus-infected cell and binds to the infected cell and kill it|
killer whale	n|predatory black-and-white toothed whale with large dorsal fin; common in cold seas|
killifish	n|small mostly marine warm-water carp-like schooling fishes; used as bait or aquarium fishes or in mosquito control|
killing	n|an event that causes someone to die|	n|the act of terminating a life|	n|a very large profit|	adj|very funny|a killing joke
killing field	n|(usually plural) an area where many people have died (usually by massacre or genocide during war or violent civil disturbance)|
killing zone	n|an area where a battle has occurred with many fatalities|
killingly	adv|in a very humorous manner|
killjoy	n|someone who spoils the pleasure of others|
kiln	n|a furnace for firing or burning or drying such things as porcelain or bricks|
kiln-dried	adj|dried in a kiln|
kilo	n|one thousand grams; the basic unit of mass adopted under the Systeme International d'Unites|a kilogram is approximately 2.2 pounds
kilobit	n|a unit of information equal to 1000 bits|
kilobyte	n|a unit of information equal to 1000 bytes|	n|a unit of information equal to 1024 bytes|
kilocalorie	n|a unit of heat equal to the amount of heat required to raise the temperature of one kilogram of water by one degree at one atmosphere pressure; used by nutritionists to characterize the energy-producing potential in food|
kilocycle	n|one thousand periods per second|
kilocycle per second	n|one thousand periods per second|
kilogram	n|one thousand grams; the basic unit of mass adopted under the Systeme International d'Unites|a kilogram is approximately 2.2 pounds
kilogram calorie	n|a unit of heat equal to the amount of heat required to raise the temperature of one kilogram of water by one degree at one atmosphere pressure; used by nutritionists to characterize the energy-producing potential in food|
kilogram-meter	n|a unit of work equal to the work done by a one kilogram force operating through a distance of one meter|
kilohertz	n|one thousand periods per second|
kiloliter	n|a metric unit of volume or capacity equal to 1000 liters|
kilolitre	n|a metric unit of volume or capacity equal to 1000 liters|
kilometer	n|a metric unit of length equal to 1000 meters (or 0.621371 miles)|
kilometers per hour	n|the ratio of the distance traveled (in kilometers) to the time spent traveling (in hours)|
kilometre	n|a metric unit of length equal to 1000 meters (or 0.621371 miles)|
kilometres per hour	n|the ratio of the distance traveled (in kilometers) to the time spent traveling (in hours)|
kiloton	n|one thousand tons|	n|a measure of explosive power (of an atomic weapon) equal to that of 1000 tons of TNT|
kilovolt	n|a unit of potential equal to a thousand volts|
kilovolt-ampere	n|a unit of electrical power equal to 1000 volt-amperes|
kilowatt	n|a unit of power equal to 1000 watts|
kilowatt hour	n|a unit of energy equal to the work done by a power of 1000 watts operating for one hour|
kilt	n|a knee-length pleated tartan skirt worn by men as part of the traditional dress in the Highlands of northern Scotland|
kilter	n|in working order|out of kilter
kimberley	n|city in central South Africa; center for diamond mining and diamond marketing|
kimberlite	n|a rare type of peridotite that sometimes contains diamonds; found in South Africa and Siberia|
kimono	n|a loose robe; imitated from robes originally worn by Japanese|
kin	adj|related by blood|	n|a person having kinship with another or others|he's kin	n|group of people related by blood or marriage|
kin group	n|group of people related by blood or marriage|
kina	n|the basic unit of money in Papua New Guinea|
kinaesthesia	n|the perception of body position and movement and muscular tensions etc|	n|the ability to feel movements of the limbs and body|
kinaesthesis	n|the ability to feel movements of the limbs and body|
kinaesthetic	adj|of or relating to kinesthesis|
kinaesthetically	adv|in a kinesthetic manner; by means of kinesthesia|he can perceive shapes kinesthetically
kinanesthesia	n|inability to sense movement|
kinase	n|an enzyme that catalyzes the conversion of a proenzyme to an active enzyme|
kinchinjunga	n|a mountain the Himalayas on the border between Nepal and Tibet (28,208 feet high)|
kind	adj|having or showing a tender and considerate and helpful nature; used especially of persons and their behavior|kind to sick patients	adj|agreeable, conducive to comfort|a dry climate kind to asthmatics	adj|tolerant and forgiving under provocation|our neighbor was very kind about the window our son broke	n|a category of things distinguished by some common characteristic or quality|sculpture is a form of art
kind of	adv|to some (great or small) extent|it was rather cold
kind-hearted	adj|having or proceeding from an innately kind disposition|a generous and kindhearted teacher
kind-heartedness	n|sympathy arising from a kind heart|
kinda	adv|to some (great or small) extent|it was rather cold
kindergarten	n|a preschool for children age 4 to 6 to prepare them for primary school|
kindergartener	n|a child who attends a preschool or kindergarten|
kindergartner	n|a child who attends a preschool or kindergarten|
kindhearted	adj|having or proceeding from an innately kind disposition|a generous and kindhearted teacher
kindheartedness	n|sympathy arising from a kind heart|
kindle	v|catch fire|The dried grass of the prairie kindled, spreading the flames for miles	v|cause to start burning|The setting sun kindled the sky with oranges and reds	v|call forth (emotions, feelings, and responses)|arouse pity
kindled	adj|set afire|the ignited paper
kindliness	n|friendliness evidence by a kindly and helpful disposition|
kindling	n|material for starting a fire|	n|the act of setting something on fire|
kindly	adj|showing or motivated by sympathy and understanding and generosity|was charitable in his opinions of others	adj|pleasant and agreeable|a kindly climate	adv|in a kind manner or out of kindness|He spoke kindly to the boy
kindness	n|the quality of being warmhearted and considerate and humane and sympathetic|	n|tendency to be kind and forgiving|	n|a kind act|
kindred	adj|similar in quality or character|a feeling akin to terror	adj|related by blood or marriage|kindred clans	n|group of people related by blood or marriage|
kine	n|domesticated bovine animals as a group regardless of sex or age|so many head of cattle
kinematics	n|the branch of mechanics concerned with motion without reference to force or mass|
kinescope	n|a cathode-ray tube in a television receiver; translates the received signal into a picture on a luminescent screen|
kinesiology	n|the branch of physiology that studies the mechanics and anatomy in relation to human movement|
kinesis	n|a movement that is a response to a stimulus but is not oriented with respect to the source of stimulation|
kinesthesia	n|the perception of body position and movement and muscular tensions etc|	n|the ability to feel movements of the limbs and body|
kinesthesis	n|the ability to feel movements of the limbs and body|
kinesthetic	adj|of or relating to kinesthesis|
kinesthetically	adv|in a kinesthetic manner; by means of kinesthesia|he can perceive shapes kinesthetically
kinesthetics	n|the ability to feel movements of the limbs and body|
kinetic	adj|relating to the motion of material bodies and the forces associated therewith|kinetic energy	adj|characterized by motion|modern dance has been called kinetic pantomime	adj|supplying motive force|the complex civilization of which Rome was the kinetic center"- H.O.Taylor
kinetic energy	n|the mechanical energy that a body has by virtue of its motion|
kinetic theory	n|(physics) a theory that gases consist of small particles in random motion|
kinetic theory of gases	n|(physics) a theory that gases consist of small particles in random motion|
kinetic theory of heat	n|a theory that the temperature of a body increases when kinetic energy increases|
kinetics	n|the branch of mechanics concerned with the forces that cause motions of bodies|
kinetochore	n|a specialized condensed region of each chromosome that appears during mitosis where the chromatids are held together to form an X shape|the centromere is difficult to sequence
kinetoscope	n|a device invented by Edison that gave an impression of movement as an endless loop of film moved continuously over a light source with a rapid shutter; precursor of the modern motion picture|
kinetosis	n|the state of being dizzy or nauseated because of the motions that occur while traveling in or on a moving vehicle|
kinfolk	n|people descended from a common ancestor|his family has lived in Massachusetts since the Mayflower
king	n|a male sovereign; ruler of a kingdom|	n|a competitor who holds a preeminent position|	n|a very wealthy or powerful businessman|an oil baron	n|preeminence in a particular category or group or field|the lion is the king of beasts
king arthur	n|a legendary king of the Britons (possibly based on a historical figure in the 6th century but the story has been retold too many times to be sure); said to have led the Knights of the Round Table at Camelot|
king arthur's round table	n|(legend) the circular table for King Arthur and his knights|
king begonia	n|any of numerous usually rhizomatous hybrid begonias derived from an East Indian plant having rough-textured leaves patterned in silver and bronze and purple and red-brown with inconspicuous flowers|
king charles spaniel	n|a toy English spaniel with a black-and-tan coat; named after Charles II who popularized it|
king cobra	n|large cobra of southeastern Asia and the East Indies; the largest venomous snake; sometimes placed in genus Naja|
king crab	n|meat of large cold-water crab; mainly leg meat|	n|a large spider crab of Europe|	n|large edible crab of northern Pacific waters especially along the coasts of Alaska and Japan|	n|large marine arthropod of the Atlantic coast of North America having a domed carapace that is shaped like a horseshoe and a stiff pointed tail; a living fossil related to the wood louse|
king ferdinand	n|the king of Castile and Aragon who ruled jointly with his wife Isabella; his marriage to Isabella I in 1469 marked the beginning of the modern state of Spain and their capture of Granada from the Moors in 1492 united Spain as one country; they instituted the Spanish Inquisition in 1478 and supported the expedition of Christopher Columbus in 1492 (1452-1516)|
king fern	n|fern of rain forests of tropical Australia and New Zealand and South Africa|	n|large deeply rooted fern of worldwide distribution with upright bipinnate compound tufted fronds|
king harold i	n|illegitimate son of Canute who seized the throne of England in 1037 (died in 1040)|
king harold ii	n|King of England who succeeded Edward the Confessor in 1066 and was the last of the Anglo-Saxon monarchs; he was killed fighting the invasion by William the Conqueror (1045-1066)|
king hussein	n|king of Jordan credited with creating stability at home and seeking peace with Israel (1935-1999)|
king james	n|the first Stuart to be king of England and Ireland from 1603 to 1625 and king of Scotland from 1567 to 1625; he was the son of Mary Queen of Scots and he succeeded Elizabeth I; he alienated the British Parliament by claiming the divine right of kings (1566-1625)|
king james bible	n|an English translation of the Bible published in 1611|
king james i	n|the first Stuart to be king of England and Ireland from 1603 to 1625 and king of Scotland from 1567 to 1625; he was the son of Mary Queen of Scots and he succeeded Elizabeth I; he alienated the British Parliament by claiming the divine right of kings (1566-1625)|
king james version	n|an English translation of the Bible published in 1611|
king john	n|youngest son of Henry II; King of England from 1199 to 1216; succeeded to the throne on the death of his brother Richard I; lost his French possessions; in 1215 John was compelled by the barons to sign the Magna Carta (1167-1216)|
king lear	n|the hero of William Shakespeare's tragedy who was betrayed and mistreated by two of his scheming daughters|
king mackerel	n|large mackerel with long pointed snout; important food and game fish of the eastern Atlantic coast southward to Brazil|
king oedipus	n|(Greek mythology) a tragic king of Thebes who unknowingly killed his father Laius and married his mother Jocasta; the subject of the drama `Oedipus Rex' by Sophocles|
king of beasts	n|large gregarious predatory feline of Africa and India having a tawny coat with a shaggy mane in the male|
king of england	n|the sovereign ruler of England|
king of france	n|the sovereign ruler of France|
king of great britain	n|the sovereign ruler of England|
king of the germans	n|the sovereign ruler of the Germans|
king of the herring	n|thin deep-water tropical fish 20 to 30 feet long having a red dorsal fin|
king orange	n|large citrus tree having large sweet deep orange fruit that is easily peeled; widely cultivated in Florida|
king penguin	n|large penguin on islands bordering the Antarctic Circle|
king post	n|post connecting the crossbeam to the apex of a triangular truss|
king protea	n|South African shrub whose flowers when open are cup-shaped resembling artichokes|
king salmon	n|pink or white flesh of large Pacific salmon|	n|large Pacific salmon valued as food; adults die after spawning|
king vulture	n|large black-and-white vulture of South America and Central America; have colorful wattles and wartlike protuberances on head and neck|
king whiting	n|whiting of the southeastern coast of North America|
king william pine	n|evergreen of Tasmanian mountains having sharp-pointed leaves that curve inward|
king's counsel	n|Counsel to the Crown when the British monarch is a king|
king's english	n|English as spoken by educated persons in southern England|
king's evil	n|a form of tuberculosis characterized by swellings of the lymphatic glands|
king's ransom	n|a very large treasure|
king's spear	n|asphodel with leafy stem and fragrant yellow flowers|
king-size	adj|extra large|a king-size bed
king-sized	adj|extra large|a king-size bed
kingbolt	n|bolt that provides a steering joint in a motor vehicle|
kingcup	n|swamp plant of Europe and North America having bright yellow flowers resembling buttercups|	n|any of various plants of the genus Ranunculus|
kingdom	n|a domain in which something is dominant|the untroubled kingdom of reason	n|a country with a king as head of state|	n|the domain ruled by a king or queen|	n|a monarchy with a king or queen as head of state|
kingdom animalia	n|taxonomic kingdom comprising all living or extinct animals|
kingdom come	n|the next world|he nearly blew us to kingdom come	n|the end of time|you can wet the bed till kingdom come, for all I care
kingdom fungi	n|the taxonomic kingdom including yeast, molds, smuts, mushrooms, and toadstools; distinct from the green plants|
kingdom monera	n|prokaryotic bacteria and blue-green algae and various primitive pathogens; because of lack of consensus on how to divide the organisms into phyla informal names are used for the major divisions|
kingdom of belgium	n|a monarchy in northwestern Europe; headquarters for the European Union and for the North Atlantic Treaty Organization|
kingdom of bhutan	n|a landlocked principality in the Himalayas to the northeast of India|
kingdom of cambodia	n|a nation in southeastern Asia; was part of Indochina under French rule until 1946|
kingdom of denmark	n|a constitutional monarchy in northern Europe; consists of the mainland of Jutland and many islands between the North Sea and the Baltic Sea|
kingdom of god	n|the spiritual domain over which God is sovereign|
kingdom of lesotho	n|a landlocked constitutional monarchy in southern Africa; achieved independence from the United Kingdom in 1966|
kingdom of morocco	n|a kingdom (constitutional monarchy) in northwestern Africa with a largely Muslim population; achieved independence from France in 1956|
kingdom of nepal	n|a small landlocked Asian country high in the Himalayas between India and China|
kingdom of norway	n|a constitutional monarchy in northern Europe on the western side of the Scandinavian Peninsula; achieved independence from Sweden in 1905|
kingdom of saudi arabia	n|an absolute monarchy occupying most of the Arabian Peninsula in southwest Asia; vast oil reserves dominate the economy|
kingdom of spain	n|a parliamentary monarchy in southwestern Europe on the Iberian Peninsula; a former colonial power|
kingdom of swaziland	n|a landlocked monarchy in southeastern Africa; member of the commonwealth that achieved independence from the United Kingdom in 1968|
kingdom of sweden	n|a Scandinavian kingdom in the eastern part of the Scandinavian Peninsula|
kingdom of thailand	n|a country of southeastern Asia that extends southward along the Isthmus of Kra to the Malay Peninsula|Thailand is the official name of the former Siam
kingdom of the netherlands	n|a constitutional monarchy in western Europe on the North Sea; half the country lies below sea level|
kingdom of tonga	n|a monarchy on a Polynesian archipelago in the South Pacific; achieved independence from the United Kingdom in 1970|
kingdom plantae	n|(botany) the taxonomic kingdom comprising all living or extinct plants|
kingdom prokaryotae	n|prokaryotic bacteria and blue-green algae and various primitive pathogens; because of lack of consensus on how to divide the organisms into phyla informal names are used for the major divisions|
kingdom protoctista	n|in most modern classifications, replacement for the Protista; includes: Protozoa; Euglenophyta; Chlorophyta; Cryptophyta; Heterokontophyta; Rhodophyta; unicellular protists and their descendant multicellular organisms: regarded as distinct from plants and animals|
kingfish	n|small silvery marine food fish found off California|	n|large game fish of Australia and New Zealand|
kingfisher	n|nonpasserine large-headed bird with a short tail and long sharp bill; usually crested and bright-colored; feed mostly on fish|
kingfisher daisy	n|softly hairy South African herb having flowers with bright blue rays|
kinglet	n|small birds resembling warblers but having some of the habits of titmice|
kinglike	adj|having the rank of or resembling or befitting a king|symbolizing kingly power
kingly	adj|having the rank of or resembling or befitting a king|symbolizing kingly power
kingmaker	n|English statesman; during the War of the Roses he fought first for the house of York and secured the throne for Edward IV and then changed sides to fight for the house of Lancaster and secured the throne for Henry VI (1428-1471)|	n|an important person who can bring leaders to power through the exercise of political influence|the Earl of Warwick was the first kingmaker
kingpin	n|the most important person in a group or undertaking|	n|bolt that provides a steering joint in a motor vehicle|	n|the front bowling pin in the triangular arrangement of ten pins|
kings canyon national park	n|a national park in California that has giant sequoia trees and alpine lakes and glaciers|
kingship	n|the dignity or rank or position of a king|
kingston	n|a town on the Hudson River in New York|	n|a town in southeast Ontario on Lake Ontario near the head of the Saint Lawrence River|	n|capital and largest city of Jamaica|
kingston-upon hull	n|a large fishing port in northeastern England|
kingstown	n|the capital of Saint Vincent and the Grenadines; on Saint Vincent|
kingwood	n|handsome violet-streaked wood of the kingwood tree; used especially in cabinetwork|	n|Brazilian tree yielding a handsome cabinet wood|
kingwood tree	n|Brazilian tree yielding a handsome cabinet wood|
kinin	n|any of a class of plant hormones that promote cell division and delay the senescence of leaves|
kink	n|a painful muscle spasm especially in the neck or back (`rick' and `wrick' are British)|	n|a sharp bend in a line produced when a line having a loop is pulled tight|	n|a person with unusual sexual tastes|	n|an eccentric idea|
kink up	v|curl tightly|crimp hair
kinkajou	n|arboreal fruit-eating mammal of tropical America with a long prehensile tail|	n|a kind of lemur|
kinky	adj|(used of sexual behavior) showing or appealing to bizarre or deviant tastes|kinky sex	adj|(of hair) in small tight curls|	adj|(informal) strikingly unconventional|
kino	n|a gum obtained from various tropical plants; used as an astringent and in tanning|	n|East Indian tree yielding a resin or extract often used medicinally and in e.g. tanning|
kino gum	n|a gum obtained from various tropical plants; used as an astringent and in tanning|	n|reddish or black juice or resin from certain trees of the genus Pterocarpus and used in medicine and tanning etc|
kinosternidae	n|mud turtles; musk turtles|
kinosternon	n|type genus of the Kinosternidae|
kinsfolk	n|people descended from a common ancestor|his family has lived in Massachusetts since the Mayflower
kinshasa	n|the capital of the Democratic Republic of the Congo on the Congo river opposite Brazzaville|
kinship	n|a close connection marked by community of interests or similarity in nature or character|found a natural affinity with the immigrants	n|(anthropology) relatedness or connection by blood or marriage or adoption|
kinship group	n|group of people related by blood or marriage|
kinship system	n|(anthropology) the system of social relationships that constitute kinship in a particular culture, including the terminology that is used and the reciprocal obligations that are entailed|
kinsman	n|a male relative|
kinsperson	n|a person having kinship with another or others|he's kin
kinswoman	n|a female relative|
kinyarwanda	n|a Bantu language|
kiosk	n|small area set off by walls for special use|
kiowa	n|the Tanoan language spoken by the Kiowa|
kip	n|sleep|roused him from his kip	n|the basic unit of money in Laos|	n|a gymnastic exercise performed starting from a position with the legs over the upper body and moving to an erect position by arching the back and swinging the legs out and down while forcing the chest upright|	v|be asleep|
kip down	v|prepare for sleep|I usually turn in at midnight
kipling	n|English author of novels and poetry who was born in India (1865-1936)|
kiplingesque	adj|in the manner of Rudyard Kipling|
kipp's apparatus	n|a laboratory apparatus for producing a gas (usually hydrogen sulfide) by the action of a liquid on a solid without heating|
kipper	n|salted and smoked herring|
kippered herring	n|salted and smoked herring|
kippered salmon	n|salted and smoked salmon|
kirchhoff	n|German physicist who with Bunsen pioneered spectrum analysis and formulated two laws governing electric networks (1824-1887)|
kirchhoff's laws	n|(physics) two laws governing electric networks in which steady currents flow: the sum of all the currents at a point is zero and the sum of the voltage gains and drops around any closed circuit is zero|
kirchner	n|German expressionist painter (1880-1938)|
kirghiz	n|a member of a people vast regions of central Siberia|	n|a landlocked republic in west central Asia bordering on northwestern China; formerly an Asian soviet but became independent in 1991|	n|the Turkic language spoken by the Kirghiz|
kirghizia	n|a landlocked republic in west central Asia bordering on northwestern China; formerly an Asian soviet but became independent in 1991|
kirghizstan	n|a landlocked republic in west central Asia bordering on northwestern China; formerly an Asian soviet but became independent in 1991|
kirgiz	n|a member of a people vast regions of central Siberia|	n|a landlocked republic in west central Asia bordering on northwestern China; formerly an Asian soviet but became independent in 1991|	n|the Turkic language spoken by the Kirghiz|
kirgizia	n|a landlocked republic in west central Asia bordering on northwestern China; formerly an Asian soviet but became independent in 1991|
kirgizstan	n|a landlocked republic in west central Asia bordering on northwestern China; formerly an Asian soviet but became independent in 1991|
kiribati	n|an island republic in the west central Pacific just to the south of the equator|
kiribati dollar	n|the basic unit of money in Kiribati|
kirk	n|a Scottish church|
kirkia	n|small genus of tropical South African trees and shrubs|
kirkia wilmsii	n|small African deciduous tree with spreading crown having leaves clustered toward ends of branches and clusters of creamy flowers resembling lilacs|
kirkuk	n|a city in northeastern Iraq; the center of a rich oilfield with pipelines to the Mediterranean|
kirpan	n|a ceremonial four-inch curved dagger that Sikh men and women are obliged to wear at all times|
kirsch	n|from fermented juice of black morello cherries|
kirtle	n|a garment resembling a tunic that was worn by men in the Middle Ages|	n|a long dress worn by women|
kishar	n|Babylonian consort of Anshar; in Sumerian the name signifies `the totality of the lower world'|
kishinev	n|the capital of Moldova|
kishke	n|(Judaism) roasted fowl intestines with a seasoned filling of matzo meal and suet|
kislev	n|the third month of the civil year; the ninth month of the ecclesiastical year in the Jewish calendar (in November and December)|
kismat	n|(Islam) the will of Allah|
kismet	n|(Islam) the will of Allah|
kiss	n|the act of caressing with the lips (or an instance thereof)|	n|a cookie made of egg whites and sugar|	n|any of several bite-sized candies|	n|a light glancing touch|there was a brief kiss of their hands in passing
kiss curl	n|a spiral curl plastered on the forehead or cheek|
kiss of death	n|something that is ruinous|if this were known it would be the kiss of death for my political career
kiss of life	n|an emergency procedure consisting of external cardiac massage and artificial respiration; the first treatment for a person who has collapsed and has no pulse and has stopped breathing; attempts to restore circulation of the blood and prevent death or brain damage due to lack of oxygen|
kiss of peace	n|(Roman Catholic Church) a greeting signifying Christian love for those assisting at the Eucharist|
kiss-me-over-the-garden-gate	n|annual with broadly ovate leaves and slender drooping spikes of crimson flowers; southeastern Asia and Australia; naturalized in North America|
kisser	n|someone who kisses|	n|the human face (`kisser' and `smiler' and `mug' are informal terms for `face' and `phiz' is British)|
kissimmee	n|a river of central Florida that flows southward to Lake Okeechobee|
kissimmee river	n|a river of central Florida that flows southward to Lake Okeechobee|
kissing	n|affectionate play (or foreplay without contact with the genital organs)|
kissing bug	n|large bloodsucking bug|
kissing cousin	n|a more or less distant relative; familiar enough to be greeted with a kiss|
kissing disease	n|an acute disease characterized by fever and swollen lymph nodes and an abnormal increase of mononuclear leucocytes or monocytes in the bloodstream; not highly contagious; some believe it can be transmitted by kissing|
kissing kin	n|a more or less distant relative; familiar enough to be greeted with a kiss|
kisumu	n|a port city in western Kenya on the northeastern shore of Lake Victoria; fishing and trading center|
kiswahili	n|a Bantu language|
kit	n|a case for containing a set of articles|	n|gear consisting of a set of articles or tools for a specified purpose|	n|young of any of various fur-bearing animals|a fox kit	v|supply with a set of articles or tools|
kit and boodle	n|everything available; usually preceded by `the'|we saw the whole shebang
kit and caboodle	n|everything available; usually preceded by `the'|we saw the whole shebang
kit bag	n|a knapsack (usually for a soldier)|
kit fox	n|small grey fox of the plains of western North America|
kit out	v|supply with a set of articles or tools|
kit up	v|supply with a set of articles or tools|
kitakyushu	n|a Japanese city on northern Kyushu|
kitambilla	n|a small shrubby spiny tree cultivated for its maroon-purple fruit with sweet purple pulp tasting like gooseberries; Sri Lanka and India|	n|maroon-purple gooseberry-like fruit of India having tart-sweet purple pulp used especially for preserves|
kitbag	n|a knapsack (usually for a soldier)|
kitchen	n|a room equipped for preparing meals|
kitchen appliance	n|a home appliance used in preparing food|
kitchen cabinet	n|an inner circle of unofficial advisors to the head of a government|
kitchen garden	n|a small garden where vegetables are grown|
kitchen help	n|help hired to work in the kitchen|
kitchen island	n|an unattached counter in a kitchen that permits access from all sides|
kitchen match	n|a wooden friction match that will light on any granular surface; useful to light wood or gas stoves|
kitchen midden	n|(archeology) a mound of domestic refuse containing shells and animal bones marking the site of a prehistoric settlement|
kitchen police	n|an enlisted person who is assigned to assist the cooks|
kitchen range	n|a kitchen appliance used for cooking food|dinner was already on the stove
kitchen sink	n|a sink in a kitchen|
kitchen stove	n|a kitchen appliance used for cooking food|dinner was already on the stove
kitchen table	n|a table in the kitchen|
kitchen utensil	n|a utensil used in preparing food|
kitchener	n|British field marshal (1850-1916)|
kitchenette	n|small kitchen|
kitchenware	n|hardware utensils for use in a kitchen|
kite	n|a bank check that has been fraudulently altered to increase its face value|	n|a bank check drawn on insufficient funds at another bank in order to take advantage of the float|	n|plaything consisting of a light frame covered with tissue paper; flown in wind at end of a string|	n|any of several small graceful hawks of the family Accipitridae having long pointed wings and feeding on insects and small animals|
kite balloon	n|a barrage balloon with lobes at one end that keep it headed into the wind|
kite tail	n|a bob on a kite to provide balance|
kitembilla	n|a small shrubby spiny tree cultivated for its maroon-purple fruit with sweet purple pulp tasting like gooseberries; Sri Lanka and India|	n|maroon-purple gooseberry-like fruit of India having tart-sweet purple pulp used especially for preserves|
kith	n|your friends and acquaintances|all his kith and kin
kitsch	n|excessively garish or sentimental art; usually considered in bad taste|
kitschy	adj|effusively or insincerely emotional|a bathetic novel
kitten	n|young domestic cat|	v|give birth to kittens|our cat kittened again this year
kitten-tails	n|a plant of the genus Besseya having fluffy spikes of flowers|
kittenish	adj|playful like a lively kitten|
kittiwake	n|small pearl-grey gull of northern regions; nests on cliffs and has a rudimentary hind toe|
kittul	n|fishtail palm of India to Malay Peninsula; sap yields a brown sugar (jaggery) and trunk pith yields sago|
kitty	n|the combined stakes of the betters|	n|the cumulative amount involved in a game (such as poker)|	n|young domestic cat|	n|informal terms referring to a domestic cat|
kitty litter	n|granulated clay; placed in a container where it absorbs the waste products of a cat or dog|
kitty-cat	n|informal terms referring to a domestic cat|
kitty-corner	adj|slanted across a polygon on a diagonal line|set off in a catty-corner direction across the vacant lot
kitty-cornered	adj|slanted across a polygon on a diagonal line|set off in a catty-corner direction across the vacant lot
kitul	n|fishtail palm of India to Malay Peninsula; sap yields a brown sugar (jaggery) and trunk pith yields sago|
kitul tree	n|fishtail palm of India to Malay Peninsula; sap yields a brown sugar (jaggery) and trunk pith yields sago|
kivu	n|a lake in the mountains of central Africa between Congo and Rwanda|
kiwi	n|climbing vine native to China; cultivated in New Zealand for its fuzzy edible fruit with green meat|	n|a native or inhabitant of New Zealand|	n|fuzzy brown egg-shaped fruit with slightly tart green flesh|	n|nocturnal flightless bird of New Zealand having a long neck and stout legs; only surviving representative of the order Apterygiformes|
kiwi fruit	n|fuzzy brown egg-shaped fruit with slightly tart green flesh|
kiwi vine	n|climbing vine native to China; cultivated in New Zealand for its fuzzy edible fruit with green meat|
kiwi-sized	adj|having the approximate size of a kiwi fruit|
kizil kum	n|a desert in Uzbekistan to the southeast of the Aral Sea|
klaipeda	n|a city in western Lithuania on the Baltic Sea; formerly an important trading town of the Hanseatic League|
klamath	n|a river flowing southwest from Oregon through northern California to the Pacific Ocean|
klamath falls	n|a town in southern Oregon near the California border|
klamath river	n|a river flowing southwest from Oregon through northern California to the Pacific Ocean|
klammath weed	n|yellow-flowered perennial common in fields and waste places but a weed in rangelands|
klansman	n|a member of the Ku Klux Klan|
klaproth	n|German chemist who pioneered analytical chemistry and discovered three new elements (1743-1817)|
klavern	n|a local unit of the Ku Klux Klan|
klavier	n|a stringed instrument that has a keyboard|
klaxon	n|a kind of loud horn formerly used on motor vehicles|
klebs-loeffler bacillus	n|a species of bacterium that causes diphtheria|
klebsiella	n|a genus of nonmotile rod-shaped Gram-negative enterobacteria; some cause respiratory and other infections|
klee	n|Swiss painter influenced by Kandinsky (1879-1940)|
kleenex	n|a piece of soft absorbent paper (usually two or more thin layers) used as a disposable handkerchief|
klein	n|German mathematician who created the Klein bottle (1849-1925)|
klein bottle	n|a closed surface with only one side; formed by passing one end of a tube through the side of the tube and joining it with the other end|
kleist	n|German dramatist whose works concern people torn between reason and emotion (1777-1811)|
klemens metternich	n|Austrian statesman (1773-1859)|
kleptomania	n|an irresistible impulse to steal in the absence of any economic motive|
kleptomaniac	n|someone with an irrational urge to steal in the absence of an economic motive|
klick	n|a metric unit of length equal to 1000 meters (or 0.621371 miles)|
klieg light	n|carbon arc lamp that emits an intense light used in producing films|
klimt	n|Austrian painter influenced by art nouveau (1862-1918)|
klinefelter syndrome	n|syndrome in males that is characterized by small testes and long legs and enlarged breasts and reduced sperm production and mental retardation; a genetic defect in which an extra X chromosome (XXY) is present in the male|
klinefelter's syndrome	n|syndrome in males that is characterized by small testes and long legs and enlarged breasts and reduced sperm production and mental retardation; a genetic defect in which an extra X chromosome (XXY) is present in the male|
klondike	n|a region in northwestern Canada where gold was discovered in 1896 but exhausted by 1910|	n|a form of solitaire that begins with seven piles of cards with the top cards facing up; descending sequences of cards of alternating colors are built on these piles; as aces become available they are placed above the seven piles; the object is to build sequences in suit from ace to king as the remaining cards are dealt out one at a time|
klopstock	n|German poet (1724-1803)|
klorvess	n|salt of potassium (KCl) (trade names K-Dur 20, Kaochlor and K-lor and Klorvess and K-lyte); taken in tablet form to treat potassium deficiency|
klotho	n|the Greek goddess of fate who spins the thread of life|
kludge	n|a badly assembled collection of parts hastily assembled to serve some particular purpose (often used to refer to computing systems or software that has been badly put together)|
klutz	n|(Yiddish) a clumsy dolt|
kluxer	n|a member of the Ku Klux Klan|
klystron	n|an electron tube used to generate or amplify electromagnetic radiation in the microwave region by velocity modulation|
klyuchevskaya	n|an inactive volcano on the Kamchatka Peninsula; last erupted in 1946|
km	n|a metric unit of length equal to 1000 meters (or 0.621371 miles)|
km/h	n|the ratio of the distance traveled (in kilometers) to the time spent traveling (in hours)|
knack	n|a special way of doing something|he had a bent for it
knacker	n|someone who buys old buildings or ships and breaks them up to recover the materials in them|	n|someone who buys up old horses for slaughter|
knackered	adj|very tired|
knackwurst	n|short thick highly seasoned sausage|
knap	v|strike sharply|rap him on the knuckles	v|break a small piece off from|chip the glass
knapsack	n|a bag carried by a strap on your back or shoulder|
knapweed	n|any of various plants of the genus Centaurea having purple thistlelike flowers|
knave	n|a deceitful and unreliable scoundrel|	n|one of four face cards in a deck bearing a picture of a young prince|
knavery	n|lack of honesty; acts of lying or cheating or stealing|
knavish	adj|marked by skill in deception|cunning men often pass for wise
knavishly	adv|in an artful manner|he craftily arranged to be there when the decision was announced
knawe	n|widely distributed low-growing Eurasian herb having narrow leaves and inconspicuous green flowers|
knawel	n|widely distributed low-growing Eurasian herb having narrow leaves and inconspicuous green flowers|
knead	v|make uniform|knead dough	v|manually manipulate (someone's body), usually for medicinal or relaxation purposes|She rubbed down her child with a sponge
knee	n|hinge joint in the human leg connecting the tibia and fibula with the femur and protected in front by the patella|	n|joint between the femur and tibia in a quadruped; corresponds to the human knee|	n|the part of a trouser leg that provides the cloth covering for the knee|
knee bend	n|exercising by repeatedly assuming a crouching position with the knees bent; strengthens the leg muscles|
knee brace	n|a brace worn to strengthen the knee|
knee breeches	n|(used in the plural) trousers ending above the knee|
knee jerk	n|a reflex extension of the leg resulting from a sharp tap on the patellar tendon|
knee joint	n|hinge joint in the human leg connecting the tibia and fibula with the femur and protected in front by the patella|
knee pad	n|protective garment consisting of a pad worn by football or baseball or hockey players|
knee pants	n|(used in the plural) trousers ending above the knee|
knee piece	n|armor plate that protects the knee|
knee-deep	adj|coming only to the ankle or knee|	adv|up to the knees|we were standing knee-deep in the water
knee-hi	n|a sock or stocking that reaches up to just below the knees|
knee-high	adv|up to the knees|we were standing knee-deep in the water	n|a sock or stocking that reaches up to just below the knees|
knee-jerk reflex	n|a reflex extension of the leg resulting from a sharp tap on the patellar tendon|
knee-length	adj|extending to the knee|
kneecap	n|a small flat triangular bone in front of the knee that protects the knee joint|	v|shoot in the kneecap, often done by terrorist groups as a warning|They kneecapped the industrialist
kneel	v|rest one's weight on one's knees|In church you have to kneel during parts of the service	n|supporting yourself on your knees|
kneeler	n|a person in a kneeling position|	n|a board (sometimes cushioned) for someone to kneel on|
kneeling	n|supporting yourself on your knees|
kneepan	n|a small flat triangular bone in front of the knee that protects the knee joint|
knell	n|the sound of a bell rung slowly to announce a death or a funeral or the end of something|	v|ring as in announcing death|	v|make (bells) ring, often for the purposes of musical edification|Ring the bells
knesset	n|the Israeli unicameral parliament|
knesseth	n|the Israeli unicameral parliament|
knickerbockers	n|(used in the plural) trousers ending above the knee|
knickers	n|(used in the plural) trousers ending above the knee|	n|(used in the plural) underpants worn by women|she was afraid that her bloomers might have been showing
knickknack	n|a small inexpensive mass-produced article|	n|miscellaneous curios|
knickknackery	n|miscellaneous curios|
knife	n|edge tool used as a cutting instrument; has a pointed blade with a sharp edge and a handle|	n|a weapon with a handle and blade with a sharp point|	n|any long thin projection that is transient|tongues of flame licked at the walls	v|use a knife on|The victim was knifed to death
knife blade	n|the blade of a knife|
knife edge	n|the sharp cutting side of the blade of a knife|
knife fight	n|fighting with knives|
knife pleat	n|a single pleat turned in one direction|
knife thrust	n|a strong blow with a knife or other sharp pointed instrument|one strong stab to the heart killed him
knife-edge	n|a narrow boundary|he lived on a knife-edge between genius and insanity
knife-handle	n|marine clam having a long narrow curved thin shell|
knifelike	adj|cutting or able to cut as if with a knife|	adj|having or demonstrating ability to recognize or draw fine distinctions|an acute observer of politics and politicians	adj|painful as if caused by a sharp instrument|a cutting wind	adj|having a sharp or distinct edge|a narrow knifelike profile
knight	n|originally a person of noble birth trained to arms and chivalry; today in Great Britain a person honored by the sovereign for personal merit|	n|a chessman shaped to resemble the head of a horse; can move two squares horizontally and one vertically (or vice versa)|	v|raise (someone) to knighthood|The Beatles were knighted
knight bachelor	n|a knight of the lowest order; could display only a pennon|
knight banneret	n|a knight honored for valor; entitled to display a square banner and to hold higher command|
knight errantry	n|quixotic (romantic and impractical) behavior|	n|(Middle Ages) the code of conduct observed by a knight errant who is wandering in search of deeds of chivalry|
knight of the round table	n|in the Arthurian legend, a knight of King Arthur's court|
knight of the square flag	n|a knight honored for valor; entitled to display a square banner and to hold higher command|
knight templar	n|a knight of a religious military order established in 1118 to protect pilgrims and the Holy Sepulcher|
knight's service	n|land tenure by service to the lord as a knight|
knight-errant	n|a wandering knight travelling in search of adventure|
knighthood	n|aristocrats holding the rank of knight|
knightia	n|small genus of trees or shrubs of New Zealand and New Caledonia|
knightliness	n|the medieval principles governing knighthood and knightly conduct|
knightly	adj|characteristic of the time of chivalry and knighthood in the Middle Ages|chivalric rites	adj|being attentive to women like an ideal knight|
kniphofia	n|a plant of the genus Kniphofia having long grasslike leaves and tall scapes of red or yellow drooping flowers|
kniphofia praecox	n|widely cultivated hybrid poker plant|
kniphofia uvaria	n|clump-forming plant of South Africa with spikes of scarlet flowers|
knish	n|(Yiddish) a baked or fried turnover filled with potato or meat or cheese; often eaten as a snack|
knit	v|make (textiles) by knitting|knit a scarf	v|tie or link together|	v|to gather something into small wrinkles or folds|She puckered her lips	n|a fabric made by knitting|
knit stitch	n|a basic knitting stitch made by putting the needle through the front of the stitch from the lefthand side|
knitted	adj|made by intertwining threads in a series of connected loops rather than by weaving|knitted garments
knitter	n|someone who makes garments (or fabrics) by intertwining yarn or thread|
knitting	n|needlework created by interlacing yarn in a series of connected loops using straight eyeless needles or by machine|	n|creating knitted wear|
knitting machine	n|a textile machine that makes knitted fabrics|
knitting needle	n|needle consisting of a slender rod with pointed ends; usually used in pairs|
knitting stitch	n|a stitch taken in knitting|
knitwear	n|knitted clothing|
knitwork	n|needlework created by interlacing yarn in a series of connected loops using straight eyeless needles or by machine|
knob	n|a circular rounded projection or protuberance|	n|a round handle|	n|any thickened enlargement|	n|an ornament in the shape of a ball on the hilt of a sword or dagger|
knob celery	n|grown for its thickened edible aromatic root|
knobbed	adj|used of old persons or old trees; covered with knobs or knots|gnarled and knotted hands
knobble	n|a small knob|
knobbly	adj|having knobs|had knobbly knees
knobby	adj|having knobs|had knobbly knees
knobkerrie	n|a short wooden club with a heavy knob on one end; used by aborigines in southern Africa|
knobkerry	n|a short wooden club with a heavy knob on one end; used by aborigines in southern Africa|
knock	v|deliver a sharp blow or push|He knocked the glass clear across the room	v|rap with the knuckles|knock on the door	v|knock against with force or violence|My car bumped into the tree	v|make light, repeated taps on a surface|he was tapping his fingers on the table impatiently
knock about	v|strike against forcefully|Winds buffeted the tent	v|be around; be alive or active|Does the old man still kick around?
knock against	v|collide violently with an obstacle|I ran into the telephone pole
knock back	v|cost a certain amount|My daughter's wedding set me back $20,000
knock cold	v|knock unconscious or senseless|the boxing champion knocked out his opponent in a few seconds
knock down	v|cause to come or go down|The policeman downed the heavily armed suspect	v|knock down with force|He decked his opponent	v|shatter as if by explosion|
knock off	v|get rid of (someone who may be a threat) by killing|The mafia liquidated the informer	v|cut the price of|	v|take by theft|Someone snitched my wallet!	v|write quickly|She dashed off a note to her husband saying she would not be home for supper
knock on	n|(rugby) knocking the ball forward while trying to catch it (a foul)|
knock out	v|eliminate|knock out a target	v|knock unconscious or senseless|the boxing champion knocked out his opponent in a few seconds	v|destroy or break forcefully|The windows were knocked out	v|overwhelm with admiration|All the guys were knocked out by her charm
knock over	v|cause to overturn from an upright or normal position|The cat knocked over the flower vase
knock rummy	n|a form of rummy in which a player can go out if the cards remaining in their hand total less than 10 points|
knock up	v|make pregnant|He impregnated his wife again
knock-down	adj|strong enough to knock down or overwhelm|a knock-down blow
knock-down-and-drag-out	adj|extremely violent|a knock-down-and-drag-out fight
knock-knee	n|an inward slant of the thigh|
knock-kneed	adj|having the knees abnormally close together and the ankles wide apart|
knock-on effect	n|a secondary or incidental effect|
knockabout	adj|full of rough and exuberant animal spirits|boisterous practical jokes	adj|suitable for rough use|a knockabout overcoat	n|a sloop with a simplified rig and no bowsprit|
knockdown	adj|(furniture) easily assembled and dismantled|I bought a knockdown chest at the do-it-yourself store	n|a blow that knocks the opponent off his feet|
knockdown-dragout	adj|extremely violent|a knock-down-and-drag-out fight
knocked out	adj|knocked unconscious by a heavy blow|
knocked-out	adj|damaged|the gym has some of the most knocked-out equipment since Vic Tanny
knocker	n|(Yiddish) a big shot who knows it and acts that way; a boastful immoderate person|	n|a person who knocks (as seeking to gain admittance)|open the door and see who the knocker is	n|one who disparages or belittles the worth of something|	n|either of two soft fleshy milk-secreting glandular organs on the chest of a woman|
knocking	n|the sound of knocking (as on a door or in an engine or bearing)|the knocking grew louder
knockoff	n|an unauthorized copy or imitation|
knockout	adj|very strong or vigorous|strong winds	n|a very attractive or seductive looking woman|	n|a blow that renders the opponent unconscious|
knockout drops	n|chloral hydrate in combination with alcohol; usually administered surreptitiously to make the drinker unconscious|
knockout punch	n|a hard punch that renders the opponent unable to continue boxing|
knockwurst	n|short thick highly seasoned sausage|
knoll	n|a small natural hill|
knossos	n|an ancient town on Crete where Bronze Age culture flourished from about 2000 BC to 1400 BC|
knot	n|a tight cluster of people or things|a small knot of women listened to his sermon	n|any of various fastenings formed by looping and tying a rope (or cord) upon itself or to another rope or to another object|	n|a hard cross-grained round piece of wood in a board where a branch emerged|the saw buckled when it hit a knot	n|(of ships and wind) a unit of speed equal to one nautical mile per hour or about 1.15 statute miles per hour|
knotgrass	n|low-growing weedy grass with spikelets along the leaf stems|
knothole	n|a hole in a board where a knot came out|
knotted	adj|tied with a knot|his carefully knotted necktie	adj|used of old persons or old trees; covered with knobs or knots|gnarled and knotted hands
knotted marjoram	n|aromatic European plant native to Mediterranean and Turkey; not widespread in Europe|
knottiness	n|puzzling complexity|
knotty	adj|making great mental demands; hard to comprehend or solve or believe|a baffling problem	adj|used of old persons or old trees; covered with knobs or knots|gnarled and knotted hands	adj|highly complex or intricate and occasionally devious|the Byzantine tax structure	adj|tangled in knots or snarls|a mass of knotted string
knotty pine	n|pine lumber with many knots; used especially for paneling and furniture|
knout	n|a whip with a lash of leather thongs twisted with wire; used for flogging prisoners|
know	v|be cognizant or aware of a fact or a specific piece of information; possess knowledge or information about|I know that the President lied to the people	v|know how to do or perform something|She knows how to knit	v|be aware of the truth of something; have a belief or faith in something; regard as true beyond any doubt|I know that I left the key on the table	v|be familiar or acquainted with a person or an object|She doesn't know this composer
know apart	v|recognize or perceive the difference|
know as	v|assign a specified (usually proper) proper name to|They named their son David	v|look on as or consider|she looked on this affair as a joke
know nothing	n|an ignorant person|
know the score	v|be well-informed|
know what's going on	v|be well-informed|
know what's what	v|be well-informed|
know-all	n|someone who thinks he knows everything and refuses to accept advice or information from others|
know-how	n|the (technical) knowledge and skill required to do something|
know-it-all	n|someone who thinks he knows everything and refuses to accept advice or information from others|
knowable	adj|capable of being known|
knower	n|a person who knows or apprehends|
knowing	adj|evidencing the possession of inside information|	adj|characterized by conscious design or purpose|intentional damage	adj|alert and fully informed|a knowing collector of rare books	adj|highly educated; having extensive information or understanding|knowing instructors
knowingly	adv|with full knowledge and deliberation|he wittingly deleted the references
knowingness	n|having knowledge of|he had no awareness of his mistakes	n|shrewdness demonstrated by knowledge|
knowledge	n|the psychological result of perception and learning and reasoning|
knowledge base	n|the content of a particular field of knowledge|
knowledge domain	n|the content of a particular field of knowledge|
knowledgeability	n|wisdom as evidenced by the possession of knowledge|his knowledgeability impressed me
knowledgeable	adj|highly educated; having extensive information or understanding|knowing instructors	adj|alert and fully informed|a knowing collector of rare books	adj|thoroughly acquainted through study or experience|this girl, so intimate with nature"-W.H.Hudson
knowledgeableness	n|wisdom as evidenced by the possession of knowledge|his knowledgeability impressed me
known	adj|apprehended with certainty|a known quantity
knox	n|Scottish theologian who founded Presbyterianism in Scotland and wrote a history of the Reformation in Scotland (1514-1572)|
knoxville	n|a city in eastern Tennessee on the Tennessee River|
knuckle	n|a joint of a finger when the fist is closed|	v|press or rub with the knuckles|	v|shoot a marble while keeping one's knuckles on the ground|
knuckle down	v|work very hard, like a slave|
knuckle duster	n|(used in the plural) a small metal weapon; worn over the knuckles on the back of the hand|
knuckle joint	n|a joint of a finger when the fist is closed|	n|a joint allowing movement in one plane only|
knuckle under	v|consent reluctantly|
knuckleball	n|a baseball pitch thrown with little speed or spin|
knucklebones	n|a game in which jackstones are thrown and picked up in various groups between bounces of a small rubber ball|
knucklehead	n|a stupid person; these words are used to express a low opinion of someone's intelligence|
knuckler	n|a baseball pitch thrown with little speed or spin|
knuckles	n|(used in the plural) a small metal weapon; worn over the knuckles on the back of the hand|
knucks	n|(used in the plural) a small metal weapon; worn over the knuckles on the back of the hand|
knut	n|king of Denmark and Norway who forced Edmund II to divide England with him; on the death of Edmund II, Canute became king of all England (994-1035)|
knut hamsun	n|Norwegian writer of novels (1859-1952)|
knut pedersen	n|Norwegian writer of novels (1859-1952)|
ko	n|a blow that renders the opponent unconscious|
ko punch	n|a hard punch that renders the opponent unable to continue boxing|
ko'd	adj|knocked unconscious by a heavy blow|
koala	n|sluggish tailless Australian arboreal marsupial with grey furry ears and coat; feeds on eucalyptus leaves and bark|
koala bear	n|sluggish tailless Australian arboreal marsupial with grey furry ears and coat; feeds on eucalyptus leaves and bark|
koan	n|a paradoxical anecdote or a riddle that has no solution; used in Zen Buddhism to show the inadequacy of logical reasoning|
koasati	n|the Muskhogean language spoken by the Koasati|
kob	n|an orange-brown antelope of southeast Africa|
kobe	n|a port city in Japan on Osaka Bay in southern Honshu; was damaged by an earthquake in 1995|
kobenhavn	n|the capital and largest city of Denmark; located on the island of Zealand|Copenhagen is sometimes called the Paris of the North
kobo	n|100 kobos equal 1 naira in Nigeria|
kobuk valley national park	n|a national park in Alaska having mountains and forests and tundra and sand dunes and archeological sites|
kobus	n|African antelopes: waterbucks|
kobus kob	n|an orange-brown antelope of southeast Africa|
kobus leche	n|tawny-colored African antelope inhabiting wet grassy plains; a threatened species|
koch	n|German bacteriologist who isolated the anthrax bacillus and the tubercle bacillus and the cholera bacillus (1843-1910)|
kochia	n|summer cypress|
kochia scoparia	n|densely branched Eurasian plant; foliage turns purple-red in autumn|
kodiak	n|an island off southern Alaska in the Gulf of Alaska; site of the first European settlement in the area which was founded by the Russians in 1784|	n|brown bear of coastal Alaska and British Columbia|
kodiak bear	n|brown bear of coastal Alaska and British Columbia|
kodiak island	n|an island off southern Alaska in the Gulf of Alaska; site of the first European settlement in the area which was founded by the Russians in 1784|
koestler	n|British writer (born in Hungary) who wrote a novel exposing the Stalinist purges during the 1930s (1905-1983)|
kogia	n|pygmy sperm whales|
kogia breviceps	n|small sperm whale of warm waters of both coasts of North America|
kogia simus	n|very small (to 8 feet) sperm whale of central coasts of Atlantic and Pacific|
kohl	n|a cosmetic preparation used by women in Egypt and Arabia to darken the edges of their eyelids|
kohleria	n|shrubby herb cultivated for their soft velvety foliage and showy scarlet flowers|
kohlrabi	n|plant cultivated for its enlarged fleshy turnip-shaped edible stem|	n|fleshy turnip-shaped edible stem of the kohlrabi plant|
koine	n|a Greek dialect that flourished under the Roman Empire|	n|a common language used by speakers of different languages|Koine is a dialect of ancient Greek that was the lingua franca of the empire of Alexander the Great and was widely spoken throughout the eastern Mediterranean area in Roman times
koinonia	n|Christian fellowship or communion with God or with fellow Christians; said in particular of the early Christian community|
kok-saghyz	n|perennial dandelion native to Kazakhstan cultivated for its fleshy roots that have high rubber content|
kok-sagyz	n|perennial dandelion native to Kazakhstan cultivated for its fleshy roots that have high rubber content|
kokka	adj|of or pertaining to the branch of Shinto recognized as the state religion of Japan|	n|the branch of Shinto recognized as the official state religion of Japan|
kokka shinto	n|the branch of Shinto recognized as the official state religion of Japan|
kokoi venom	n|a potent neurotoxin found in a particular frog|
kol nidre	n|the opening prayer on the eve of Yom Kippur|
kola	n|tree bearing large brown nuts containing e.g. caffeine; source of cola extract|	n|a Chadic language spoken south of Lake Chad|
kola nut	n|bitter brown seed containing caffein; source of cola extract|	n|tree bearing large brown nuts containing e.g. caffeine; source of cola extract|
kola nut tree	n|tree bearing large brown nuts containing e.g. caffeine; source of cola extract|
kola peninsula	n|a peninsula in northwestern Russia projecting eastward between the Barents Sea and the White Sea|
kolam	n|a member of a formerly tribal people now living in south central India|
kolami	n|the Dravidian language spoken by the Kolam in central India|
kolkata	n|the largest city in India and one of the largest cities in the world; located in eastern India; suffers from poverty and overcrowding|
kolkhoz	n|a collective farm owned by the communist state|
kolkhoznik	n|a member of a kolkhoz|
kolkwitzia	n|Chinese genus of 1 species: beauty bush|
kolkwitzia amabilis	n|Chinese deciduous shrub with yellow-throated pinkish flowers and bristly fruit; often cultivated as an ornamental|
koln	n|a commercial center and river port in western Germany on the Rhine River; flourished during the 15th century as a member of the Hanseatic League|
kolonia	n|capital of Micronesia|
komi	n|a member of a Finnish people living in the northwestern Urals in Russia|	n|the Finnic language spoken by the Komi|
komodo dragon	n|the largest lizard in the world (10 feet); found on Indonesian islands|
komodo lizard	n|the largest lizard in the world (10 feet); found on Indonesian islands|
komondor	n|Hungarian breed of large powerful shaggy-coated white dog; used also as guard dog|
kon tiki	n|a light raft made of balsa|
konakri	n|a port and the capital of Guinea|
kong the master	n|Chinese philosopher whose ideas and sayings were collected after his death and became the basis of a philosophical doctrine known a Confucianism (circa 551-478 BC)|
kongfuze	n|Chinese philosopher whose ideas and sayings were collected after his death and became the basis of a philosophical doctrine known a Confucianism (circa 551-478 BC)|
kongo	n|the Bantu language spoken by the Kongo living in the tropical forests of Zaire and Congo and Angola|
konini	n|erect deciduous shrub or tree to 10 feet with maroon flowers; New Zealand|
konoe	n|Japanese statesman who set Japan's expansionist policies and formed an alliance with Germany and Italy (1891-1945)|
konoye	n|Japanese statesman who set Japan's expansionist policies and formed an alliance with Germany and Italy (1891-1945)|
konqueror	n|a freeware browser for Linux|
konrad adenauer	n|German statesman; chancellor of West Germany (1876-1967)|
konrad lorenz	n|Austrian zoologist who studied the behavior of birds and emphasized the importance of innate as opposed to learned behaviors (1903-1989)|
konrad von gesner	n|Swiss naturalist who was one of the founders of modern zoology (1516-1565)|
konrad zacharias lorenz	n|Austrian zoologist who studied the behavior of birds and emphasized the importance of innate as opposed to learned behaviors (1903-1989)|
konstantin sergeevich alekseev	n|Russian actor and theater director who trained his actors to emphasize the psychological motivation of their roles (1863-1938)|
konstantin sergeyevich stanislavsky	n|Russian actor and theater director who trained his actors to emphasize the psychological motivation of their roles (1863-1938)|
konstantin stanislavsky	n|Russian actor and theater director who trained his actors to emphasize the psychological motivation of their roles (1863-1938)|
koodoo	n|either of two spiral-horned antelopes of the African bush|
kook	n|someone regarded as eccentric or crazy and standing out from a group|
kookaburra	n|Australian kingfisher having a loud cackling cry|
kookie	adj|informal or slang terms for mentally irregular|it used to drive my husband balmy
kooky	adj|informal or slang terms for mentally irregular|it used to drive my husband balmy
kopeck	n|100 kopecks equal 1 ruble in Russia|
kopek	n|100 kopecks equal 1 ruble in Russia|
kopiyka	n|100 kopiykas equal 1 hryvnia in Ukraine|
kopje	n|a small hill rising up from the African veld|
koplik's spots	n|small red spots with white centers found on the mucous membranes of the mouth and tongue; symptom of measles that appears one or two days before the measles rash appears|
koppie	n|a small hill rising up from the African veld|
kor	n|an ancient Hebrew unit of capacity equal to 10 baths or 10 ephahs|
koran	n|the sacred writings of Islam revealed by God to the prophet Muhammad during his life at Mecca and Medina|
koranic	adj|of or related to the sacred texts of Islam|Koranic laws
korbut	n|Soviet gymnast (born in 1955)|
korchnoi	n|Russian chess master (born in 1931)|
korda	n|British filmmaker (born in Hungary) (1893-1956)|
kordofan	n|a mountainous province of central Sudan|
kordofanian	n|a group of languages spoken in the relatively small Kordofan area of the south Sudan|
kore	n|(Greek mythology) daughter of Zeus and Demeter; made queen of the underworld by Pluto in ancient mythology; identified with Roman Proserpina|
korea	n|an Asian peninsula (off Manchuria) separating the Yellow Sea and the Sea of Japan; the Korean name is Dae-Han-Min-Gook or Han-Gook|
korea bay	n|an inlet of the Yellow Sea between the Liaodong Peninsula in China and western Korea|
korea strait	n|a strait between Korea and Japan; connects the East China Sea and the Sea of Japan|
korean	adj|of or relating to or characteristic of Korea or its people or language|Korean handicrafts	n|a native or inhabitant of Korea who speaks the Korean language|	n|the Altaic language spoken by Koreans|
korean lespedeza	n|annual native to Korea but widely cultivated for forage and hay in hot dry regions|
korean peninsula	n|an Asian peninsula (off Manchuria) separating the Yellow Sea and the Sea of Japan; the Korean name is Dae-Han-Min-Gook or Han-Gook|
korean strait	n|a strait between Korea and Japan; connects the East China Sea and the Sea of Japan|
korinthos	n|the modern Greek port near the site of the ancient city that was second only to Athens|
korsakoff's psychosis	n|dementia observed during the last stages of severe chronic alcoholism; involves loss of memory for recent events although long term memory is intact|
korsakoff's syndrome	n|dementia observed during the last stages of severe chronic alcoholism; involves loss of memory for recent events although long term memory is intact|
korsakov's psychosis	n|dementia observed during the last stages of severe chronic alcoholism; involves loss of memory for recent events although long term memory is intact|
korsakov's syndrome	n|dementia observed during the last stages of severe chronic alcoholism; involves loss of memory for recent events although long term memory is intact|
koruna	n|the basic unit of money in Slovakia|	n|the basic unit of money in Czech Republic|
kos	n|(in India) a unit of length having different values in different localities|
kosher	adj|conforming to dietary laws|kosher meat	adj|proper or legitimate|	n|food that fulfills the requirements of Jewish dietary law|
kosovo	n|a Serbian province in southern Serbia and Montenegro populated predominantly by Albanians|
kota	n|a member of the Dravidian people living in the Nilgiri Hills in southern India|	n|a Dravidian language spoken by the Kota|
kotar	n|a member of the Dravidian people living in the Nilgiri Hills in southern India|	n|a Dravidian language spoken by the Kota|
kotex	n|a disposable absorbent pad (trade name Kotex); worn to absorb menstrual flow|
koto	n|Japanese stringed instrument that resembles a zither; has a rectangular wooden sounding board and usually 13 silk strings that are plucked with the fingers|
koto player	n|a musician who plays the koto|
kotoko	n|a Chadic language spoken south of Lake Chad|
kotow	n|a former Chinese custom of touching the ground with the forehead as a sign of respect or submission|	v|try to gain favor by cringing or flattering|He is always kowtowing to his boss
koudou	n|either of two spiral-horned antelopes of the African bush|
koumiss	n|an alcoholic beverage made from fermented mare's milk; made originally by nomads of central Asia|
kovna	n|a city in central Lithuania|
kovno	n|a city in central Lithuania|
koweit	n|a seaport on the Persian Gulf and capital of Kuwait|	n|an Arab kingdom in Asia on the northwestern coast of the Persian Gulf; a major source of petroleum|
kowhai	n|shrub or small tree of New Zealand and Chile having pendulous racemes of tubular golden-yellow flowers; yields a hard strong wood|
kowtow	n|a former Chinese custom of touching the ground with the forehead as a sign of respect or submission|	v|bend the knees and bow in a servile manner|	v|try to gain favor by cringing or flattering|He is always kowtowing to his boss
kp	n|an enlisted person who is assigned to assist the cooks|
kph	n|the ratio of the distance traveled (in kilometers) to the time spent traveling (in hours)|
kr	n|a colorless element that is one of the six inert gasses; occurs in trace amounts in air|	n|a communist organization formed in Cambodia in 1970; became a terrorist organization in 1975 when it captured Phnom Penh and created a government that killed an estimated three million people; was defeated by Vietnamese troops but remained active until 1999|
kraal	n|a village of huts for native Africans in southern Africa; usually surrounded by a stockade|	n|a pen for livestock in southern Africa|
krafft-ebing	n|German neurologist noted for his studies of sexual deviance (1840-1902)|
kraft	n|strong wrapping paper made from pulp processed with a sulfur solution|
kraft paper	n|strong wrapping paper made from pulp processed with a sulfur solution|
krait	n|brightly colored venomous but nonaggressive snake of southeastern Asia and Malay peninsula|
krakatao	n|a small volcanic island in Indonesia between Java and Sumatra; its violent eruption in 1883 was the greatest in recorded history|
krakatau	n|a small volcanic island in Indonesia between Java and Sumatra; its violent eruption in 1883 was the greatest in recorded history|
krakatoa	n|a small volcanic island in Indonesia between Java and Sumatra; its violent eruption in 1883 was the greatest in recorded history|
krakau	n|an industrial city in southern Poland on the Vistula|
krakow	n|an industrial city in southern Poland on the Vistula|
kraurosis	n|atrophy and shriveling of the skin or mucous membrane|
kraurosis vulvae	n|kraurosis of the vulva; often a precancerous lesion|
kraut	n|offensive term for a person of German descent|
krauthead	n|offensive term for a person of German descent|
krebs	n|English biochemist (born in Germany) who discovered the Krebs cycle (1900-1981)|
krebs citric acid cycle	n|in all plants and animals: a series of enzymatic reactions in mitochondria involving oxidative metabolism of acetyl compounds to produce high-energy phosphate compounds that are the source of cellular energy|
krebs cycle	n|in all plants and animals: a series of enzymatic reactions in mitochondria involving oxidative metabolism of acetyl compounds to produce high-energy phosphate compounds that are the source of cellular energy|
kremlin	n|citadel of Moscow, housing the offices of the Russian government|	n|citadel of a Russian town|
krill	n|shrimp-like planktonic crustaceans; major source of food for e.g. baleen whales|
kris	n|a Malayan dagger with a wavy blade|
krishna	n|8th and most important avatar of Vishnu; incarnated as a handsome young man playing a flute|
krishnaism	n|worship of Krishna the 8th avatar of Vishnu|
kriss kringle	n|the legendary patron saint of children; an imaginary being who is thought to bring presents to children at Christmas|
kriti	n|the largest Greek island in the Mediterranean; site of the Minoan civilization that reached its peak in 1600 BC|
krona	n|the basic unit of money in Sweden|	n|the basic unit of money in Iceland|
krone	n|the basic unit of money in Norway|	n|the basic unit of money in Denmark|
kronecker	n|German mathematician (1823-1891)|
kronecker delta	n|a function of two variables i and j that equals 1 when i=j and equals 0 otherwise|
kroon	n|the basic unit of money in Estonia|
kropotkin	n|Russian anarchist (1842-1921)|
kroto	n|British chemist who with Robert Curl and Richard Smalley discovered fullerenes and opened a new branch of chemistry (born in 1939)|
krubi	n|malodorous tropical plant having a spathe that resembles the corolla of a morning glory and attains a diameter of several feet|
kruger	n|Boer statesman (1825-1904)|
krummhorn	n|a Renaissance woodwind with a double reed and a curving tube (crooked horn)|
krung thep	n|the capital and largest city and chief port of Thailand; a leading city in southeastern Asia; noted for Buddhist architecture|
krupp	n|German arms manufacturer and son of Friedrich Krupp; his firm provided ordnance for German armies from the 1840s through World War II (1812-1887)|	n|German industrialist who manufactured steel in Essen (1787-1826)|
krypterophaneron	n|a genus of fish in the family Anomalopidae|
krypton	n|a colorless element that is one of the six inert gasses; occurs in trace amounts in air|
krzysztof kieslowski	n|Polish filmmaker who made ten films based on the Ten Commandments (1941-1996)|
kshatriya	n|a member of the royal or warrior Hindu caste|
kt	n|the unit of measurement for the proportion of gold in an alloy; 18-karat gold is 75% gold; 24-karat gold is pure gold|
ku kluxer	n|a member of the Ku Klux Klan|
ku-chiku	n|large bamboo having thick-walled culms; native of China and perhaps Japan; widely grown elsewhere|
kuala lumpur	n|the largest city and former capital of Malaysia until 2005|
kuan yin	n|(Buddhism) a female Bodhisattva; often called goddess of mercy and considered an aspect of the Bodhisattva Avalokitesvara; identified with Japanese Kwannon|
kuangchou	n|a city on the Zhu Jiang delta in southern China; the capital of Guangdong province and a major deep-water port|
kubla khan	n|Mongolian emperor of China and grandson of Genghis Khan who completed his grandfather's conquest of China; he establish the Yuan dynasty and built a great capital on the site of modern Beijing where he received Marco Polo (1216-1294)|
kublai kaan	n|Mongolian emperor of China and grandson of Genghis Khan who completed his grandfather's conquest of China; he establish the Yuan dynasty and built a great capital on the site of modern Beijing where he received Marco Polo (1216-1294)|
kublai khan	n|Mongolian emperor of China and grandson of Genghis Khan who completed his grandfather's conquest of China; he establish the Yuan dynasty and built a great capital on the site of modern Beijing where he received Marco Polo (1216-1294)|
kuchean	n|a dialect of Tocharian|
kuchean dialect	n|a dialect of Tocharian|
kudos	n|an expression of approval and commendation|he always appreciated praise for his work
kudu	n|either of two spiral-horned antelopes of the African bush|
kudu lily	n|South African shrub having a swollen succulent stem and bearing showy pink and white flowers after the leaves fall; popular as an ornamental in tropics|
kuenlun	n|a mountain range in western China that extends eastward from the Indian border for 1000 miles|
kuenlun mountains	n|a mountain range in western China that extends eastward from the Indian border for 1000 miles|
kuhn	n|Austrian chemist who did research on carotenoids and vitamins (1900-1967)|
kui	n|a member of the Dravidian people living in southeastern India|	n|the Dravidian language spoken by the Kui in southeastern India|
kuiper belt	n|a disk-shaped region of minor planets outside the orbit of Neptune|
kuiper belt object	n|any of many minor planets in the Kuiper belt outside the orbit of Neptune at the edge of the solar system|
kukenaam	n|a famous waterfall in Venezuela|
kukenaam falls	n|a famous waterfall in Venezuela|
kuki	n|Kamarupan languages spoken in western Burma and Bangladesh and easternmost India|
kuki-chin	n|Kamarupan languages spoken in western Burma and Bangladesh and easternmost India|
kulanapan	n|a group of languages of the Hokan family|
kulun	n|the capital and largest city of Mongolia|
kumasi	n|a city in southern Ghana|
kumis	n|an alcoholic beverage made from fermented mare's milk; made originally by nomads of central Asia|
kummel	n|liqueur flavored with caraway seed or cumin|
kumquat	n|any of several trees or shrubs of the genus Fortunella bearing small orange-colored edible fruits with thick sweet-flavored skin and sour pulp|	n|small oval citrus fruit with thin sweet rind and very acid pulp|
kumquat tree	n|any of several trees or shrubs of the genus Fortunella bearing small orange-colored edible fruits with thick sweet-flavored skin and sour pulp|
kundt's tube	n|a measuring instrument used to measure the speed of sound|
kung fu	n|a Chinese martial art|
kunlan shan	n|a mountain range in western China that extends eastward from the Indian border for 1000 miles|
kunlun	n|a mountain range in western China that extends eastward from the Indian border for 1000 miles|
kunlun mountains	n|a mountain range in western China that extends eastward from the Indian border for 1000 miles|
kunzite	n|a pinkish lilac crystal form of the mineral spodumene that is used as a gemstone|
kuomintang	n|the political party founded in 1911 by Sun Yat-sen; it governed China under Chiang Kai-shek from 1928 until 1949 when the Communists took power and subsequently was the official ruling party of Taiwan|
kupffer's cell	n|specialized cells in the liver that destroy bacteria, foreign proteins, and worn-out blood cells|
kura	n|a river in western Asia; rises in northeast Turkey and flows to the Caspian Sea|
kura river	n|a river in western Asia; rises in northeast Turkey and flows to the Caspian Sea|
kurakkan	n|East Indian cereal grass whose seed yield a somewhat bitter flour, a staple in the Orient|
kurchee	n|tropical Asian tree with hard white wood and bark formerly used as a remedy for dysentery and diarrhea|
kurchi	n|tropical Asian tree with hard white wood and bark formerly used as a remedy for dysentery and diarrhea|
kurd	n|a member of a largely pastoral Islamic people who live in Kurdistan; the largest ethnic group without their own state|
kurdish	adj|of or relating to Kurdistan or the Kurds or their language and culture|Kurdish Moslems	n|an Iranian language spoken in Turkey and Iran and Iraq and Syria and Russia|
kurdistan	n|an extensive geographical region in the Middle East to the south of the Caucasus|	n|an oriental rug woven by Kurds that is noted for fine colors and durability|
kurdistan labor pary	n|a Marxist-Leninist terrorist group of Kurds trying to establish an independent Kurdish state in eastern Turkey|
kurdistan workers party	n|a Marxist-Leninist terrorist group of Kurds trying to establish an independent Kurdish state in eastern Turkey|
kuri-chiku	n|small bamboo having thin green culms turning shining black|
kurosawa	n|Japanese filmmaker noted for blending Japanese folklore with western styles of acting (1910-1998)|
kuroshio	n|a warm ocean current that flows northeastwardly off the coast of Japan into the northern Pacific ocean|
kuroshio current	n|a warm ocean current that flows northeastwardly off the coast of Japan into the northern Pacific ocean|
kurrajong	n|widely distributed tree of eastern Australia yielding a tough durable fiber and soft light attractively grained wood; foliage is an important emergency food for cattle|
kurrat	n|coarse Old World perennial having a large bulb and tall stalk of greenish purple-tinged flowers; widely naturalized|
kursk	n|a city of southwestern Russia|
kurt waldheim	n|Austrian diplomat who was Secretary General of the United Nations from 1972 to 1981; in 1986 he was elected president of Austria in spite of worldwide allegations that he had direct knowledge of Nazi atrocities during World War II (born in 1918)|
kurt weill	n|German composer; collaborated with Bertolt Brecht (1900-1950)|
kurta	n|a loose collarless shirt worn by many people on the Indian subcontinent (usually with a salwar or churidars or pyjama)|
kuru	n|a progressive disease of the central nervous system marked by increasing lack of coordination and advancing to paralysis and death within a year of the appearance of symptoms; thought to have been transmitted by cannibalistic consumption of diseased brain tissue since the disease virtually disappeared when cannibalism was abandoned|
kurus	n|100 kurus equal 1 lira in Turkey|
kurux	n|a Dravidian language spoken in eastern India|
kusan	n|a Penutian language spoken by the Kusan|
kussmaul's coma	n|coma that can develop in inadequately treated cases of diabetes mellitus|
kutch	n|tannin extract derived from any of several mangrove barks of Pacific areas|
kutuzov	n|Russian field marshal who commanded the Russian opposition to Napoleon (1745-1813)|
kuvasz	n|long-established Hungarian breed of tall light-footed but sturdy white dog; used also as a hunting dog|
kuvi	n|a Dravidian language spoken in southeast India|
kuwait	n|a seaport on the Persian Gulf and capital of Kuwait|	n|an Arab kingdom in Asia on the northwestern coast of the Persian Gulf; a major source of petroleum|
kuwait city	n|a seaport on the Persian Gulf and capital of Kuwait|
kuwaiti	adj|of or relating to the kingdom of Kuwait or its people|Kuwaiti ports	adj|of or relating to the capital of Kuwait or its residents|Kuwaiti streets are lined with luxury stores	n|a native or inhabitant of Kuwait|
kuwaiti dinar	n|the basic unit of money in Kuwait; equal 1,000 fils|
kuwaiti dirham	n|worth one tenth of a Kuwaiti dinar; equal 100 fils|
kuwaiti monetary unit	n|monetary unit in Kuwait|
kv	n|a unit of potential equal to a thousand volts|
kvass	n|fermented beverage resembling beer but made from rye or barley|
kvetch	n|(Yiddish) a constant complainer|	n|(Yiddish) a nagging complaint|	v|express complaints, discontent, displeasure, or unhappiness|My mother complains all day
kw	n|a unit of power equal to 1000 watts|
kw-hr	n|a unit of energy equal to the work done by a power of 1000 watts operating for one hour|
kwa	n|a group of African language in the Niger-Congo group spoken from the Ivory Coast east to Nigeria|
kwacha	n|the basic unit of money in Zambia|	n|the basic unit of money in Malawi|
kwai	n|the basic unit of money in China|
kwajalein	n|an atoll in the western Marshall Islands that was used as a Japanese air and naval base during World War II|
kwakiutl	n|a member of the Wakashan people living around Queen Charlotte Sound and on northern Vancouver Island|	n|a Wakashan language spoken by the Kwakiutl|
kwan-yin	n|(Buddhism) a female Bodhisattva; often called goddess of mercy and considered an aspect of the Bodhisattva Avalokitesvara; identified with Japanese Kwannon|
kwangchow	n|a city on the Zhu Jiang delta in southern China; the capital of Guangdong province and a major deep-water port|
kwangju	n|city in southwestern South Korea; an important military base during the Korean War|
kwangtung	n|a province in southern China|
kwannon	n|Japanese counterpart of Chinese Kuan Yin|
kwanza	n|the basic unit of money in Angola|
kwashiorkor	n|severe malnutrition in children resulting from a diet excessively high in carbohydrates and low in protein|
kwazulu-natal	n|a region of eastern South Africa on the Indian Ocean|Natal was renamed KwaZulu-Natal in 1994
kwela	n|a kind of danceable music popular among black South Africans; includes a whistle among its instruments|
kwell	n|a preparation of lindane (trade name Kwell) that is used to kill lice and itch mites; available in cream or shampoo|
kyanite	n|a grey or greenish-blue mineral consisting of aluminum silicate in crystalline form; occurs in metaphoric rock, used as a refractory|
kyat	n|the basic unit of money in Myanmar|
kyd	n|English dramatist (1558-1594)|
kylie	n|an Australian boomerang; one side flat and the other convex|
kylix	n|a shallow drinking cup with two handles; used in ancient Greece|
kymograph	n|scientific instrument consisting of a rotating drum holding paper on which a stylus traces a continuous record (as of breathing or blood pressure)|
kyo-chiku	n|immense tropical southeast Asian bamboo with tough hollow culms that resemble tree trunks|
kyoto	n|a city in central Japan on southern Honshu; a famous cultural center that was once the capital of Japan|
kyphosidae	n|sea chubs|
kyphosis	n|an abnormal backward curve to the vertebral column|
kyphosus	n|type genus of the Kyphosidae|
kyphosus sectatrix	n|food and game fish around Bermuda and Florida; often follow ships|
kyphotic	adj|characteristic of or suffering from kyphosis, an abnormality of the vertebral column|
kyrgyz republic	n|a landlocked republic in west central Asia bordering on northwestern China; formerly an Asian soviet but became independent in 1991|
kyrgyzstan	n|a landlocked republic in west central Asia bordering on northwestern China; formerly an Asian soviet but became independent in 1991|
kyrgyzstani	adj|of or relating to or characteristic of Kyrgyzstan or its people or culture|
kyrgyzstani monetary unit	n|monetary unit in Kyrgyzstan|
kyushu	n|the southernmost of the four main islands of Japan; contains coal fields|
kyyiv	n|capital and largest city of the Ukraine; a major manufacturing and transportation center|
kyzyl kum	n|a desert in Uzbekistan to the southeast of the Aral Sea|
