l	adj|being ten more than forty|	n|a metric unit of capacity, formerly defined as the volume of one kilogram of pure water under standard conditions; now equal to 1,000 cubic centimeters (or approximately 1.75 pints)|	n|the cardinal number that is the product of ten and five|	n|a cgs unit of illumination equal to the brightness of a perfectly diffusing surface that emits or reflects one lumen per square centimeter|
l'aquila	n|the provincial capital of the Abruzzi region in central Italy|
l-dopa	n|the levorotatory form of dopa (trade names Bendopa and Brocadopa and Larodopa); as a drug it is used to treat Parkinson's disease|
l-p	n|a long-playing phonograph record; designed to be played at 33.3 rpm|
l-plate	n|a square plate bearing the letter L that is attached to both ends of a car to indicate that the driver is a learner|
l-shaped	adj|shaped in the form of the letter L|
l. m. montgomery	n|Canadian novelist (1874-1942)|
l. monocytogenes	n|the type species of the genus Listeria; can cause meningitis, encephalitis, septicemia, endocarditis, abortion, abscesses, listeriosis|
l. s. lowry	n|English painter (1887-1976)|
la	n|a white soft metallic element that tarnishes readily; occurs in rare earth minerals and is usually classified as a rare earth|	n|the syllable naming the sixth (submediant) note of a major or minor scale in solmization|
la crosse	n|a town in western Wisconsin on the Mississippi River|
la fontaine	n|French writer who collected Aesop's fables and published them (1621-1695)|
la paz	n|capital city in western Bolivia and the administrative seat of Bolivia's government; largest city in Bolivia|
la plata	n|an estuary between Argentina and Uruguay|
la rochefoucauld	n|French writer of moralistic maxims (1613-1680)|
la spezia	n|a port city in Liguria on an arm of the Ligurian Sea; a major seaport and year-round resort|
la tour	n|French painter of religious works (1593-1652)|
la-di-da	adj|affectedly genteel|
laager	n|a camp defended by a circular formation of wagons|
lab	n|a workplace for the conduct of scientific research|
lab bench	n|a workbench in a laboratory|
lab coat	n|a light coat worn to protect clothing from substances used while working in a laboratory|
laban	n|Hungarian choreographer who developed Labanotation (1879-1958)|
labanotation	n|a system of notation for dance movements that uses symbols to represent points on a dancer's body and the direction of the dancer's movement and the tempo and the dynamics|
labdanum	n|a dark brown to greenish oleoresin that has a fragrant odor and is used as a fixative in perfumes; obtained as a juice from certain rockroses|	n|a soft blackish-brown resinous exudate from various rockroses used in perfumes especially as a fixative|
label	n|a brief description given for purposes of identification|the label modern is applied to many different kinds of architecture	n|trade name of a company that produces musical recordings|the artists and repertoire department of a recording label is responsible for finding new talent	n|a radioactive isotope that is used in a compound in order to trace the mechanism of a chemical reaction|	n|an identifying or descriptive marker that is attached to an object|
labeled	adj|bearing or marked with a label or tag|properly labeled luggage
labelled	adj|bearing or marked with a label or tag|properly labeled luggage
labetalol	n|antihypertensive drug (trade names Trandate and Normodyne) that blocks alpha and beta-adrenergic receptors of the sympathetic nervous system (leading to a decrease in blood pressure)|
labetalol hydrochloride	n|antihypertensive drug (trade names Trandate and Normodyne) that blocks alpha and beta-adrenergic receptors of the sympathetic nervous system (leading to a decrease in blood pressure)|
labia majora	n|the two outer folds of the vulva|
labia minora	n|the two inner folds of the vulva|
labial	adj|of or relating to the lips of the mouth|labial stops	adj|relating to or near the female labium|	n|a consonant whose articulation involves movement of the lips|
labial artery	n|an artery that is a branch of the facial artery that supplies the lips of the mouth|
labial consonant	n|a consonant whose articulation involves movement of the lips|
labial pipe	n|organ pipe whose tone is produced by air passing across the sharp edge of a fissure or lip|
labial stop	n|a stop consonant that is produced with the lips|
labial vein	n|veins draining the lips of the vulva|	n|a vein draining the lips of the mouth|
labialise	v|pronounce with rounded lips|
labialize	v|pronounce with rounded lips|
labiatae	n|a large family of aromatic herbs and shrubs having flowers resembling the lips of a mouth and four-lobed ovaries yielding four one-seeded nutlets and including mint; thyme; sage; rosemary|
labiate	adj|having lips or parts that resemble lips|
labile	adj|(chemistry, physics, biology) readily undergoing change or breakdown|	adj|liable to change|an emotionally labile person
labiodental	n|a consonant whose articulation involves the lips and teeth|
labiodental consonant	n|a consonant whose articulation involves the lips and teeth|
labium	n|a liplike structure that bounds a bodily orifice (especially any of the four labiate folds of a woman's vulva)|
lablab	n|one species: hyacinth bean|
lablab purpureus	n|perennial twining vine of Old World tropics having trifoliate leaves and racemes of fragrant purple pea-like flowers followed by maroon pods of edible seeds; grown as an ornamental and as a vegetable on the Indian subcontinent; sometimes placed in genus Dolichos|
lablink	n|a defense laboratory that provides essential services in fundamental science for national security and environmental protection and provides technologies that contribute to industrial competitiveness|
labor	n|a social class comprising those who do manual labor or work for wages|there is a shortage of skilled labor in this field	n|productive work (especially physical work done for wages)|his labor did not require a great deal of skill	n|concluding state of pregnancy; from the onset of contractions to the birth of a child|she was in labor for six hours	n|an organized attempt by workers to improve their status by united action (particularly via labor unions) or the leaders of this movement|
labor agreement	n|contract between labor and management governing wages and benefits and working conditions|
labor camp	n|a penal institution for political prisoners who are used as forced labor|
labor coach	n|an assistant (often the father of the soon-to-be-born child) who provides support for a woman in labor by encouraging her to use techniques learned in childbirth-preparation classes|
labor contract	n|contract between labor and management governing wages and benefits and working conditions|
labor force	n|the source of trained people from which workers can be hired|
labor leader	n|a leader of a labor movement|
labor market	n|the market in which workers compete for jobs and employers compete for workers|
labor movement	n|an organized attempt by workers to improve their status by united action (particularly via labor unions) or the leaders of this movement|
labor of love	n|productive work performed voluntarily without material reward or compensation|
labor organizer	n|someone who enlists workers to join a union|
labor pain	n|pain and discomfort associated with contractions of the uterus during labor|
labor pains	n|a regularly recurrent spasm of pain that is characteristic of childbirth|
labor party	n|a left-of-center political party formed to represent the interest of ordinary working people|
labor pool	n|the source of trained people from which workers can be hired|
labor resources	n|resources of available manpower|
labor secretary	n|the person who holds the secretaryship of the Department of Labor|the first Labor Secretary was William B. Wilson who was appointed by President Wilson	n|the position of the head of the Department of Labor|the post of Labor Secretary was created in 1913
labor union	n|an organization of employees formed to bargain with the employer|you have to join the union in order to get a job
labor-intensive	adj|requiring a large expenditure of labor but not much capital|cottage industries are labor intensive
laboratory	n|a workplace for the conduct of scientific research|	n|a region resembling a laboratory inasmuch as it offers opportunities for observation and practice and experimentation|the new nation is a testing ground for socioeconomic theories
laboratory bench	n|a workbench in a laboratory|
laboratory coat	n|a light coat worn to protect clothing from substances used while working in a laboratory|
labored	adj|lacking natural ease|a labored style of debating	adj|requiring or showing effort|heavy breathing
laborer	n|someone who works with their hands; someone engaged in manual labor|
laboring	adj|doing arduous or unpleasant work|drudging peasants
laborious	adj|characterized by effort to the point of exhaustion; especially physical effort|worked their arduous way up the mining valley
laboriously	adv|in a laborious manner|their lives were spent in committee making decisions for others to execute on the basis of data laboriously gathered for them
laboriousness	n|the quality of requiring extended effort|
laborsaving	adj|designed to replace or conserve human and especially manual labor|laborsaving devices like washing machines
labour	n|a social class comprising those who do manual labor or work for wages|there is a shortage of skilled labor in this field	n|concluding state of pregnancy; from the onset of contractions to the birth of a child|she was in labor for six hours	n|a political party formed in Great Britain in 1900; characterized by the promotion of labor's interests and formerly the socialization of key industries|	n|productive work (especially physical work done for wages)|his labor did not require a great deal of skill
labour camp	n|a penal institution for political prisoners who are used as forced labor|
labour of love	n|productive work performed voluntarily without material reward or compensation|
labour pains	n|a regularly recurrent spasm of pain that is characteristic of childbirth|
labour party	n|a political party formed in Great Britain in 1900; characterized by the promotion of labor's interests and formerly the socialization of key industries|	n|a left-of-center political party formed to represent the interest of ordinary working people|
labour-intensive	adj|requiring a large expenditure of labor but not much capital|cottage industries are labor intensive
laboured	adj|lacking natural ease|a labored style of debating	adj|requiring or showing effort|heavy breathing
labourer	n|someone who works with their hands; someone engaged in manual labor|
labouring	adj|doing arduous or unpleasant work|drudging peasants
labourite	n|a member of the British Labour Party|
laboursaving	adj|designed to replace or conserve human and especially manual labor|laborsaving devices like washing machines
labrador	n|the mainland part of the province of Newfoundland and Labrador in the eastern part of the large Labrador-Ungava Peninsula in northeastern Canada|
labrador peninsula	n|a peninsular region of eastern Canada between Hudson Bay and the Labrador Sea; contains most of Quebec and the mainland part of Newfoundland and Labrador|
labrador retriever	n|breed originally from Labrador having a short black or golden-brown coat|
labrador sea	n|an arm of the northern Atlantic between Labrador and southern Greenland|
labrador-ungava peninsula	n|a peninsular region of eastern Canada between Hudson Bay and the Labrador Sea; contains most of Quebec and the mainland part of Newfoundland and Labrador|
labridae	n|wrasses|
labrocyte	n|a large connective tissue cell that contains histamine and heparin and serotonin which are released in allergic reactions or in response to injury or inflammation|
labrouste	n|French architect who was among the first to use metal construction successfully (1801-1875)|
laburnum	n|flowering shrubs or trees having bright yellow flowers; all parts of the plant are poisonous|
laburnum alpinum	n|an ornamental shrub or tree of the genus Laburnum|
laburnum anagyroides	n|an ornamental shrub or tree of the genus Laburnum; often cultivated for Easter decorations|
labyrinth	n|complex system of paths or tunnels in which it is easy to get lost|	n|a complex system of interconnecting cavities; concerned with hearing and equilibrium|
labyrinth of minos	n|a vast labyrinth built in Crete by Daedalus at the command of Minos in order to contain the Minotaur|
labyrinthian	adj|resembling a labyrinth in form or complexity|a labyrinthine network of tortuous footpaths
labyrinthine	adj|relating to or affecting or originating in the inner ear|labyrinthine deafness	adj|resembling a labyrinth in form or complexity|a labyrinthine network of tortuous footpaths
labyrinthine artery	n|an artery that is a branch of the basilar artery that supplies the labyrinth|
labyrinthine sense	n|a sensory system located in structures of the inner ear that registers the orientation of the head|
labyrinthine vein	n|veins that drain the inner ear|
labyrinthitis	n|inflammation of the inner ear; can cause vertigo and vomiting|
labyrinthodont	n|an amphibian of the superorder Labyrinthodontia|
labyrinthodonta	n|extinct amphibians typically resembling heavy-bodied salamanders or crocodiles and having a solid flattened skull and conical teeth; Devonian through Triassic|
labyrinthodontia	n|extinct amphibians typically resembling heavy-bodied salamanders or crocodiles and having a solid flattened skull and conical teeth; Devonian through Triassic|
lac	n|resinlike substance secreted by certain lac insects; used in e.g. varnishes and sealing wax|
lac dye	n|scarlet dye like cochineal; extracted with alkali from stick lac|
lac wax	n|a hard wax separated from shellac by its insolubility in alcohol|
laccopetalum	n|one species: giant buttercup|
laccopetalum giganteum	n|spectacular perennial native of wet montane grasslands of Peru; formerly included in genus Ranunculus|
lace	v|spin, wind, or twist together|intertwine the ribbons	v|make by braiding or interlacing|lace a tablecloth	v|do lacework|The Flemish women were lacing in front of the cathedral	v|draw through eyes or holes|lace the shoelaces
lace bug	n|small bug having body and wings covered with a lacy network of raised lines|
lace fern	n|small tufted fern of northwestern America|
lace into	v|hit violently, as in an attack|
lace making	n|the act or art of making handmade lace|
lace up	v|draw through eyes or holes|lace the shoelaces
lace-flower vine	n|low-growing creeping perennial of Central America having deeply fringed white flowers; sometimes placed in genus Episcia|
lacebark	n|small tree or shrub of New Zealand having a profusion of axillary clusters of honey-scented paper-white flowers and whose bark is used for cordage|
laced	adj|closed with a lace|snugly laced shoes	adj|edged or streaked with color|white blossoms with purple-laced petals
lacelike	adj|made of or resembling lace|a lacy gown
lacepod	n|annual herb having pinnatifid basal leaves and slender racemes of small white flowers followed by one-seeded winged silicles|
lacer	n|a workman who laces shoes or footballs or books (during binding)|
lacerate	v|cut or tear irregularly|	v|deeply hurt the feelings of; distress|his lacerating remarks	adj|irregularly slashed and jagged as if torn|lacerate leaves	adj|having edges that are jagged from injury|
lacerated	adj|irregularly slashed and jagged as if torn|lacerate leaves	adj|having edges that are jagged from injury|
laceration	n|a torn ragged wound|	n|the act of lacerating|
lacerta	n|type genus of the Lacertidae|
lacerta agilis	n|a common and widely distributed lizard of Europe and central Asia|
lacerta viridis	n|a common Eurasian lizard about a foot long|
lacertid	n|Old World terrestrial lizard|
lacertid lizard	n|Old World terrestrial lizard|
lacertidae	n|Old World lizards|
lacertilia	n|true lizards; including chameleons and geckos|
lacertilian	adj|of or relating to lizards|
lacewing	n|any of two families of insects with gauzy wings (Chrysopidae and Hemerobiidae); larvae feed on insect pests such as aphids|
lacewing fly	n|any of two families of insects with gauzy wings (Chrysopidae and Hemerobiidae); larvae feed on insect pests such as aphids|
lacewood	n|variably colored and sometimes variegated hard tough elastic wood of a sycamore tree|
lacework	n|work consisting of (or resembling) lace fabric|
lachesis	n|the Greek goddess of fate who determines the length of the thread of life|
lachnolaimus	n|a genus of Labridae|
lachnolaimus maximus	n|large wrasse of western Atlantic; head of male resembles a pig's snout|
lachrymal	adj|of or relating to tears|	adj|relating to or located near the organ that produces tears|
lachrymal duct	n|any of several small ducts that carry tears from the lacrimal glands|
lachrymal gland	n|any of the glands in the eyes that secrete tears|
lachrymal secretion	n|saline fluid secreted by lacrimal glands; lubricates the surface of the eyeball|
lachrymation	n|shedding tears|
lachrymator	n|a gas that makes the eyes fill with tears but does not damage them; used in dispersing crowds|
lachrymatory	adj|relating to or prompting tears|
lachrymose	adj|showing sorrow|
lacing	n|a small amount of liquor added to a food or beverage|	n|a cord that is drawn through eyelets or around hooks in order to draw together two edges (as of a shoe or garment)|	n|the act of inflicting corporal punishment with repeated blows|
laciniate	adj|having edges irregularly and finely slashed|a laciniate leaf
lack	n|the state of needing something that is absent or unavailable|there is a serious lack of insight into the problem	v|be without|This soup lacks salt
lackadaisical	adj|lacking spirit or liveliness|a lackadaisical attempt	adj|idle or indolent especially in a dreamy way|she was annoyingly lackadaisical and impractical
lackadaisically	adv|in an idle and lackadaisical manner|he was hanging around the house lackadaisically
lackey	n|a male servant (especially a footman)|	n|a person who tries to please someone in order to gain a personal advantage|
lacking	adj|inadequate in amount or degree|a deficient education	adj|nonexistent|the thumb is absent
lackluster	adj|lacking brilliance or vitality|a dull lackluster life	adj|lacking luster or shine|staring with lackluster eyes
lacklustre	adj|lacking brilliance or vitality|a dull lackluster life	adj|lacking luster or shine|staring with lackluster eyes
laconia	n|an ancient region of southern Greece in the southeastern Peloponnesus; dominated by Sparta|
laconian	n|a resident of Laconia|
laconic	adj|brief and to the point; effectively cut short; `yes'"|a crisp retort
laconically	adv|in a dry laconic manner|`I know that', he said dryly
laconicism	n|terseness of expression|
laconism	n|terseness of expression|
lacquer	n|a black resinous substance obtained from certain trees and used as a natural varnish|	n|a hard glossy coating|	v|coat with lacquer|A lacquered box from China
lacquer tree	n|small Asiatic tree yielding a toxic exudate from which lacquer is obtained|
lacquerware	n|a decorative work made of wood and covered with lacquer and often inlaid with ivory or precious metals|
lacrimal	adj|of or relating to tears|	adj|relating to or located near the organ that produces tears|
lacrimal apparatus	n|the structures that secrete and drain tears from the eye|
lacrimal artery	n|an artery that originates from the ophthalmic artery and supplies the lacrimal gland and rectal eye muscles and the upper eyelid and the forehead|
lacrimal bone	n|small fragile bone making up part of the front inner walls of each eye socket and providing room for the passage of the lacrimal ducts|
lacrimal duct	n|any of several small ducts that carry tears from the lacrimal glands|
lacrimal gland	n|any of the glands in the eyes that secrete tears|
lacrimal sac	n|either of the two dilated ends of the lacrimal ducts at the nasal ends of the eyes that fill with tears secreted by the lacrimal glands|
lacrimal secretion	n|saline fluid secreted by lacrimal glands; lubricates the surface of the eyeball|
lacrimal vein	n|drains the lacrimal gland; empties into the superior ophthalmic vein|
lacrimation	n|shedding tears|
lacrimator	n|a gas that makes the eyes fill with tears but does not damage them; used in dispersing crowds|
lacrimatory	adj|relating to or prompting tears|
lacrosse ball	n|ball used in playing lacrosse|
lacrosse player	n|an athlete who plays lacrosse|
lactaid	n|any of a group of enzymes (trade name Lactaid) that hydrolyze lactose to glucose and galactose|
lactalbumin	n|albumin occurring in milk|
lactarius	n|large genus of agarics that have white spore and contain a white or milky juice when cut or broken; includes both edible and poisonous species|
lactarius delicioso	n|edible mushroom|
lactase	n|any of a group of enzymes (trade name Lactaid) that hydrolyze lactose to glucose and galactose|
lactase deficiency	n|congenital disorder consisting of an inability to digest milk and milk products; absence or deficiency of lactase results in an inability to hydrolyze lactose|
lactate	n|a salt or ester of lactic acid|	v|give suck to|The wetnurse suckled the infant
lactating	adj|producing or secreting milk|a wet nurse
lactation	n|the period following birth during which milk is secreted|lactation normally continues until weaning	n|the production and secretion of milk by the mammary glands|	n|feeding an infant by giving suck at the breast|
lacteal	adj|relating to or consisting of or producing or resembling milk|lacteal fluids	n|any of the lymphatic vessels that convey chyle from the small intestine to the thoracic duct|
lactic	adj|of or relating to or obtained from milk (especially sour milk or whey)|lactic acid
lactic acid	n|a clear odorless hygroscopic syrupy carboxylic acid found in sour milk and in many fruits|
lactiferous duct	n|ducts of the mammary gland that carry milk to the nipple|
lactifuge	n|any agent that reduces milk secretion (as given to a woman who is not breast feeding)|
lactobacillaceae	n|lactic acid bacteria and important pathogens; bacteria that ferment carbohydrates chiefly into lactic acid|
lactobacillus	n|a Gram-positive rod-shaped bacterium that produces lactic acid (especially in milk)|
lactobacillus acidophilus	n|a bacterium that is used to make yogurt and to supplement probiotics|
lactobacteriaceae	n|lactic acid bacteria and important pathogens; bacteria that ferment carbohydrates chiefly into lactic acid|
lactoflavin	n|a B vitamin that prevents skin lesions and weight loss|
lactogen	n|any agent that enhances milk production|
lactogenic	adj|inducing lactation|
lactogenic hormone	n|gonadotropic hormone secreted by the anterior pituitary; in females it stimulates growth of the mammary glands and lactation after parturition|
lactophrys	n|a genus of Ostraciidae|
lactophrys quadricornis	n|trunkfish having hornlike spines over the eyes|
lactose	n|a sugar comprising one glucose molecule linked to a galactose molecule; occurs only in milk|cow's milk contains about 4.7% lactose
lactose intolerance	n|congenital disorder consisting of an inability to digest milk and milk products; absence or deficiency of lactase results in an inability to hydrolyze lactose|
lactosuria	n|presence of lactose in the urine; can occur during pregnancy or lactation|
lactuca	n|an herb with milky juice: lettuce; prickly lettuce|
lactuca sativa	n|annual or perennial garden plant having succulent leaves used in salads; widely grown|
lactuca sativa asparagina	n|lettuce valued especially for its edible stems|
lactuca sativa capitata	n|distinguished by leaves arranged in a dense rosette that develop into a compact ball|
lactuca sativa crispa	n|distinguished by leaves having curled or incised leaves forming a loose rosette that does not develop into a compact head|
lactuca sativa longifolia	n|lettuce with long dark-green spoon-shaped leaves|
lacuna	n|a blank gap or missing part|
lacunar	n|an ornamental sunken panel in a ceiling or dome|
lacustrine	adj|of or relating to or living near lakes|
lacy	adj|made of or resembling lace|a lacy gown	adj|having open interstices or resembling a web|
lad	n|a boy or man|that chap is your host	n|a male child (a familiar term of address to a boy)|
lad's love	n|aromatic herb of temperate Eurasia and North Africa having a bitter taste used in making the liqueur absinthe|
ladanum	n|a soft blackish-brown resinous exudate from various rockroses used in perfumes especially as a fixative|
ladder	n|steps consisting of two parallel members connected by rungs; for climbing up or down|	n|ascending stages by which somebody or something can progress|he climbed the career ladder	n|a row of unravelled stitches|she got a run in her stocking	v|come unraveled or undone as if by snagging|Her nylons were running
ladder truck	n|a fire engine carrying ladders|
ladder-back	n|a chair with a ladder-back|	n|the backrest of a chair that consists of two uprights with connecting slats|
ladder-back chair	n|a chair with a ladder-back|
ladder-proof	adj|(of hosiery) resistant to runs or (in Britain) ladders|
laddie	n|a male child (a familiar term of address to a boy)|
lade	v|remove with or as if with a ladle|ladle the water out of the bowl	v|fill or place a load on|load a car
laden	adj|filled with a great quantity|a tray loaded with dishes	adj|burdened psychologically or mentally|laden with grief	v|remove with or as if with a ladle|ladle the water out of the bowl	v|fill or place a load on|load a car
ladened	adj|filled with a great quantity|a tray loaded with dishes
ladies' man	n|a man who takes advantage of women|
ladies' room	n|a woman's restroom in a public (or semipublic) building|
ladies' tresses	n|an orchid of the genus Spiranthes having slender often twisted spikes of white flowers|
ladies'-eardrop	n|erect or climbing shrub of Brazil with deep pink to red flowers|
ladies'-eardrops	n|erect or climbing shrub of Brazil with deep pink to red flowers|
ladin	n|a Rhaeto-Romance dialect of Romansh spoken in southeastern Switzerland|
lading	n|goods carried by a large vehicle|
ladino	n|the Spanish dialect spoken by Sephardic Jews but written in the Hebrew script|
ladle	n|a spoon-shaped vessel with a long handle; frequently used to transfer liquids from one container to another|	v|put (a liquid) into a container by means of a ladle|ladle soup into the bowl	v|remove with or as if with a ladle|ladle the water out of the bowl
ladoga	n|a lake in northwestern Russia to the north of St. Petersburg; the largest lake in Europe; drains through the Neva River into the Gulf of Finland|
ladrone islands	n|a chain of coral and volcanic islands in Micronesia (including Guam and the Northern Marianas) halfway between New Guinea and Japan; discovered by Magellan in 1521|
lady	n|a polite name for any woman|a nice lady at the library helped me	n|a woman of refinement|a chauffeur opened the door of the limousine for the grand lady	n|a woman of the peerage in Britain|
lady beetle	n|small round bright-colored and spotted beetle that usually feeds on aphids and other insect pests|
lady chapel	n|a small chapel in a church; dedicated to the Virgin Mary|
lady day	n|a festival commemorating the announcement of the Incarnation by the angel Gabriel to the Virgin Mary; a quarter day in England, Wales, and Ireland|
lady diana frances spencer	n|English aristocrat who was the first wife of Prince Charles; her death in an automobile accident in Paris produced intense national mourning (1961-1997)|
lady emma hamilton	n|English beauty who was the mistress of Admiral Nelson (1765-1815)|
lady fern	n|most widely grown fern of the genus Athyrium for its delicate foliage|
lady friend	n|a girl or young woman with whom a man is romantically involved|his girlfriend kicked him out
lady godiva	n|according to legend she rode naked through Coventry in order to persuade her husband not to tax the townspeople so heavily; the only person to look at her as she rode by was a man named Tom and Peeping Tom has become a synonym for voyeur (circa 1040-1080)|
lady jane grey	n|Queen of England for nine days in 1553; she was quickly replaced by Mary Tudor and beheaded for treason (1537-1554)|
lady killer	n|a man who takes advantage of women|
lady of pleasure	n|a woman who engages in sexual intercourse for money|
lady of the house	n|a wife who manages a household while her husband earns the family income|
lady palm	n|any of several small palms of the genus Rhapis; cultivated as houseplants|
lady peel	n|British actress (born in Canada) (1898-1989)|
lady tulip	n|Eurasian tulip with small flowers blotched at the base|
lady with the lamp	n|English nurse remembered for her work during the Crimean War (1820-1910)|
lady's laces	n|perennial grass of marshy meadows and ditches having broad leaves; Europe and North America|
lady's maid	n|a maid who is a lady's personal attendant|
lady's smock	n|a bitter cress of Europe and America|
lady's thistle	n|tall Old World biennial thistle with large clasping white-blotched leaves and purple flower heads; naturalized in California and South America|
lady's tresses	n|an orchid of the genus Spiranthes having slender often twisted spikes of white flowers|
lady's-eardrop	n|erect or climbing shrub of Brazil with deep pink to red flowers|
lady's-eardrops	n|erect or climbing shrub of Brazil with deep pink to red flowers|
lady-in-waiting	n|a lady appointed to attend to a queen or princess|
lady-of-the-night	n|West Indian shrub with fragrant showy yellowish-white flowers|
ladybeetle	n|small round bright-colored and spotted beetle that usually feeds on aphids and other insect pests|
ladybird	n|small round bright-colored and spotted beetle that usually feeds on aphids and other insect pests|
ladybird beetle	n|small round bright-colored and spotted beetle that usually feeds on aphids and other insect pests|
ladybug	n|small round bright-colored and spotted beetle that usually feeds on aphids and other insect pests|
ladyfinger	n|small finger-shaped sponge cake|
ladyfish	n|game fish resembling the tarpon but smaller|
ladylike	adj|befitting a woman of good breeding|ladylike manners
ladylikeness	n|behavior befitting a lady|
ladylove	n|a woman who is a man's sweetheart|
ladyship	n|a title used to address any peeress except a duchess|Your Ladyship
laelia	n|any of various spectacular plants of the genus Laelia having showy flowers in many colors|
laertes	n|(Greek mythology) the father of Odysseus|
laetrile	n|a substance derived from amygdalin; publicized as an antineoplastic drug although there is no supporting evidence|
laevulose	n|a simple sugar found in honey and in many ripe fruits|
lafayette	n|a town in south central Louisiana; settled by Acadians|	n|a university town in west central Indiana on the Wabash River|
laffer curve	n|a graph purporting to show the relation between tax rates and government income; income increases as tax rates increase up to an optimum beyond which income declines|
lafora's disease	n|epilepsy characterized by clonus of muscle groups and progressive mental deterioration and genetic origin|
lag	n|the act of slowing down or falling behind|	n|the time between one event, process, or period and another|meanwhile the socialists are running the government	n|one of several thin slats of wood forming the sides of a barrel or bucket|	v|hang (back) or fall (behind) in movement, progress, development, etc.|
lag b'omer	n|(Judaism) Jewish holy day; the 33rd day after the 2nd day of Passover; the 18th day of Iyar|
lag bolt	n|a heavy woodscrew with a square or hexagonal head that is driven in with a wrench|
lag screw	n|a heavy woodscrew with a square or hexagonal head that is driven in with a wrench|
lagan	n|goods (or wreckage) on the sea bed that is attached to a buoy so that it can be recovered|
lagarostrobus	n|genus of dioecious evergreen trees of New Zealand and Tasmania; similar to genus Dacrydium|
lagarostrobus colensoi	n|timber tree of New Zealand having shiny white wood|
lagarostrobus franklinii	n|Tasmanian timber tree with yellow aromatic wavy-grained wood used for carving and ship building; sometimes placed in genus Dacrydium|
lagenaria	n|bottle gourds|
lagenaria siceraria	n|Old World climbing plant with hard-shelled bottle-shaped gourds as fruits|
lagend	n|goods (or wreckage) on the sea bed that is attached to a buoy so that it can be recovered|
lagenophera	n|small genus of herbs of Australia and South America having small solitary white or purple flowers similar to true daisies of genus Bellis|
lager	n|a camp defended by a circular formation of wagons|	n|a general term for beer made with bottom fermenting yeast (usually by decoction mashing); originally it was brewed in March or April and matured until September|
lager beer	n|a general term for beer made with bottom fermenting yeast (usually by decoction mashing); originally it was brewed in March or April and matured until September|
lagerphone	n|an Australian percussion instrument used for playing bush music; a long stick with bottle caps nailed loosely to it; played by hitting it with a stick or banging it on the ground|
lagerstroemia	n|shrubs or small trees of tropical Asia and Africa usually with showy white, pink, or purplish flowers|
lagerstroemia speciosa	n|native to Asia, Australia, and East Indies, where it provides timber called pyinma; used elsewhere as an ornamental for its large showy flowers|
laggard	n|someone who takes more time than necessary; someone who lags behind|	adj|wasting time|
lagger	n|someone who takes more time than necessary; someone who lags behind|
lagging	n|insulation used to wrap around pipes or boilers or laid in attics to prevent loss of heat|
lagidium	n|a genus of Chinchillidae|
lagniappe	n|a small gift (especially one given by a merchant to a customer who makes a purchase)|
lagodon	n|a genus of Sparidae|
lagomorph	n|relative large gnawing animals; distinguished from rodents by having two pairs of upper incisors specialized for gnawing|
lagomorpha	n|rabbits; hares; pikas; formerly considered the suborder Duplicidentata of the order Rodentia|
lagoon	n|a body of water cut off from a larger body by a reef of sand or coral|
lagophthalmos	n|abnormal condition in which an eye cannot close completely|
lagopus	n|ptarmigans|
lagopus scoticus	n|reddish-brown grouse of upland moors of Great Britain|
lagorchestes	n|hare wallabies|
lagos	n|chief port and economic center of Nigeria; located in southwestern Nigeria on the Gulf of Guinea; former capital of Nigeria|
lagostomus	n|viscachas|
lagostomus maximus	n|gregarious burrowing rodent larger than the chinchillas|
lagothrix	n|woolly monkeys|
laguna	n|a body of water cut off from a larger body by a reef of sand or coral|
laguncularia	n|a genus of Laguncularia|
laguncularia racemosa	n|shrub to moderately large tree that grows in brackish water along the seacoasts of western Africa and tropical America; locally important as a source of tannin|
lagune	n|a body of water cut off from a larger body by a reef of sand or coral|
lah	n|the syllable naming the sixth (submediant) note of a major or minor scale in solmization|
lahar	n|an avalanche of volcanic water and mud down the slopes of a volcano|
lahore	n|city in northeast Pakistan|
lahu	n|a Loloish language|
laic	adj|characteristic of those who are not members of the clergy|set his collar in laic rather than clerical position
laicise	v|reduce to lay status|laicize the parochial schools
laicize	v|reduce to lay status|laicize the parochial schools
laid	adj|set down according to a plan|a carefully laid table with places set for four people
laid low	adj|put out of action (by illness)|
laid paper	n|writing paper having a watermark of fine lines running across the grain|
laid up	adj|ill and usually confined|laid up with a bad cold
laid-back	adj|unhurried and relaxed|a mellow conversation
laid-off	adj|having lost your job|
lair	n|the habitation of wild animals|
laird	n|a landowner|
laissez faire	n|the doctrine that government should not interfere in commercial affairs|
laissez passer	n|a document indicating permission to do something without restrictions|the media representatives had special passes
laissez-faire	adj|with minimally restricted freedom in commerce|
laissez-faire economy	n|an economy that relies chiefly on market forces to allocate goods and resources and to determine prices|
laity	n|in Christianity, members of a religious community that do not have the priestly responsibilities of ordained clergy|
laius	n|(Greek mythology) king of Thebes who was unwittingly killed by his son Oedipus|
lake	n|a body of (usually fresh) water surrounded by land|	n|a purplish red pigment prepared from lac or cochineal|	n|any of numerous bright translucent organic pigments|
lake albert	n|a shallow lake on the border between Uganda and Congo in the Great Rift Valley|
lake albert nyanza	n|a shallow lake on the border between Uganda and Congo in the Great Rift Valley|
lake aral	n|a lake to the east of the Caspian Sea lying between Kazakhstan and Uzbekistan|
lake baikal	n|the largest freshwater lake in Asia or Europe and the deepest lake in the world|
lake balaton	n|a large shallow lake in western Hungary|
lake baykal	n|the largest freshwater lake in Asia or Europe and the deepest lake in the world|
lake bed	n|the bottom of a lake|
lake bottom	n|the bottom of a lake|
lake canandaigua	n|a glacial lake in central New York; one of the Finger Lakes|
lake cayuga	n|a glacial lake in central New York; the longest of the Finger Lakes|
lake chad	n|a lake in north central Africa; fed by the Shari river|
lake chelan	n|a narrow very deep lake in central Washington in the Cascade Range|
lake clark national park	n|a national park in Alaska having Eskimo and Athapaskan archeological sites|
lake constance	n|a lake in southeastern Germany on the northern side of the Swiss Alps; forms part of the Rhine River|
lake district	n|a popular tourist area in northwestern England including England's largest lake and highest mountain|
lake duck	n|common scaup of North America; males have purplish heads|
lake dwelling	n|dwelling built on piles in or near a lake; specifically in prehistoric villages|
lake edward	n|a lake in the Great Rift Valley between Congo and Uganda|
lake erie	n|the 4th largest of the Great Lakes; it is linked to the Hudson River by the New York State Barge Canal|
lake eyre	n|a shallow salt lake in south central Australia about 35 feet below sea level; the largest lake in the country and the lowest point on the continent|
lake geneva	n|a lake between southwestern Switzerland and France that is crossed from east to west by the Rhone|
lake herring	n|cold-water fish caught in Lake Superior and northward|	n|important food fish of cold deep lakes of North America|
lake huron	n|the 2nd largest of the Great Lakes|
lake ilmen	n|a lake in northwestern Russia; drains through the Volkhov River into Lake Ladoga|
lake keuka	n|a glacial lake in central New York; one of the Finger Lakes|
lake kivu	n|a lake in the mountains of central Africa between Congo and Rwanda|
lake ladoga	n|a lake in northwestern Russia to the north of St. Petersburg; the largest lake in Europe; drains through the Neva River into the Gulf of Finland|
lake leman	n|a lake between southwestern Switzerland and France that is crossed from east to west by the Rhone|
lake malawi	n|a long lake in southeastern Africa between Tanzania, Mozambique, and Malawi|
lake nasser	n|lake in Egypt formed by dams built on the Nile River at Aswan|
lake nyasa	n|a long lake in southeastern Africa between Tanzania, Mozambique, and Malawi|
lake okeechobee	n|a lake in southeast Florida to the north of the Everglades|
lake onega	n|lake in northwestern Russia near the border with Finland; second largest lake in Europe|
lake ontario	n|the smallest of the Great Lakes|
lake poets	n|English poets at the beginning of the 19th century who lived in the Lake District and were inspired by it|
lake saint clair	n|a lake between Ontario and Michigan; connected with Lake Huron and Lake Erie|
lake salmon	n|Atlantic salmon confined to lakes of New England and southeastern Canada|
lake seneca	n|a glacial lake in central New York; the largest of the Finger Lakes|
lake st. clair	n|a lake between Ontario and Michigan; connected with Lake Huron and Lake Erie|
lake superior	n|the largest freshwater lake in the world; the deepest of the Great Lakes|
lake tahoe	n|a lake on the border between Nevada and California to the west of Carson City; a popular resort area|
lake tana	n|a lake in northern Ethiopia; the largest lake in Ethiopia and the source of the Blue Nile|
lake tanganyika	n|the longest lake in the world in central Africa between Tanzania and Congo in the Great Rift Valley|
lake trasimenus	n|a battle in 217 BC in which Hannibal ambushed a Roman army led by Flaminius|
lake trout	n|flesh of large trout of northern lakes|
lake tsana	n|a lake in northern Ethiopia; the largest lake in Ethiopia and the source of the Blue Nile|
lake urmia	n|a shallow saline lake in northwestern Iran between Tabriz and the western border of Turkey|
lake vanern	n|a lake in southwestern Sweden; the largest lake in Sweden|
lake victoria	n|the largest lake in Africa and the 2nd largest fresh water lake in the world; a headwaters reservoir for the Nile River|
lake volta	n|the Volta river in southeastern has been dammed to create one of the world's largest man-made lakes|
lake whitefish	n|found in the Great Lakes and north to Alaska|
lake winnipeg	n|a lake in southern Canada in Manitoba|
lakefront	n|land bordering a lake|
lakeland	n|a popular tourist area in northwestern England including England's largest lake and highest mountain|
lakeland terrier	n|breed of wire-haired terrier originally from the Lake District of England and used for hunting|
lakeshore	n|the shore of a lake|
lakeside	n|the shore of a lake|
lakh	n|the cardinal number that is the fifth power of ten|
lakota	n|a member of the large western branch of Sioux people which was made up of several groups that lived on the plains|
lakshmi	n|Hindu goddess of fortune and prosperity|
lallans	n|a dialect of English spoken in the Lowlands of Scotland|
lallation	n|defective articulation of the `l' phoneme or the phoneme `r' is pronounced as `l'|	n|gibberish resembling the sounds of a baby|
lally	n|support column consisting of a steel cylinder filled with concrete|
lally column	n|support column consisting of a steel cylinder filled with concrete|
lallygag	v|be about|The high school students like to loiter in the Central Square
lalthyrus tingitanus	n|North African annual resembling the sweet pea having showy but odorless flowers|
lam	v|flee; take to one's heels; cut and run|If you see this man, run!	v|give a thrashing to; beat hard|	n|a rapid escape (as by criminals)|the thieves made a clean getaway
lam into	v|hit violently, as in an attack|
lama	n|a Tibetan or Mongolian priest of Lamaism|	n|llamas|
lama guanicoe	n|wild llama|
lama pacos	n|domesticated llama with long silky fleece; believed to be a domesticated variety of the guanaco|
lama peruana	n|used in the Andes as a beast of burden and source of wool; considered a domesticated variety of the guanaco|
lamaism	n|a Buddhist doctrine that includes elements from India that are not Buddhist and elements of preexisting shamanism|
lamaist	n|(Buddhism) an adherent of Lamaism|
lamarck	n|French naturalist who proposed that evolution resulted from the inheritance of acquired characteristics (1744-1829)|
lamarckian	adj|of or relating to Lamarckism|Lamarckian theories	n|a believer in Lamarckism|
lamarckism	n|a theory of organic evolution claiming that acquired characteristics are transmitted to offspring|
lamasery	n|a monastery for lamas|
lamaze method	n|a method that prepares a mother for natural childbirth; the pregnant woman (in classes and at home) practices (usually with the help of a coach) and learns about the physiology of childbirth and techniques of relaxation, concentration, and breathing|
lamaze method of childbirth	n|a method that prepares a mother for natural childbirth; the pregnant woman (in classes and at home) practices (usually with the help of a coach) and learns about the physiology of childbirth and techniques of relaxation, concentration, and breathing|
lamb	n|young sheep|	n|English essayist (1775-1834)|	n|a person easily deceived or cheated (especially in financial matters)|	n|a sweet innocent mild-mannered person (especially a child)|
lamb chop	n|chop cut from a lamb|
lamb curry	n|curry made with lamb|
lamb roast	n|a cut of lamb suitable for roasting|
lamb succory	n|small European herb with small yellow flowers|
lamb's lettuce	n|widely cultivated as a salad crop and pot herb; often a weed|
lamb's-quarter	n|leaves collected from the wild|
lamb's-quarters	n|common weedy European plant introduced into North America; often used as a potherb|
lamb-chop	n|chop cut from a lamb|
lambast	v|beat with a cane|	v|censure severely or angrily|The mother scolded the child for entering a stranger's car
lambaste	v|beat with a cane|	v|censure severely or angrily|The mother scolded the child for entering a stranger's car
lambchop	n|chop cut from a lamb|
lambda	n|the 11th letter of the Greek alphabet|	n|the craniometric point at the junction of the sagittal and lamboid sutures of the skull|
lambda hyperon	n|an electrically neutral baryon with isotopic spin 1|
lambda particle	n|an electrically neutral baryon with isotopic spin 1|
lambdacism	n|speech defect involving excessive use or unusual pronunciation of the phoneme `l'|
lambency	n|an appearance of reflected light|
lambent	adj|softly bright or radiant|a house aglow with lights
lambert	n|a cgs unit of illumination equal to the brightness of a perfectly diffusing surface that emits or reflects one lumen per square centimeter|	n|English composer and conductor (1905-1951)|
lambert-eaton syndrome	n|a disease seen in patients with lung cancer and characterized by weakness and fatigue of hip and thigh muscles and an aching back; caused by antibodies directed against the neuromuscular junctions|
lambertia	n|small genus of Australian shrubs|
lambertia formosa	n|erect bushy shrub of eastern Australia having terminal clusters of red flowers yielding much nectar|
lambis	n|scorpion shells of shallow tropical waters of the eastern hemisphere|
lambkin	n|a very young lamb|
lamblike	adj|like a lamb in meekness and gentleness|
lamboid suture	n|the suture between the occipital and parietal bones|
lambrequin	n|a scarf that covers a knight's helmet|	n|short and decorative hanging for a shelf edge or top of a window casing|
lambskin	n|the skin of a lamb with the wool still on|	n|skin of a sheep or goat prepared for writing on|
lame	adj|pathetically lacking in force or effectiveness|a feeble excuse	adj|disabled in the feet or legs|a crippled soldier	n|someone who doesn't understand what is going on|	n|a fabric interwoven with threads of metal|she wore a gold lame dress
lame duck	n|an elected official still in office but not slated to continue|
lamedh	n|the 12th letter of the Hebrew alphabet|
lamella	n|any of the radiating leaflike spore-producing structures on the underside of the cap of a mushroom or similar fungus|	n|a thin membrane that is one of the calcified layers that form bones|	n|thin plate|
lamellar mixture	n|a mixture in which substances occur in distinct layers|
lamellate placentation	n|with ovules on thin extensions of the placentae into a compound ovary|
lamellibranch	adj|bivalve|	n|marine or freshwater mollusks having a soft body with platelike gills enclosed within two shells hinged together|
lamellibranchia	n|oysters; clams; scallops; mussels|
lamellicorn beetle	n|beetle having antennae with hard platelike terminal segments|
lamellicornia	n|scarabaeid beetles and stag beetles|
lamely	adv|in a weak and unconvincing manner|`I don't know, Edward,' she answered lamely
lameness	n|disability of walking due to crippling of the legs or feet|	n|an imperfection or defectiveness|a stylist noted for the lameness of his plots
lament	v|express grief verbally|we lamented the death of the child	v|regret strongly|I deplore this hostile action	n|a cry of sorrow and grief|their pitiful laments could be heard throughout the ward	n|a song or hymn of mourning composed or performed as a memorial to a dead person|
lamentable	adj|bad; unfortunate|my finances were in a deplorable state
lamentably	adv|in an unfortunate or deplorable manner|he was sadly neglected
lamentation	n|a cry of sorrow and grief|their pitiful laments could be heard throughout the ward	n|the passionate and demonstrative activity of expressing grief|
lamentations	n|an Old Testament book lamenting the desolation of Judah after the destruction of Jerusalem in 586 BC; traditionally attributed to the prophet Jeremiah|
lamented	adj|mourned or grieved for|the imprint of our wise and lamented friend"- A.E.Stevenson
lamenter	n|a person who is feeling grief (as grieving over someone who has died)|
lamenting	adj|vocally expressing grief or sorrow or resembling such expression|lamenting sinners
lamia	n|(folklore) a corpse that rises at night to drink the blood of the living|
lamiaceae	n|a large family of aromatic herbs and shrubs having flowers resembling the lips of a mouth and four-lobed ovaries yielding four one-seeded nutlets and including mint; thyme; sage; rosemary|
lamina	n|a thin plate or layer (especially of bone or mineral)|
lamina arcus vertebrae	n|lamina of the vertebral arch; the flattened posterior part of the vertebral arch from which the spinous process extends|
laminal	adj|arranged in or consisting of laminae|
laminar	adj|arranged in or consisting of laminae|
laminar flow	n|nonturbulent streamline flow in parallel layers (laminae)|
laminar flow clean room	n|a clean room free of all extraneous particles; used in fabricating microprocessors|
laminaria	n|type genus of the family Laminariaceae: perennial brown kelps|
laminariaceae	n|large family of marine brown algae including many economically important large kelps chiefly of northern waters|
laminariales	n|in some classifications coextensive with family Laminariaceae: marine brown algae of cold or polar seas|
laminate	v|create laminate by bonding sheets of material with a bonding material|	v|press or beat (metals) into thin sheets|	v|cover with a thin sheet of non-fabric material|laminate the table	v|split (wood) into thin sheets|
laminated glass	n|glass made with plates of plastic or resin or other material between two sheets of glass to prevent shattering|
lamination	n|a layered structure|	n|bonding thin sheets together|
laminator	n|a person who makes laminates (especially plastic laminates)|
laminectomy	n|surgical removal of the bony arches on one or more vertebrae|
laminitis	n|inflammation of the laminated tissue that attaches the hoof to the foot of a horse|
lamisil	n|an oral antifungal drug (trade name Lamisil) used to treat cases of fungal nail disease|
lamium	n|genus of Old World herbs: dead nettles; henbits|
lamium album	n|European dead nettle with white flowers|
lamium amplexicaule	n|Eurasian plant having toothed leaves and small two-lipped white or purplish-red flowers|
lamivudine	n|a nucleoside reverse transcriptase inhibitor that is very effective in combination with zidovudine in treating AIDS and HIV|
lammas	n|commemorates Saint Peter's miraculous deliverance from prison; a quarter day in Scotland; a harvest festival in England|
lammas day	n|commemorates Saint Peter's miraculous deliverance from prison; a quarter day in Scotland; a harvest festival in England|
lammastide	n|the season of Lammas|
lammergeier	n|the largest Eurasian bird of prey; having black feathers hanging around the bill|
lammergeyer	n|the largest Eurasian bird of prey; having black feathers hanging around the bill|
lamna	n|a genus of Lamnidae|
lamna nasus	n|voracious pointed-nose shark of northern Atlantic and Pacific|
lamnidae	n|oceanic sharks|
lamp	n|an artificial source of visible illumination|	n|a piece of furniture holding one or more electric light bulbs|
lamp chimney	n|a glass flue surrounding the wick of an oil lamp|
lamp house	n|housing that holds a lamp (as in a movie projector)|
lamp housing	n|housing that holds a lamp (as in a movie projector)|
lamp oil	n|a flammable hydrocarbon oil used as fuel in lamps and heaters|
lamp shade	n|a protective ornamental covering for a lamp, used to screen a light bulb from direct view|
lamp shell	n|marine animal with bivalve shell having a pair of arms bearing tentacles for capturing food; found worldwide|
lampblack	n|a black colloidal substance consisting wholly or principally of amorphous carbon and used to make pigments and ink|
lamper eel	n|primitive eellike freshwater or anadromous cyclostome having round sucking mouth with a rasping tongue|
lamphouse	n|housing that holds a lamp (as in a movie projector)|
lamplight	n|light from a lamp|
lamplighter	n|(when gas was used for streetlights) a person who lights and extinguishes streetlights|
lamplit	adj|lighted by a lamp|our lamplit mountain retreat
lampoon	v|ridicule with satire|The writer satirized the politician's proposal	n|a composition that imitates or misrepresents somebody's style, usually in a humorous way|
lampoon artist	n|a cartoonist who draws parodies or satirical renditions of cultural or social or political situations|
lampooner	n|mimics literary or musical style for comic effect|
lamppost	n|a metal post supporting an outdoor lamp (such as a streetlight)|
lamprey	n|primitive eellike freshwater or anadromous cyclostome having round sucking mouth with a rasping tongue|
lamprey eel	n|primitive eellike freshwater or anadromous cyclostome having round sucking mouth with a rasping tongue|
lampridae	n|opahs|
lampris	n|type genus of the Lampridae|
lampris guttatus	n|from Nova Scotia to West Indies and Gulf of Mexico|
lampris regius	n|large elliptical brightly colored deep-sea fish of Atlantic and Pacific and Mediterranean|
lampropeltis	n|king snakes and milk snakes|
lampropeltis triangulum	n|nonvenomous tan and brown king snake with an arrow-shaped occipital spot; southeastern ones have red stripes like coral snakes|
lampshade	n|a protective ornamental covering for a lamp, used to screen a light bulb from direct view|
lampshell	n|marine animal with bivalve shell having a pair of arms bearing tentacles for capturing food; found worldwide|
lampyridae	n|fireflies|
lan	n|a local computer network for communication between computers; especially a network connecting computers and word processors and other electronic office equipment to create a communication system between offices|
lanai	n|an island of central Hawaii; a pineapple-growing area|	n|a veranda or roofed patio often furnished and used as a living room|
lanai island	n|an island of central Hawaii; a pineapple-growing area|
lanate	adj|covered with dense cottony hairs or hairlike filaments|the woolly aphid has a lanate coat resembling cotton
lancashire	n|a historical area of northwestern England on the Irish Sea; noted for textiles|
lancaster	n|a city in northwestern England|	n|the English royal house that reigned from 1399 to 1461; its emblem was a red rose|
lancastrian	adj|of or relating to the former English royal house or their supporters|Lancastrian royalty	adj|of or relating to the English city of Lancaster or its residents|Lancastrian city center	n|a member (or supporter) of the house of Lancaster|	n|a resident of Lancaster|
lancastrian line	n|the English royal house that reigned from 1399 to 1461; its emblem was a red rose|
lance	n|a long pointed rod used as a tool or weapon|	n|an implement with a shaft and barbed point used for catching fish|	n|a surgical knife with a pointed double-edged blade; used for punctures and small incisions|	v|move quickly, as if by cutting one's way|Planes lanced towards the shore
lance corporal	n|an enlisted man in the marine corps ranking above a private first class and below a corporal|
lance-shaped	adj|shaped like a lance|
lancelet	n|small translucent lancet-shaped burrowing marine animal; primitive forerunner of the vertebrates|
lancelike	adj|(of a leaf shape) shaped like a lance head; narrow and tapering to a pointed apex|
lancelot	n|(Arthurian legend) one of the knights of the Round Table; friend of King Arthur until (according to some versions of the legend) he became the lover of Arthur's wife Guinevere|
lanceolate	adj|(of a leaf shape) shaped like a lance head; narrow and tapering to a pointed apex|
lanceolate leaf	n|a leaf shaped like a lance head; tapering to a point at each end|
lanceolate spleenwort	n|a spleenwort of western Europe|
lancer	n|(formerly) a cavalryman armed with a lance|
lancers	n|a quadrille for 8 or 16 couples|
lancet	n|an acutely pointed Gothic arch, like a lance|	n|a surgical knife with a pointed double-edged blade; used for punctures and small incisions|
lancet arch	n|an acutely pointed Gothic arch, like a lance|
lancet fish	n|large elongate scaleless oceanic fishes with sharp teeth and a long dorsal fin that resembles a sail|
lancet window	n|a narrow window having a lancet arch and without tracery|
lancet-shaped	adj|shaped in the form of a lancet|
lancetfish	n|large elongate scaleless oceanic fishes with sharp teeth and a long dorsal fin that resembles a sail|
lancewood	n|durable straight-grained wood of the lacewood tree; used for building and cabinetwork and tools|	n|source of most of the lancewood of commerce|
lancewood tree	n|source of most of the lancewood of commerce|
lanchou	n|the capital city of the Chinese province of Gansu on the Yellow River|
lanchow	n|the capital city of the Chinese province of Gansu on the Yellow River|
lancinate	adj|painful as if caused by a sharp instrument|a cutting wind
lancinating	adj|painful as if caused by a sharp instrument|a cutting wind
land	n|the land on which real estate is located|he built the house on land leased from the city	n|material in the top layer of the surface of the earth in which plants can grow (especially with reference to its quality or use)|the land had never been plowed	n|territory over which rule or control is exercised|his domain extended into Europe	n|the solid part of the earth's surface|the plane turned away from the sea and moved back over land
land agent	n|a person who is authorized to act as an agent for the sale of land|in England they call a real estate agent a land agent	n|a person who administers a landed estate|
land area	n|an area of ground used for some particular purpose (such as building or farming)|he wanted some acreage to build on
land cress	n|of southwestern Europe; cultivated in Florida|
land development	n|making an area of land more useful|
land grant	n|a grant of public land (as to a railway or college)|
land line	n|a telephone line that travels over terrestrial circuits|a land line can be wire or fiber optics or microwave
land mass	n|a large continuous extent of land|
land mile	n|a unit of length equal to 1,760 yards or 5,280 feet; exactly 1609.344 meters|
land mine	n|an explosive mine hidden underground; explodes when stepped on or driven over|
land office	n|a government office where business relating to public lands is transacted|
land rail	n|common Eurasian rail that frequents grain fields|
land reform	n|a redistribution of agricultural land (especially by government action)|
land resources	n|natural resources in the form of arable land|
land site	n|the piece of land on which something is located (or is to be located)|a good site for the school
land tax	n|a capital tax on property imposed by municipalities; based on the estimated value of the property|
land tenure	n|the right to hold property; part of an ancient hierarchical system of holding lands|
land up	v|block with earth, as after a landslide|	v|finally be or do something|He ended up marrying his high school sweetheart
land-office business	n|very large and profitable volume of commercial activity|
landau	n|Soviet physicist who worked on low temperature physics (1908-1968)|	n|a four-wheel covered carriage with a roof divided into two parts (front and back) that can be let down separately|
landed	adj|owning or consisting of land or real estate|the landed gentry
landed estate	n|extensive landed property (especially in the country) retained by the owner for his own use|the family owned a large estate on Long Island
landed gentry	n|the gentry who own land (considered as a class)|
lander	n|a town in central Wyoming|	n|a space vehicle that is designed to land on the moon or another planet|
landfall	n|the seacoast first sighted on a voyage (or flight over water)|	n|the first sighting of land from the sea after a voyage (or flight over water)|
landfill	n|a low area that has been filled in|
landgrave	n|a count who had jurisdiction over a large territory in medieval Germany|
landholder	n|a holder or proprietor of land|
landholding	n|ownership of land; the state or fact of owning land|	n|a holding in the form of land|
landing	n|an intermediate platform in a staircase|	n|structure providing a place where boats can land people or goods|	n|the act of coming down to the earth (or other surface)|the plane made a smooth landing	n|the act of coming to land after a voyage|
landing approach	n|the approach to a landing field by an airplane|
landing craft	n|naval craft designed for putting ashore troops and equipment|
landing deck	n|the upper deck of an aircraft carrier; used as a runway|
landing field	n|a place where planes take off and land|
landing flap	n|a flap on the underside of the wing that is lowered to slow the plane for landing|
landing gear	n|an undercarriage that supports the weight of the plane when it is on the ground|
landing net	n|a bag-shaped fishnet on a long handle to take a captured fish from the water|
landing party	n|a part of a ship's company organized for special duties ashore|
landing place	n|structure providing a place where boats can land people or goods|
landing skid	n|one of two parts of the landing gear of a helicopter|
landing stage	n|platform from which passengers and cargo can be (un)loaded|
landing strip	n|an airfield without normal airport facilities|
landlady	n|a landlord who is a woman|
landler	n|music in triple time for dancing the landler|	n|a moderately slow Austrian country dance in triple time; involves spinning and clapping|
landless	adj|owning no land|the landless peasantry
landline	n|a telephone line that travels over terrestrial circuits|a land line can be wire or fiber optics or microwave
landlocked	adj|surrounded entirely or almost entirely by land|a landlocked country
landlocked salmon	n|Atlantic salmon confined to lakes of New England and southeastern Canada|
landlord	n|a landowner who leases to others|
landlord's lien	n|lien on a tenant's property for the satisfaction of unpaid rent or property damage; the landlord is given the status of a preferred creditor with regard to the tenant's property|
landlubber	n|a person who lives and works on land|	n|an inexperienced sailor; a sailor on the first voyage|
landlubberly	adj|inexperienced in seamanship|of all landlubbers the most lubberly
landman	n|a person who lives and works on land|
landmark	n|the position of a prominent or well-known object in a particular landscape|the church steeple provided a convenient landmark	n|an event marking a unique or important historical change of course or one on which important developments depend|the agreement was a watershed in the history of both nations	n|a mark showing the boundary of a piece of land|	n|an anatomical structure used as a point of origin in locating other anatomical structures (as in surgery) or as point from which measurements can be taken|
landmass	n|a large continuous extent of land|
landowner	n|a holder or proprietor of land|
landrover	n|a car suitable for traveling over rough terrain|
landry's paralysis	n|a form of peripheral polyneuritis characterized by pain and weakness and sometimes paralysis of the limbs; cause is unknown|
landscape	n|an expanse of scenery that can be seen in a single view|	n|painting depicting an expanse of natural scenery|	n|a genre of art dealing with the depiction of natural scenery|	n|an extensive mental viewpoint|the political landscape looks bleak without a change of administration
landscape architect	n|someone who arranges features of the landscape or garden attractively|
landscape architecture	n|the art, planning, design, management, preservation and rehabilitation of the land and the design of large man-made constructs|
landscape gardener	n|someone who arranges features of the landscape or garden attractively|
landscape gardening	n|working as a landscape gardener|
landscape painting	n|a genre of art dealing with the depiction of natural scenery|
landscaped	adj|(of land) improved by gardening or landscape architecture|carefully landscaped gardens
landscaper	n|someone who arranges features of the landscape or garden attractively|
landscaping	n|working as a landscape gardener|	n|a garden laid out for esthetic effect|they spent a great deal of money on the landscaping
landscapist	n|someone who paints landscapes|	n|someone who arranges features of the landscape or garden attractively|
landside	n|component consisting of a side piece opposite the moldboard|
landslide	n|an overwhelming electoral victory|Roosevelt defeated Hoover in a landslide	n|a slide of a large mass of dirt and rock down a mountain or cliff|
landslip	n|a slide of a large mass of dirt and rock down a mountain or cliff|
landsmaal	n|one of two official languages of Norway; based on rural dialects|
landsmal	n|one of two official languages of Norway; based on rural dialects|
landsman	n|a person who lives and works on land|	n|an inexperienced sailor; a sailor on the first voyage|
landward	adv|toward land|landward, miles of rough grass marshes melt into low uplands
landwards	adv|toward land|landward, miles of rough grass marshes melt into low uplands
lane	n|a narrow way or road|	n|a well-defined track or path; for e.g. swimmers or lines of traffic|
lane's prince albert	n|apple used primarily in cooking|
lang syne	adv|of the distant or comparatively distant past|We met once long ago
langbeinite	n|a mineral consisting of potassium magnesium double sulphate; used as a fertilizer|
langlaufer	n|a cross-country skier|
langley	n|unit of solar radiation|
langobard	n|a member of a Germanic people who invaded northern Italy in the 6th century|
langouste	n|warm-water lobsters without claws; those from Australia and South Africa usually marketed as frozen tails; caught also in Florida and California|	n|large edible marine crustacean having a spiny carapace but lacking the large pincers of true lobsters|
langsat	n|East Indian tree bearing an edible yellow berry|
langset	n|East Indian tree bearing an edible yellow berry|
langside	n|(1568) Catholic forces supporting Mary Queen of Scots were routed by Protestants|
langsyne	adv|at a distant time in the past (chiefly Scottish)|	n|past times remembered with nostalgia|
langtry	n|British actress and mistress of the prince who later became Edward VII (1853-1929)|
language	n|a systematic means of communicating by the use of sounds or conventional symbols|he taught foreign languages	n|(language) communication by word of mouth|his speech was garbled	n|the text of a popular song or musical-comedy number|his compositions always started with the lyrics	n|the cognitive processes involved in producing and understanding linguistic communication|he didn't have the language to express his feelings
language area	n|a large cortical area (in the left hemisphere in most people) containing all the centers associated with language|
language barrier	n|barrier to communication resulting from speaking different languages|
language learning	n|learning to use a language|
language lesson	n|a period of instruction learning a language|
language requirement	n|a requirement that a student know certain languages|
language school	n|a school for teaching foreign languages|
language system	n|a system of linguistic units or elements used in a particular language|
language teaching	n|teaching people to speak and understand a foreign language|
language unit	n|one of the natural units into which linguistic messages can be analyzed|
language zone	n|a large cortical area (in the left hemisphere in most people) containing all the centers associated with language|
languas speciosa	n|cultivated for its shining oblong leaves and arching clusters of white flowers with pink shading and crinkled yellow lips with variegated magenta stripes|
langue d'oc	n|medieval provincial dialects of French formerly spoken in the south of France|
langue d'oc french	n|medieval provincial dialects of French formerly spoken in the south of France|
langue d'oil	n|medieval provincial dialects of French spoken in central and northern France|
langue d'oil french	n|medieval provincial dialects of French spoken in central and northern France|
languedoc-roussillon	n|a region in south central France; named after the medieval dialect of French that was spoken there|
languid	adj|lacking spirit or liveliness|a lackadaisical attempt
languidly	adv|in a languid and lethargic manner|the men languidly put on their jackets
languish	v|lose vigor, health, or flesh, as through grief|After her husband died, she just pined away	v|have a desire for something or someone who is not present|She ached for a cigarette	v|become feeble|The prisoner has been languishing for years in the dungeon
languisher	n|a person who languishes|
languor	n|a relaxed comfortable feeling|	n|oppressively still air|the afternoon was hot, quiet, and heavy with languor	n|a feeling of lack of interest or energy|	n|inactivity; showing an unusual lack of energy|the general appearance of sluggishness alarmed his friends
languorous	adj|lacking spirit or liveliness|a lackadaisical attempt
languorously	adv|in a languorous manner|he was sprawling languorously on the sofa
langur	n|slender long-tailed monkey of Asia|
laniard	n|a cord with an attached hook that is used to fire certain types of cannon|	n|a cord worn around the neck to hold a knife or whistle|	n|(nautical) a line used for extending or fastening rigging on ships|
laniary	adj|of or relating to a pointed conical tooth|
laniidae	n|shrikes|
lanius	n|type genus of the Laniidae: typical shrikes|
lanius borealis	n|a butcherbird of northern North America|
lanius excubitor	n|a common European butcherbird|
lanius ludovicianus excubitorides	n|a butcherbird of western North America; grey with white underparts|
lanius ludovicianus migrans	n|a shrike of central North America; winters in Texas and the southern Mississippi valley|
lank	adj|long and thin and often limp|grown lank with fasting	adj|long and lean|
lankiness	n|a tall and thin physique|
lanky	adj|tall and thin and having long slender limbs|a gangling teenager	adj|tall and thin|
lanolin	n|a yellow viscous animal oil extracted from wool; a mixture of fatty acids and esters; used in some ointments and cosmetics|	n|an emollient containing wool fat (a fatty substance obtained from the wool of sheep)|
lanoxin	n|digitalis preparation (trade name Lanoxin) used to treat congestive heart failure or cardiac arrhythmia; helps the heart beat more forcefully|
lansa	n|East Indian tart yellow berrylike fruit|
lansat	n|East Indian tart yellow berrylike fruit|
lanseh	n|East Indian tart yellow berrylike fruit|
lanseh tree	n|East Indian tree bearing an edible yellow berry|
lanset	n|East Indian tart yellow berrylike fruit|
lansing	n|capital of the state of Michigan; located in southern Michigan on the Grand River|
lansium domesticum	n|East Indian tree bearing an edible yellow berry|
lansoprazole	n|antacid (trade name Prevacid) that suppresses acid secretion in the stomach|
lantana	n|a flowering shrub|
lantern	n|light in a transparent protective case|
lantern fly	n|large brightly marked tropical insect with a process like a snout that was formerly thought to emit light|
lantern jaw	n|a long thin lower jaw|
lantern pinion	n|a small pinion having cylindrical bars instead of teeth, used chiefly in inexpensive clocks|
lantern slide	n|a transparency mounted in a frame; viewed with a slide projector|
lantern wheel	n|a small pinion having cylindrical bars instead of teeth, used chiefly in inexpensive clocks|
lantern-fly	n|large brightly marked tropical insect with a process like a snout that was formerly thought to emit light|
lantern-jawed	adj|having a protruding jaw giving the face a gaunt appearance|
lanternfish	n|small fish having rows of luminous organs along each side; some surface at night|
lanthanide	n|any element of the lanthanide series (atomic numbers 57 through 71)|
lanthanide series	n|the rare-earth elements with atomic numbers 57 through 71; having properties similar to lanthanum|
lanthanoid	n|any element of the lanthanide series (atomic numbers 57 through 71)|
lanthanon	n|any element of the lanthanide series (atomic numbers 57 through 71)|
lanthanotidae	n|stout-bodied lizards|
lanthanotus	n|one species|
lanthanotus borneensis	n|a stout-bodied pleurodont lizard of Borneo|
lanthanum	n|a white soft metallic element that tarnishes readily; occurs in rare earth minerals and is usually classified as a rare earth|
lanugo	n|the fine downy hair covering a human fetus; normally shed during the ninth month of gestation|
lanyard	n|a cord with an attached hook that is used to fire certain types of cannon|	n|a cord worn around the neck to hold a knife or whistle|	n|(nautical) a line used for extending or fastening rigging on ships|
lanzhou	n|the capital city of the Chinese province of Gansu on the Yellow River|
lao	adj|of or relating to a member of the Buddhist people inhabiting the Mekong river in Laos and Thailand|	n|a member of a Buddhist people inhabiting the area of the Mekong River in Laos and Thailand and speaking the Lao language; related to the Thais|	n|the Tai language of a Buddhist people living in the area of the Mekong River in Thailand and Laos|
lao people's democratic republic	n|a mountainous landlocked communist state in southeastern Asia; achieved independence from France in 1949|
lao-tse	n|Chinese philosopher regarded as the founder of Taoism (6th century BC)|
lao-tzu	n|Chinese philosopher regarded as the founder of Taoism (6th century BC)|
lao-zi	n|Chinese philosopher regarded as the founder of Taoism (6th century BC)|
laocoon	n|(Greek mythology) the priest of Apollo who warned the Trojans to beware of Greeks bearing gifts when they wanted to accept the Trojan Horse; a god who favored the Greeks (Poseidon or Athena) sent snakes who coiled around Laocoon and his two twin sons killing them|
laos	n|a mountainous landlocked communist state in southeastern Asia; achieved independence from France in 1949|
laotian	adj|of or relating to Laos or its people|the Laotian Prime Minister	n|a member of a Buddhist people inhabiting the area of the Mekong River in Laos and Thailand and speaking the Lao language; related to the Thais|
laotian capital	n|the capital and largest city of Laos|
laotian monetary unit	n|monetary unit in Laos|
lap	v|lie partly over or alongside of something or of one another|	v|pass the tongue over|the dog licked her hand	v|move with or cause to move with a whistling or hissing sound|The bubbles swoshed around in the glass	v|take up with the tongue|The cat lapped up the milk
lap choly	n|removal of the gall bladder through small punctures in the abdomen to permit the insertion of a laparoscope and surgical instruments|
lap covering	n|the part of a piece of clothing that covers the thighs|his lap was covered with food stains
lap joint	n|joint made by overlapping two ends and joining them together|
lap of honour	n|a lap by the winning person or team run to celebrate the victory|
lap of luxury	n|in conditions of wealth and comfort|he was raised in the lap of luxury
lap of the gods	n|beyond human control or responsibility; it's in the lap of the gods now"|there is nothing more I can do
lap up	v|take up with the tongue|The cat lapped up the milk
lap-jointed	adj|jointed so as to produce a flush surface|
lap-strake	adj|having overlapping hull planks|
lap-straked	adj|having overlapping hull planks|
lap-streak	adj|having overlapping hull planks|
lap-streaked	adj|having overlapping hull planks|
laparocele	n|hernia through the abdomen|
laparoscope	n|a slender endoscope inserted through an incision in the abdominal wall in order to examine the abdominal organs or to perform minor surgery|
laparoscopic cholecystectomy	n|removal of the gall bladder through small punctures in the abdomen to permit the insertion of a laparoscope and surgical instruments|
laparoscopy	n|laparotomy performed with a laparoscope that makes a small incision to examine the abdominal cavity (especially the ovaries and Fallopian tubes)|
laparotomy	n|surgical incision into the abdominal wall; often done to examine abdominal organs|
lapboard	n|writing board used on the lap as a table or desk|
lapdog	n|a dog small and tame enough to be held in the lap|
lapel	n|lap at the front of a coat; continuation of the coat collar|
lapful	n|the quantity that can be held in the lap|
lapidarian	adj|inscribed on stone|a lapidarian record
lapidarist	n|an expert on precious stones and the art of cutting and engraving them|
lapidary	adj|of or relating to precious stones or the art of working with them|the ring is of no lapidary value"- Lord Byron	n|an expert on precious stones and the art of cutting and engraving them|	n|a skilled worker who cuts and engraves precious stones|
lapidate	v|kill by throwing stones at|People wanted to stone the woman who had a child out of wedlock	v|throw stones at|Pilgrims lapidate a stone pillar in commemoration of Abraham's temptation
lapidation	n|the act of pelting with stones; punishment inflicted by throwing stones at the victim (even unto death)|
lapidator	n|an attacker who pelts the victim with stones (especially with intent to kill)|
lapidify	v|change into stone|the wood petrified with time
lapidist	n|a skilled worker who cuts and engraves precious stones|
lapin	n|the fur of a rabbit|	n|castrated male rabbit|
lapis lazuli	n|an azure blue semiprecious stone|
laplace	n|French mathematician and astronomer who formulated the nebular hypothesis concerning the origins of the solar system and who developed the theory of probability (1749-1827)|
lapland	n|a region in northmost Europe inhabited by Lapps|
laportea	n|mostly tropical stinging herbs or trees: nettle|
lapp	n|a member of an indigenous nomadic people living in northern Scandinavia and herding reindeer|	n|the language of nomadic Lapps in northern Scandinavia and the Kola Peninsula|
lappet	n|a fleshy wrinkled and often brightly colored fold of skin hanging from the neck or throat of certain birds (chickens and turkeys) or lizards|	n|a small lap on a garment or headdress|	n|medium-sized hairy moths; larvae are lappet caterpillars|
lappet caterpillar	n|larva of a lappet moth|
lappet moth	n|medium-sized hairy moths; larvae are lappet caterpillars|
lappic	n|any of the languages spoken by the Lapps and generally assumed to be Uralic languages|
lapping	n|covering with a design in which one element covers a part of another (as with tiles or shingles)|
lappish	n|any of the languages spoken by the Lapps and generally assumed to be Uralic languages|
lappland	n|a region in northmost Europe inhabited by Lapps|
lapplander	n|a member of an indigenous nomadic people living in northern Scandinavia and herding reindeer|
lappula	n|stickweed; beggar's lice|
lapse	v|pass into a specified state or condition|He sank into nirvana	v|end, at least for a long time|The correspondence lapsed	v|drop to a lower level, as in one's morals or standards|	v|go back to bad behavior|Those who recidivate are often minor criminals
lapsed	adj|no longer active or practicing|a lapsed Catholic
lapsing	n|a failure to maintain a higher state|
laptev sea	n|part of the Arctic Ocean to the north of Siberia (between the Taimyr Peninsula and the New Siberian Islands) that is icebound most of the year|
laptop	n|a portable computer small enough to use in your lap|
laptop computer	n|a portable computer small enough to use in your lap|
laputa	n|a land imagined by Jonathan Swift where impractical projects were pursued and practical projects neglected|
laputan	adj|relating to or characteristic of the imaginary country of Laputa or its people|	adj|not practical or realizable; speculative|airy theories about socioeconomic improvement
lapwing	n|large crested Old World plover having wattles and spurs|
laramie	n|a university town in southeast Wyoming|
larboard	adj|located on the left side of a ship or aircraft|	n|the left side of a ship or aircraft to someone who is aboard and facing the bow or nose|
larcener	n|a person who commits larceny|
larcenist	n|a person who commits larceny|
larcenous	n|having a disposition to steal|
larceny	n|the act of taking something from someone unlawfully|the thieving is awful at Kennedy International
larch	n|wood of a larch tree|	n|any of numerous conifers of the genus Larix all having deciduous needlelike leaves|
larch tree	n|any of numerous conifers of the genus Larix all having deciduous needlelike leaves|
lard	n|soft white semisolid fat obtained by rendering the fatty tissue of the hog|	v|prepare or cook with lard|lard meat	v|add details to|
lard oil	n|oil consisting chiefly of olein that is expressed from lard and used especially as a lubricant, cutting oil or illuminant|
larder	n|a supply of food especially for a household|	n|a small storeroom for storing foods or wines|
lardizabala	n|evergreen monoecious climbers of South America having dark mauve-blue edible berries|
lardizabala family	n|thick-stemmed lianas and some shrubs; some have edible fruit|
lardizabalaceae	n|thick-stemmed lianas and some shrubs; some have edible fruit|
laredo	n|a city in southern Texas on the Rio Grande|
large	adj|above average in size or number or quantity or magnitude or extent|a large city	adj|fairly large or important in effect; influential|played a large role in the negotiations	adj|ostentatiously lofty in style|a man given to large talk	adj|generous and understanding and tolerant|a heart big enough to hold no grudges
large calorie	n|a unit of heat equal to the amount of heat required to raise the temperature of one kilogram of water by one degree at one atmosphere pressure; used by nutritionists to characterize the energy-producing potential in food|
large cap	n|a corporation with a large capitalization|he works for a large cap
large civet	n|common civet of India and southeast Asia|
large cranberry	n|trailing red-fruited plant|
large indefinite amount	n|an indefinite quantity that is above the average in size or magnitude|
large indefinite quantity	n|an indefinite quantity that is above the average in size or magnitude|
large integer	n|an integer equal to or greater than ten|
large intestine	n|beginning with the cecum and ending with the rectum; includes the cecum and the colon and the rectum; extracts moisture from food residues which are later excreted as feces|
large magellanic cloud	n|the larger of the two Magellanic Clouds visible from the southern hemisphere|
large number	n|a large indefinite number|a battalion of ants
large order	n|a formidable task or requirement|finishing in time was a tall order but we did it
large periwinkle	n|plant having variegated foliage and used for window boxes|
large person	n|a person of greater than average size|
large poodle	n|the largest breed of poodle|
large tooth aspen	n|aspen with a narrow crown; eastern North America|
large white	n|Old World form of cabbage butterfly|
large white petunia	n|annual herb having large nocturnally fragrant white flowers|
large yellow lady's slipper	n|plant of eastern and central North America having slightly fragrant purple-marked greenish-yellow flowers|
large-cap	adj|of stocks of companies with a market capitalization of five billion dollars or more|
large-capitalisation	adj|of stocks of companies with a market capitalization of five billion dollars or more|
large-capitalization	adj|of stocks of companies with a market capitalization of five billion dollars or more|
large-flowered calamint	n|aromatic herb with large pink flowers; southern and southeastern Europe; Anatolia; northern Iran|
large-grained	adj|not having a fine texture|coarse-grained wood
large-headed	adj|having a large head|
large-hearted	adj|showing or motivated by sympathy and understanding and generosity|was charitable in his opinions of others
large-leafed	adj|having relatively large leaves|
large-leaved	adj|having relatively large leaves|
large-leaved aster	n|tufted perennial wood aster of North America; naturalized in Europe|
large-minded	adj|showing or characterized by broad-mindedness|a broad political stance
large-mouthed	adj|having a relatively large mouth|
large-scale	adj|unusually large in scope|a large-scale attack on AIDS is needed	adj|constructed or drawn to a big scale|large-scale maps
large-toothed aspen	n|aspen with a narrow crown; eastern North America|
largeleaf holly	n|a holly tree|
largely	adv|in large part; mainly or chiefly|These accounts are largely inactive	adv|on a large scale|the sketch was so largely drawn that you could see it from the back row
largemouth	n|a large black bass; the angle of the jaw falls behind the eye|
largemouth bass	n|flesh of largemouth bass|	n|a large black bass; the angle of the jaw falls behind the eye|
largemouth black bass	n|a large black bass; the angle of the jaw falls behind the eye|
largemouthed bass	n|a large black bass; the angle of the jaw falls behind the eye|
largemouthed black bass	n|a large black bass; the angle of the jaw falls behind the eye|
largeness	n|the capacity to understand a broad range of topics|a teacher must have a breadth of knowledge of the subject	n|large or extensive in breadth or importance or comprehensiveness|the might have repercussions of unimaginable largeness	n|the property of having a relatively great size|	n|the quality of being pretentious (behaving or speaking in such a manner as to create a false appearance of great importance or worth)|
larger	adj|large or big relative to something else|
larger-than-life	adj|very imposing or impressive; surpassing the ordinary (especially in size or scale)|an epic voyage
largess	n|a gift or money given (as for service or out of benevolence); usually given ostentatiously|	n|liberality in bestowing gifts; extremely liberal and generous of spirit|
largesse	n|a gift or money given (as for service or out of benevolence); usually given ostentatiously|	n|liberality in bestowing gifts; extremely liberal and generous of spirit|
larghetto	adj|(of tempo) less slow and broad than largo|	n|(music) a composition or passage played in a slow tempo slightly faster than largo but slower than adagio|
larghissimo	adj|(of tempo) as slow and broad as possible|
largish	adj|somewhat large|
largo	adj|very slow in tempo and broad in manner|	adv|slowly and broadly|	n|(music) a composition or passage that is to be performed in a slow and dignified manner|
lari	n|the basic unit of money in Georgia|	n|gulls; terns; jaegers; skimmers|
lariat	n|a long noosed rope used to catch animals|
laricariidae	n|armored catfish|
larid	n|long-winged web-footed aquatic bird of the gull family|
laridae	n|gull family: gulls and terns|
larium	n|an antimalarial drug (trade name Larium and Mephaquine) that is effective in cases that do not respond to chloroquine; said to produce harmful neuropsychiatric effects on some people|
larix	n|larches|
larix decidua	n|tall European tree having a slender conic crown, flat needlelike leaves, and hairy cone scales|
larix lyallii	n|medium-sized larch of the Rocky Mountains; closely related to Larix occidentalis|
larix occidentalis	n|tall larch of western North America have pale green sharply pointed leaves and oblong cones; an important timber tree|
larix russica	n|medium-sized larch of northeastern Russia and Siberia having narrowly conic crown and soft narrow bright-green leaves; used in cultivation|
larix siberica	n|medium-sized larch of northeastern Russia and Siberia having narrowly conic crown and soft narrow bright-green leaves; used in cultivation|
lark	n|a songbird that lives mainly on the ground in open country; has streaky brown plumage|	n|any of numerous predominantly Old World birds noted for their singing|	n|any carefree episode|	v|play boisterously|The children frolicked in the garden
lark about	v|play boisterously|The children frolicked in the garden
larkspur	n|any of numerous cultivated plants of the genus Delphinium|
larn	v|gain knowledge or skills|She learned dancing from her sister
larodopa	n|the levorotatory form of dopa (trade names Bendopa and Brocadopa and Larodopa); as a drug it is used to treat Parkinson's disease|
larotid	n|an antibiotic; a semisynthetic oral penicillin (trade names Amoxil and Larotid and Polymox and Trimox and Augmentin) used to treat bacterial infections|
larousse	n|French lexicographer (1817-1875)|
larrup	v|give a spanking to; subject to a spanking|
larus	n|type genus of the Laridae|
larus argentatus	n|large gull of the northern hemisphere|
larus canus	n|the common gull of Eurasia and northeastern North America|
larus marinus	n|white gull having a black back and wings|
larus ridibundus	n|small black-headed European gull|
larva	n|the immature free-living form of most invertebrates and amphibians and fish which at hatching from the egg is fundamentally unlike its parent and must metamorphose|
larvacea	n|small free-swimming tunicates; sometimes classified as an order|
larvacean	n|any member of the class Larvacea|
larvacide	n|an insecticide that kills the larvae of insects|
larval	adj|immature of its kind; especially being or characteristic of immature insects in the newly hatched wormlike feeding stage|larval societies	adj|relating to or typical of a larva|the larval eye
larvicide	n|a chemical used to kill larval pests|
laryngeal	adj|of or relating to or situated in the larynx|laryngeal infection
laryngeal artery	n|either of two arteries that supply blood to the larynx|
laryngeal vein	n|one of two veins draining the larynx|
laryngectomy	n|surgical removal of part or all of the larynx (usually to treat cancer of the larynx)|
laryngismus	n|laryngeal spasm caused by the sudden contraction of laryngeal muscles|
laryngitis	n|inflammation of the mucous membrane of the larynx; characterized by hoarseness or loss of voice and coughing|
laryngopharyngeal	adj|of or relating to the larynx and pharynx|
laryngopharyngitis	n|inflammation of the larynx and pharynx|
laryngopharynx	n|the lower part of the pharynx|
laryngoscope	n|a medical instrument for examining the larynx|
laryngospasm	n|a closure of the larynx that blocks the passage of air to the lungs|
laryngostenosis	n|abnormal narrowing of the larynx|
laryngotracheobronchitis	n|inflammation of the larynx and trachea and bronchial passageways|
larynx	n|a cartilaginous structure at the top of the trachea; contains elastic vocal cords that are the source of the vocal tone in speech|
las cruces	n|a town in southern New Mexico on the Rio Grande|
las vegas	n|largest city in Nevada; located in southeastern Nevada; originally settled by Mormons but is now famous for entertainment and gambling and general excess|
lasagna	n|baked dish of layers of lasagna pasta with sauce and cheese and meat or vegetables|	n|very wide flat strips of pasta|
lasagne	n|baked dish of layers of lasagna pasta with sauce and cheese and meat or vegetables|	n|very wide flat strips of pasta|
lasalle	n|French explorer who claimed Louisiana for France (1643-1687)|
lascar	n|an East Indian sailor|	n|a volcano in the Andes in Chile|
lascaux	n|a cave in southwestern France that contains Paleolithic paintings|
lascivious	adj|driven by lust; preoccupied with or exhibiting lustful desires|libidinous orgies
lasciviously	adv|in a lascivious manner|
lasciviousness	n|feeling morbid sexual desire or a propensity to lewdness|
lasek	n|a refractive surgery procedure that reshapes the cornea|
laser	n|an acronym for light amplification by stimulated emission of radiation; an optical device that produces an intense monochromatic beam of coherent light|
laser beam	n|a beam of light generated by a laser|
laser printer	n|electrostatic printer that focuses a laser beam to form images that are transferred to paper electrostatically|
laser trabecular surgery	n|eye surgery that makes many tiny laser burns in an area that will increase the drainage of aqueous humor|
laser-assisted in situ keratomileusis	n|a refractive surgery procedure that reshapes the cornea|
laser-assisted subepithelial keratomileusis	n|a refractive surgery procedure that reshapes the cornea|
laser-guided bomb	n|a smart bomb that seeks the laser light reflected off of the target and uses it to correct its descent|laser-guided bombs cannot be used in cloudy weather
lash	v|beat severely with a whip or rod|The teacher often flogged the students	v|lash or flick about sharply|The lion lashed its tail	v|strike as if by whipping|The curtain whipped her face	v|bind with a rope, chain, or cord|lash the horse
lash out	v|attack in speech or writing|The editors of the left-leaning paper attacked the new House Speaker
lash together	v|bind together with a cord or rope|Lash together these barrels!
lash-like	adj|having or resembling a lash or whip (as does a flagellum)|
lash-up	n|any improvised arrangement for temporary use|
lasher	n|a driver who urges the animals on with lashes of a whip|
lashing	adj|violently urging on by whipping or flogging|looked at the lashing riders	n|beating with a whip or strap or rope as a form of punishment|	n|rope that is used for fastening something to something else|the boats were held together by lashings
lashings	n|a large number or amount|made lots of new friends
lashkar-e-jhangvi	n|a Sunni Muslim extremist group in Pakistan that collaborates with al-Qaeda; the armed wing of Sipah-e-Sahaba|
lashkar-e-omar	n|a terrorist organization formed in Pakistan in 2002 as a coalition of extremist Islamic militant groups including Lashkar-e-Taiba and Lashkar-e-Jhangvi and Jaish-e-Muhammad and elements of al-Qaeda|
lashkar-e-taiba	n|a brutal terrorist group active in Kashmir; fights against India with the goal of restoring Islamic rule of India|Lashkar-e-Toiba has committed mass murders of civilian Hindus
lashkar-e-tayyiba	n|a brutal terrorist group active in Kashmir; fights against India with the goal of restoring Islamic rule of India|Lashkar-e-Toiba has committed mass murders of civilian Hindus
lashkar-e-toiba	n|a brutal terrorist group active in Kashmir; fights against India with the goal of restoring Islamic rule of India|Lashkar-e-Toiba has committed mass murders of civilian Hindus
lasik	n|a refractive surgery procedure that reshapes the cornea|
lasiocampa	n|type genus of the Lasiocampidae: eggars|
lasiocampid	n|medium-sized stout-bodied neutral-colored moths with comb-like antennae|
lasiocampid moth	n|medium-sized stout-bodied neutral-colored moths with comb-like antennae|
lasiocampidae	n|tent caterpillars; eggars; lappet moths|
lasiurus	n|a genus of Vespertilionidae|
lasix	n|commonly used diuretic (trade name Lasix) used to treat hypertension and edema|
laskar jihad	n|a paramilitary terrorist organization of militant Muslims in Indonesia; wages a jihad against Christians in Indonesia; subscribes to the Wahhabi creed of Islam|
lass	n|a girl or young woman who is unmarried|
lassa	n|the sacred city of Lamaism; known as the Forbidden City for its former inaccessibility and hostility to strangers|
lassa fever	n|an acute contagious viral disease of central western Africa; characterized by fever and inflammation and muscular pains and difficulty swallowing; can be used as a bioweapon|
lassa virus	n|the RNA virus that causes Lassa fever|
lassen volcanic national park	n|a national park in California having mountains and volcanic lakes and hot springs|
lassie	n|a girl or young woman who is unmarried|
lassitude	n|a state of comatose torpor (as found in sleeping sickness)|	n|a feeling of lack of interest or energy|	n|weakness characterized by a lack of vitality or energy|
lasso	n|Belgian composer (1532-1594)|	n|a long noosed rope used to catch animals|	v|catch with a lasso|rope cows
last	adj|immediately past|last Thursday	adj|coming after all others in time or space or degree or being the only one remaining|the last time I saw Paris	adj|occurring at or forming an end or termination|his concluding words came as a surprise	adj|most unlikely or unsuitable|the last person we would have suspected
last but not least	adv|in addition to all the foregoing|last not least he plays the saxophone
last day	n|(New Testament) day at the end of time following Armageddon when God will decree the fates of all individual humans according to the good and evil of their earthly lives|
last gasp	n|the point of death or exhaustion or completion|the last gasp of the cold war
last half	n|the second of two halves of play|
last hurrah	n|a final performance or effort (especially before retirement)|
last in first out	n|inventory accounting in which the most recently acquired items are assumed to be the first sold|
last judgement	n|(New Testament) day at the end of time following Armageddon when God will decree the fates of all individual humans according to the good and evil of their earthly lives|
last judgment	n|(New Testament) day at the end of time following Armageddon when God will decree the fates of all individual humans according to the good and evil of their earthly lives|
last laugh	n|ultimate success achieved after a near failure (inspired by the saying `he laughs best who laughs last')|we had the last laugh after the votes were counted
last mentioned	adj|the one most recently mentioned|the last mentioned pianist
last mile	n|the last walk of a condemned person to the execution place|
last minute	n|the latest possible moment|money became available at the eleventh hour
last name	n|the name used to identify the members of a family (as distinguished from each member's given name)|
last not least	adv|in addition to all the foregoing|last not least he plays the saxophone
last out	v|hang on during a trial of endurance|ride out the storm
last quarter	n|the last fourth of the Moon's period of revolution around the Earth|
last resort	n|an expedient adopted only in desperation|`pis aller' is French for `worst going'
last respects	n|the act of expressing respect for someone who has died|he paid his last respects by standing quietly at the graveside
last rites	n|a Catholic sacrament; a priest anoints a dying person with oil and prays for salvation|	n|rites performed in connection with a death or burial|
last straw	n|the final irritation that stretches your patience beyond the limit|
last supper	n|the traditional Passover supper of Jesus with his disciples on the eve of his crucifixion|
last word	n|the final statement in a verbal argument|she always gets the last word	n|an authoritative statement|my doctor has the last word on the medicines I take	n|elegance by virtue of being fashionable|
last-ditch	adj|of something done as a final recourse (especially to prevent a crisis or disaster)|a last-ditch attempt
last-minute	adj|just before a deadline; at the last minute|last-minute arrangements
last-place	adj|lowest in rank or importance|last prize
lastex	n|yarn that has an elastic core wound around with cotton or silk or nylon or rayon threads|
lasthenia	n|small genus of herbs of Pacific coast of North and South America|
lasthenia chrysostoma	n|small slender woolly annual with very narrow opposite leaves and branches bearing solitary golden-yellow flower heads; southwestern Oregon to Baja California and Arizona; often cultivated|
lasting	adj|continuing or enduring without marked change in status or condition or place|permanent secretary to the president	adj|existing for a long time|hopes for a durable peace	adj|retained; not shed|persistent leaves remain attached past maturity	adj|lasting a long time without change|a lasting relationship
lastingly	adv|in an enduring or permanent manner|
lastingness	n|permanence by virtue of the power to resist stress or force|they advertised the durability of their products
lastly	adv|the item at the end|last, I'll discuss family values
lastreopsis	n|tropical terrestrial shield ferns|
lat	n|a broad flat muscle on either side of the back|
latakia	n|aromatic Turkish tobacco|	n|a seaport on the western coast of Syria|
latch	v|fasten with a latch|latch the door	n|spring-loaded doorlock that can only be opened from the outside with a key|	n|catch for fastening a door or gate; a bar that can be lowered or slid into a groove|
latch on	v|take hold of or attach to|The biochip latches onto the genes	v|adopt|take up new ideas	v|understand, usually after some initial difficulty|She didn't know what her classmates were plotting but finally caught on
latchet	n|a leather strap or thong used to attach a sandal or shoe to the foot|
latchkey	n|key for raising or drawing back a latch or opening an outside door|
latchkey child	n|a school-age child who is home without adult supervision for part of the day (especially after school until a parent returns home from work)|
latchstring	n|opener consisting of a string that can be passed through a hole in a door for raising the latch from outside|
late	adj|being or occurring at an advanced period of time or after a usual or expected time|late evening	adj|after the expected or usual time; delayed|a belated birthday card	adj|of the immediate past or just previous to the present time|a late development	adj|having died recently|her late husband
late blight	n|blight in which symptoms appear late in the growing season especially a disease of solanaceous plants caused by the fungus Phytophthora infestans|
late greek	n|the Greek language in the 3rd to 8th centuries|
late latin	n|the form of Latin written between the 3rd and 8th centuries|
late purple aster	n|a variety of aster|
late-blooming	adj|of plants that bloom during the autumn|
late-flowering	adj|of plants that bloom during the autumn|
late-night hour	n|the latter part of night|
late-ripening	adj|of plants that ripen in the fall|
late-spring-blooming	adj|of plants that bloom during the spring|
latecomer	n|someone who arrives late|
lateen	adj|rigged with a triangular (lateen) sail|	n|a triangular fore-and-aft sail used especially in the Mediterranean|
lateen sail	n|a triangular fore-and-aft sail used especially in the Mediterranean|
lateen-rig	n|the rig on a lateen-rigged sailing vessel|
lateen-rigged	adj|rigged with a triangular (lateen) sail|
lately	adv|in the recent past|he was in Paris recently
latency	n|(computer science) the time it takes for a specific block of data on a data track to rotate around to the read/write head|	n|the time that elapses between a stimulus and the response to it|	n|the state of being not yet evident or active|
latency period	n|(psychoanalysis) the fourth period (from about age 5 or 6 until puberty) during which sexual interests are supposed to be sublimated into other activities|
latency phase	n|(psychoanalysis) the fourth period (from about age 5 or 6 until puberty) during which sexual interests are supposed to be sublimated into other activities|
latency stage	n|(psychoanalysis) the fourth period (from about age 5 or 6 until puberty) during which sexual interests are supposed to be sublimated into other activities|
lateness	n|quality of coming late or later in time|
latent	adj|potentially existing but not presently evident or realized|a latent fingerprint	adj|(pathology) not presently active|latent infection
latent content	n|(psychoanalysis) hidden meaning of a fantasy or dream|
latent diabetes	n|a mild form of diabetes mellitus in which there are no overt symptoms but there are abnormal responses to some diagnostic procedures|
latent heat	n|heat absorbed or radiated during a change of phase at a constant temperature and pressure|
latent hostility	n|feelings of hostility that are not manifest|he could sense her latent hostility to him
latent period	n|the time that elapses between a stimulus and the response to it|	n|the time that elapses before the presence of a disease is manifested by symptoms|
latent schizophrenia	n|schizophrenia characterized by mild symptoms or by some preexisting tendency to schizophrenia|
later	adv|happening at a time subsequent to a reference time|he apologized subsequently	adv|at some eventual time in the future|By and by he'll understand	adv|comparative of the adverb `late'|he stayed later than you did	adj|coming at a subsequent time or stage|without ulterior argument
later on	adv|happening at a time subsequent to a reference time|he apologized subsequently
lateral	adj|situated at or extending to the side|the lateral branches of a tree	adj|lying away from the median and sagittal plane of a body|lateral lemniscus	n|a pass to a receiver upfield from the passer|
lateral cerebral sulcus	n|the deepest and most prominent of the cortical fissures; separates the frontal lobes and temporal lobes in both hemispheres|
lateral condyle	n|a condyle on the outer side of the lower extremity of the femur|
lateral epicondyle	n|epicondyle near the lateral condyle of the femur|
lateral epicondylitis	n|painful inflammation of the tendon at the outer border of the elbow resulting from overuse of lower arm muscles (as in twisting of the hand)|
lateral geniculate	n|a neural structure that serves as a processing station on the way from the retina to the occipital lobe of the cerebral cortex|
lateral geniculate body	n|a neural structure that serves as a processing station on the way from the retina to the occipital lobe of the cerebral cortex|
lateral humeral epicondylitis	n|painful inflammation of the tendon at the outer border of the elbow resulting from overuse of lower arm muscles (as in twisting of the hand)|
lateral line	n|sense organs of fish and amphibians; believed to detect pressure changes in the water|
lateral line organ	n|sense organs of fish and amphibians; believed to detect pressure changes in the water|
lateral pass	n|a pass to a receiver upfield from the passer|
lateral rectus	n|the ocular muscle whose contraction turns the eyeball outward|
lateral rectus muscle	n|the ocular muscle whose contraction turns the eyeball outward|
lateral thinking	n|a heuristic for solving problems; you try to look at the problem from many angles instead of tackling it head-on|
lateral ventricle	n|either of two horseshoe-shaped ventricles one in each cerebral hemisphere; they communicate with the third ventricle via the foramen of Monro|
lateralisation	n|localization of function on either the right or left sides of the brain|
laterality	n|localization of function on either the right or left sides of the brain|	n|the property of using one hand more than the other|	n|superior development of one side of the body|
lateralization	n|localization of function on either the right or left sides of the brain|
lateralize	v|move or displace to one side so as to make lateral|
laterally	adv|to or by or from the side|such women carry in their heads kinship knowledge of six generations depth and extending laterally among consanguineal kin as far as the grandchildren of second cousin	adv|in a lateral direction or location|the body is spindle-shaped and only slightly compressed laterally
lateran	n|the site in Rome containing the church of Rome and the Lateran Palace|
lateran council	n|any of five general councils of the Western Catholic Church that were held in the Lateran Palace|
lateran palace	n|a palace that served as the residence of the popes until the 14th century|
lateran treaty	n|the agreement signed in the Lateran Palace in 1929 by Italy and the Holy See which recognized the Vatican City as a sovereign and independent papal state|
laterite	n|a red soil produced by rock decay; contains insoluble deposits of ferric and aluminum oxides|
lates	n|a genus of large percoid fishes of fresh and brackish water|
lates calcarifer	n|a species of large perch noted for its sporting and eating qualities; lives in marine, estuary, and freshwater habitats|
latest	adj|up to the immediate present; most recent or most up-to-date|the news is up-to-the-minute	adj|in the current fashion or style|	n|the most recent news or development|have you heard the latest?
latex	n|a milky exudate from certain plants that coagulates on exposure to air|	n|a water-base paint that has a latex binder|
latex paint	n|a water-base paint that has a latex binder|
lath	n|a narrow thin strip of wood used as backing for plaster or to make latticework|
lath and plaster	n|a building material consisting of thin strips of wood that provide a foundation for a coat of plaster|
lathe	n|machine tool for shaping metal or wood; the workpiece turns about a horizontal axis against a fixed tool|
lathee	n|club consisting of a heavy stick (often bamboo) bound with iron; used by police in India|
lather	n|the froth produced by soaps or detergents|	n|agitation resulting from active worry|don't get in a stew	n|a workman who puts up laths|	n|the foam resulting from excessive sweating (as on a horse)|
lathery	adj|resembling lather or covered with lather|
lathi	n|club consisting of a heavy stick (often bamboo) bound with iron; used by police in India|
lathyrus	n|genus of climbing herbs of Old World and temperate North and South America: vetchling; wild pea|
lathyrus japonicus	n|wild pea of seashores of north temperate zone having tough roots and purple flowers and useful as a sand binder|
lathyrus latifolius	n|perennial climber of central and southern Europe having purple or pink or white flowers; naturalized in North America|
lathyrus maritimus	n|wild pea of seashores of north temperate zone having tough roots and purple flowers and useful as a sand binder|
lathyrus niger	n|perennial of Europe and North Africa; foliage turns black in drying|
lathyrus nissolia	n|annual European vetch with red flowers|
lathyrus odoratus	n|climbing garden plant having fragrant pastel-colored flowers|
lathyrus palustris	n|scrambling perennial of damp or marshy areas of Eurasia and North America with purplish flowers|
lathyrus pratensis	n|scrambling perennial Eurasian wild pea having yellowish flowers and compressed seed pods; cultivated for forage|
lathyrus sativus	n|European annual grown for forage; seeds used for food in India and for stock elsewhere|
lathyrus splendens	n|shrubby California perennial having large pink or violet flowers; cultivated as an ornamental|
lathyrus sylvestris	n|European perennial with mottled flowers of purple and pink; sometimes cultivated for fodder or as green manure|
lathyrus tuberosus	n|European herb bearing small tubers used for food and in Scotland to flavor whiskey|
lathyrus vernus	n|bushy European perennial having nodding racemose violet-blue flowers|
laticifer	n|a plant duct containing latex|
latimeria	n|type genus of the Latimeridae: coelacanth|
latimeria chalumnae	n|fish thought to have been extinct since the Cretaceous period but found in 1938 off the coast of Africa|
latimeridae	n|extinct except for the coelacanth|
latin	adj|of or relating to the ancient Latins or the Latin language|Latin verb conjugations	adj|relating to people or countries speaking Romance languages|Latin America	adj|relating to languages derived from Latin|Romance languages	adj|of or relating to the ancient region of Latium|Latin towns
latin alphabet	n|the alphabet evolved by the ancient Romans which serves for writing most of the languages of western Europe|
latin american	n|a native of Latin America|
latin cross	n|a cross with the lowest arm being longer than the others|
latin quarter	n|the region of Paris on the southern bank of the Seine; a center of artistic and student life|
latin square	n|a square matrix of n rows and columns; cells contain n different symbols so arranged that no symbol occurs more than once in any row or column|
latinae	n|a subfamily of the family Centropomidae|
latinate	adj|derived from or imitative of Latin|
latinesce	n|an artificial language based on Latin|
latinian language	n|the group of languages derived from Latin|
latinise	v|write in the Latin alphabet|many shops in Japan now carry neon signs with Romanized names	v|cause to adopt Catholicism|
latinism	n|a word or phrase borrowed from Latin|
latinist	n|a specialist in the Latin language|
latinize	v|write in the Latin alphabet|many shops in Japan now carry neon signs with Romanized names	v|translate into Latin|	v|cause to adopt Catholicism|
latino	adj|related to a Spanish-speaking people or culture|the Hispanic population of California is growing rapidly	n|a native of Latin America|
latish	adj|somewhat late|
latissimus dorsi	n|a broad flat muscle on either side of the back|
latitude	n|the angular distance between an imaginary line around a heavenly body parallel to its equator and the equator itself|	n|freedom from normal restraints in conduct|the new freedom in movies and novels	n|an imaginary line around the Earth parallel to the equator|	n|scope for freedom of e.g. action or thought; freedom from restriction|
latitudinal	adj|of or relating to latitudes north or south|
latitudinarian	adj|unwilling to accept authority or dogma (especially in religion)|	n|a person who is broad-minded and tolerant (especially in standards of religious belief and conduct)|
latium	n|an ancient region of west central Italy (southeast of Rome) on the Tyrrhenian Sea|
latke	n|made of grated potato and egg with a little flour|
latona	n|wife or mistress of Zeus and mother of Apollo and Artemis in ancient mythology; called Latona in Roman mythology|
latria	n|the worship given to God alone|
latrine	n|a public toilet in a military area|
latrodectus	n|venomous spiders|
latrodectus mactans	n|venomous New World spider; the female is black with an hourglass-shaped red mark on the underside of the abdomen|
lats	n|the basic unit of money in Latvia|
latte	n|strong espresso coffee with a topping of frothed steamed milk|
latten	n|brass (or a yellow alloy resembling brass) that was hammered into thin sheets; formerly used for church utensils|
latter	adj|referring to the second of two things or persons mentioned (or the last one or ones of several)|in the latter case	n|the second of two or the second mentioned of two|Tom and Dick were both heroes but only the latter is remembered today
latter-day	adj|belonging to the present or recent times|the latter-day problems of our society
latter-day saint	n|a member of the Church of Jesus Christ of Latter-Day Saints|
latterly	adv|in the recent past|he was in Paris recently
lattice	n|an arrangement of points or particles or objects in a regular periodic pattern in 2 or 3 dimensions|	n|small opening (like a window in a door) through which business can be transacted|	n|framework consisting of an ornamental design made of strips of wood or metal|
latticed	adj|having a pattern of fretwork or latticework|
latticelike	adj|having a pattern of fretwork or latticework|
latticework	n|framework consisting of an ornamental design made of strips of wood or metal|
latvia	n|a republic in northeastern Europe on the eastern coast of the Baltic Sea|
latvian	adj|of or relating to or characteristic of Latvia or its people or language|	n|a native or inhabitant of Latvia|	n|the official language of Latvia; belongs to the Baltic branch of Indo-European|
latvian monetary unit	n|monetary unit in Latvia|
laud	v|praise, glorify, or honor|extol the virtues of one's children
laudability	n|the quality of being worthy of praise|
laudable	adj|worthy of high praise|applaudable efforts to save the environment
laudableness	n|the quality of being worthy of praise|
laudably	adv|in an admirable manner|the children's responses were admirably normal
laudanum	n|narcotic consisting of an alcohol solution of opium or any preparation in which opium is the main ingredient|
laudator	n|someone who communicates high praise|
laudatory	adj|full of or giving praise|a laudatory remark
lauder	n|Scottish ballad singer and music hall comedian (1870-1950)|	n|someone who communicates high praise|
laudo	n|a mountain peak in the Andes in Argentina (20,997 feet high)|
laugh	n|the sound of laughing|	n|a facial expression characteristic of a person laughing|his face wrinkled in a silent laugh of derision	n|a humorous anecdote or remark intended to provoke laughter|he told a very funny joke	v|produce laughter|
laugh at	v|subject to laughter or ridicule|The satirists ridiculed the plans for a new opera house
laugh away	v|deal with a problem by laughing or pretending to be amused by it|She laughs away all these problems
laugh line	n|a wrinkle in the skin at the outer corner of your eyes|	n|the point of a joke or humorous story|
laugh loudly	v|laugh boisterously|
laugh off	v|deal with a problem by laughing or pretending to be amused by it|She laughs away all these problems
laugh softly	v|laugh quietly or with restraint|
laugh track	n|prerecorded laughter added to the soundtrack of a radio or television show|
laughable	adj|so unreasonable as to invite derision|the absurd excuse that the dog ate his homework	adj|arousing or provoking laughter|an amusing film with a steady stream of pranks and pratfalls
laughably	adv|so as to arouse or deserve laughter|her income was laughably small, but she managed to live well
laugher	n|a person who is laughing or who laughs easily|	n|an easy victory|
laughing	adj|showing or feeling mirth or pleasure or happiness|laughing children
laughing gas	n|inhalation anesthetic used as an anesthetic in dentistry and surgery|
laughing gull	n|small black-headed European gull|
laughing hyena	n|African hyena noted for its distinctive howl|
laughing jackass	n|Australian kingfisher having a loud cackling cry|	n|almost extinct owl of New Zealand|
laughing owl	n|almost extinct owl of New Zealand|
laughingly	adv|with laughter; while laughing|he told the story laughingly
laughingstock	n|a victim of ridicule or pranks|
laughter	n|the sound of laughing|	n|the activity of laughing; the manifestation of joy or mirth or scorn|he enjoyed the laughter of the crowd
lauhala	n|Polynesian screw pine|
launce	n|very small silvery eellike schooling fishes that burrow into sandy beaches|
launch	v|set up or found|She set up a literacy program	v|propel with force|launch the space shuttle	v|launch for the first time; launch on a maiden voyage|launch a ship	v|begin with vigor|He launched into a long diatribe
launch area	n|a platform from which rockets or space craft are launched|
launch pad	n|a platform from which rockets or space craft are launched|
launcher	n|armament in the form of a device capable of launching a rocket|	n|a device that launches aircraft from a warship|
launching	n|the act of moving a newly built vessel into the water for the first time|	n|the act of beginning something new|they looked forward to the debut of their new product line	n|the act of propelling with force|
launching pad	n|a platform from which rockets or space craft are launched|
launching site	n|a place for launching pads|
launchpad	n|a platform from which rockets or space craft are launched|
launder	v|cleanse with a cleaning agent, such as soap, and water|Wash the towels, please!	v|convert illegally obtained funds into legal ones|
launderette	n|a self-service laundry (service mark Laundromat) where coin-operated washing machines are available to individual customers|
laundering	n|washing clothes and bed linens|
laundress	n|a working woman who takes in washing|
laundromat	n|a self-service laundry (service mark Laundromat) where coin-operated washing machines are available to individual customers|
laundry	n|garments or white goods that can be cleaned by laundering|	n|workplace where clothes are washed and ironed|
laundry basket	n|a hamper that holds dirty clothes to be washed or wet clothes to be dried|
laundry cart	n|handcart for moving a load of laundry|
laundry detergent	n|any of various detergents designed for use in a washing machine for clothing|
laundry truck	n|van that picks up and delivers laundry|a laundry truck stops by every week
laundryman	n|operates industrial washing machine|
laundrywoman	n|a working woman who takes in washing|
lauraceae	n|a family of Lauraceae|
laurasia	n|a hypothetical continent that (according to plate tectonic theory) broke up later into North America and Europe and Asia|
laureate	adj|worthy of the greatest honor or distinction|The nation's pediatrician laureate is preparing to lay down his black bag"- James Traub	n|someone honored for great achievements; figuratively someone crowned with a laurel wreath|
laurel	n|any of various aromatic trees of the laurel family|	n|(antiquity) a wreath of laurel foliage worn on the head as an emblem of victory|
laurel cherry	n|frequently cultivated Eurasian evergreen shrub or small tree having showy clusters of white flowers and glossy foliage and yielding oil similar to bitter almond oil|
laurel family	n|a family of Lauraceae|
laurel sumac	n|small aromatic evergreen shrub of California having paniculate leaves and whitish berries; in some classifications included in genus Rhus|
laurel wreath	n|an award for winning a championship or commemorating some other event|	n|(antiquity) a wreath of laurel foliage worn on the head as an emblem of victory|
laureled	adj|crowned with or as if with laurel symbolizing victory|
laurelled	adj|crowned with or as if with laurel symbolizing victory|
laurels	n|a tangible symbol signifying approval or distinction|an award for bravery	n|the state of being honored|
laurence olivier	n|English actor best know for his Shakespearean roles (1907-1989)|
laurence stephen lowry	n|English painter (1887-1976)|
laurence sterne	n|English writer (born in Ireland) (1713-1766)|
laurentian highlands	n|a large plateau that occupies more than 40% of the land area of Canada; it extends from the Great Lakes northward to the Arctic Ocean|
laurentian plateau	n|a large plateau that occupies more than 40% of the land area of Canada; it extends from the Great Lakes northward to the Arctic Ocean|
laurentius	n|Roman martyr; supposedly Lawrence was ordered by the police to give up the church's treasure and when he responded by presenting the poor people of Rome he was roasted to death on a gridiron (died in 258)|
lauric acid	n|a crystalline fatty acid occurring as glycerides in natural fats and oils (especially coconut oil and palm-kernel oil)|
laurus	n|small evergreen trees or shrubs with aromatic leaves|
laurus nobilis	n|small Mediterranean evergreen tree with small blackish berries and glossy aromatic leaves used for flavoring in cooking; also used by ancient Greeks to crown victors|
lauryl alcohol	n|a colorless insoluble solid alcohol used to make detergents and pharmaceuticals|
lausanne	n|a city in western Switzerland; cultural and commercial center|
lautaro faction of the united popular action movement	n|a violent terrorist group organized in the 1980s and advocating the overthrow of the Chilean military government; leaders are mainly criminals or impoverished youths|
lautaro popular rebel forces	n|a violent terrorist group organized in the 1980s and advocating the overthrow of the Chilean military government; leaders are mainly criminals or impoverished youths|
lautaro youth movement	n|a violent terrorist group organized in the 1980s and advocating the overthrow of the Chilean military government; leaders are mainly criminals or impoverished youths|
lav	n|a room or building equipped with one or more toilets|
lava	n|rock that in its molten form (as magma) issues from volcanos; lava is what magma is called when it reaches the surface|
lavabo	n|a basin for washing the hands (`wash-hand basin' is a British expression)|
lavage	n|washing out a hollow organ (especially the stomach) by flushing with water|
lavalava	n|a skirt consisting of a rectangle of calico or printed cotton; worn by Polynesians (especially Samoans)|
lavalier	n|jeweled pendant worn on a chain around the neck|
lavaliere	n|jeweled pendant worn on a chain around the neck|
lavalliere	n|jeweled pendant worn on a chain around the neck|
lavandula	n|lavender|
lavandula angustifolia	n|aromatic Mediterranean shrub widely cultivated for its lilac flowers which are dried and used in sachets|
lavandula latifolia	n|Mediterranean plant with pale purple flowers that yields spike lavender oil|
lavandula officinalis	n|aromatic Mediterranean shrub widely cultivated for its lilac flowers which are dried and used in sachets|
lavandula stoechas	n|shrubby greyish lavender of southwestern Europe having usually reddish-purple flowers|
lavatera	n|widespread genus of herbs or softwood arborescent shrubs cultivated for their showy flowers|
lavation	n|the work of cleansing (usually with soap and water)|
lavatory	n|a room or building equipped with one or more toilets|	n|a bathroom sink that is permanently installed and connected to a water supply and drainpipe; where you can wash your hands and face|he ran some water in the basin and splashed it on his face	n|a toilet that is cleaned of waste by the flow of water through it|
lave	v|wash or flow against|the waves laved the shore	v|cleanse (one's body) with soap and water|	v|wash one's face and hands|She freshened up in the bathroom
lavender	adj|of a pale purple color|	n|any of various Old World aromatic shrubs or subshrubs with usually mauve or blue flowers; widely cultivated|	n|a pale purple color|
lavender cotton	n|branching aromatic Mediterranean shrub with woolly stems and leaves and yellow flowers|
lavender-pink	adj|of pink tinged with lavender|
lavender-tinged	adj|of something tinged with lavender|
laver	n|(Old Testament) large basin used by a priest in an ancient Jewish temple to perform ritual ablutions|	n|edible red seaweeds|	n|seaweed with edible translucent crinkly green fronds|
lavish	adj|very generous|distributed gifts with a lavish hand	adj|characterized by extravagance and profusion|a lavish buffet	v|expend profusely; also used with abstract nouns|He was showered with praise
lavishly	adv|in a rich and lavish manner|lavishly decorated
lavishness	n|the quality possessed by something that is excessively expensive|	n|excessive spending|
lavoisier	n|French chemist known as the father of modern chemistry; discovered oxygen and disproved the theory of phlogiston (1743-1794)|
lavrenti pavlovich beria	n|Soviet chief of secret police under Joseph Stalin; was executed by his associates in the power struggle following Stalin's death (1899-1953)|
law	n|the collection of rules imposed by authority|civilization presupposes respect for the law	n|legal document setting forth rules governing a particular kind of activity|there is a law against kidnapping	n|a rule or body of rules of conduct inherent in human nature and essential to or binding upon human society|	n|a generalization that describes recurring facts or events in nature|the laws of thermodynamics
law agent	n|a solicitor in Scotland|
law court	n|a tribunal that is presided over by a magistrate or by one or more judges who administer justice according to the laws|
law degree	n|degree conferred on someone who successfully completes law school|
law enforcement	n|ensuring obedience to the laws|
law enforcement agency	n|an agency responsible for insuring obedience to the laws|
law firm	n|a firm of lawyers|
law merchant	n|the body of rules applied to commercial transactions; derived from the practices of traders rather than from jurisprudence|
law of action and reaction	n|action and reaction are equal and opposite|
law of archimedes	n|(hydrostatics) the apparent loss in weight of a body immersed in a fluid is equal to the weight of the displaced fluid|
law of areas	n|a law concerning the speed at which planets travel; a line connecting a planet to the sun will sweep out equal areas in equal times|Kepler's second law means that a planet's orbital speed changes with its distance from the sun
law of averages	n|a law affirming that in the long run probabilities will determine performance|
law of chemical equilibrium	n|(chemistry) the principle that (at chemical equilibrium) in a reversible reaction the ratio of the rate of the forward reaction to the rate of the reverse reaction is a constant for that reaction|
law of closure	n|a Gestalt principle of organization holding that there is an innate tendency to perceive incomplete objects as complete and to close or fill gaps and to perceive asymmetric stimuli as symmetric|
law of common fate	n|a Gestalt principle of organization holding that aspects of perceptual field that move or function in a similar manner will be perceived as a unit|
law of conservation of energy	n|the fundamental principle of physics that the total energy of an isolated system is constant despite internal changes|
law of conservation of mass	n|a fundamental principle of classical physics that matter cannot be created or destroyed in an isolated system|
law of conservation of matter	n|a fundamental principle of classical physics that matter cannot be created or destroyed in an isolated system|
law of constant proportion	n|(chemistry) law stating that every pure substance always contains the same elements combined in the same proportions by weight|
law of continuation	n|a Gestalt principle of organization holding that there is an innate tendency to perceive a line as continuing its established direction|
law of definite proportions	n|(chemistry) law stating that every pure substance always contains the same elements combined in the same proportions by weight|
law of diminishing returns	n|a law affirming that to continue after a certain level of performance has been reached will result in a decline in effectiveness|
law of effect	n|(psychology) the principle that behaviors are selected by their consequences; behavior having good consequences tends to be repeated whereas behavior that leads to bad consequences is not repeated|
law of equal areas	n|a law concerning the speed at which planets travel; a line connecting a planet to the sun will sweep out equal areas in equal times|Kepler's second law means that a planet's orbital speed changes with its distance from the sun
law of equivalent proportions	n|(chemistry) law stating that the proportions in which two elements separately combine with a third element are also the proportions in which they combine together|
law of gravitation	n|(physics) the law that states any two bodies attract each other with a force that is directly proportional to the product of their masses and inversely proportional to the square of the distance between them|
law of independent assortment	n|each member of a pair of homologous chromosomes separates independently of the members of other pairs so the results are random|
law of large numbers	n|(statistics) law stating that a large number of items taken at random from a population will (on the average) have the population statistics|
law of mass action	n|(chemistry) the law that states the following principle: the rate of a chemical reaction is directly proportional to the molecular concentrations of the reacting substances|
law of moses	n|the laws (beginning with the Ten Commandments) that God gave to the Israelites through Moses; it includes many rules of religious observance given in the first five books of the Old Testament (in Judaism these books are called the Torah)|
law of motion	n|one of three basic laws of classical mechanics|
law of multiple proportions	n|(chemistry) law stating that when two elements can combine to form more than one compound the amounts of one of them that combines with a fixed amount of the other will exhibit a simple multiple relation|
law of nations	n|the body of laws governing relations between nations|
law of nature	n|a generalization that describes recurring facts or events in nature|the laws of thermodynamics
law of parsimony	n|the principle that entities should not be multiplied needlessly; the simplest of two competing theories is to be preferred|
law of partial pressures	n|(chemistry and physics) law stating that the pressure exerted by a mixture of gases equals the sum of the partial pressures of the gases in the mixture; the pressure of a gas in a mixture equals the pressure it would exert if it occupied the same volume alone at the same temperature|
law of proximity	n|a Gestalt principle of organization holding that (other things being equal) objects or events that are near to one another (in space or time) are perceived as belonging together as a unit|
law of reciprocal proportions	n|(chemistry) law stating that the proportions in which two elements separately combine with a third element are also the proportions in which they combine together|
law of segregation	n|members of a pair of homologous chromosomes separate during the formation of gametes and are distributed to different gametes so that every gamete receives only one member of the pair|
law of similarity	n|a Gestalt principle of organization holding that (other things being equal) parts of a stimulus field that are similar to each other tend to be perceived as belonging together as a unit|
law of thermodynamics	n|(physics) a law governing the relations between states of energy in a closed system|
law of volumes	n|(physics) the density of an ideal gas at constant pressure varies inversely with the temperature|
law offender	n|someone who violates the law|
law officer	n|an officer of the law|
law practice	n|the practice of law|
law school	n|a graduate school offering study leading to a law degree|
law student	n|a student in law school|
law-abiding	adj|(of individuals) adhering strictly to laws and rules and customs|law-abiding citizens
law-breaking	n|(criminal law) an act punishable by law; usually considered an evil act|a long record of crimes
law-makers	n|persons who make or amend or repeal laws|
lawbreaker	n|someone who violates the law|
lawcourt	n|a tribunal that is presided over by a magistrate or by one or more judges who administer justice according to the laws|
lawful	adj|conformable to or allowed by law|lawful methods of dissent	adj|according to custom or rule or natural law|	adj|having a legally established claim|the legitimate heir	adj|authorized, sanctioned by, or in accordance with law|a legitimate government
lawfully	adv|in a manner acceptable to common custom|you cannot do this legitimately!	adv|by law; conforming to the law|we are lawfully wedded now
lawfully-begotten	adj|born in wedlock; enjoying full filial rights|
lawfulness	n|the quality of conforming to law|
lawgiver	n|a maker of laws; someone who gives a code of laws|
lawless	adj|without law or control|the system is economically inefficient and politically anarchic	adj|lax in enforcing laws|a wide-open town	adj|disobedient to or defiant of law|lawless bands roaming the plains
lawlessly	adv|in an illegal manner|they dumped the waste illegally
lawlessness	n|a state of lawlessness and disorder (usually resulting from a failure of government)|	n|illegality as a consequence of unlawful acts; defiance of the law|
lawmaker	n|a maker of laws; someone who gives a code of laws|
lawmaking	n|the act of making or enacting laws|
lawman	n|an officer of the law|
lawn	n|a field of cultivated and mowed grass|
lawn bowling	n|a bowling game played on a level lawn with biased wooden balls that are rolled at a jack|
lawn cart	n|a cart for carrying small loads; has handles and one or more wheels|
lawn chair	n|chair left outside for use on a lawn or in a garden|
lawn furniture	n|furniture intended for use on a lawn or in a garden|
lawn mower	n|garden tool for mowing grass on lawns|
lawn party	n|a party of people assembled for social interaction out of doors|
lawn tennis	n|a game played with rackets by two or four players who hit a ball back and forth over a net that divides the court|
lawn tool	n|used for working in gardens or yards|
lawrence	n|Roman martyr; supposedly Lawrence was ordered by the police to give up the church's treasure and when he responded by presenting the poor people of Rome he was roasted to death on a gridiron (died in 258)|	n|Welsh soldier who from 1916 to 1918 organized the Arab revolt against the Turks; he later wrote an account of his adventures (1888-1935)|	n|English portrait painter remembered for the series of portraits of the leaders of the alliance against Napoleon (1769-1830)|	n|English actress (1898-1952)|
lawrence durrell	n|English writer of Irish descent who spent much of his life in Mediterranean regions (1912-1990)|
lawrence george durrell	n|English writer of Irish descent who spent much of his life in Mediterranean regions (1912-1990)|
lawrence of arabia	n|Welsh soldier who from 1916 to 1918 organized the Arab revolt against the Turks; he later wrote an account of his adventures (1888-1935)|
lawrencium	n|a radioactive transuranic element synthesized from californium|
laws	n|the first of three divisions of the Hebrew Scriptures comprising the first five books of the Hebrew Bible considered as a unit|
lawson's cedar	n|large timber tree of western North America with trunk diameter to 12 feet and height to 200 feet|
lawson's cypress	n|large timber tree of western North America with trunk diameter to 12 feet and height to 200 feet|
lawsuit	n|a comprehensive term for any proceeding in a court of law whereby an individual seeks a legal remedy|the family brought suit against the landlord
lawton	n|a town in southwest Oklahoma|
lawyer	n|a professional person authorized to practice law; conducts lawsuits or gives legal advice|
lawyer bush	n|stout-stemmed trailing shrub of New Zealand that scrambles over other growth|
lawyer cane	n|tall scrambling spiny palm of northeastern Queensland, Australia|
lawyer-client relation	n|the responsibility of a lawyer to act in the best interests of the client|
lawyerbush	n|stout-stemmed trailing shrub of New Zealand that scrambles over other growth|
lax	adj|lacking in rigor or strictness|such lax and slipshod ways are no longer acceptable	adj|pronounced with muscles of the tongue and jaw relatively relaxed (e.g., the vowel sound in `bet')|	adj|lacking in firmness or tension; not taut|a lax rope	adj|emptying easily or excessively|loose bowels
laxation	n|the elimination of fecal waste through the anus|	n|the act of making something less tight|
laxative	adj|stimulating evacuation of feces|	n|a mild cathartic|
laxity	n|the condition of being physiologically lax|baths can help the laxness of the bowels	n|the quality of being lax and neglectful|
laxly	adv|in a permissively lenient manner|he felt incensed that Tarrant should have been treated so leniently given his crime
laxness	n|the quality of being lax and neglectful|	n|the condition of being physiologically lax|baths can help the laxness of the bowels
lay	v|put into a certain place or abstract location|Put your things here	v|put in a horizontal position|lay the books on the table	v|prepare or position for action or operation|lay a fire	v|lay eggs|This hen doesn't lay
lay aside	v|accumulate money for future use|He saves half his salary
lay away	v|save up as for future use|
lay claim	v|demand as being one's due or property; assert one's right or title to|He claimed his suitcases at the airline counter
lay down	v|institute, enact, or establish|make laws
lay eyes on	v|see with attention|behold Christ!
lay figure	n|dummy in the form of an artist's jointed model of the human body|
lay hands on	v|manage with the hands|
lay in	v|keep or lay aside for future use|store grain for the winter
lay into	v|hit violently, as in an attack|
lay off	v|put an end to a state or an activity|Quit teasing your little brother	v|dismiss, usually for economic reasons|She was laid off together with hundreds of other workers when the company downsized
lay on the line	v|expose to a chance of loss or damage|We risked losing a lot of money in this venture
lay out	v|lay out orderly or logically in a line or as if in a line|lay out the clothes	v|get ready for a particular purpose or event|set up an experiment	v|spend or invest|lay out thousands on gold	v|bring forward and present to the mind|We presented the arguments to him
lay over	v|interrupt a journey temporarily, e.g., overnight|We had to stop over in Venezuela on our flight back from Brazil	v|place on top of|can you superimpose the two images?
lay reader	n|a layman who is authorized by the bishop to read parts of the service in an Anglican or Episcopal church|
lay to rest	v|place in a grave or tomb|Stalin was buried behind the Kremlin wall on Red Square
lay up	v|disable or confine, as with an illness|She was laid up with pneumonia for six weeks
lay waste to	v|cause extensive destruction or ruin utterly|The enemy lay waste to the countryside after the invasion
lay witness	n|any witness who does not testify as an expert witness|
lay-by	n|designated paved area beside a main road where cars can stop temporarily|
lay-up	n|a basketball shot made with one hand from a position under or beside the basket (and usually banked off the backboard)|
layabout	n|person who does no work|a lazy bum
layby	n|designated paved area beside a main road where cars can stop temporarily|
layer	n|single thickness of usually some homogeneous substance|slices of hard-boiled egg on a bed of spinach	n|a relatively thin sheetlike expanse or region lying over or under another|	n|an abstract place usually conceived as having depth|a good actor communicates on several levels	n|a hen that lays eggs|
layer cake	n|cake having layers held together by a sweet filling and usually covered with frosting|
layered	adj|with one layer on top of another|superimposed rocks
layette	n|kit consisting of a complete outfit (clothing and accessories) for a new baby|
layia platyglossa	n|California annual having flower heads with yellow rays tipped with white|
laying	n|the production of eggs (especially in birds)|
laying claim	n|the act of taking possession of or power over something|his assumption of office coincided with the trouble in Cuba
laying on	n|the act of contacting something with your hand|peonies can be blighted by the laying on of a finger
laying on of hands	n|the application of a faith healer's hands to the patient's body|	n|laying hands on a person's head to invoke spiritual blessing in Christian ordination|
laying waste	n|destruction achieved by causing something to be wrecked or ruined|
layman	n|someone who is not a clergyman or a professional person|
layoff	n|the act of laying off an employee or a work force|
layout	n|a plan or design of something that is laid out|	n|the act of laying out (as by making plans for something)|
layover	n|a brief stay in the course of a journey|they made a stopover to visit their friends
layperson	n|someone who is not a clergyman or a professional person|
layup	n|a basketball shot made with one hand from a position under or beside the basket (and usually banked off the backboard)|
lazar	n|a person afflicted with leprosy|
lazar house	n|hospital for persons with infectious diseases (especially leprosy)|
lazaret	n|hospital for persons with infectious diseases (especially leprosy)|
lazarette	n|hospital for persons with infectious diseases (especially leprosy)|
lazaretto	n|hospital for persons with infectious diseases (especially leprosy)|	n|a small locker at the stern of a boat or between decks of a ship|
lazarus	n|the person who Jesus raised from the dead after four days in the tomb; this miracle caused the enemies of Jesus to begin the plan to put him to death|	n|the diseased beggar in Jesus' parable of the rich man and the beggar|
laze	v|be idle; exist in a changeless situation|The old man sat and stagnated on his porch
lazily	adv|in a slow and lazy manner|I watched the blue smoke drift lazily away on the still air	adv|in an idle manner|this is what I always imagined myself doing in the south of France, sitting idly, drinking coffee, watching the people
laziness	n|inactivity resulting from a dislike of work|	n|relaxed and easy activity|the laziness of the day helped her to relax	n|apathy and inactivity in the practice of virtue (personified as one of the deadly sins)|
lazio	n|an ancient region of west central Italy (southeast of Rome) on the Tyrrhenian Sea|
lazuli	n|an azure blue semiprecious stone|
lazuline	n|a light shade of blue|
lazy	adj|moving slowly and gently|up a lazy river	adj|disinclined to work or exertion|faineant kings under whose rule the country languished
lazy daisy stitch	n|long chain stitches arranged in flower patterns|
lazy susan	n|a revolving tray placed on a dining table|
lazybones	n|a lazy person|
lazzaro spallanzani	n|Italian physiologist who disproved the theory of spontaneous generation (1729-1799)|
lb	n|16 ounces avoirdupois|he got a hernia when he tried to lift 100 pounds
lbf.	n|a nontechnical unit of force equal to the mass of 1 pound with an acceleration of free fall equal to 32 feet/sec/sec|
lcd	n|a digital display that uses liquid crystal cells that change reflectivity in an applied electric field; used for portable computer displays and watches etc.|
lcm	n|the smallest multiple that is exactly divisible by every member of a set of numbers|the least common multiple of 12 and 18 is 36
ld.	n|a company that is organized to give its owners limited liability|
ldl	n|a lipoprotein that transports cholesterol in the blood; composed of moderate amount of protein and a large amount of cholesterol; high levels are thought to be associated with increased risk of coronary heart disease and atherosclerosis|
ldl cholesterol	n|the cholesterol in low-density lipoproteins; the `bad' cholesterol; a high level in the blood is thought to be related to various pathogenic conditions|
le	n|a chronic inflammatory collagen disease affecting connective tissue (skin or joints)|
le carre	n|English writer of novels of espionage (born in 1931)|
le chatelier	n|French chemist who formulated Le Chatelier's principle (1850-1936)|
le chatelier principle	n|the principle that if any change is imposed on a system that is in equilibrium then the system tends to adjust to a new equilibrium counteracting the change|
le chatelier's law	n|the principle that if any change is imposed on a system that is in equilibrium then the system tends to adjust to a new equilibrium counteracting the change|
le chatelier's principle	n|the principle that if any change is imposed on a system that is in equilibrium then the system tends to adjust to a new equilibrium counteracting the change|
le chatelier-braun principle	n|the principle that if any change is imposed on a system that is in equilibrium then the system tends to adjust to a new equilibrium counteracting the change|
le corbusier	n|French architect (born in Switzerland) (1887-1965)|
le douanier rousseau	n|French primitive painter (1844-1910)|
le duc tho	n|Vietnamese diplomat who negotiated with Henry Kissinger to end the war in Vietnam (1911-1990)|
le havre	n|a port city in northern France on the English Channel at the mouth of the Seine|
le notre	n|French landscape gardener who designed many formal gardens including the parks of Versailles (1613-1700)|
lea	n|a unit of length of thread or yarn|	n|a field covered with grass or herbage and suitable for grazing by livestock|
leach	n|the process of leaching|	v|cause (a liquid) to leach or percolate|	v|permeate or penetrate gradually|the fertilizer leached into the ground	v|remove substances from by a percolating liquid|leach the soil
leaching	n|the process of leaching|
leacock	n|Canadian economist best remembered for his humorous writings (1869-1944)|
lead	v|take somebody somewhere|We lead him to our chief	v|produce as a result or residue|The water left a mark on the silk dress	v|tend to or result in|This remark lead to further arguments among the guests	v|travel in front of; go in advance of others|The procession was headed by John
lead acetate	n|a poisonous white solid (Pb[CH3CO]2) used in dyeing cotton and in making enamels and varnishes|
lead arsenate	n|a poisonous white solid (Pb3[AsO4]2) used as an insecticide|
lead astray	v|teach immoral behavior to|It was common practice to lead off the young ones, and teach them bad habits	v|lead someone in the wrong direction or give someone wrong directions|The pedestrian misdirected the out-of-town driver	v|cause someone to believe an untruth|The insurance company deceived me when they told me they were covering my house
lead bank	n|a bank named by a lending syndicate of several banks to protect their interests|
lead by the nose	v|conceal one's true motives from especially by elaborately feigning good intentions so as to gain an end|He bamboozled his professors into thinking that he knew the subject well
lead carbonate	n|a poisonous white pigment that contains lead|
lead chromate	n|a poisonous chromate of lead used as a pigment in paint|
lead colic	n|symptom of chronic lead poisoning and associated with obstinate constipation|
lead glass	n|glass containing lead oxide; has a high refractive index|
lead line	n|(nautical) plumb line for determining depth|
lead off	v|teach immoral behavior to|It was common practice to lead off the young ones, and teach them bad habits
lead on	v|entice or induce especially when unwise or mistaken|	v|be false to; be dishonest with|
lead ore	n|ore containing lead|
lead pencil	n|pencil that has graphite as the marking substance|
lead poisoning	n|toxic condition produced by the absorption of excessive lead into the system|
lead sheet	n|a sheet containing the words and melody for a song (and some indication of harmony) written in simple form|
lead story	n|a news story of major importance|
lead tetraethyl	n|a clear oily poisonous liquid added to gasoline to prevent knocking|
lead time	n|the time interval between the initiation and the completion of a production process|the lead times for many publications can vary tremendously
lead tree	n|low scrubby tree of tropical and subtropical North America having white flowers tinged with yellow resembling mimosa and long flattened pods|
lead up	v|set in motion, start an event or prepare the way for|Hitler's attack on Poland led up to World War II
lead-acid accumulator	n|a battery with lead electrodes with dilute sulphuric acid as the electrolyte; each cell generates about 2 volts|
lead-acid battery	n|a battery with lead electrodes with dilute sulphuric acid as the electrolyte; each cell generates about 2 volts|
lead-colored	adj|having the color of lead|
lead-coloured	adj|having the color of lead|
lead-free	adj|(of gasoline) not containing tetraethyl lead|lead-free gasoline
lead-in	n|the introductory section of a story|it was an amusing lead-in to a very serious matter	n|wire connecting an antenna to a receiver or a transmitter to a transmission line|
leaded	adj|(of panes of glass) fixed in place by means of thin strips of lead|leaded windowpanes	adj|treated or mixed with lead|leaded gasoline	adj|having thin strips of lead between the lines of type|
leaded bronze	n|bronze to which 1-4% lead is added|
leaded gasoline	n|gasoline treated with a lead compound to reduce motor knocks|combustion of leaded gasoline released lead into the air where it could cause lead poisoning
leaded petrol	n|gasoline treated with a lead compound to reduce motor knocks|combustion of leaded gasoline released lead into the air where it could cause lead poisoning
leaden	adj|darkened with overcast|a dark day	adj|made heavy or weighted down with weariness|his leaden arms	adj|made of lead|a leaden weight	adj|(of movement) slow and laborious|leaden steps
leader	n|a person who rules or guides or inspires others|	n|a featured article of merchandise sold at a loss in order to draw customers|
leaders	n|the body of people who lead a group|the national leadership adopted his plan
leadership	n|the activity of leading|his leadership inspired the team	n|the body of people who lead a group|the national leadership adopted his plan	n|the status of a leader|they challenged his leadership of the union	n|the ability to lead|he believed that leadership can be taught
leading	adj|indicating the most important performer or role|the leading man	adj|greatest in importance or degree or significance or achievement|our greatest statesmen	adj|going or proceeding or going in advance; showing the way|we rode in the leading car	adj|having the leading position or higher score in a contest|he is ahead by a pawn
leading astray	n|the act of enticing others into sinful ways|
leading edge	n|forward edge of an airfoil|
leading indicator	n|one of 11 indicators for different sections of the economy; used by the Department of Commerce to predict economic trends in the near future|
leading lady	n|actress who plays the leading female role|
leading light	n|a celebrity who is an inspiration to others|he was host to a large gathering of luminaries
leading man	n|actor who plays the leading male role|
leading off	n|the act of enticing others into sinful ways|
leading question	n|a question phrased in such a way as to suggest the desired answer; a lawyer may ask leading questions on cross-examination|
leading rein	n|rein to direct the horse's head left or right|
leading tone	n|(music) the seventh note of the diatonic scale|
leadless	adj|not treated with lead|unleaded gasoline
leadwort	n|a plant of the genus Plumbago with blue flowers|
leadwort family	n|perennial herbs and shrubs and lianas; cosmopolitan especially in saltwater areas|
leaf	n|the main organ of photosynthesis and transpiration in higher plants|	n|a sheet of any written or printed material (especially in a manuscript or book)|	n|hinged or detachable flat section (as of a table or door)|	v|look through a book or other written material|He thumbed through the report
leaf beet	n|beet lacking swollen root; grown as a vegetable for its edible leaves and stalks|	n|long succulent whitish stalks with large green leaves|
leaf beetle	n|brightly colored beetle that feeds on plant leaves; larvae infest roots and stems|
leaf blade	n|especially a leaf of grass or the broad portion of a leaf as distinct from the petiole|
leaf blight	n|any blight causing a browning and falling of the leaves of a plant|
leaf bud	n|a bud from which leaves (but not flowers) develop|
leaf bug	n|small bright-colored insect that feeds on plant juices|
leaf cast	n|a disease of conifers causing the needles to fall|
leaf disease	n|any plant disease localized in the foliage|
leaf fat	n|fat lining the abdomen and kidneys in hogs which is used to make lard|
leaf form	n|any of the various shape that leaves of plants can assume|
leaf insect	n|tropical insect having a flattened leaflike body; common in southern Asia and the East Indies|
leaf lard	n|fat lining the abdomen and kidneys in hogs which is used to make lard|
leaf lettuce	n|distinguished by leaves having curled or incised leaves forming a loose rosette that does not develop into a compact head|	n|lettuce with loosely curled leaves that do not form a compact head|
leaf miner	n|any of various small moths or dipterous flies whose larvae burrow into and feed on leaf tissue especially of the family Gracilariidae|
leaf mold	n|soil composed mainly of decaying leaves|
leaf mould	n|soil composed mainly of decaying leaves|
leaf mustard	n|Asiatic mustard used as a potherb|	n|leaves eaten as cooked greens|
leaf node	n|(botany) the small swelling that is the part of a plant stem from which one or more leaves emerge|
leaf roller	n|moth whose larvae form nests by rolling and tying leaves with spun silk|
leaf scorch	n|plant disease causing a burned or scorched appearance of the foliage|
leaf shape	n|any of the various shape that leaves of plants can assume|
leaf soil	n|soil composed mainly of decaying leaves|
leaf spring	n|long narrow spring consisting of several layers of metal springs bracketed together|
leaf-book	n|an unbound manuscript of some ancient classic (as distinguished from a scroll)|
leaf-cutter	n|bee that cuts rounded pieces from leaves and flowers to line its nest|
leaf-cutter bee	n|bee that cuts rounded pieces from leaves and flowers to line its nest|
leaf-cutting bee	n|bee that cuts rounded pieces from leaves and flowers to line its nest|
leaf-foot bug	n|large sap-sucking bug with leaflike expansions on the legs|
leaf-footed bug	n|large sap-sucking bug with leaflike expansions on the legs|
leaf-like	adj|resembling a leaf|
leaf-miner	n|any of various small moths or dipterous flies whose larvae burrow into and feed on leaf tissue especially of the family Gracilariidae|
leaf-nosed bat	n|bat having a leaflike flap at the end of the nose; especially of the families Phyllostomatidae and Rhinolophidae and Hipposideridae|
leaf-nosed snake	n|any of various pale blotched snakes with a blunt snout of southwestern North America|
leaf-roller	n|moth whose larvae form nests by rolling and tying leaves with spun silk|
leafage	n|the main organ of photosynthesis and transpiration in higher plants|
leafed	adj|having leaves or leaves as specified; often used in combination|a fully leafed tree
leafhopper	n|small leaping insect that sucks the juices of plants|
leafing	n|(botany) the process of forming leaves|
leafless	adj|having no leaves|
leaflet	n|a thin triangular flap of a heart valve|	n|part of a compound leaf|	n|a small book usually having a paper cover|
leaflike	adj|resembling a leaf|
leafnose bat	n|bat having a leaflike flap at the end of the nose; especially of the families Phyllostomatidae and Rhinolophidae and Hipposideridae|
leafstalk	n|the slender stem that supports the blade of a leaf|
leafy	adj|having or covered with leaves|leafy trees
leafy liverwort	n|moss-like liverwort with tiny scalelike leaves; usually epiphytic|
leafy spurge	n|tall European perennial naturalized and troublesome as a weed in eastern North America|
leafy vegetable	n|any of various leafy plants or their leaves and stems eaten as vegetables|
leafy-stemmed	adj|having a leafy stem|
league	n|an association of sports teams that organizes matches for its members|	n|an association of states or organizations or individuals for common action|	n|an obsolete unit of distance of variable length (usually 3 miles)|	v|unite to form a league|
league of iroquois	n|a league of Iroquois tribes including originally the Mohawk, Oneida, Onondaga, Cayuga and Seneca (the Five Nations); after 1722 they were joined by the Tuscarora (the Six Nations)|
league together	v|attach oneself to a group|
leak	n|an accidental hole that allows something (fluid or light etc.) to enter or escape|one of the tires developed a leak	n|soft watery rot in fruits and vegetables caused by fungi|	n|a euphemism for urination|he had to take a leak	n|the discharge of a fluid from some container|they tried to stop the escape of gas from the damaged pipe
leak fungus	n|fungus causing soft watery rot in fruits and vegetables and rings of dry rot around roots of sweet potatoes|
leak out	v|be leaked|The news leaked out despite his secrecy
leakage	n|the discharge of a fluid from some container|they tried to stop the escape of gas from the damaged pipe
leaker	n|a surreptitious informant|the president wanted to know who the leakers were
leakey	n|English paleontologist (son of Louis Leakey and Mary Leakey) who continued the work of his parents; he was appointed director of a wildlife preserve in Kenya but resigned under political pressure (born in 1944)|	n|English paleontologist (the wife of Louis Leakey) who discovered the Zinjanthropus skull that was 1,750,000 years old (1913-1996)|	n|English paleontologist whose account of fossil discoveries in Tanzania changed theories of human evolution (1903-1972)|
leakiness	n|the condition of permitting leaks or leakage|the leakiness of the roof
leakproof	adj|not subject to leaks|
leaky	adj|permitting the unwanted passage of fluids or gases|a leaky roof	adj|used informally; unable to retain urine|	adj|prone to communicate confidential information|
leal	adj|faithful and true|leal to the core of her intrepid Scottish heart"- Harry Lauder
lean	v|to incline or bend from a vertical position|She leaned over the banister	v|cause to lean or incline|He leaned his rifle against the wall	v|have a tendency or disposition to do or be something; be inclined|She tends to be nervous before her lectures	v|rely on for support|We can lean on this man
lean against	v|rest on for support|you can lean on me if you get tired
lean back	v|move the upper body backwards and down|
lean on	v|rest on for support|you can lean on me if you get tired
lean-to	n|rough shelter whose roof has only one slope|
lean-to tent	n|tent that is attached to the side of a building|
leander	n|(Greek mythology) a youth beloved of Hero who drowned in a storm in the Hellespont on one of his nightly visits to see her|
leaner	n|(horseshoes) the throw of a horseshoe so as to lean against (but not encircle) the stake|
leaning	adj|departing or being caused to depart from the true vertical or horizontal|the leaning tower of Pisa	n|an inclination to do something|he felt leanings toward frivolity	n|a natural inclination|he has a proclivity for exaggeration	n|the property possessed by a line or surface that departs from the vertical|the tower had a pronounced tilt
leaning tower	n|a tall round marble campanile in Pisa that is not perpendicular; construction was begun in 1174|
leaning tower of pisa	n|a tall round marble campanile in Pisa that is not perpendicular; construction was begun in 1174|
leanness	n|the quality of being meager|an exiguity of cloth that would only allow of miniature capes"-George Eliot	n|the property of having little body fat|
leap	n|a light, self-propelled movement upwards or forwards|	n|an abrupt transition|a successful leap from college to the major leagues	n|a sudden and decisive increase|a jump in attendance	n|the distance leaped (or to be leaped)|a leap of 10 feet
leap day	n|the name of the day that is added during a leap year|
leap out	v|be highly noticeable|	v|jump out from a hiding place and surprise (someone)|The attackers leapt out from the bushes
leap second	n|a second (as measured by an atomic clock) added to or subtracted from Greenwich Mean Time in order to compensate for slowing in the Earth's rotation|
leap year	n|a calendar year with an extra day added in February|
leaper	n|someone who bounds or leaps (as in competition)|
leapfrog	n|advancing as if in the child's game, by leaping over obstacles or competitors|the company still believes the chip is a leapfrog in integration and will pay huge dividends	n|a game in which one child bends down and another leaps over|	v|jump across|He leapfrogged his classmates	v|progress by large jumps instead of small increments|
leaping	n|a light, self-propelled movement upwards or forwards|
lear	n|British artist and writer of nonsense verse (1812-1888)|	n|the hero of William Shakespeare's tragedy who was betrayed and mistreated by two of his scheming daughters|
learn	v|gain knowledge or skills|She learned dancing from her sister	v|get to know or become aware of, usually accidentally|I learned that she has two grown-up children	v|commit to memory; learn by heart|Have you memorized your lines for the play yet?	v|be a student of a certain subject|She is reading for the bar exam
learned	adj|having or showing profound knowledge|a learned jurist	adj|highly educated; having extensive information or understanding|knowing instructors	adj|established by conditioning or learning|a conditioned response
learned person	n|someone who has been admitted to membership in a scholarly field|
learned profession	n|one of the three professions traditionally believed to require advanced learning and high principles|
learned reaction	n|a reaction that has been acquired by learning|
learned response	n|a reaction that has been acquired by learning|
learnedly	adv|with erudition; in an erudite manner|he talked eruditely about Indian mythology
learnedness	n|profound scholarly knowledge|
learner	n|someone (especially a child) who learns (as from a teacher) or takes up knowledge or beliefs|	n|works for an expert to learn a trade|
learner's dictionary	n|a dictionary specially written for those learning a foreign language|
learner's permit	n|a document authorizing the bearer to learn to drive an automobile|
learning	n|the cognitive process of acquiring skill or knowledge|the child's acquisition of language	n|profound scholarly knowledge|
learning ability	n|mental ability|he's got plenty of brains but no common sense
learning curve	n|a graph showing the rate of learning (especially a graph showing the amount recalled as a function of the number of attempts to recall)|
learning disability	n|a disorder found in children of normal intelligence who have difficulties in learning specific skills|
learning disorder	n|a disorder found in children of normal intelligence who have difficulties in learning specific skills|
lease	n|property that is leased or rented out or let|	n|a contract granting use or occupation of property during a specified time for a specified payment|	n|the period of time during which a contract conveying property to a person is in effect|	v|let for money|We rented our apartment to friends while we were abroad
lease giver	n|someone who grants a lease|
lease-lend	n|the transfer of goods and services to an ally to aid in a common cause|lend-lease during World War II was extremely generous
leased	adj|hired for the exclusive temporary use of a group of travelers|a chartered plane
leasehold	n|land or property held under a lease|
leaseholder	n|a tenant who holds a lease|
leash	n|restraint consisting of a rope (or light chain) used to restrain an animal|	n|the cardinal number that is the sum of one and one and one|	n|a figurative restraint|asked for a collar on program trading in the stock market	v|fasten with a rope|rope the bag securely
least	adj|the superlative of `little' that can be used with mass nouns and is usually preceded by `the'; a quantifier meaning smallest in amount or extent or degree|didn't care the least bit	adv|used to form the superlative|The garter snake is the least dangerous snake	n|something that is of no importance|it is the least I can do
least common multiple	n|the smallest multiple that is exactly divisible by every member of a set of numbers|the least common multiple of 12 and 18 is 36
least effort	n|the least effortful way to do something|
least of all	adv|especially not|nobody, least of all Joe, agreed with me
least resistance	n|the least effortful way to do something|
least squares	n|a method of fitting a curve to data points so as to minimize the sum of the squares of the distances of the points from the curve|
leastways	adv|if nothing else (`leastwise' is informal and `leastways' is colloquial)|at least he survived
leastwise	adv|if nothing else (`leastwise' is informal and `leastways' is colloquial)|at least he survived
leather	n|an animal skin made smooth and flexible by removing the hair and then tanning|	v|whip with a leather strap|
leather carp	n|scaleless domestic carp|
leather fern	n|stout tropical swamp fern (especially tropical America) having large fronds with golden yellow sporangia covering the undersides|	n|widely distributed fern of tropical southern hemisphere having leathery pinnatifid fronds|
leather soap	n|a mild soap for cleansing and conditioning leather|
leather strip	n|implement consisting of a strip of leather|
leather-leafed	adj|having leathery leaves|
leather-leaved	adj|having leathery leaves|
leatherback	n|wide-ranging marine turtle with flexible leathery carapace; largest living turtle|
leatherback turtle	n|wide-ranging marine turtle with flexible leathery carapace; largest living turtle|
leathered	adj|resembling or made to resemble leather; tough but pliable|
leatherette	n|fabric made to look like leather|
leatherfish	n|any of several brightly colored tropical filefishes|
leatherjack	n|any of several New World tropical fishes having tiny embedded scales|
leatherjacket	n|any of several brightly colored tropical filefishes|	n|any of several New World tropical fishes having tiny embedded scales|	n|tough-skinned larva of certain crane flies|
leatherleaf	n|stiff leathery-leaved fern of western North America having ovate fronds parted to the midrib|	n|north temperate bog shrub with evergreen leathery leaves and small white cylindrical flowers|
leatherleaf fern	n|widely distributed fern of tropical southern hemisphere having leathery pinnatifid fronds|
leatherleaf saxifrage	n|plant with basal leathery elliptic leaves and erect leafless flower stalks each bearing a dense roundish cluster of tiny white flowers; moist places of northwestern North America to Oregon and Idaho|
leatherlike	adj|resembling or made to resemble leather; tough but pliable|
leatherwood	n|deciduous shrub of eastern North America having tough flexible branches and pliable bark and small yellow flowers|
leatherwork	n|work made of leather|
leathery	adj|resembling or made to resemble leather; tough but pliable|
leathery grape fern	n|European fern with leathery and sparsely hairy fronds|
leathery polypody	n|stiff leathery-leaved fern of western North America having ovate fronds parted to the midrib|
leathery turtle	n|wide-ranging marine turtle with flexible leathery carapace; largest living turtle|
leave	v|go away from a place|At what time does your train leave?	v|go and leave behind, either intentionally or by neglect or forgetfulness|She left a mess when she moved out	v|act or be so as to become in a specified state|The inflation left them penniless	v|leave unchanged or undisturbed or refrain from taking|leave it as is
leave alone	v|leave unchanged or undisturbed or refrain from taking|leave it as is
leave behind	v|depart and not take along|He left behind all his possessions when he moved to Europe	v|be survived by after one's death|He left six children	v|leave unchanged or undisturbed or refrain from taking|leave it as is
leave no stone unturned	v|search thoroughly and exhaustively|The police left no stone unturned in looking for the President's murderer
leave of absence	n|the period of time during which you are absent from work or duty|a ten day's leave to visit his mother
leave off	v|come to an end, stop or cease|the road leaves off at the edge of the forest	v|prevent from being included or considered or accepted|The bad results were excluded from the report	v|stop using|leave off your jacket--no need to wear it here
leave office	v|give up or retire from a position|The Secretary of the Navy will leave office next month
leave out	v|prevent from being included or considered or accepted|The bad results were excluded from the report	v|leave undone or leave out|How could I miss that typo?
leave-taking	n|the act of departing politely|he disliked long farewells
leaved	adj|having leaves or leaves as specified; often used in combination|a fully leafed tree
leaven	n|a substance used to produce fermentation in dough or a liquid|	n|an influence that works subtly to lighten or modify something|his sermons benefited from a leavening of humor	v|cause to puff up with a leaven|unleavened bread
leavened	adj|made light by aerating, as with yeast or baking powder; often used as a combining form|leavened bread
leavening	n|an influence that works subtly to lighten or modify something|his sermons benefited from a leavening of humor	n|a substance used to produce fermentation in dough or a liquid|
leaver	n|someone who leaves|
leaving	n|the act of departing|
lebanese	adj|of or relating to or characteristic of Lebanon or its people|Lebanese mountains	n|a native or inhabitant of Lebanon|
lebanese hizballah	n|a Shiite terrorist organization with strong ties to Iran; seeks to create an Iranian fundamentalist Islamic state in Lebanon; car bombs are the signature weapon|
lebanese monetary unit	n|monetary unit in Lebanon|
lebanese pound	n|the basic unit of money in Lebanon; equal to 100 piasters|
lebanese republic	n|an Asian republic at east end of Mediterranean|
lebanon	n|an Asian republic at east end of Mediterranean|
lebensraum	n|space sought for occupation by a nation whose population is expanding|
lebistes	n|guppies|
lebistes reticulatus	n|small freshwater fish of South America and the West Indies; often kept in aquariums|
leboyer method	n|a method of childbirth that tries to minimize the trauma for the newborn; delivery occurs in a quiet dimly lit room and the infant's head is not pulled and immediate bonding between mother and child is encouraged|
leboyer method of childbirth	n|a method of childbirth that tries to minimize the trauma for the newborn; delivery occurs in a quiet dimly lit room and the infant's head is not pulled and immediate bonding between mother and child is encouraged|
lecanopteris	n|any of several bizarre ferns of the genus Lecanopteris having swollen hollow rhizomes that provide homes for symbiotic ants|
lecanora	n|any lichen of the genus Lecanora; some used in dyeing; some used for food|
lecanoraceae	n|a fungus family of the division Lichenes|
leccinum	n|a genus of fungi belonging to the family Boletaceae|
leccinum fibrillosum	n|an edible fungus with a dark reddish brown cap and a wide light tan stalk that expands toward the base|
lech	n|man with strong sexual desires|
lech after	v|have a strong sexual desire for|he is lusting after his secretary
lech walesa	n|Polish labor leader and statesman (born in 1943)|
lechanorales	n|category used in some classification systems for all lichens that produce apothecia|
lechatelierite	n|colorless glass made of almost pure silica|
lecher	n|man with strong sexual desires|
lecherous	adj|given to excessive indulgence in sexual activity|a lecherous gleam in his eye
lecherousness	n|a strong sexual desire|
lechery	n|unrestrained indulgence in sexual activity|
lechwe	n|tawny-colored African antelope inhabiting wet grassy plains; a threatened species|
lecithin	n|a yellow phospholipid essential for the metabolism of fats; found in egg yolk and in many plant and animal cells; used commercially as an emulsifier|
leclanche cell	n|voltaic cell that produces approximately 1.5 volts|
lectern	n|desk or stand with a slanted top used to hold a text at the proper height for a lecturer|
lectin	n|any of several plant glycoproteins that act like specific antibodies but are not antibodies in that they are not evoked by an antigenic stimulus|
lector	n|someone who reads the lessons in a church service; someone ordained in a minor order of the Roman Catholic Church|	n|a public lecturer at certain universities|
lecture	v|deliver a lecture or talk|She will talk at Rutgers next week	v|censure severely or angrily|The mother scolded the child for entering a stranger's car	n|a speech that is open to the public|he attended a lecture on telecommunications	n|a lengthy rebuke|a good lecture was my father's idea of discipline
lecture demonstration	n|presentation of an example of what the lecturer is discoursing about|
lecture room	n|classroom where lectures are given|
lecturer	n|a public lecturer at certain universities|	n|someone who lectures professionally|
lectureship	n|the post of lecturer|
lecturing	n|teaching by giving a discourse on some subject (typically to a class)|
lecythidaceae	n|large tropical trees bearing large fruits with woody skins|
led	n|diode such that light emitted at a p-n junction is proportional to the bias current; color depends on the material used|
leda	n|(Greek mythology) a queen of Sparta who was raped by Zeus who had taken the form of a swan; Helen of Troy was conceived in the rape of Leda|
lede	n|the introductory section of a story|it was an amusing lead-in to a very serious matter
ledercillin vk	n|a form of penicillin V (trade name Ledercillin VK)|
lederhosen	n|leather shorts often worn with suspenders; worn especially by men and boys in Bavaria|
ledge	n|a projecting ridge on a mountain or submerged under water|
ledgeman	n|a quarry worker who splits off blocks of stone|
ledger	n|a record in which commercial accounts are recorded|they got a subpoena to examine our books	n|an accounting journal as a physical object|he bought a new daybook
ledger board	n|top rail of a fence or balustrade|
ledger entry	n|a written record of a commercial transaction|
ledger line	n|a short line; a notation for extending the range above or below the staff|
ledger paper	n|a durable writing paper used in record books and business ledgers|
ledum	n|evergreen shrubs of north temperate regions|
ledum palustre	n|bog shrub of northern and central Europe and eastern Siberia to Korea and Japan|
lee	adj|towards the side away from the wind|	n|the side of something that is sheltered from the wind|
lee side	n|the side of something that is sheltered from the wind|
lee tide	n|a tide that runs in the same direction as the wind is blowing|a leeward tide is dangerous for small boats
leech	n|carnivorous or bloodsucking aquatic or terrestrial worms typically having a sucker at each end|	n|a follower who hangs around a host (without benefit to the host) in hope of gain or advantage|	v|draw blood|In the old days, doctors routinely bled patients as part of the treatment
leech onto	v|admire boundlessly and follow around|the groupies leeched onto the rock star
leechee	n|Chinese fruit having a thin brittle shell enclosing a sweet jellylike pulp and a single seed; often dried|
leechlike	adj|of plants or persons; having the nature or habits of a parasite or leech; living off another|a wealthy class parasitic upon the labor of the masses
leeds	n|a city on the River Aire in West Yorkshire in northern England; a center of the clothing industry|
leek	n|plant having a large slender white bulb and flat overlapping dark green leaves; used in cooking; believed derived from the wild Allium ampeloprasum|	n|related to onions; white cylindrical bulb and flat dark-green leaves|
leer	v|look suggestively or obliquely; look or gaze with a sly, immodest, or malign expression|The men leered at the young women on the beach	n|a facial expression of contempt or scorn; the upper lip curls|	n|a suggestive or sneering look or grin|
leering	adj|showing sly or knowing malice in a glance|she had run in fear of...his evil leering eye"- Amy Lowell	adj|(of a glance) sidelong and slyly lascivious|leering drugstore cowboys
leery	adj|openly distrustful and unwilling to confide|
lees	n|the sediment from fermentation of an alcoholic beverage|
leeuwenhoek	n|Dutch pioneer microscopist who was among the first to recognize cells in animals and who gave the first accurate descriptions of microbes and spermatozoa and blood corpuscles (1632-1723)|
leeward	adj|on the side away from the wind|on the leeward side of the island	adv|away from the wind|they were sailing leeward	n|the direction in which the wind is blowing|	n|the side of something that is sheltered from the wind|
leeward islands	n|a group of islands in the eastern West Indies|
leeward side	n|the side sheltered from the wind|
leeward tide	n|a tide that runs in the same direction as the wind is blowing|a leeward tide is dangerous for small boats
leeway	n|(of a ship or plane) sideways drift|	n|a permissible difference; allowing some freedom to move within limits|
leflunomide	n|an anti-TNF compound (trade name Arava) that is given orally; can slow the progression of rheumatoid arthritis by slowing the proliferation of white blood cells which reduces inflammation in the synovium|
left	n|location near or direction toward the left side; i.e. the side to the north when a person or object faces east|she stood on the left	n|those who support varying degrees of social or political or economic change designed to promote the public welfare|	n|the hand that is on the left side of the body|jab with your left	n|the piece of ground in the outfield on the catcher's left|the batter flied out to left
left atrioventricular valve	n|valve with two cusps; situated between the left atrium and the left ventricle|
left atrium	n|the left upper chamber of the heart that receives blood from the pulmonary veins|
left atrium of the heart	n|the left upper chamber of the heart that receives blood from the pulmonary veins|
left bank	n|the region of Paris on the southern bank of the Seine; a center of artistic and student life|
left brain	n|the cerebral hemisphere to the left of the corpus callosum that controls the right half of the body|
left coronary artery	n|arises from the left aortic sinus; supplies the left side of the heart|
left field	n|the piece of ground in the outfield on the catcher's left|the batter flied out to left	n|the fielding position of the player on a baseball team who is expected to field balls in the left third of the outfield (looking from home plate)|
left fielder	n|the person who plays left field|
left gastric artery	n|a branch of the celiac artery that supplies the lesser curvature of the stomach and the abdominal part of the esophagus|
left gastric vein	n|arises from a union of veins from the gastric cardia; runs in the lesser omentum; empties into the portal vein|
left hand	n|the hand that is on the left side of the body|jab with your left
left hander	n|a baseball pitcher who throws the ball with the left hand|
left hemisphere	n|the cerebral hemisphere to the left of the corpus callosum that controls the right half of the body|
left over	adj|not used up|leftover meatloaf
left stage	n|the part of the stage on the actor's left as the actor faces the audience|
left ventricle	n|the chamber on the left side of the heart that receives arterial blood from the left atrium and pumps it into the aorta|
left wing	n|those who support varying degrees of social or political or economic change designed to promote the public welfare|
left-eyed	adj|having only the left eye|
left-hand	adj|intended for the left hand|I rarely lose a left-hand glove	adj|located on or directed toward the left|a car with left-hand drive
left-handed	adj|using or intended for the left hand|left-handed golfers need left-handed clubs	adj|(of marriages) illicit or informal|in Colonial America left-handed marriages between Frenchmen and Indians were frequent	adj|(of marriages) of a marriage between one of royal or noble birth and one of lower rank; valid but with the understanding that the rank of the inferior remains unchanged and offspring do not succeed to titles or property of the superior|	adj|rotating to the left|
left-handed pitcher	n|a baseball pitcher who throws the ball with the left hand|
left-handedness	n|the status of being born of a morganatic marriage|	n|preference for using the left hand|
left-hander	n|a baseball pitcher who throws the ball with the left hand|	n|a person who uses the left hand with greater skill than the right|their pitcher was a southpaw
left-luggage office	n|a room where baggage or parcels are checked|
left-of-center	adj|believing in or supporting tenets of the political left|
left-slanting	adj|(of handwriting) having the letters slanting backward|
left-wing	adj|believing in or supporting tenets of the political left|
left-winger	n|a person who belongs to the political left|
lefteye flounder	n|flatfishes with both eyes on the left side of the head|
lefteyed flounder	n|flatfishes with both eyes on the left side of the head|
leftfield	n|the piece of ground in the outfield on the catcher's left|the batter flied out to left	n|the fielding position of the player on a baseball team who is expected to field balls in the left third of the outfield (looking from home plate)|
lefthander	n|a baseball pitcher who throws the ball with the left hand|
leftish	adj|tending toward the political left|
leftism	n|the ideology of the political left; belief in or support of the tenets of the political left|
leftist	adj|believing in or supporting tenets of the political left|	n|a person who belongs to the political left|
leftmost	adj|farthest to the left|the leftmost non-zero digit
leftover	adj|not used up|leftover meatloaf	n|a small part or portion that remains after the main part no longer exists|
leftovers	n|food remaining from a previous meal|he had leftovers for dinner last night
lefty	n|a person who uses the left hand with greater skill than the right|their pitcher was a southpaw	n|a baseball pitcher who throws the ball with the left hand|
leg	n|a human limb; commonly used to refer to a whole limb but technically only the part of the limb between the knee and ankle|	n|a structure in animals that is similar to a human leg and used for locomotion|	n|one of the supports for a piece of furniture|	n|a part of a forked or branching shape|he broke off one of the branches
leg bone	n|a bone of the leg|
leg covering	n|a garment covering the leg (usually extending from the knee to the ankle)|
leg curl	n|an exercise designed to strengthen the flexor muscles of the leg|
leg curling	n|an exercise designed to strengthen the flexor muscles of the leg|
leg exercise	n|exercise designed to strengthen the leg muscles|
leg extensor	n|an exercise designed to strengthen the extensor muscles of the leg|
leg it	v|walk|let's hoof it to the disco
leg of lamb	n|lamb leg suitable for roasting|
leg-pull	n|as a joke: trying to make somebody believe something that is not true|
leg-pulling	n|as a joke: trying to make somebody believe something that is not true|
legacy	n|(law) a gift of personal property by will|
legal	adj|established by or founded upon law or official or accepted rules|	adj|of or relating to jurisprudence|legal loophole	adj|having legal efficacy or force|a sound title to the property	adj|relating to or characteristic of the profession of law|the legal profession
legal action	n|a judicial proceeding brought by one party against another; one party prosecutes another for a wrong done or for protection of a right or for prevention of a wrong|
legal age	n|the age at which persons are considered competent to manage their own affairs|
legal assistant	n|a person with specialized training who assists lawyers|
legal blindness	n|vision that is 20/200 or worse in both eyes (20/200 vision is the ability to see at 20 feet what a normal eye can see at 200 feet)|
legal brief	n|a document stating the facts and points of law of a client's case|
legal code	n|a code of laws adopted by a state or nation|a code of laws
legal community	n|the body of individuals qualified to practice law in a particular jurisdiction|he was admitted to the bar in New Jersey
legal document	n|(law) a document that states some contractual relationship or grants some right|
legal duty	n|acts which the law requires be done or forborne|
legal expert	n|a legal scholar versed in civil law or the law of nations|
legal fee	n|a fee paid for legal service|
legal fraud	n|comprises all acts or omissions or concealments involving breach of equitable or legal duty or trust or confidence|
legal guardian	n|a person (or institution) to whom legal title to property is entrusted to use for another's benefit|
legal holiday	n|authorized by law and limiting work or official business|
legal injury	n|any harm or injury resulting from a violation of a legal right|
legal instrument	n|(law) a document that states some contractual relationship or grants some right|
legal jointure	n|(law) an estate secured to a prospective wife as a marriage settlement in lieu of a dower|
legal opinion	n|the legal document stating the reasons for a judicial decision|opinions are usually written by a single judge
legal ouster	n|the expulsion of someone (such as a tenant) from the possession of land by process of law|
legal philosophy	n|the branch of philosophy concerned with the law and the principles that lead courts to make the decisions they do|
legal power	n|(law) the right and power to interpret and apply the law|courts having jurisdiction in this district
legal principle	n|(law) a principle underlying the formulation of jurisprudence|
legal proceeding	n|(law) the institution of a sequence of steps by which legal judgments are invoked|
legal profession	n|the body of individuals qualified to practice law in a particular jurisdiction|he was admitted to the bar in New Jersey
legal relation	n|a professional relation that is regulated by law (as between a lawyer and a client)|
legal representation	n|personal representation that has legal status|an person who has been declared incompetent should have legal representation
legal representative	n|a personal representative with legal standing (as by power of attorney or the executor of a will)|
legal residence	n|(law) the residence where you have your permanent home or principal establishment and to where, whenever you are absent, you intend to return; every person is compelled to have one and only one domicile at a time|what's his legal residence?
legal right	n|a right based in law|
legal separation	n|a judicial decree regulating the rights and responsibilities of a married couple living apart|	n|(law) the cessation of cohabitation of man and wife (either by mutual agreement or under a court order)|
legal status	n|a status defined by law|
legal system	n|a system for interpreting and enforcing the laws|
legal tender	n|something that can be used as an official medium of payment|
legal transfer	n|the voluntary transfer of something (title or possession) from one party to another|
legalese	n|a style that uses the abstruse technical vocabulary of the law|
legalisation	n|the act of making lawful|
legalise	v|make legal|Marijuana should be legalized
legalism	n|strict conformity to the letter of the law rather than its spirit|
legality	n|lawfulness by virtue of conformity to a legal statute|
legalization	n|the act of making lawful|
legalize	v|make legal|Marijuana should be legalized
legally	adv|by law; conforming to the law|we are lawfully wedded now	adv|in a legal manner|he acted legally
legate	n|a member of a legation|
legatee	n|someone to whom a legacy is bequeathed|
legateship	n|the post or office of legate|
legation	n|the post or office of legate|	n|a permanent diplomatic mission headed by a minister|
legato	adj|(music) without breaks between notes; smooth and connected|a legato passage	adv|connecting the notes; in music|play this legato, please
legend	n|a story about mythical or supernatural beings or events|	n|brief description accompanying an illustration|
legendary	adj|so celebrated as to having taken on the nature of a legend|the legendary exploits of the arctic trailblazers	adj|celebrated in fable or legend|the fabled Paul Bunyan and his blue ox
legendary creature	n|a monster that is unverifiable but popularly accepted as possibly factual|
leger	n|a record in which commercial accounts are recorded|they got a subpoena to examine our books	n|French painter who was an early cubist (1881-1955)|
leger line	n|a short line; a notation for extending the range above or below the staff|
legerdemain	n|an illusory feat; considered magical by naive observers|
legerity	n|the gracefulness of a person or animal that is quick and nimble|
legged	adj|having legs of a specified kind or number|four-legged animals
legging	n|a garment covering the leg (usually extending from the knee to the ankle)|
leggy	adj|(of plants) having tall spindly stems|	adj|having long legs|
leghorn	n|a stiff hat made of straw with a flat crown|
legibility	n|distinctness that makes perception easy|	n|a quality of writing (print or handwriting) that can be easily read|
legible	adj|(of handwriting, print, etc.) capable of being read or deciphered|legible handwriting
legibly	adv|in a legible manner|you must write legibly
leging	n|a garment covering the leg (usually extending from the knee to the ankle)|
legion	n|archaic terms for army|	n|a large military unit|the French Foreign Legion	n|a vast multitude|	adj|amounting to a large indefinite number|numerous times
legionary	n|a soldier who is a member of a legion (especially the French Foreign Legion)|
legionary ant	n|tropical nomadic ant that preys mainly on other insects|
legionella	n|the motile aerobic rod-shaped Gram-negative bacterium that thrives in central heating and air conditioning systems and can cause Legionnaires' disease|
legionella pneumophilia	n|the motile aerobic rod-shaped Gram-negative bacterium that thrives in central heating and air conditioning systems and can cause Legionnaires' disease|
legionnaire	n|a soldier who is a member of a legion (especially the French Foreign Legion)|
legislate	v|make laws, bills, etc. or bring into effect by legislation|They passed the amendment
legislating	n|the act of making or enacting laws|
legislation	n|law enacted by a legislative body|	n|the act of making or enacting laws|
legislative	adj|relating to a legislature or composed of members of a legislature|legislative council	adj|of or relating to or created by legislation|legislative proposal
legislative act	n|an act passed by a legislative body|
legislative assembly	n|persons who make or amend or repeal laws|
legislative body	n|persons who make or amend or repeal laws|
legislative council	n|a unicameral legislature|
legislatively	adv|by legislation|legislatively determined
legislator	n|someone who makes or enacts laws|
legislatorship	n|the office of legislator|
legislature	n|persons who make or amend or repeal laws|
legitimacy	n|lawfulness by virtue of being authorized or in accordance with law|	n|undisputed credibility|
legitimate	adj|of marriages and offspring; recognized as lawful|	adj|based on known statements or events or conditions|rain was a logical expectation, given the time of year	adj|in accordance with recognized or accepted standards or principles|legitimate advertising practices	adj|authorized, sanctioned by, or in accordance with law|a legitimate government
legitimately	adv|in a manner acceptable to common custom|you cannot do this legitimately!	adv|in a lawfully recognized manner|let's get married so our child can be born legitimately
legitimation	n|the act of rendering a person legitimate|he has filial rights because he obtained letters of legitimation from the king	n|the act of making lawful|
legitimatise	v|make legal|Marijuana should be legalized
legitimatize	v|make legal|Marijuana should be legalized
legitimise	v|make legal|Marijuana should be legalized
legitimize	v|make legal|Marijuana should be legalized
legless	adj|not having legs|a legless man in a wheelchair
legless lizard	n|degenerate wormlike burrowing lizard of California closely related to alligator lizards|
leglike	adj|resembling or functioning like a leg|leglike appendages
lego	n|(trademark) a child's plastic construction set for making mechanical models|
lego set	n|(trademark) a child's plastic construction set for making mechanical models|
legs	n|staying power|that old Broadway play really has legs
legume	n|an erect or climbing bean or pea plant of the family Leguminosae|	n|the fruit or seed of any of various bean or pea plants consisting of a case that splits along both sides when ripe and having the seeds attach to one side of the case|	n|the seedpod of a leguminous plant (such as peas or beans or lentils)|
legume family	n|a large family of trees, shrubs, vines, and herbs bearing bean pods; divided for convenience into the subfamilies Caesalpiniaceae; Mimosaceae; Papilionaceae|
leguminosae	n|a large family of trees, shrubs, vines, and herbs bearing bean pods; divided for convenience into the subfamilies Caesalpiniaceae; Mimosaceae; Papilionaceae|
leguminous	adj|relating to or consisting of legumes|
leguminous plant	n|an erect or climbing bean or pea plant of the family Leguminosae|
lehar	n|Hungarian composer of light operas (1870-1948)|
lehigh river	n|a river in eastern Pennsylvania that flows southeast into the Delaware River|
lei	n|flower arrangement consisting of a circular band of foliage or flowers for ornamental purposes|
leibnitz	n|German philosopher and mathematician who thought of the universe as consisting of independent monads and who devised a system of the calculus independent of Newton (1646-1716)|
leibnitzian	adj|of or relating to Gottfried Wilhelm Leibniz or to his mathematics or philosophy|
leibniz	n|German philosopher and mathematician who thought of the universe as consisting of independent monads and who devised a system of the calculus independent of Newton (1646-1716)|
leibnizian	adj|of or relating to Gottfried Wilhelm Leibniz or to his mathematics or philosophy|
leicester	n|a largely agricultural county in central England|	n|an industrial city in Leicestershire in central England; built on the site of a Roman settlement|
leicestershire	n|a largely agricultural county in central England|
leichtlin's camas	n|camas found to the west of Cascade Mountains|
leiden	n|a city in the western Netherlands; residence of the Pilgrim Fathers for 11 years before they sailed for America in 1620|
leiden jar	n|an electrostatic capacitor of historical interest|
leigh	n|English film actress (1913-1967)|
leigh hunt	n|British writer who defended the Romanticism of Keats and Shelley (1784-1859)|
leiomyoma	n|benign tumor of smooth muscle (usually in the uterus or digestive tract)|
leiomyosarcoma	n|sarcoma of smooth muscle; occurs most often digestive tract or uterus or bladder or prostate|
leiopelma	n|type and sole genus of the family Leiopelmatidae|
leiopelmatidae	n|primitive New Zealand frogs|
leiophyllum	n|one species: sand myrtle|
leiophyllum buxifolium	n|low-growing evergreen shrub of New Jersey to Florida grown for its many white star-shaped flowers and glossy foliage|
leipoa	n|Australian mound bird; incubates eggs naturally in sandy mounds|
leipoa ocellata	n|Australian mound bird; incubates eggs naturally in sandy mounds|
leipzig	n|a city in southeastern Germany famous for fairs; formerly a music and publishing center|
leishmania	n|flagellate protozoan that causes leishmaniasis|
leishmaniasis	n|sores resulting from a tropical infection by protozoa of the genus Leishmania which are spread by sandflies|
leishmaniosis	n|sores resulting from a tropical infection by protozoa of the genus Leishmania which are spread by sandflies|
leister	n|a spear with three or more prongs; used for spearing fish (especially salmon)|
leisure	n|time available for ease and relaxation|his job left him little leisure	n|freedom to choose a pastime or enjoyable activity|he lacked the leisure for golf
leisure time	n|time available for ease and relaxation|his job left him little leisure
leisure wear	n|informal clothing designed to be worn when you are relaxing|
leisured	adj|free from duties or responsibilities|he writes in his leisure hours
leisureliness	n|slowness by virtue of being leisurely|
leisurely	adv|in an unhurried way or at one's convenience|read the manual at your leisure	adj|not hurried or forced|an easy walk around the block
leitmotif	n|a melodic phrase that accompanies the reappearance of a person or situation (as in Wagner's operas)|
leitmotiv	n|a melodic phrase that accompanies the reappearance of a person or situation (as in Wagner's operas)|
leitneria	n|one species: corkwood|
leitneriaceae	n|coextensive with the genus Leitneria; commonly isolated in a distinct order|
lek	n|the basic unit of money in Albania|
lekvar	n|a sweet filling made of prunes or apricots|
lem	n|a spacecraft that carries astronauts from the command module to the surface of the moon and back|
lemaireocereus chichipe	n|tall treelike Mexican cactus with edible red fruit|
lemaitre	n|Belgian cosmologist who proposed the big-bang theory of the origin of the universe (1894-1966)|
lemanderin	n|hybrid between mandarin orange and lemon having very acid fruit with orange peel|
lemma	n|a subsidiary proposition that is assumed to be true in order to prove another proposition|	n|the lower and stouter of the two glumes immediately enclosing the floret in most Gramineae|	n|the heading that indicates the subject of an annotation or a literary composition or a dictionary entry|
lemming	n|any of various short-tailed furry-footed rodents of circumpolar distribution|
lemmus	n|lemmings|
lemmus lemmus	n|notable for mass migrations even into the sea where many drown|
lemmus trimucronatus	n|of northwestern Canada and Alaska|
lemna	n|minute aquatic herbs floating on or below the water surface of still water consisting of a leaflike frond or plant body and single root|
lemna minor	n|of temperate regions except eastern Asia and Australia|
lemna trisulca	n|cosmopolitan in temperate regions except North America|
lemnaceae	n|family of small free-floating thalloid plants|
lemniscate	n|any of several plane algebraic curves in the shape of a figure eight|
lemniscus	n|a bundle of sensory nerve fibers going to the thalamus|
lemnos	n|a Greek island in the northern Aegean Sea; famous for a reddish-brown clay that has medicinal properties|
lemon	n|yellow oval fruit with juicy acidic flesh|	n|a strong yellow color|	n|a small evergreen tree that originated in Asia but is widely cultivated for its fruit|	n|a distinctive tart flavor characteristic of lemons|
lemon balm	n|bushy perennial Old World mint having small white or yellowish flowers and fragrant lemon-flavored leaves; a garden escapee in northern Europe and North America|	n|lemony leaves used for a tisane or in soups or fruit punches|
lemon butter	n|clarified butter browned slowly and seasoned with lemon juice and parsley|
lemon cheese	n|a conserve with a thick consistency; made with lemons and butter and eggs and sugar|
lemon curd	n|a conserve with a thick consistency; made with lemons and butter and eggs and sugar|
lemon drop	n|a hard candy with lemon flavor and a yellow color and (usually) the shape of a lemon|
lemon extract	n|a flavoring made from (or imitating) lemons|
lemon geranium	n|a common garden geranium with lemon-scented foliage|
lemon grass	n|an aromatic oil that smells like lemon and is widely used in Asian cooking and in perfumes and medicines|	n|a tropical grass native to India and Sri Lanka|
lemon grove	n|a grove of lemon trees|
lemon juice	n|usually freshly squeezed juice of lemons|
lemon lily	n|a day lily with yellow flowers|
lemon meringue pie	n|pie containing lemon custard and topped with meringue|
lemon mint	n|mint with leaves having perfume like that of the bergamot orange|
lemon oil	n|fragrant yellow oil obtained from the lemon peel|
lemon peel	n|the rind of a lemon|	n|strips of lemon peel cooked in sugar and coated with sugar|
lemon rind	n|the rind of a lemon|
lemon shark	n|common shallow-water schooling shark of the Atlantic from North Carolina to Brazil and off west Africa; dangerous|
lemon sole	n|highly valued almost pure white flesh|	n|popular pale brown food flatfish of the Pacific coast of North America|	n|small European sole|	n|European flatfish highly valued as food|
lemon sumac	n|sweet-scented sumac of eastern America having ternate leaves and yellowish-green flowers in spikes resembling catkins followed by red hairy fruits|
lemon tree	n|a small evergreen tree that originated in Asia but is widely cultivated for its fruit|
lemon yellow	n|a strong yellow color|
lemon zest	n|tiny bits of lemon peel|
lemon-scented	adj|smelling of lemons|
lemon-scented gum	n|similar to but smaller than the spotted gum and having lemon-scented leaves|
lemon-wood	n|South African evergreen having hard tough wood|
lemon-wood tree	n|South African evergreen having hard tough wood|
lemonade	n|sweetened beverage of diluted lemon juice|
lemonade mix	n|a commercial mix for making lemonade|
lemongrass	n|an aromatic oil that smells like lemon and is widely used in Asian cooking and in perfumes and medicines|	n|a tropical grass native to India and Sri Lanka|
lemongrass oil	n|an aromatic oil that smells like lemon and is widely used in Asian cooking and in perfumes and medicines|
lemonlike	adj|tasting sour like a lemon|
lemonwood	n|hard tough elastic wood of the lemonwood tree; used for making bows and fishing rods|	n|South African evergreen having hard tough wood|
lemonwood tree	n|South African evergreen having hard tough wood|	n|source of a tough elastic wood|
lemony	adj|tasting sour like a lemon|
lempira	n|the basic unit of money in Honduras; equal to 100 centavos|
lemur	n|large-eyed arboreal prosimian having foxy faces and long furry tails|
lemur catta	n|small lemur having its tail barred with black|
lemuridae	n|typical lemurs; of Madagascar|
lemuroidea	n|Lemuridae; Lorisidae; Daubentoniidae; Indriidae; used in some classifications instead of Prosimii; in others considered a subdivision of Prosimii|
lena	n|a Russian river in Siberia; flows northward into the Laptev Sea|
lena river	n|a Russian river in Siberia; flows northward into the Laptev Sea|
lenard	n|German physicist who studied cathode rays (1862-1947)|
lend	v|bestow a quality on|Her presence lends a certain cachet to the company	v|give temporarily; let have for a limited time|I will lend you my car	v|have certain characteristics of qualities for something; be open or vulnerable to|This story would lend itself well to serialization on television
lend oneself	v|be applicable to; as to an analysis|This theory lends itself well to our new data
lend-lease	n|the transfer of goods and services to an ally to aid in a common cause|lend-lease during World War II was extremely generous
lendable	adj|available for lending|lendable resources
lender	n|someone who lends money or gives credit in business matters|
lending	n|disposing of money or property with the expectation that the same thing (or an equivalent) will be returned|
lending institution	n|a financial institution that makes loans|
lending library	n|library that provides books for use outside the building|
length	n|the linear extent in space from one end to the other; the longest dimension of something that is fixed in place|the length of the table was 5 feet	n|continuance in time|the ceremony was of short duration	n|the property of being the extent of something from beginning to end|the editor limited the length of my article to 500 words	n|size of the gap between two places|the distance from New York to Chicago
length of service	n|duration of service|her longevity as a star
lengthen	v|make longer|Lengthen this skirt, please	v|become long or longer|In Spring, the days lengthen
lengthened	adj|drawn out or made longer spatially|Picasso's elongated Don Quixote
lengthening	n|the act of prolonging something|there was an indefinite prolongation of the peace talks
lengthily	adv|in a lengthy or prolix manner|the argument went on lengthily
lengthiness	n|amount or degree or range to which something extends|the wire has an extension of 50 feet	n|the consequence of being lengthened in duration|
lengthways	adj|running or extending in the direction of the length of a thing|the lengthwise dimension	adv|in the direction of the length|He cut the paper lengthwise
lengthwise	adv|in the direction of the length|He cut the paper lengthwise	adj|running or extending in the direction of the length of a thing|the lengthwise dimension
lengthy	adj|relatively long in duration; tediously protracted|a drawn-out argument
lenience	n|mercifulness as a consequence of being lenient or tolerant|	n|a disposition to yield to the wishes of someone|too much indulgence spoils a child	n|lightening a penalty or excusing from a chore by judges or parents or teachers|
leniency	n|mercifulness as a consequence of being lenient or tolerant|	n|a disposition to yield to the wishes of someone|too much indulgence spoils a child	n|lightening a penalty or excusing from a chore by judges or parents or teachers|
lenient	adj|tolerant or lenient|indulgent parents risk spoiling their children	adj|not strict|an easy teacher	adj|characterized by tolerance and mercy|
leniently	adv|in a permissively lenient manner|he felt incensed that Tarrant should have been treated so leniently given his crime
lenify	v|cause to be more favorably inclined; gain the good will of|She managed to mollify the angry customer
lenin	n|Russian founder of the Bolsheviks and leader of the Russian Revolution and first head of the USSR (1870-1924)|
leningrad	n|a city in the European part of Russia; 2nd largest Russian city; located at the head of the Gulf of Finland; former capital of Russia|
leninism	n|the political and economic theories of Lenin which provided the guiding doctrine of the Soviet Union; the modification of Marxism by Lenin stressed that imperialism is the highest form of capitalism (which shifts the struggle from developed to underdeveloped countries)|
lenitive	adj|moderating pain or sorrow by making it easier to bear|	n|remedy that eases pain and discomfort|
lenity	n|mercifulness as a consequence of being lenient or tolerant|
lennoaceae	n|family of fleshy parasitic herbs lacking green foliage and having heads of small flowers; California and Mexico|
lennon	n|English rock star and guitarist and songwriter who with Paul McCartney wrote most of the music for the Beatles (1940-1980)|
lennox robinson	n|Irish playwright and theater manager in Dublin (1886-1958)|
lens	n|a transparent optical device used to converge or diverge transmitted light and to form images|	n|genus of small erect or climbing herbs with pinnate leaves and small inconspicuous white flowers and small flattened pods: lentils|	n|(metaphor) a channel through which something can be seen or understood|the writer is the lens through which history can be seen	n|biconvex transparent body situated behind the iris in the eye; its role (along with the cornea) is to focus light on the retina|
lens cap	n|cap used to keep lens free of dust when not in use|
lens capsule	n|a tenuous mesoblastic membrane surrounding the lens of the eye|
lens cortex	n|the tissue that surrounds the lens nucleus|
lens cover	n|cap used to keep lens free of dust when not in use|
lens culinaris	n|widely cultivated Eurasian annual herb grown for its edible flattened seeds that are cooked like peas and also ground into meal and for its leafy stalks that are used as fodder|
lens hood	n|a tubular attachment used to keep stray light out of the lens of a camera|
lens implant	n|a clear plastic lens that is implanted in the eye; usually done when the natural lens has been removed in a cataract operation|
lens maker	n|a worker who makes glasses for remedying defects of vision|
lens nucleus	n|the central structure of the lens that is surrounded by the cortex|
lens of the eye	n|biconvex transparent body situated behind the iris in the eye; its role (along with the cornea) is to focus light on the retina|
lens system	n|a transparent optical device used to converge or diverge transmitted light and to form images|
lense	n|a transparent optical device used to converge or diverge transmitted light and to form images|
lensman	n|someone who takes photographs professionally|
lent	n|a period of 40 weekdays from Ash Wednesday to Holy Saturday|
lent lily	n|lily of eastern Mediterranean and the Balkans with broad funnel-shaped white flowers|
lente iletin	n|trade names for forms of insulin that are used to treat diabetes mellitus|
lente insulin	n|trade names for forms of insulin that are used to treat diabetes mellitus|
lenten	adj|of or relating to or suitable for Lent|lenten food
lenten rose	n|slightly hairy perennial having deep green leathery leaves and flowers that are ultimately purplish-green|
lententide	n|a period of 40 weekdays from Ash Wednesday to Holy Saturday|
lentia	n|city in northern Austria on the Danube; noted as a cultural center|
lentibulariaceae	n|carnivorous aquatic or bog plants: genera Utricularia, Pinguicula, and Genlisea|
lentic	adj|of or relating to or living in still waters (as lakes or ponds)|
lenticel	n|one of many raised pores on the stems of woody plants that allow the interchange of gas between the atmosphere and the interior tissue|
lenticular	adj|convex on both sides; shaped like a lentil|
lenticular nucleus	n|a basal ganglion shaped like a lens and including the outer reddish putamen and the inner pale yellow pallidum|
lentiform	adj|convex on both sides; shaped like a lentil|
lentiform nucleus	n|a basal ganglion shaped like a lens and including the outer reddish putamen and the inner pale yellow pallidum|
lentiginose	adj|relating to or covered with or resembling freckles|
lentiginous	adj|relating to or covered with or resembling freckles|
lentigo	n|a small brownish spot (of the pigment melanin) on the skin|
lentil	n|round flat seed of the lentil plant used for food|	n|the fruit or seed of a lentil plant|	n|widely cultivated Eurasian annual herb grown for its edible flattened seeds that are cooked like peas and also ground into meal and for its leafy stalks that are used as fodder|
lentil plant	n|widely cultivated Eurasian annual herb grown for its edible flattened seeds that are cooked like peas and also ground into meal and for its leafy stalks that are used as fodder|
lentil soup	n|made of stock and lentils with onions carrots and celery|
lentinus	n|a genus of fungus belonging to the family Tricholomataceae|
lentinus edodes	n|edible east Asian mushroom having a golden or dark brown to blackish cap and an inedible stipe|
lentinus lepideus	n|a fungus with a scaly cap and white flesh and a ring on the stalk (with scales below the ring); odor reminiscent of licorice|
lentisk	n|an evergreen shrub of the Mediterranean region that is cultivated for its resin|
lentissimo	adj|(of tempo) very slow|
lento	adj|(of tempo) slow|	adv|in music|Play this lento, please
leo	n|(astrology) a person who is born while the sun is in Leo|	n|a zodiacal constellation in northern hemisphere between Cancer and Virgo|	n|the fifth sign of the zodiac; the sun is in this sign from about July 23 to August 22|
leo delibes	n|French composer of operas (1836-1891)|
leo esaki	n|physicist honored for advances in solid state electronics (born in Japan in 1925)|
leo i	n|Italian pope from 440 to 461 who extended the authority of the papacy to the west and persuaded Attila not to attack Rome (440-461)|
leo iii	n|Italian pope from 795 to 816 who in 800 crowned Charlemagne emperor of the Romans (750-816)|
leo ix	n|German pope from 1049 to 1054 whose papacy was the beginning of papal reforms in the 11th century (1002-1054)|
leo the great	n|Italian pope from 440 to 461 who extended the authority of the papacy to the west and persuaded Attila not to attack Rome (440-461)|
leo the lion	n|the fifth sign of the zodiac; the sun is in this sign from about July 23 to August 22|
leo tolstoy	n|Russian author remembered for two great novels (1828-1910)|
leo x	n|son of Lorenzo de'Medici and pope from 1513 to 1521 who excommunicated Martin Luther and who in 1521 bestowed on Henry VIII the title of Defender of the Faith (1475-1521)|
leo xiii	n|Italian pope from 1878 to 1903 who was interested in the advancement of learning and who opened the Vatican secret archives to all scholars|
leon	n|a historical area and former kingdom in northwestern Spain|	n|a city in northwestern Spain at the foot of the Cantabrian Mountains|	n|a city in central Mexico|
leon battista alberti	n|Italian architect and painter; pioneering theoretician of Renaissance architecture (1404-1472)|
leon trotsky	n|Russian revolutionary and Communist theorist who helped Lenin and built up the army; he was ousted from the Communist Party by Stalin and eventually assassinated in Mexico (1879-1940)|
leonard constant lambert	n|English composer and conductor (1905-1951)|
leonardesque	adj|in the manner of Leonardo da Vinci|
leonardo	n|Italian painter and sculptor and engineer and scientist and architect; the most versatile genius of the Italian Renaissance (1452-1519)|
leonardo da vinci	n|Italian painter and sculptor and engineer and scientist and architect; the most versatile genius of the Italian Renaissance (1452-1519)|
leonberg	n|a large dog (usually with a golden coat) produced by crossing a St Bernard and a Newfoundland|
leone	n|the basic unit of money in Sierra Leone; equal to 100 cents|
leonhard euler	n|Swiss mathematician (1707-1783)|
leonid brezhnev	n|Soviet statesman who became president of the Soviet Union (1906-1982)|
leonid fyodorovich myasin	n|French choreographer and ballet dancer (born in Russia) (1895-1979)|
leonid ilyich brezhnev	n|Soviet statesman who became president of the Soviet Union (1906-1982)|
leonidas	n|king of Sparta and hero of the battle of Thermopylae where he was killed by the Persians (died in 480 BC)|
leonide fedorovitch massine	n|French choreographer and ballet dancer (born in Russia) (1895-1979)|
leonine	adj|of or characteristic of or resembling a lion|
leonotis	n|small genus of tropical herbs and subshrubs of South Africa|
leonotis leonurus	n|relatively nontoxic South African herb smoked like tobacco|
leontocebus	n|tamarins|
leontodon	n|hawkbit|
leontopodium	n|edelweiss|
leontopodium alpinum	n|alpine perennial plant native to Europe having leaves covered with whitish down and small flower heads held in stars of glistening whitish bracts|
leonurus	n|genus of stout Old World herbs having flowers in whorls|
leonurus cardiaca	n|bitter Old World herb of hedgerows and woodland margins having toothed leaves and white or pale pink flowers|
leopard	n|the pelt of a leopard|	n|large feline of African and Asian forests usually having a tawny coat with black spots|
leopard cat	n|small spotted wildcat of southern Asia and Malaysia|
leopard lily	n|garden plant whose capsule discloses when ripe a mass of seeds resembling a blackberry|
leopard plant	n|any of various plants of temperate Eurasia; grown for their yellow flowers and handsome foliage|
leopard's-bane	n|any of several herbs of the genus Doronicum having alternate often clasping stem leaves cultivated for their long stalks of yellow flower heads|
leopardbane	n|any of several herbs of the genus Doronicum having alternate often clasping stem leaves cultivated for their long stalks of yellow flower heads|
leopardess	n|female leopard|
leopold kronecker	n|German mathematician (1823-1891)|
leopoldville	n|the capital of the Democratic Republic of the Congo on the Congo river opposite Brazzaville|
leotard	n|a tight-fitting garment of stretchy material that covers the body from the shoulders to the thighs (and may have long sleeves or legs reaching down to the ankles); worn by ballet dancers and acrobats for practice or performance|
leotards	n|skintight knit hose covering the body from the waist to the feet worn by acrobats and dancers and as stockings by women and girls|
leotia lubrica	n|a discomycete that develops in clusters of slippery rubbery gelatinous fruiting bodies that are dingy yellow to tan in color|
lepadidae	n|goose barnacles|
lepanto	n|Turkish sea power was destroyed in 1571 by a league of Christian nations organized by the Pope|
lepas	n|type genus of the family Lepadidae|
lepas fascicularis	n|stalked barnacle that attaches to ship bottoms or floating timbers|
lepechinia	n|a dicotyledonous genus of the family Labiatae|
lepechinia calycina	n|California plant with woolly stems and leaves and large white flowers|
leper	n|a person afflicted with leprosy|	n|a pariah who is avoided by others|
leper lily	n|Eurasian checkered lily with pendant flowers usually veined and checkered with purple or maroon on a pale ground and shaped like the bells carried by lepers in medieval times; widely grown as an ornamental|
lepidium	n|cosmopolitan genus of annual and biennial and perennial herbs: cress|
lepidium alpina	n|small tufted perennial herb of mountains of central and southern Europe having very small flowers of usually leafless stems; sometimes placed in genus Lepidium|
lepidium sativum	n|annual herb used as salad green and garnish|
lepidobotryaceae	n|family created in 1950 solely for the classification of a distinctive African tree repeatedly classified in other families; trees long believed to exist only in Africa|
lepidobotrys	n|African tree often classified in other families; similar to the Costa Rican caracolito in wood structure as well as in fruit and flowers and leaves and seeds|
lepidochelys	n|ridleys|
lepidochelys kempii	n|grey sea turtle of the Atlantic and Gulf Coasts of North America|
lepidochelys olivacea	n|olive-colored sea turtle of tropical Pacific and Indian and the southern Atlantic oceans|
lepidocrocite	n|a red to reddish brown mineral consisting of iron oxide hydroxide; often found in iron ores together with goethite|
lepidocybium	n|a genus of Gempylidae|
lepidocybium flavobrunneum	n|large snake mackerel with rings like spectacles around its eyes|
lepidodendraceae	n|fossil plants characterized by conspicuous spirally arranged leaf scars on the trunk|
lepidodendrales	n|fossil arborescent plants arising during the early Devonian and conspicuous throughout the Carboniferous|
lepidolite	n|a mineral of the mica group; an important source of lithium|
lepidomelane	n|a mica that is a biotite containing iron|
lepidophobia	n|a morbid fear of snakes|
lepidoptera	n|moths and butterflies|
lepidopteran	n|insect that in the adult state has four wings more or less covered with tiny scales|
lepidopterist	n|an entomologist who specializes in the collection and study of butterflies and moths|
lepidopterologist	n|an entomologist who specializes in the collection and study of butterflies and moths|
lepidopterology	n|the branch of entomology dealing with Lepidoptera|
lepidopteron	n|insect that in the adult state has four wings more or less covered with tiny scales|
lepidopterous insect	n|insect that in the adult state has four wings more or less covered with tiny scales|
lepidoptery	n|the branch of entomology dealing with Lepidoptera|
lepidosauria	n|diapsid reptiles: lizards; snakes; tuataras|
lepidote	adj|rough to the touch; covered with scales or scurf|
lepidothamnus	n|small usually shrubby conifers|
lepidothamnus fonkii	n|about the hardiest Podocarpaceae species; prostrate spreading shrub similar to mountain rimu; mountains of southern Chile|
lepidothamnus laxifolius	n|low-growing to prostrate shrub with slender trailing branches; New Zealand|
lepiota	n|any fungus of the genus Lepiota|
lepiota americana	n|an agaric with a pallid cap and a stalk that is enlarged near the base|
lepiota cepaestipes	n|a white agaric that tends to cluster and has a club-shaped base|
lepiota clypeolaria	n|an agaric with a ragged stalk and a soft floccose cap|
lepiota morgani	n|an agaric regarded as poisonous|
lepiota naucina	n|an agaric with greyish white fruiting body and gills that change from pink to dingy red|
lepiota procera	n|edible long-stalked mushroom with white flesh and gills and spores; found in open woodlands in autumn|
lepiota rhacodes	n|an agaric with a large cap with brown scales and a thick stalk|
lepiota rubrotincta	n|an agaric with a relatively small pink to red cap and white gills and stalk|
lepiotaceae	n|a family of fungi having free gills and a cap that is cleanly separable from the stalk|
lepisma	n|type genus of the Lepismatidae: silverfish|
lepisma saccharina	n|silver-grey wingless insect found in houses feeding on book bindings and starched clothing|
lepismatidae	n|firebrats|
lepisosteidae	n|comprises the genus Lepisosteus|
lepisosteus	n|type genus of the Lepisosteidae: freshwater gars|
lepista irina	n|an edible agaric with large silky white caps and thick stalks|
lepomis	n|bream|
lepomis punctatus	n|inhabits streams from South Carolina to Florida; esteemed panfish|
leporid	n|rabbits and hares|
leporid mammal	n|rabbits and hares|
leporidae	n|hares and rabbits|
leporide	n|red breed of domestic rabbits; hybrid between Old World rabbit and hare|
leppy	n|motherless calf in a range herd of cattle|
leprechaun	n|a mischievous elf in Irish folklore|
lepromatous leprosy	n|a very serious form of leprosy characterized by lesions that spread over much of the body and affecting many systems of the body|
leprose	adj|rough to the touch; covered with scales or scurf|
leprosy	n|chronic granulomatous communicable disease occurring in tropical and subtropical regions; characterized by inflamed nodules beneath the skin and wasting of body parts; caused by the bacillus Mycobacterium leprae|
leprosy bacillus	n|cause of leprosy|
leprous	adj|relating to or resembling or having leprosy|
leptarrhena	n|one species: leatherleaf saxifrage|
leptarrhena pyrolifolia	n|plant with basal leathery elliptic leaves and erect leafless flower stalks each bearing a dense roundish cluster of tiny white flowers; moist places of northwestern North America to Oregon and Idaho|
leptinotarsa	n|Colorado potato beetles|
leptinotarsa decemlineata	n|black-and-yellow beetle that feeds in adult and larval stages on potato leaves; originally of eastern Rocky Mountains; now worldwide|
leptocephalus	n|slender transparent larva of eels and certain fishes|
leptodactylid	n|toothed frogs: terrestrial or aquatic or arboreal|
leptodactylid frog	n|toothed frogs: terrestrial or aquatic or arboreal|
leptodactylidae	n|New World frogs; in some classifications essentially coextensive with the family Bufonidae|
leptodactylus	n|type genus of the Leptodactylidae; in some classifications placed in the family Bufonidae|
leptodactylus pentadactylus	n|large toothed frog of South America and Central America resembling the bullfrog|
leptoglossus	n|leaf-footed bugs|
leptomeninges	n|the two innermost layers of the meninges; cerebrospinal fluid circulates between these innermost layers|
leptomeningitis	n|inflammation of the leptomeninges|
lepton	n|100 lepta equal 1 drachma in Greece|	n|an elementary particle that participates in weak interactions; has a baryon number of 0|
leptopteris	n|including some ferns sometimes placed in genus Todea|
leptopteris superba	n|New Zealand with pinnate fronds and a densely woolly stalks; sometimes included in genus Todea|
leptoptilus	n|adjutant birds and marabous|
leptoptilus crumeniferus	n|large African black-and-white carrion-eating stork; its downy underwing feathers are used to trim garments|
leptoptilus dubius	n|large Indian stork with a military gait|
leptorhine	adj|having a long narrow nose|
leptorrhine	adj|having a long narrow nose|
leptorrhinian	adj|having a long narrow nose|
leptorrhinic	adj|having a long narrow nose|
leptospira	n|important pathogens causing Weil's disease or canicola fever|
leptospirosis	n|an infectious disease cause by leptospira and transmitted to humans from domestic animals; characterized by jaundice and fever|
leptosporangiate	adj|(of ferns) having each sporangium formed from a single epidermal cell|leptosporangiate ferns
leptosporangium	n|a sporangium formed from a single epidermal cell; characteristic of the Filicales or of almost all modern ferns|
leptotene	n|the first stage of the prophase of meiosis|
leptotyphlopidae	n|blind snakes|
leptotyphlops	n|blind snakes of Asia and Africa and Americas|
lepus	n|a constellation in the southern hemisphere near Orion and Columba|	n|type genus of the Leporidae: hares|
lepus arcticus	n|a large hare of northern North America; it is almost completely white in winter|
lepus europaeus	n|large hare introduced in North America; does not turn white in winter|
ler	n|the sea personified; father of Manannan; corresponds to Welsh Llyr|
leresis	n|rambling talkativeness (especially in the aged)|
lermontov	n|Russian writer (1814-1841)|
lerot	n|dormouse of southern Europe and northern Africa|
lesbian	adj|of or relating to or characterized by homosexual relations between woman|	n|a female homosexual|	n|a resident of Lesbos|
lesbianism	n|female homosexuality|
lesbos	n|an island of eastern Greece in the eastern Aegean Sea; in antiquity it was famous for lyric poetry|
lescol	n|least expensive statin drug (trade name Lescol); usually taken orally at bedtime|
lese majesty	n|a crime that undermines the offender's government|
lesion	n|any localized abnormal structural change in a bodily part|	n|an injury to living tissue (especially an injury involving a cut or break in the skin)|
leslie howard	n|English actor of stage and screen (1893-1943)|
leslie howard stainer	n|English actor of stage and screen (1893-1943)|
lesotho	n|a landlocked constitutional monarchy in southern Africa; achieved independence from the United Kingdom in 1966|
lesotho monetary unit	n|monetary unit in Lesotho|
lespedeza bicolor	n|Asian shrub having conspicuous racemose rose-purple flowers widely used as an ornamental and in erosion control and as a source of feed for wild birds|
lespedeza cuneata	n|perennial widely planted as for forage and as hay crop especially on poor land|
lespedeza sericea	n|perennial widely planted as for forage and as hay crop especially on poor land|
lespedeza stipulacea	n|annual native to Korea but widely cultivated for forage and hay in hot dry regions|
lesquerella	n|genus of low-growing hairy herbs: bladderpods|
less	adv|used to form the comparative of some adjectives and adverbs|less interesting	adv|comparative of little|she walks less than she should	adj|(comparative of `little' usually used with mass nouns) a quantifier meaning not as great in amount or degree|of less importance	adj|(usually preceded by `no') lower in quality|no less than perfect
less-traveled	adj|not visited by many travelers|the tourist's desire to visit less-traveled countries
lessee	n|a tenant who holds a lease|
lessen	v|decrease in size, extent, or range|The amount of homework decreased towards the end of the semester	v|make smaller|He decreased his staff	v|wear off or die down|The pain subsided
lessened	adj|impaired by diminution|	adj|decreased in severity; made less harsh|
lessening	n|a change downward|there was a decrease in his temperature as the fever subsided
lesseps	n|French diplomat who supervised the construction of the Suez Canal (1805-1894)|
lesser	adj|of less size or importance|the lesser anteater	adj|smaller in size or amount or value|the lesser powers of Europe
lesser anteater	n|small toothless anteater with prehensile tail and four-clawed forelimbs; of tropical South America and Central America|
lesser antilles	n|a group of islands in the southeastern West Indies|
lesser ape	n|gibbons and siamangs|
lesser bullrush	n|reed maces of America, Europe, North Africa, Asia|
lesser burdock	n|a plant that is ubiquitous in all but very acid soil; found in most of Europe and North Africa|
lesser butterfly orchid	n|south European orchid having fragrant greenish-white flowers; sometimes placed in genus Habenaria|
lesser celandine	n|perennial herb native to Europe but naturalized elsewhere having heart-shaped leaves and yellow flowers resembling buttercups; its tuberous roots have been used as a poultice to relieve piles|
lesser centaury	n|common European glabrous annual centaury with flowers in dense cymes|
lesser duckweed	n|of temperate regions except eastern Asia and Australia|
lesser galangal	n|Chinese perennial with pyramidal racemes of white flowers and pungent aromatic roots used medicinally and as flavoring|
lesser hemlock	n|European weed naturalized in America that resembles parsley but causes nausea and poisoning when eaten|
lesser knapweed	n|a weedy perennial with tough wiry stems and purple flowers; native to Europe but widely naturalized|
lesser kudu	n|a smaller variety of kudu|
lesser omentum	n|a part of the peritoneum attached to the stomach and liver and supporting the hepatic vessels|
lesser panda	n|reddish-brown Old World raccoon-like carnivore; in some classifications considered unrelated to the giant pandas|
lesser peritoneal cavity	n|an isolated part of the peritoneal cavity that is dorsal to the stomach|
lesser prairie chicken	n|a smaller prairie chicken of western Texas|
lesser rhomboid muscle	n|rhomboid muscle that draws the scapula toward the vertebral column and slightly upward|
lesser rorqual	n|small finback of coastal waters of Atlantic and Pacific|
lesser scaup	n|common scaup of North America; males have purplish heads|
lesser scaup duck	n|common scaup of North America; males have purplish heads|
lesser spearwort	n|semiaquatic Eurasian perennial crowfoot with leaves shaped like spears; naturalized in New Zealand|
lesser sunda islands	n|a chain of islands forming a province of Indonesia to the east of Java; includes Bali and Timor|
lesser twayblade	n|orchid having two triangular leaves and a short lax raceme of green to rust-colored flowers with the lip flushed mauve; Europe and Asia and North America and Greenland|
lesser whitethroat	n|Old World warbler similar to the greater whitethroat but smaller|
lesser wintergreen	n|the common wintergreen having many-flowered racemes of pink-tinged white flowers; Europe and North America|
lesser yellow trefoil	n|clover native to Ireland with yellowish flowers; often considered the true or original shamrock|
lesser yellowlegs	n|a variety of yellowlegs|
lessing	n|German playwright and leader of the Enlightenment (1729-1781)|	n|English author of novels and short stories who grew up in Rhodesia (now Zimbabwe) (born in 1919)|
lesson	n|a unit of instruction|he took driving lessons	n|punishment intended as a warning to others|they decided to make an example of him	n|the significance of a story or event|the moral of the story is to love thy neighbor	n|a task assigned for individual study|he did the lesson for today
lessor	n|someone who grants a lease|
lesvos	n|an island of eastern Greece in the eastern Aegean Sea; in antiquity it was famous for lyric poetry|
let	v|make it possible through a specific action or lack of action for something to happen|This permits the water to rush in	v|actively cause something to happen|I let it be known that I was not interested	v|consent to, give permission|She permitted her son to visit her estranged husband	v|cause to move; cause to be in a certain position or condition|He got his squad on the ball
let alone	adv|much less|she can't boil potatoes, let alone cook a meal	v|leave unchanged or undisturbed or refrain from taking|leave it as is
let down	v|move something or somebody to a lower position|take down the vase from the shelf	v|fail to meet the hopes or expectations of|Her boyfriend let her down when he did not propose marriage
let drive	v|fire as from a gun|The soldiers let drive their bullets
let fly	v|fire as from a gun|The soldiers let drive their bullets
let go	v|release, as from one's grip|Let go of the door handle, please!	v|be relaxed|Don't be so worried all the time--just let go!
let go of	v|release, as from one's grip|Let go of the door handle, please!
let in	v|allow participation in or the right to be part of; permit to exercise the rights, functions, and responsibilities of|admit someone to the profession	v|allow to enter; grant entry to|We cannot admit non-members into our club building
let it go	v|not act|He thought of a reply but let it go
let loose	v|express audibly; utter sounds (not necessarily words)|She let out a big heavy sigh	v|turn loose or free from restraint|let loose mines
let off	v|grant exemption or release to|Please excuse me from this class
let on	v|make known to the public information that was previously known only to a few people or that was meant to be kept a secret|The auction house would not disclose the price at which the van Gogh had sold
let out	v|express audibly; utter sounds (not necessarily words)|She let out a big heavy sigh	v|make known to the public information that was previously known only to a few people or that was meant to be kept a secret|The auction house would not disclose the price at which the van Gogh had sold	v|bring out of a specific state|	v|make (clothes) larger|Let out that dress--I gained a lot of weight
let the cat out of the bag	v|divulge confidential information or secrets|Be careful--his secretary talks
let up	v|become less in amount or intensity|The storm abated	v|reduce pressure or intensity|he eased off the gas pedal and the car slowed down
letch	n|man with strong sexual desires|
letdown	n|a feeling of dissatisfaction that results when your expectations are not realized|his hopes were so high he was doomed to disappointment
lethal	adj|of an instrument of certain death|deadly poisons
lethal agent	n|an agent capable of causing death|
lethal dose	n|the size dose that will cause death|
lethal gene	n|any gene that has an effect that causes the death of the organism at any stage of life|
lethality	n|the quality of being deadly|
lethargic	adj|deficient in alertness or activity|bullfrogs became lethargic with the first cold nights
lethargic encephalitis	n|an encephalitis that was epidemic between 1915 and 1926; symptoms include paralysis of the extrinsic eye muscle and extreme muscular weakness|
lethargically	adv|without energy; in a lethargic manner|he hung around the house lethargically
lethargy	n|a state of comatose torpor (as found in sleeping sickness)|	n|weakness characterized by a lack of vitality or energy|	n|inactivity; showing an unusual lack of energy|the general appearance of sluggishness alarmed his friends
lethe	n|(Greek mythology) a river in Hades; the souls of the dead had to drink from it, which made them forget all they had done and suffered when they were alive|
leto	n|wife or mistress of Zeus and mother of Apollo and Artemis in ancient mythology; called Latona in Roman mythology|
letter	n|a written message addressed to a person or organization|mailed an indignant letter to the editor	n|the conventional characters of the alphabet used to represent speech|his grandmother taught him his letters	n|owner who lets another person use something (housing usually) for hire|	n|a strictly literal interpretation (as distinct from the intention)|he followed instructions to the letter
letter bomb	n|a thin explosive device inside an envelope or package and detonated when opened|	v|send an explosive to|The Unabomber letter bombed a number of individuals and institutions
letter bond	n|a bond that has not been registered with the Securities and Exchange Commission and cannot be sold to the general public|
letter box	n|a numbered compartment in a post office where mail is put to be called for|	n|public box for deposit of mail|	n|a private box for delivery of mail|
letter carrier	n|a man who delivers the mail|
letter case	n|case for carrying letters|
letter of credit	n|a document issued by a bank that guarantees the payment of a customer's draft; substitutes the bank's credit for the customer's credit|
letter of intent	n|any letter expressing an intention to take (or forgo) some action|
letter of jeremiah	n|an Apocryphal book consisting of a letter ascribed to Jeremiah to the Jews in exile in Babylon warning them against idolatry|
letter of mark and reprisal	n|a license to a private citizen to seize property of another nation|
letter of marque	n|a license to a private citizen to seize property of another nation|
letter of the alphabet	n|the conventional characters of the alphabet used to represent speech|his grandmother taught him his letters
letter opener	n|dull knife used to cut open the envelopes in which letters are mailed or to slit uncut pages of books|
letter paper	n|writing paper for use in writing correspondence|	n|paper cut to an appropriate size for writing letters; usually with matching envelopes|
letter security	n|a stock or bond that is not registered with the Securities and Exchange Commission and cannot be sold in the public market|
letter stock	n|stock that has not been registered with the Securities and Exchange Commission and cannot be sold to the general public|
letter telegram	n|a cheaper form of telegram that is sent abroad for delivery the next day|
letter writer	n|someone who communicates by means of letters|
letter-perfect	adj|correct to the last detail; especially being in or following the exact words|a letter-perfect rendition of the soliloquy
lettercard	n|a postcard that folds so the message is inside|
lettered	adj|highly educated; having extensive information or understanding|knowing instructors
letterer	n|a painter of letters|
letterhead	n|a sheet of stationery with name and address of the organization printed at the top|
lettering	n|letters inscribed (especially words engraved or carved) on something|
letterman	n|an athlete who has earned a letter in a school sport|
letterpress	n|printing from a plate with raised characters|
letters	n|scholarly attainment|he is a man of letters
letters of administration	n|legal document naming someone to administer an estate when no executor has been named|
letters of marque	n|a license to a private citizen to seize property of another nation|
letters patent	n|an official document granting a right or privilege|
letters testamentary	n|a legal document from a probate court or court officer informing you of your appointment as executor of a will and empowering you to discharge those responsibilities|
letterset printing	n|image is transferred from a relief type plate to a roller|
letting	n|property that is leased or rented out or let|
letting down	n|the act of causing something to move to a lower level|
lettish	n|the official language of Latvia; belongs to the Baltic branch of Indo-European|
lettre de cachet	n|a warrant formerly issued by a French king who could warrant imprisonment or death in a signed letter under his seal|
lettuce	n|informal terms for money|	n|any of various plants of the genus Lactuca|	n|leaves of any of various plants of Lactuca sativa|
letup	n|a pause during which things are calm or activities are diminished|there was never a letup in the noise
leu	n|the basic unit of money in Moldova|	n|the basic unit of money in Romania|
leucadendron	n|large genus of evergreen trees and shrubs having silvery white leaves and solitary terminal flowers with conspicuous silvery bracts|
leucadendron argenteum	n|small South African tree with long silvery silky foliage|
leucaemia	n|malignant neoplasm of blood-forming tissues; characterized by abnormal proliferation of leukocytes; one of the four major types of cancer|
leucaena	n|small genus of tropical evergreen trees or shrubs having pods like those of the acacia|
leucaena glauca	n|low scrubby tree of tropical and subtropical North America having white flowers tinged with yellow resembling mimosa and long flattened pods|
leucaena leucocephala	n|low scrubby tree of tropical and subtropical North America having white flowers tinged with yellow resembling mimosa and long flattened pods|
leucanthemum	n|comprises plants often included in the genus Chrysanthemum|
leucanthemum lacustre	n|perennial of Portugal similar to the oxeye daisy|
leucanthemum maximum	n|similar to oxeye daisy|
leucanthemum superbum	n|hybrid garden flower derived from Chrysanthemum maximum and Chrysanthemum lacustre having large white flower heads resembling oxeye daisies; often placed in the genus Chrysanthemum|
leucanthemum vulgare	n|tall leafy-stemmed Eurasian perennial with white flowers; widely naturalized; often placed in genus Chrysanthemum|
leucine	n|a white crystalline amino acid occurring in proteins that is essential for nutrition; obtained by the hydrolysis of most dietary proteins|
leuciscus	n|a genus of fish including: dace, chub|
leuciscus cephalus	n|European freshwater game fish with a thick spindle-shaped body|
leuciscus leuciscus	n|small European freshwater fish with a slender bluish-green body|
leucocyte	n|blood cells that engulf and digest bacteria and fungi; an important part of the body's defense system|
leucocytosis	n|an abnormal increase in the number of white blood cells in the blood as a result of infection (as in leukemia)|
leucocytozoan	n|parasitic in birds|
leucocytozoon	n|parasitic in birds|
leucogenes	n|New Zealand edelweiss|
leucogenes leontopodium	n|perennial herb closely resembling European edelweiss; New Zealand|
leucoma	n|eye disease consisting of an opaque white spot on the cornea|
leucopenia	n|an abnormal lowering of the white blood cell count|
leucorrhea	n|discharge of white mucous material from the vagina; often an indication of infection|
leucothoe	n|any plant of the genus Leucothoe; grown for their beautiful white flowers; glossy foliage contains a poisonous substance similar to that found in genus Kalmia|
leucotomy	n|surgical interruption of nerve tracts to and from the frontal lobe of the brain; often results in marked cognitive and personality changes|
leuctra	n|Thebes defeated Sparta in 371 BC; the battle ended Sparta's military supremacy in Greece|
leukaemia	n|malignant neoplasm of blood-forming tissues; characterized by abnormal proliferation of leukocytes; one of the four major types of cancer|
leukemia	n|malignant neoplasm of blood-forming tissues; characterized by abnormal proliferation of leukocytes; one of the four major types of cancer|
leukeran	n|an alkylating agent (trade name Leukeran) used to treat some kinds of cancer|
leukocyte	n|blood cells that engulf and digest bacteria and fungi; an important part of the body's defense system|
leukocytosis	n|an abnormal increase in the number of white blood cells in the blood as a result of infection (as in leukemia)|
leukoderma	n|a congenital skin condition characterized by spots or bands of unpigmented skin|
leukoencephalitis	n|inflammation of the white matter of the brain|
leukoma	n|eye disease consisting of an opaque white spot on the cornea|
leukopenia	n|an abnormal lowering of the white blood cell count|
leukorrhea	n|discharge of white mucous material from the vagina; often an indication of infection|
leukotomy	n|surgical interruption of nerve tracts to and from the frontal lobe of the brain; often results in marked cognitive and personality changes|
leuwenhoek	n|Dutch pioneer microscopist who was among the first to recognize cells in animals and who gave the first accurate descriptions of microbes and spermatozoa and blood corpuscles (1632-1723)|
lev	n|the basic unit of money in Bulgaria|
lev davidovich bronstein	n|Russian revolutionary and Communist theorist who helped Lenin and built up the army; he was ousted from the Communist Party by Stalin and eventually assassinated in Mexico (1879-1940)|
lev davidovich landau	n|Soviet physicist who worked on low temperature physics (1908-1968)|
lev ivanov	n|Russian choreographer (1834-1905)|
levallorphan	n|drug (trade name Lorfan) that is related to morphine but that counteracts the respiratory depression produced by morphine poisoning but without affecting its analgesic effects|
levant	n|a heavy morocco often used in bookbinding|	n|the former name for the geographical area of the eastern Mediterranean that is now occupied by Lebanon, Syria, and Israel|	v|run off without paying a debt|
levant cotton	n|Old World annual having heart-shaped leaves and large seeds with short greyish lint removed with difficulty; considered an ancestor of modern short-staple cottons|
levant garlic	n|coarse Old World perennial having a large bulb and tall stalk of greenish purple-tinged flowers; widely naturalized|
levant morocco	n|a heavy morocco often used in bookbinding|
levanter	n|an easterly wind in the western Mediterranean area|
levantine	adj|of or relating to the Levant or its inhabitants|the Levantine coast	n|(formerly) a native or inhabitant of the Levant|
levator	n|a muscle that serves to lift some body part (as the eyelid or lip)|
levee	n|a formal reception of visitors or guests (as at a royal court)|	n|a pier that provides a landing place on a river|	n|an embankment that is built in order to prevent a river from overflowing|
level	n|a position on a scale of intensity or amount or quality|a moderate grade of intelligence	n|a relative position or degree of value in a graded group|lumber of the highest grade	n|a specific identifiable position in a continuum or series or especially in a process|a remarkable degree of frankness	n|height above ground|the water reached ankle level
level best	n|the greatest possible degree|he tried his utmost
level crossing	n|intersection of a railway and a road on the same level; barriers close road when trains pass|
level off	v|become level or even|The ground levelled off
level-headed	adj|exercising or showing good judgment|healthy scepticism
leveler	n|a radical who advocates the abolition of social distinctions|
levelheaded	adj|exercising or showing good judgment|healthy scepticism
leveling	n|changing the ground level to a smooth horizontal or gently sloping surface|	n|complete destruction of a building|	n|the act of making equal or uniform|
leveller	n|a radical who advocates the abolition of social distinctions|
lever	n|a rigid bar pivoted about a fulcrum|	n|a simple machine that gives a mechanical advantage when given a fulcrum|	n|a flat metal tumbler in a lever lock|	v|to move or force, especially in an effort to get something open|The burglar jimmied the lock
lever hang	n|a hang performed on the rings with the body stationary in a horizontal position|
lever lock	n|a lock whose tumblers are levers that must be raised to a given position so that the bolt can move|
lever scale	n|a portable balance consisting of a pivoted bar with arms of unequal length|
lever tumbler	n|a flat metal tumbler in a lever lock|
leverage	n|the mechanical advantage gained by being in a position to use a lever|	n|strategic advantage; power to act effectively|relatively small groups can sometimes exert immense political leverage	n|investing with borrowed money as a way to amplify potential gains (at the risk of greater losses)|	v|supplement with leverage|leverage the money that is already available
leveraged buyout	n|a buyout using borrowed money; the target company's assets are usually security for the loan|a leveraged buyout by upper management can be used to combat hostile takeover bids
leveraging	n|investing with borrowed money as a way to amplify potential gains (at the risk of greater losses)|
leveret	n|a young hare especially one in its first year|
levi	n|(New Testament) disciple of Jesus; traditionally considered to be the author of the first Gospel|
levi's	n|a popular brand of jeans|
levi-lorrain dwarf	n|a dwarf whose condition is caused by a deficiency of growth hormones, rather than by genetic factors (as in the case of the achondroplastic dwarf)|
levi-strauss	n|French cultural anthropologist who promoted structural analysis of social systems (born in 1908)|
leviathan	n|the largest or most massive thing of its kind|it was a leviathan among redwoods	n|monstrous sea creature symbolizing evil in the Old Testament|
levirate	n|the biblical institution whereby a man must marry the widow of his childless brother in order to maintain the brother's line|
levis	n|a popular brand of jeans|
levisticum	n|genus of aromatic European herbs with yellow flowers|
levisticum officinale	n|herb native to southern Europe; cultivated for its edible stalks and foliage and seeds|
levitate	v|cause to rise in the air and float, as if in defiance of gravity|The magician levitated the woman	v|be suspended in the air, as if in defiance of gravity|The guru claimed that he could levitate
levitation	n|the phenomenon of a person or thing rising into the air by apparently supernatural means|	n|movement upward in virtue of lightness|	n|the act of raising (a body) from the ground by presumably spiritualistic means|
levite	n|a member of the Hebrew tribe of Levi (especially the branch that provided male assistants to the temple priests)|
levitical	adj|of or relating to the book of Leviticus in the Bible|
leviticus	n|the third book of the Old Testament; contains Levitical law and ritual precedents|
levitra	n|virility drug (trade name Levitra) used to treat erectile dysfunction in men|
levity	n|feeling an inappropriate lack of seriousness|	n|a manner lacking seriousness|
levodopa	n|the levorotatory form of dopa (trade names Bendopa and Brocadopa and Larodopa); as a drug it is used to treat Parkinson's disease|
levorotary	adj|rotating to the left|
levorotation	n|rotation to the left|
levorotatory	adj|rotating to the left|
levulose	n|a simple sugar found in honey and in many ripe fruits|
levy	v|impose and collect|levy a fine	v|cause to assemble or enlist in the military|raise an army	n|a charge imposed and collected|	n|the act of drafting into military service|
levy en masse	n|the act of drafting into military service|
lewd	adj|suggestive of or tending to moral looseness|lewd pictures	adj|driven by lust; preoccupied with or exhibiting lustful desires|libidinous orgies
lewdly	adv|in a lewd and obscene manner|he had seen how in their dances the white men and women held one another obscenely
lewdness	n|the trait of behaving in an obscene manner|
lewis	n|English critic and novelist; author of theological works and of books for children (1898-1963)|
lewis carroll	n|English author; Charles Dodgson was an Oxford don of mathematics who is remembered for the children's stories he wrote under the pen name Lewis Carroll (1832-1898)|
lewisia cotyledon	n|evergreen perennial having a dense basal rosette of long spatula-shaped leaves and panicles of pink or white-and-red-striped or pink-purple flowers; found on cliffs and in rock crevices in mountains of southwestern Oregon and northern California|
lewisia rediviva	n|showy succulent ground-hugging plant of Rocky Mountains regions having deep to pale pink flowers and fleshy farinaceous roots; the Montana state flower|
lewiston	n|a town in southwestern Maine to the north of Portland|	n|a town in northwestern Idaho|
lexeme	n|a minimal unit (as a word or stem) in the lexicon of a language; `go' and `went' and `gone' and `going' are all members of the English lexeme `go'|
lexical	adj|of or relating to words|lexical decision task	adj|of or relating to dictionaries|
lexical ambiguity	n|the ambiguity of an individual word or phrase that can be used (in different contexts) to express two or more different meanings|
lexical database	n|a database of information about words|
lexical disambiguation	n|disambiguation of the sense of a polysemantic word|
lexical entry	n|the entry in a dictionary of information about a word|
lexical meaning	n|the meaning of a content word that depends on the nonlinguistic concepts it is used to express|
lexical semantics	n|the branch of semantics that studies the meanings and relations of words|
lexicalisation	n|the process of making a word to express a concept|
lexicalise	v|make or coin into a word or accept a new word into the lexicon of a language|The concept expressed by German `Gemuetlichkeit' is not lexicalized in English
lexicalised	adj|expressed by a word|
lexicalization	n|the process of making a word to express a concept|
lexicalize	v|make or coin into a word or accept a new word into the lexicon of a language|The concept expressed by German `Gemuetlichkeit' is not lexicalized in English
lexicalized	adj|expressed by a word|
lexicalized concept	n|a concept that is expressed by a word (in some particular language)|
lexically	adv|by means of words|lexically represented
lexicographer	n|a compiler or writer of a dictionary; a student of the lexical component of language|
lexicographic	adj|of or relating to lexicography|
lexicographical	adj|of or relating to lexicography|
lexicography	n|the act of writing dictionaries|
lexicologist	n|a compiler or writer of a dictionary; a student of the lexical component of language|
lexicology	n|the branch of linguistics that studies the lexical component of language|
lexicon	n|a language user's knowledge of words|	n|a reference book containing an alphabetical list of words with information about them|
lexicostatistic	adj|pertaining to statistical methods used in studying the relations between languages|lexicostatistic techniques
lexicostatistics	n|a statistical technique used in glottochronology; used to estimate how long ago different languages evolved from a common source language|
lexington	n|a city in eastern Kentucky; noted for raising thoroughbred horses|
lexis	n|all of the words in a language; all word forms having meaning or grammatical function|
ley	n|a field covered with grass or herbage and suitable for grazing by livestock|
leycesteria	n|small species of shrubs of western Himalayas to China|
leycesteria formosa	n|shrub honeysuckle with drooping spikes of purplish flowers|
leyden	n|a city in the western Netherlands; residence of the Pilgrim Fathers for 11 years before they sailed for America in 1620|
leyden jar	n|an electrostatic capacitor of historical interest|
leydig cell	n|a cell in the testes that secretes the hormone testosterone|
leydig's cell	n|a cell in the testes that secretes the hormone testosterone|
leymus	n|genus that in some classifications overlaps the genus Elymus|
leymus arenaria	n|a dune grass of the Pacific seacoast used as a sand binder|
leymus condensatus	n|stout perennial grass of western North America|
lf	n|30 to 300 kilohertz|
lgb	n|a smart bomb that seeks the laser light reflected off of the target and uses it to correct its descent|laser-guided bombs cannot be used in cloudy weather
lgv	n|infectious disease caused by a species of chlamydia bacterium; transmitted by sexual contact; characterized by genital lesions and swelling of lymph nodes in the groin|
lh	n|a gonadotropic hormone that is secreted by the anterior pituitary; stimulates ovulation in female mammals and stimulates androgen release in male mammals|
lhasa	n|the sacred city of Lamaism; known as the Forbidden City for its former inaccessibility and hostility to strangers|	n|a breed of terrier having a long heavy coat raised in Tibet as watchdogs|
lhasa apso	n|a breed of terrier having a long heavy coat raised in Tibet as watchdogs|
lhotse	n|a mountain in the central Himalayas on the border of Tibet and Nepal (27,890 feet high)|
li	adj|being one more than fifty|	n|a soft silver-white univalent element of the alkali metal group; the lightest metal known; occurs in several minerals|	n|Chinese distance measure; approximately 0.5 kilometers|
li po	n|Chinese lyric poet (700-762)|
liabilities	n|anything that is owed to someone else|
liability	n|the state of being legally obliged and responsible|	n|an obligation to pay money to another party|	n|the quality of being something that holds you back|
liability insurance	n|insurance that provides protection from claims arising from injuries or damage to other people or property|
liable	adj|at risk of or subject to experiencing something usually unpleasant|he is apt to lose	adj|subject to legal action|liable to criminal charges	adj|(often followed by `to') likely to be affected with|liable to diabetes	adj|held legally responsible|men between the ages of 18 and 35 were liable for military service
liaise	v|act between parties with a view to reconciling differences|He interceded in the family dispute
liaison	n|a usually secretive or illicit sexual relationship|	n|a channel for communication between groups|he provided a liaison with the guerrillas
liakoura	n|(Greek mythology) a mountain in central Greece where (according to Greek mythology) the Muses lived; known as the mythological home of music and poetry|Liakoura is the modern name of Mount Parnassus
liam o'flaherty	n|Irish writer of short stories (1896-1984)|
liana	n|a woody climbing usually tropical plant|
liao	n|the dynasty that ruled much of Manchuria and northeastern China from 947 to 1125|
liao dynasty	n|the dynasty that ruled much of Manchuria and northeastern China from 947 to 1125|
liaodong bandao	n|a peninsula in northeastern China that extends into the Yellow Sea, between Bo Hai and Korea Bay|
liaodong peninsula	n|a peninsula in northeastern China that extends into the Yellow Sea, between Bo Hai and Korea Bay|
liar	n|a person who has lied or who lies repeatedly|
libation	n|(facetious) a serving of an alcoholic beverage|	n|a serving (of wine) poured out in honor of a deity|	n|the act of pouring a liquid offering (especially wine) as a religious ceremony|
libber	n|a supporter of feminism|
libel	n|a false and malicious publication printed for the purpose of defaming a living person|	n|the written statement of a plaintiff explaining the cause of action (the defamation) and any relief he seeks|	v|print slanderous statements against|The newspaper was accused of libeling him
libeler	n|one who attacks the reputation of another by slander or libel|
libellous	adj|(used of statements) harmful and often untrue; tending to discredit or malign|
libelous	adj|(used of statements) harmful and often untrue; tending to discredit or malign|
liberal	adj|showing or characterized by broad-mindedness|a broad political stance	adj|having political or social views favoring reform and progress|	adj|tolerant of change; not bound by authoritarianism, orthodoxy, or tradition|	adj|given or giving freely|was a big tipper
liberal arts	n|studies intended to provide general knowledge and intellectual skills (rather than occupational or professional skills)|the college of arts and sciences
liberal democrat party	n|a political party in Great Britain; formerly the Liberal Party; advocates reforms and improvement of the conditions of working people|
liberal party	n|a political party in Australia, Canada, and other nations, and formerly in Great Britain|
liberalisation	n|the act of making less strict|
liberalise	v|become more liberal|The laws liberalized after Prohibition	v|make liberal or more liberal, of laws and rules|
liberalism	n|a political orientation that favors social progress by reform and by changing laws rather than by revolution|	n|an economic theory advocating free competition and a self-regulating market|
liberalist	n|a person who favors a political philosophy of progress and reform and the protection of civil liberties|
liberalistic	adj|having or demonstrating belief in the essential goodness of man and the autonomy of the individual; favoring civil and political liberties, government by law with the consent of the governed, and protection from arbitrary authority|
liberality	n|an inclination to favor progress and individual freedom|	n|the trait of being generous in behavior and temperament|
liberalization	n|the act of making less strict|
liberalize	v|make liberal or more liberal, of laws and rules|	v|become more liberal|The laws liberalized after Prohibition
liberally	adv|freely in a nonliteral manner|he embellished his stories liberally	adv|in a generous manner|he gave liberally to several charities
liberalness	n|an inclination to favor progress and individual freedom|	n|the trait of being generous in behavior and temperament|
liberate	v|give equal rights to; of women and minorities|	v|grant freedom to; free from confinement|	v|grant freedom to|The students liberated their slaves upon graduating from the university	v|release (gas or energy) as a result of a chemical reaction or physical decomposition|
liberated	adj|(of a gas e.g.) released from chemical combination|	adj|free from traditional social restraints|an emancipated young woman pursuing her career
liberation	n|the act of liberating someone or something|	n|the attempt to achieve equal rights or status|she worked for women's liberation	n|the termination of someone's employment (leaving them free to depart)|
liberation tigers of tamil eelam	n|a terrorist organization in Sri Lanka that began in 1970 as a student protest over the limited university access for Tamil students; currently seeks to establish an independent Tamil state called Eelam; relies on guerilla strategy including terrorist tactics that target key government and military personnel|the Tamil Tigers perfected suicide bombing as a weapon of war
liberator	n|someone who releases people from captivity or bondage|
liberian	adj|of or relating to Liberia or its people|Liberian ship owners	n|a native or inhabitant of Liberia|
liberian capital	n|the capital and chief port and largest city of Liberia|
liberian coffee	n|small tree of West Africa|
liberian dollar	n|the basic unit of money in Liberia|
libertarian	n|an advocate of libertarianism|	n|someone who believes the doctrine of free will|
libertarianism	n|an ideological belief in freedom of thought, speech and action|
libertine	n|a dissolute person; usually a man who is morally unrestrained|	adj|unrestrained by convention or morality|Congreve draws a debauched aristocratic society
liberty	n|immunity from arbitrary exercise of authority: political independence|	n|freedom of choice|liberty of opinion	n|personal freedom from servitude or confinement or oppression|	n|leave granted to a sailor or naval officer|
liberty bell	n|the bell of Independence Hall; rung 8 July 1776 to announce the signing of the Declaration of Independence|
liberty chit	n|a permit to enter or leave a military installation|he had to show his pass in order to get out
liberty island	n|an island in New York Bay to the southwest of Manhattan where the Statue of Liberty stands|Congress officially changed the name from Bedloe's Island to Liberty Island in 1956
liberty ship	n|a slow cargo ship built during World War II|
libidinal	adj|belonging to the libido|libidinal impulses
libidinal energy	n|(psychoanalysis) psychic energy produced by the libido|
libidinous	adj|driven by lust; preoccupied with or exhibiting lustful desires|libidinous orgies
libido	n|(psychoanalysis) a Freudian term for sexual urge or desire|
libocedrus	n|cypresses that resemble cedars|
libocedrus bidwillii	n|evergreen tree of New Zealand resembling the kawaka|
libocedrus decurrens	n|tall tree of the Pacific coast of North America having foliage like cypress and cinnamon-red bark|
libocedrus plumosa	n|New Zealand timber tree resembling the cypress|
libra	n|(astrology) a person who is born while the sun is in Libra|	n|a small faint zodiacal constellation in the southern hemisphere; between Virgo and Scorpius|	n|the seventh sign of the zodiac; the sun is in this sign from about September 23 to October 22|
libra the balance	n|the seventh sign of the zodiac; the sun is in this sign from about September 23 to October 22|
libra the scales	n|the seventh sign of the zodiac; the sun is in this sign from about September 23 to October 22|
librarian	n|a professional person trained in library science and engaged in library services|
librarianship	n|the position of librarian|
library	n|a room where books are kept|they had brandy in the library	n|a collection of literary documents or records kept for reference or borrowing|	n|a depository built to contain books and other materials for reading and study|	n|(computing) a collection of standard programs and subroutines that are stored and available for immediate use|
library card	n|a card certifying the bearer's right to use the library|
library catalog	n|an enumeration of all the resources of a library|
library catalogue	n|an enumeration of all the resources of a library|
library fine	n|fine imposed by a library on books that overdue when returned|
library paste	n|an adhesive made from water and flour or starch; used on paper and paperboard|
library program	n|a program in a program library|
library routine	n|a debugged routine that is maintained in a program library|
library science	n|the study of the principles and practices of library administration|
librate	v|determine the weight of|The butcher weighed the chicken	v|vibrate before coming to a total rest|the children's swing librated
libration	n|(astronomy) a real or apparent slow oscillation of a moon or satellite|the libration of the moon
librettist	n|author of words to be set to music in an opera or operetta|
libretto	n|the words of an opera or musical play|
libreville	n|the capital of Gabon|
libritabs	n|a tranquilizer (trade names Librium and Libritabs) used in the treatment of alcoholism|
librium	n|a tranquilizer (trade names Librium and Libritabs) used in the treatment of alcoholism|
libya	n|a military dictatorship in northern Africa on the Mediterranean; consists almost entirely of desert; a major exporter of petroleum|
libyan	adj|of or relating to Libya or its people|the Libyan desert	n|a native or inhabitant of Libya|
libyan desert	n|the northeastern part of the Sahara Desert in Libya and Egypt and Sudan|
libyan dinar	n|the basic unit of money in Libya|
libyan dirham	n|100 dirhams equal 1 dinar in Libya|
libyan fighting group	n|a Libyan terrorist group organized in 1995 and aligned with al-Qaeda; seeks to radicalize the Libyan government; attempted to assassinate Qaddafi|
libyan islamic fighting group	n|a Libyan terrorist group organized in 1995 and aligned with al-Qaeda; seeks to radicalize the Libyan government; attempted to assassinate Qaddafi|
libyan islamic group	n|a Libyan terrorist group organized in 1995 and aligned with al-Qaeda; seeks to radicalize the Libyan government; attempted to assassinate Qaddafi|
libyan monetary unit	n|monetary unit in Libya|
licence	n|excessive freedom; lack of due restraint|when liberty becomes license dictatorship is near"- Will Durant	n|freedom to deviate deliberately from normally applicable rules or practices (especially in behavior or speech)|	n|a legal document giving official permission to do something|	v|authorize officially|I am licensed to practice law in this state
licenced	adj|given official approval to act|an accredited college
license	n|a legal document giving official permission to do something|	n|freedom to deviate deliberately from normally applicable rules or practices (especially in behavior or speech)|	n|excessive freedom; lack of due restraint|when liberty becomes license dictatorship is near"- Will Durant	n|the act of giving a formal (usually written) authorization|
license fee	n|a fee paid to the government for the privilege of being licensed to do something (as selling liquor or practicing medicine)|
license number	n|the number on the license plate that identifies the car that bears it|
license plate	n|a plate mounted on the front and back of car and bearing the car's registration number|
license tax	n|a fee paid to the government for the privilege of being licensed to do something (as selling liquor or practicing medicine)|
licensed	adj|given official approval to act|an accredited college
licensed practical nurse	n|a nurse who has enough training to be licensed by a state to provide routine care for the sick|
licensee	n|someone to whom a license is granted|
licenser	n|an official who can issue a license or give authoritative permission (especially one who licenses publications)|
licensing agreement	n|contract giving someone the legal right to use a patent or trademark|
licensing fee	n|a fee paid to the government for the privilege of being licensed to do something (as selling liquor or practicing medicine)|
licentiate	n|holds a license (degree) from a (European) university|
licentious	adj|lacking moral discipline; especially sexually unrestrained|coarse and licentious men
licentiously	adv|in a licentious and promiscuous manner|this young girl has to share a room with her mother who lives promiscuously
licentiousness	n|the quality of being lewd and lascivious|	n|dissolute indulgence in sensual pleasure|
lichanura	n|boas of western North America|
lichee	n|Chinese tree cultivated especially in Philippines and India for its edible fruit; sometimes placed in genus Nephelium|	n|Chinese fruit having a thin brittle shell enclosing a sweet jellylike pulp and a single seed; often dried|
lichen	n|any of several eruptive skin diseases characterized by hard thick lesions grouped together and resembling lichens growing on rocks|	n|any thallophytic plant of the division Lichenes; occur as crusty patches or bushy growths on tree trunks or rocks or bare ground etc.|
lichen planus	n|an eruption of shiny flat-topped purplish (usually itchy) papules on the wrist and forearms and thighs|
lichen ruber planus	n|an eruption of shiny flat-topped purplish (usually itchy) papules on the wrist and forearms and thighs|
lichenales	n|category used especially in former classifications for organisms now constituting the division Lichenes|
lichenes	n|comprising the lichens which grow symbiotically with algae; sometimes treated as an independent group more or less coordinate with algae and fungi|
lichgate	n|a roofed gate to a churchyard, formerly used as a temporary shelter for the bier during funerals|
lichi	n|Chinese fruit having a thin brittle shell enclosing a sweet jellylike pulp and a single seed; often dried|
lichtenoid eczema	n|eczema characterized by thickening of the skin with accentuated skin lines|
licinius lucullus	n|Roman general famous for self-indulgence and giving lavish banquets (circa 110-57 BC)|
licit	adj|sanctioned by custom or morality especially sexual morality|a wife's licit love	adj|authorized, sanctioned by, or in accordance with law|a legitimate government
licitly	adv|in a manner acceptable to common custom|you cannot do this legitimately!
licitness	n|the quality of strictly conforming to law|
lick	v|beat thoroughly and conclusively in a competition or fight|We licked the other team on Sunday!	v|pass the tongue over|the dog licked her hand	v|find the solution to (a problem or question) or understand the meaning of|did you solve the problem?	v|take up with the tongue|The cat lapped up the milk
licked	adj|having been got the better of|I'm pretty beat up but I don't feel licked yet
lickety cut	adv|without delay|she tackled the job lickety-split
lickety split	adv|without delay|she tackled the job lickety-split
licking	n|an unsuccessful ending to a struggle or contest|it was a narrow defeat	n|the act of inflicting corporal punishment with repeated blows|
licorice	n|deep-rooted coarse-textured plant native to the Mediterranean region having blue flowers and pinnately compound leaves; widely cultivated in Europe for its long thick sweet roots|	n|a black candy flavored with the dried root of the licorice plant|
licorice fern	n|fern having rootstock of a sweetish flavor|
licorice root	n|root of licorice used in flavoring e.g. candy and liqueurs and medicines|
licorice stick	n|the ordinary clarinet with a middle range|
lid	n|either of two folds of skin that can be moved to cover or open the eye|his lids would stay open no longer	n|a movable top or cover (hinged or separate) for closing the opening at the top of a box, chest, jar, pan, etc.|he raised the piano lid	n|headdress that protects the head from bad weather; has shaped crown and usually a brim|
lidar	n|a measuring system that detects and locates objects on the same principle as radar but uses light from a laser; a potential technology for detecting air turbulence that can affect aircraft|
lidded	adj|having or covered with a lid or lids; often used in combination|milk is left in a large lidded mug	adj|having a lid|milk in a heavy lidded mug
lidless	adj|not having or covered with a lid or lids|a lidless container	adj|having no lid|a lidless container	adj|always watchful|to an eye like mine, a lidless watcher of the public weal"- Alfred Tennyson
lido	n|a recreational facility including a swimming pool for water sports|
lido deck	n|an open deck including a swimming pool|
lidocaine	n|a local anesthetic (trade names Lidocaine and Xylocaine) used topically on the skin and mucous membranes|
lie	v|be located or situated somewhere; occupy a certain position|	v|be lying, be prostrate; be in a horizontal position|The sick man lay in bed all day	v|originate (in)|The problems dwell in the social injustices in this country	v|be and remain in a particular state or condition|lie dormant
lie about	v|hang around idly|She did all the work while he lay around
lie around	v|hang around idly|She did all the work while he lay around
lie awake	v|lie without sleeping|She was so worried, she lay awake all night long
lie detector	n|a polygraph that records bodily changes sometimes associated with lying|
lie dormant	v|be inactive, as if asleep|His work lay dormant for many years
lie down	v|assume a reclining position|lie down on the bed until you feel better
lie in	v|originate (in)|The problems dwell in the social injustices in this country	v|be in confinement for childbirth|
lie in wait	v|wait in hiding to attack|
lie low	v|keep a low profile, try to be inconspicuous|	v|to try to avoid detection especially by police|After we knock off that liquor store we'll have to lay low for a while
lie with	v|have sexual intercourse with|This student sleeps with everyone in her dorm
lie-abed	n|a person who stays in bed until a relatively late hour|
lie-in	n|a long stay in bed in the morning|
liebfraumilch	n|a sweetened Rhenish wine (especially one from Hesse in western Germany)|
liebig condenser	n|a condenser: during distillation the vapor passes through a tube that is cooled by water|
liechtenstein	n|a small landlocked principality (constitutional monarchy) in central Europe located in the Alps between Austria and Switzerland|
liechtensteiner	adj|of or relating to Liechtenstein or its inhabitants|Liechtensteiner castles	n|a native or inhabitant of Liechtenstein|
lied	n|a German art song of the 19th century for voice and piano|
lieder singer	n|a singer of lieder|
liederkranz	n|a soft cheese with a strong odor and flavor|
lief	adv|in a willing manner|this was gladly agreed to
liege	adj|owing or owed feudal allegiance and service|one's liege lord	n|a person holding a fief; a person who owes allegiance and service to a feudal lord|	n|a feudal lord entitled to allegiance and service|	n|city in eastern Belgium; largest French-speaking city in Belgium|
liege lord	n|a feudal lord entitled to allegiance and service|
liege subject	n|a person holding a fief; a person who owes allegiance and service to a feudal lord|
liegeman	n|a person holding a fief; a person who owes allegiance and service to a feudal lord|
lien	n|the right to take another's property if an obligation is not discharged|	n|a large dark-red oval organ on the left side of the body between the stomach and the diaphragm; produces cells involved in immune responses|
lienal	adj|of or relating to the spleen|
lienal artery	n|an artery that originates from the celiac trunk and supplies blood to the spleen|
liepaja	n|a city of southwestern Latvia on the Baltic Sea|
lietuva	n|a republic in northeastern Europe on the Baltic Sea|
lieu	n|the post or function properly or customarily occupied or served by another|can you go in my stead?
lieutenancy	n|the position of a lieutenant|
lieutenant	n|a commissioned military officer|	n|an officer in a police force|	n|an assistant with power to act when his superior is absent|
lieutenant commander	n|a commissioned officer in the Navy ranking above a lieutenant and below a commander|
lieutenant general	n|a general officer ranking above a major general and below a full general|
life	n|a characteristic state or mode of living|social life	n|the experience of being alive; the course of human events and activities|he could no longer cope with the complexities of life	n|the course of existence of an individual; the actions and events that occur in living|he hoped for a new life in Australia	n|the condition of living or the state of being alive|while there's life there's hope
life assurance	n|insurance paid to named beneficiaries when the insured person dies|in England they call life insurance life assurance
life belt	n|belt attaching you to some object as a restraint in order to prevent you from getting hurt|	n|a life preserver in the form of a ring of buoyant material|
life buoy	n|a life preserver in the form of a ring of buoyant material|
life class	n|an art class using a live human model|
life cycle	n|a series of stages through which an organism passes between recurrences of a primary stage|	n|the course of developmental changes in an organism from fertilized zygote to maturity when another zygote can be produced|
life estate	n|(law) an estate whose duration is limited to the life of the person holding it|
life eternal	n|life without beginning or end|
life expectancy	n|an expected time to live as calculated on the basis of statistical probabilities|
life force	n|(biology) a hypothetical force (not physical or chemical) once thought by Henri Bergson to cause the evolution and development of organisms|
life form	n|the characteristic bodily form of a mature organism|
life history	n|an account of the series of events making up a person's life|	n|the general progression of your working or professional life|the general had had a distinguished career
life imprisonment	n|a sentence of imprisonment until death|
life insurance	n|insurance paid to named beneficiaries when the insured person dies|in England they call life insurance life assurance
life jacket	n|life preserver consisting of a sleeveless jacket of buoyant or inflatable design|
life line	n|a crease on the palm; its length is said by palmists to indicate how long you will live|
life mask	n|a cast taken from the face of a living person|
life office	n|life assurance office|
life peer	n|a British peer whose title lapses at death|
life preserver	n|rescue equipment consisting of a buoyant belt or jacket to keep a person from drowning|
life principle	n|a hypothetical force to which the functions and qualities peculiar to living things are sometimes ascribed|
life raft	n|a raft to use if a ship must be abandoned in an emergency|
life ring	n|a life preserver in the form of a ring of buoyant material|
life saver	n|a candy shaped like a small lifesaver|
life science	n|any of the branches of natural science dealing with the structure and behavior of living organisms|
life scientist	n|(biology) a scientist who studies living organisms|
life sentence	n|a prison term lasting as long as the prisoner lives|he got life for killing the guard
life story	n|an account of the series of events making up a person's life|
life style	n|a manner of living that reflects the person's values and attitudes|
life support	n|equipment that makes life possible in otherwise deadly environmental conditions|the astronauts relied on their life-support systems	n|medical equipment that assists or replaces important bodily functions and so enables a patient to live who otherwise might not survive|the patient is on life support
life tenant	n|a tenant whose legal right to retain possession of buildings or lands lasts as long as they (or some other person) live|
life vest	n|life preserver consisting of a sleeveless jacket of buoyant or inflatable design|
life-and-death	adj|vitally important|a life-and-death struggle
life-giving	adj|giving or having the power to give life and spirit|returning the life-giving humus to the land"- Louis Bromfield
life-of-man	n|unarmed woody rhizomatous perennial plant distinguished from wild sarsaparilla by more aromatic roots and panicled umbels; southeastern North America to Mexico|
life-or-death	adj|vitally important|a life-and-death struggle
life-size	adj|being of the same size as an original|a life-size sculpture
life-sized	adj|being of the same size as an original|a life-size sculpture
life-style	n|a manner of living that reflects the person's values and attitudes|
life-support	adj|of or pertaining to equipment or methods used to sustain life|
life-support system	n|equipment that makes life possible in otherwise deadly environmental conditions|the astronauts relied on their life-support systems	n|medical equipment that assists or replaces important bodily functions and so enables a patient to live who otherwise might not survive|the patient is on life support
life-sustaining	adj|performing an essential function in the living body|vital organs
life-threatening	adj|causing fear or anxiety by threatening great harm|a dangerous operation
life-time	n|the period during which something is functional (as between birth and death)|the battery had a short life
lifeblood	n|the blood considered as the seat of vitality|	n|an essential or life-giving force|water is the lifeblood of India
lifeboat	n|a strong sea boat designed to rescue people from a sinking ship|
lifeguard	n|an attendant employed at a beach or pool to protect swimmers from accidents|
lifehack	v|make one's day-to-day activities more efficient|
lifeless	adj|deprived of life; no longer living|a lifeless body	adj|destitute or having been emptied of life or living beings|after the dance the littered and lifeless ballroom echoed hollowly	adj|lacking animation or excitement or activity|the party being dead we left early	adj|not having the capacity to support life|a lifeless planet
lifelessly	adv|without animation or vitality|lifelessly he performed the song	adv|in a lifeless manner|the girl lay in her arms lifelessly	adv|as if dead|
lifelessness	n|a state of no motion or movement|the utter motionlessness of a marble statue	n|not having life|
lifelike	adj|evoking lifelike images within the mind|pictorial poetry and prose	adj|free from artificiality|a lifelike pose
lifeline	n|a crease on the palm; its length is said by palmists to indicate how long you will live|	n|support that enables people to survive or to continue doing something (often by providing an essential connection)|the airlift provided a lifeline for Berlin	n|line that raises or lowers a deep-sea diver|	n|line thrown from a vessel that people can cling to in order to save themselves from drowning|
lifelong	adj|continuing through life|a lifelong friend
lifer	n|a prisoner serving a term of life imprisonment|
lifesaver	n|an attendant employed at a beach or pool to protect swimmers from accidents|	n|a life preserver in the form of a ring of buoyant material|
lifesaving	n|saving the lives of drowning persons|he took a course in lifesaving
lifesize	adj|being of the same size as an original|a life-size sculpture
lifespan	n|the period during which something is functional (as between birth and death)|the battery had a short life
lifestyle	n|a manner of living that reflects the person's values and attitudes|
lifetime	n|the period during which something is functional (as between birth and death)|the battery had a short life
lifework	n|the principal work of your career|
lifo	n|inventory accounting in which the most recently acquired items are assumed to be the first sold|
lift	v|raise from a lower to a higher position|Raise your hands	v|take hold of something and move it to a different location|lift the box onto the table	v|move upwards|lift one's eyes	v|move upward|The fog lifted
lift bridge	n|a bridge that can be raised to block passage or to allow boats or ships to pass beneath it|
lift off	v|depart from the ground|The plane took off two hours late
lift out	v|take out or up with or as if with a scoop|scoop the sugar out of the container
lift pump	n|pump used to lift rather than force a liquid up|
lift up	v|take and lift upward|	v|fill with high spirits; fill with optimism|Music can uplift your spirits
lifted	adj|held up in the air|stood with arms upraised
lifter	n|an athlete who lifts barbells|	n|a thief who steals goods that are in a store|
liftgate	n|a sloping rear car door that is lifted to open|
lifting device	n|a device for lifting heavy loads|
liftman	n|a man employed to operate an elevator|in England they call an elevator man a liftman
liftoff	n|the initial ascent of a rocket from its launching pad|
ligament	n|a sheet or band of tough fibrous tissue connecting bones or cartilages or supporting muscles or organs|	n|any connection or unifying bond|
ligamentum teres uteri	n|ligament attached to the uterus on either side in front of and below the opening of the Fallopian tube and passing through the inguinal canal to the labia majora|
ligan	n|goods (or wreckage) on the sea bed that is attached to a buoy so that it can be recovered|
ligand	n|a substance (an atom or molecule or radical or ion) that forms a complex around a central atom|
ligate	v|join letters in a ligature when writing|	v|bind chemically|The enzyme ligated	v|bind with a bandage or ligature|ligate the artery
ligation	n|(surgery) tying a duct or blood vessel with a ligature (as to prevent bleeding during surgery)|
ligature	n|(music) a group of notes connected by a slur|	n|character consisting of two or more letters combined into one|	n|a metal band used to attach a reed to the mouthpiece of a clarinet or saxophone|	n|thread used by surgeons to bind a vessel (as to constrict the flow of blood)|
liger	n|offspring of a male lion and a female tiger|
light	adj|of comparatively little physical weight or density|a light load	adj|(used of color) having a relatively small amount of coloring agent|light blue	adj|of the military or industry; using (or being) relatively small or light arms or equipment|light infantry	adj|not great in degree or quantity or number|a light sentence
light adaptation	n|the process of adjusting the eyes to relatively high levels of illumination; the pupil constricts and the cones system is operative|
light air	n|wind moving 1-3 knots; 1 on the Beaufort scale|
light arm	n|a rifle or pistol|
light ballast	n|an electrical device for starting and regulating fluorescent and discharge lamps|
light beam	n|a column of light (as from a beacon)|
light beer	n|lager with reduced alcohol content|
light bread	n|bread made with finely ground and usually bleached wheat flour|
light breeze	n|wind moving 4-7 knots; 2 on the Beaufort scale|
light brown	n|a brown that is light but unsaturated|
light bulb	n|electric lamp consisting of a transparent or translucent glass housing containing a wire filament (usually tungsten) that emits light when heated by electricity|
light circuit	n|wiring that provides power to electric lights|
light company	n|a public utility that provides electricity|
light cream	n|cream that has at least 18% butterfat|in England they call light cream `single cream'
light diet	n|diet prescribed for bedridden or convalescent people; does not include fried or highly seasoned foods|
light filter	n|a transparent filter that reduces the light (or some wavelengths of the light) passing through it|
light flyweight	n|an amateur boxer who weighs no more than 106 pounds|
light heavyweight	n|an amateur boxer who weighs no more than 179 pounds|	n|a wrestler who weighs 192-214 pounds|	n|a professional boxer who weighs between 169 and 175 pounds|
light hour	n|the distance light travels in a vacuum in one hour; approximately one billion kilometers|
light intensity	n|luminous intensity measured in candelas|
light machine gun	n|a submachine gun not greater than .30 millimeter|
light meter	n|photographic equipment that measures the intensity of light|
light microscope	n|microscope consisting of an optical instrument that magnifies the image of an object|
light middleweight	n|an amateur boxer who weighs no more than 156 pounds|
light minute	n|the distance light travels in a vacuum in one minute; approximately 18 million kilometers|
light opera	n|a short amusing opera|
light pen	n|(computer science) a pointer that when pointed at a computer display senses whether or not the spot is illuminated|
light reaction	n|the first stage of photosynthesis during which energy from light is used for the production of ATP|
light reflex	n|reflex contraction of the sphincter muscle of the iris in response to a bright light (or certain drugs) causing the pupil to become smaller|
light second	n|the distance light travels in a vacuum in one second; approximately 300,000 kilometers|
light show	n|a display of colored lights moving in shifting patterns|
light sleep	n|sleeping for a short period of time (usually not in bed)|
light source	n|any device serving as a source of illumination|he stopped the car and turned off the lights
light speed	n|the speed at which light travels in a vacuum; the constancy and universality of the speed of light is recognized by defining it to be exactly 299,792,458 meters per second|
light time	n|distance measured in terms of the speed of light (or radio waves)|the light time from Jupiter to the sun is approximately 43 minutes
light touch	n|momentary contact|
light unit	n|a measure of the visible electromagnetic radiation|
light up	v|start to burn with a bright flame|The coal in the BBQ grill finally lit up	v|make lighter or brighter|This lamp lightens the room a bit	v|become clear|The sky cleared after the storm	v|ignite|The sky lit up quickly above the raging volcano
light upon	v|find unexpectedly|the archeologists chanced upon an old tomb
light welterweight	n|an amateur boxer who weighs no more than 140 pounds|
light whipping cream	n|cream that has enough butterfat (30% to 36%) to be whipped|
light within	n|a divine presence believed by Quakers to enlighten and guide the soul|
light year	n|the distance that light travels in a vacuum in 1 year; 5.88 trillion miles or 9.46 trillion kilometers|
light-armed	adj|armed with light weapons|	adj|armed with light equipment and weapons|a light-armed brigade
light-blue	adj|of a light shade of blue|
light-boned	adj|having a bone structure that is light with respect to the surrounding flesh|
light-colored	adj|(used of color) having a relatively small amount of coloring agent|light blue
light-duty	adj|not designed for heavy work|a light-duty detergent
light-emitting diode	n|diode such that light emitted at a p-n junction is proportional to the bias current; color depends on the material used|
light-fingered	adj|having nimble fingers literally or figuratively; especially for stealing or picking pockets|a light-fingered burglar who can crack the combination of a bank vault"- Harry Hansen
light-footed	adj|(of movement) having a light and springy step|a light-footed girl
light-green	adj|of the color between blue and yellow in the color spectrum; similar to the color of fresh grass|a green tree
light-haired	adj|being or having light colored skin and hair and usually blue or grey eyes|blond Scandinavians
light-handed	adj|having a metaphorically delicate touch|the translation is...light-handed...and generally unobtrusive"- New Yorker
light-handedly	adv|in a light-handed manner|
light-headed	adj|weak and likely to lose consciousness|suddenly felt faint from the pain	adj|lacking seriousness; given to frivolity|a dizzy blonde
light-headedly	adv|in a giddy light-headed manner|he walked around dizzily
light-hearted	adj|carefree and happy and lighthearted|was loved for her blithe spirit
light-heartedly	adv|in a light-hearted manner|he light-heartedly overlooks some of the basic facts of life
light-minded	adj|showing inappropriate levity|
light-mindedness	n|inappropriate levity|her mood changed and she was all lightness and joy
light-o'-love	n|a woman inconstant in love|
light-of-love	n|a woman inconstant in love|
light-sensitive	adj|sensitive to visible light|photographic film is light-sensitive
light-tight	adj|not penetrable by light|lightproof containers
light-year	n|the distance that light travels in a vacuum in 1 year; 5.88 trillion miles or 9.46 trillion kilometers|
lightbulb	n|electric lamp consisting of a transparent or translucent glass housing containing a wire filament (usually tungsten) that emits light when heated by electricity|
lighted	adj|set afire or burning|the lighted candles	adj|provided with artificial light|illuminated advertising
lighten	v|make more cheerful|the conversation lightened me up a bit	v|reduce the weight on; make lighter|she lightened the load on the tired donkey	v|become more cheerful|after a glass of wine, he lightened up a bit	v|make more cheerful through the use of color|The paint will brighten the room
lighten up	v|make more cheerful|the conversation lightened me up a bit	v|become more cheerful|after a glass of wine, he lightened up a bit	v|make more cheerful through the use of color|The paint will brighten the room	v|become lighter|The room lightened up
lightening	n|descent of the uterus into the pelvic cavity that occurs late in pregnancy; the fetus is said to have dropped|	n|changing to a lighter color|
lighter	n|a substance used to ignite or kindle a fire|	n|a device for lighting or igniting fuel or charges or fires|do you have a light?	n|a flatbottom boat for carrying heavy loads (especially on canals)|	v|transport in a flatbottom boat|
lighter-than-air	adj|relating to a balloon or other aircraft that flies because it weighs less than the air it displaces|
lighter-than-air craft	n|aircraft supported by its own buoyancy|
lighterage	n|the fee charged for carrying goods in lighters|	n|the transportation of goods on a lighter|
lighterman	n|someone who operates a barge|
lightheaded	adj|weak and likely to lose consciousness|suddenly felt faint from the pain	adj|lacking seriousness; given to frivolity|a dizzy blonde
lightheadedness	n|a reeling sensation; a feeling that you are about to fall|	n|a frivolous lack of prudence|
lighthearted	adj|carefree and happy and lighthearted|was loved for her blithe spirit
lightheartedness	n|the cheerful feeling you have when nothing is troubling you|
lighthouse	n|a tower with a light that gives warning of shoals to passing ships|
lighthouse keeper	n|the keeper of a lighthouse|
lighting	n|having abundant light or illumination|they played as long as it was light	n|apparatus for supplying artificial light effects for the stage or a film|	n|the craft of providing artificial light|an interior decorator must understand lighting	n|the act of setting something on fire|
lighting circuit	n|wiring that provides power to electric lights|
lighting fixture	n|a fixture providing artificial light|
lighting industry	n|an industry devoted to manufacturing and selling and installing lighting|
lighting-up	adj|turning lights on|it's lighting-up time
lightless	adj|giving no light|lightless stars `visible' only to radio antennae	adj|without illumination|came up the lightless stairs
lightlessness	n|total absence of light|they fumbled around in total darkness
lightly	adv|without good reason|one cannot say such things lightly	adv|with few burdens|experienced travellers travel light	adv|with little weight or force|she kissed him lightly on the forehead	adv|indulging with temperance|we eat lightly in the morning
lightly armored	adj|equipped with armor heavy enough to provide protection against fire from light arms|
lightly armoured	adj|equipped with armor heavy enough to provide protection against fire from light arms|
lightly-armed	adj|armed with light weapons|
lightness	n|a feeling of joy and pride|	n|the property of being comparatively small in weight|the lightness of balsa wood	n|the gracefulness of a person or animal that is quick and nimble|	n|having a light color|
lightning	n|abrupt electric discharge from cloud to cloud or from cloud to earth accompanied by the emission of light|	n|the flash of light that accompanies an electric discharge in the atmosphere (or something resembling such a flash); can scintillate for a second or more|
lightning arrester	n|electrical device inserted in a power line to protect equipment from sudden fluctuations in current|
lightning bug	n|nocturnal beetle common in warm regions having luminescent abdominal organs|
lightning conductor	n|a metallic conductor that is attached to a high point and leads to the ground; protects the building from destruction by lightning|
lightning hurler	n|an epithet for Jupiter|
lightning rod	n|someone who is a frequent target of negative reactions and serves to distract attention from another|	n|a metallic conductor that is attached to a high point and leads to the ground; protects the building from destruction by lightning|
lightproof	adj|not penetrable by light|lightproof containers
lights-out	n|a prescribed bedtime|	n|(military) signal to turn the lights out|
lightship	n|a ship equipped like a lighthouse and anchored where a permanent lighthouse would be impracticable|
lightsome	adj|moving easily and quickly; nimble|the dancer was light and graceful	adj|carefree and happy and lighthearted|was loved for her blithe spirit
lightsomely	adv|moving with quick light steps|she walked lightsomely down the long staircase	adv|in a light-hearted manner|he light-heartedly overlooks some of the basic facts of life
lightsomeness	n|the cheerful feeling you have when nothing is troubling you|	n|the gracefulness of a person or animal that is quick and nimble|	n|the trait of being lighthearted and frivolous|
lightweight	adj|weighing relatively little compared with another item or object of similar use|a lightweight fabric	adj|having no importance or influence|a lightweight intellect	n|a professional boxer who weighs between 131 and 135 pounds|	n|someone who is unimportant but cheeky and presumptuous|
lightwood	n|tall Australian acacia yielding highly valued black timber|
ligne	n|a linear unit (1/40 inch) used to measure diameter of buttons|
ligneous	adj|consisting of or containing lignin or xylem|ligneous (or woody) tissue
ligneous plant	n|a plant having hard lignified tissues or woody parts especially stems|
lignify	v|convert into wood or cause to become woody|
lignin	n|a complex polymer; the chief constituent of wood other than carbohydrates; binds to cellulose fibers to harden and strengthen cell walls of plants|
lignite	n|intermediate between peat and bituminous coal|
lignosae	n|a category in some early taxonomies|
lignum	n|woody tissue|
lignum vitae	n|hard greenish-brown wood of the lignum vitae tree and other trees of the genus Guaiacum|	n|small evergreen tree of Caribbean and southern Central America to northern South America; a source of lignum vitae wood, hardest of commercial timbers, and a medicinal resin|
ligularia	n|genus of Old World herbs resembling groundsel: leopard plants|
ligule	n|(botany) any appendage to a plant that is shaped like a strap|
liguria	n|region of northwestern Italy on the Ligurian Sea|
ligurian sea	n|an arm of the Mediterranean between northwest Italy and Corsica|
ligustrum	n|genus of Old World shrubs: privet|
ligustrum amurense	n|eastern Asian shrub cultivated especially for its persistent foliage|
ligustrum ibolium	n|fast-growing and tightly branched hybrid of Ligustrum ovalifolium and Ligustrum obtusifolium|
ligustrum japonicum	n|evergreen shrub of Japan and Korea having small dark leaves and flowers in loose panicles; related to but smaller than Chinese privet|
ligustrum lucidum	n|erect evergreen treelike shrub of China and Korea and Japan having acuminate leaves and flowers in long erect panicles; resembles Japanese privet|
ligustrum obtusifolium	n|small deciduous shrub having graceful arching branches and luxuriant foliage|
ligustrum ovalifolium	n|semi-evergreen Japanese shrub having malodorous flowers; used extensively for hedges because more likely to stay green that common privet|
ligustrum vulgare	n|deciduous semi-evergreen shrub used for hedges|
lii	adj|being two more than fifty|
liii	adj|being three more than fifty|
likable	adj|(of characters in literature or drama) evoking empathic or sympathetic feelings|the sympathetic characters in the play	adj|easy to like; agreeable|an attractive and likable young man
like	v|prefer or wish to do something|Do you care to try this dish?	v|find enjoyable or agreeable|I like jogging	v|be fond of|I like my nephews	v|feel about or towards; consider, evaluate, or regard|How did you like the President's speech last night?
like a shot	adv|without delay or hesitation; with no time intervening|he answered immediately
like an expert	adv|in an expert manner|he repaired the TV set expertly
like blue murder	adv|at top speed|he ran flat out to catch the bus
like clockwork	adv|with regularity and precision|the rocket launch went off like clockwork
like crazy	adv|(informal) with great speed or effort or intensity; used for emphasis|drove like crazy
like fun	adv|used ironically to indicate the opposite of what is stated|says he'll help me? Like hell he will!
like hell	adv|(informal) with great speed or effort or intensity; used for emphasis|drove like crazy	adv|used ironically to indicate the opposite of what is stated|says he'll help me? Like hell he will!
like kings	adv|in a royal manner|they were royally treated
like mad	adv|(informal) with great speed or effort or intensity; used for emphasis|drove like crazy
like royalty	adv|in a royal manner|they were royally treated
like sin	adv|(informal) with great speed or effort or intensity; used for emphasis|drove like crazy
like the devil	adv|(informal) with great speed or effort or intensity; used for emphasis|drove like crazy
like thunder	adv|(informal) with great speed or effort or intensity; used for emphasis|drove like crazy
like-minded	adj|of the same turn of mind|
likeable	adj|(of characters in literature or drama) evoking empathic or sympathetic feelings|the sympathetic characters in the play	adj|easy to like; agreeable|an attractive and likable young man
liked	adj|found pleasant or attractive; often used as a combining form|a well-liked teacher
likelihood	n|the probability of a specified outcome|
likeliness	n|the probability of a specified outcome|
likely	adj|has a good chance of being the case or of coming about|these services are likely to be available to us all before long	adj|likely but not certain to be or become true or real|a likely result	adj|expected to become or be; in prospect|potential clients	adj|within the realm of credibility|not a very likely excuse
liken	v|consider or describe as similar, equal, or analogous|We can compare the Han dynasty to the Romans
likeness	n|similarity in appearance or character or nature between persons or things|man created God in his own likeness	n|picture consisting of a graphic image of a person or thing|
likening	n|the act of comparing similarities|
likewise	adv|in like or similar manner|He was similarly affected	adv|in addition|he has a Mercedes, too	adv|equally|parents and teachers alike demanded reforms
liking	n|a feeling of pleasure and enjoyment|I've always had a liking for reading
likuta	n|100 makuta equal 1 zaire in Zaire|
lilac	adj|of a pale purple color|	n|any of various plants of the genus Syringa having large panicles of usually fragrant flowers|
lilac-blue	adj|of blue tinged with lavender|
lilac-colored	adj|of a pale purple color|
lilac-pink	adj|of pink tinged with lavender|
lilac-purple	adj|of purple tinged with lilac|
lilangeni	n|the basic unit of money in Swaziland; equal to 100 cents|
liliaceae	n|includes species sometimes divided among the following families: Alliaceae; Aloeaceae; Alstroemeriaceae; Aphyllanthaceae; Asparagaceae; Asphodelaceae; Colchicaceae; Convallariaceae; Hemerocallidaceae; Hostaceae; Hyacinthaceae; Melanthiaceae; Ruscaceae; Smilacaceae; Tecophilaeacea; Xanthorrhoeaceae|
liliaceous	adj|of or pertaining to or characteristic of plants of the family Liliaceae|
liliaceous plant	n|plant growing from a bulb or corm or rhizome or tuber|
liliales	n|an order of monocotyledonous plants including Amaryllidaceae and Liliaceae and Iridaceae|
lilian alicia marks	n|English ballet dancer (born in 1910)|
liliid monocot family	n|family of monocotyledonous plants of the subclass Liliidae; mostly herbs usually with petaloid sepals and petals and compound pistils|
liliid monocot genus	n|genus of monocotyledonous plants comprising mostly herbs having usually petaloid sepals and petals and compound pistils|
liliidae	n|one of four subclasses or superorders of Monocotyledones; comprises 17 families including: Liliaceae; Alliaceae; Amaryllidaceae; Iridaceae; Orchidaceae; Trilliaceae|
liliopsid	n|a monocotyledonous flowering plant; the stem grows by deposits on its inside|
liliopsid family	n|family of flowering plants having a single cotyledon (embryonic leaf) in the seed|
liliopsid genus	n|genus of flowering plants having a single cotyledon (embryonic leaf) in the seed|
liliopsida	n|comprising seed plants that produce an embryo with a single cotyledon and parallel-veined leaves: includes grasses and lilies and palms and orchids; divided into four subclasses or superorders: Alismatidae; Arecidae; Commelinidae; and Liliidae|
lilith	n|in ancient Semitic folklore: a female demon who attacks children|
lilium	n|type genus of Liliaceae|
lilium auratum	n|Japanese lily with golden rays|
lilium candidum	n|lily of eastern Mediterranean and the Balkans with broad funnel-shaped white flowers|
lilium columbianum	n|lily of western North America with showy orange-red purple-spotted flowers|
lilium lancifolium	n|east Asian perennial having large reddish-orange black-spotted flowers with reflexed petals|
lilium longiflorum	n|tall lily have large white trumpet-shaped flowers that bloom in the spring|
lilium martagon	n|lily with small dull purple flowers of northwestern Europe and northwestern Asia|
lilium michiganense	n|lily of central North America having recurved orange-red flowers with deep crimson spots|
lilium philadelphicum	n|lily of eastern North America having orange to orange-red purple-spotted flowers|
liliuokalani	n|queen of the Hawaiian islands (1838-1917)|
lille	n|an industrial city in northern France near the Belgian border; was the medieval capital of Flanders|
lillie	n|British actress (born in Canada) (1898-1989)|
lillie langtry	n|British actress and mistress of the prince who later became Edward VII (1853-1929)|
lilliput	n|a land imagined by Jonathan Swift that was inhabited by tiny people|
lilliputian	adj|tiny; relating to or characteristic of the imaginary country of Lilliput|the Lilliputian population	adj|very small|diminutive in stature	adj|(informal) small and of little importance|a fiddling sum of money	n|a very small person (resembling a Lilliputian)|
lilo	n|a type of inflatable air mattress|
lilongwe	n|the capital of Malawi; located in south central Malawi|
lilt	n|a jaunty rhythm in music|	v|articulate in a very careful and rhythmic way|
lilting	adj|characterized by a buoyant rhythm|an easy lilting stride
lily	n|any liliaceous plant of the genus Lilium having showy pendulous flowers|
lily family	n|includes species sometimes divided among the following families: Alliaceae; Aloeaceae; Alstroemeriaceae; Aphyllanthaceae; Asparagaceae; Asphodelaceae; Colchicaceae; Convallariaceae; Hemerocallidaceae; Hostaceae; Hyacinthaceae; Melanthiaceae; Ruscaceae; Smilacaceae; Tecophilaeacea; Xanthorrhoeaceae|
lily of the incas	n|an Andean herb having umbels of showy pinkish-purple lily-like flowers|
lily of the nile	n|any of various plants of the genus Agapanthus having umbels of showy blue to purple flowers|
lily of the valley	n|low-growing perennial plant having usually two large oblong lanceolate leaves and a raceme of small fragrant nodding bell-shaped flowers followed by scarlet berries|
lily pad	n|floating leaves of a water lily|
lily turf	n|Asiatic perennial tufted herb with grasslike evergreen foliage and clusters of dark mauve grapelike flowers; grown as ground cover|
lily-livered	adj|easily frightened|
lily-of-the-valley tree	n|broad-leaved evergreen Asiatic shrub with glossy leaves and drooping clusters of white flowers|
lily-white	adj|restricted to whites only|under segregation there were even white restrooms and white drinking fountains	adj|of a pure white color|
lilyturf	n|Asiatic perennial tufted herb with grasslike evergreen foliage and clusters of dark mauve grapelike flowers; grown as ground cover|
lima	n|capital and largest city and economic center of Peru; located in western Peru; was capital of the Spanish empire in the New World until the 19th century|
lima bean	n|bush or tall-growing bean plant having large flat edible seeds|	n|broad flat beans simmered gently; never eaten raw|
lima bean plant	n|bush or tall-growing bean plant having large flat edible seeds|
limacidae	n|slugs|
limacine	adj|of or resembling a slug|
limacoid	adj|of or resembling a slug|
liman	n|a long narrow lagoon near the mouth of a river|
limanda	n|a genus of Pleuronectidae; righteye flounders having a humped nose and small scales; the underside is often brightly colored|
limax	n|a genus of Limacidae|
limb	n|one of the jointed appendages of an animal used for locomotion or grasping: arm; leg; wing; flipper|	n|any of the main branches arising from the trunk or a bough of a tree|	n|(astronomy) the circumferential edge of the apparent disc of the sun or the moon or a planet|	n|either of the two halves of a bow from handle to tip|the upper limb of the bow
limb-girdle muscular dystrophy	n|an autosomal recessive form of muscular dystrophy that appears anywhere from late childhood to middle age; characterized by progressive muscular weakness beginning either in the shoulder or pelvic girdle; usually progresses slowly with cardiopulmonary complications in the later stages|
limbed	adj|having or as if having limbs, especially limbs of a specified kind (usually used in combination)|strong-limbed
limber	adj|(used of e.g. personality traits) readily adaptable|a supple mind	adj|(used of artifacts) easily bent|	adj|(used of persons' bodies) capable of moving or bending freely|	n|a two-wheeled horse-drawn vehicle used to pull a field gun or caisson|
limber up	v|attach the limber|limber a cannon	v|make one's body limber or suppler by stretching, as if to prepare for strenuous physical activity|
limbers	n|a channel or gutter on either side of a ship's keelson; carries bilge water into the pump well|
limbic	adj|of or relating to or forming a limbus|
limbic brain	n|a system of functionally related neural structures in the brain that are involved in emotional behavior|
limbic system	n|a system of functionally related neural structures in the brain that are involved in emotional behavior|
limbless	adj|having no limbs|a snake is a limbless reptile
limbo	n|the state of being disregarded or forgotten|	n|an imaginary place for lost or neglected things|	n|(theology) in Roman Catholicism, the place of unbaptized but innocent or righteous souls (such as infants and virtuous individuals)|
limburger	n|a soft white cheese with a very strong pungent odor and flavor|
limbus	n|a border or edge of any of various body parts distinguished by color or structure|
lime	n|a caustic substance produced by heating limestone|	n|a white crystalline oxide used in the production of calcium hydroxide|	n|a sticky adhesive that is smeared on small branches to capture small birds|	n|any of various related trees bearing limes|
lime disease spirochete	n|cause of Lyme disease; transmitted primarily by ticks of genus Ixodes|
lime hydrate	n|a caustic substance produced by heating limestone|
lime juice	n|usually freshly squeezed juice of limes|
lime tree	n|any of various related trees bearing limes|	n|any of various deciduous trees of the genus Tilia with heart-shaped leaves and drooping cymose clusters of yellowish often fragrant flowers; several yield valuable timber|
limeade	n|sweetened beverage of lime juice and water|
limeira	n|a city of southeastern Brazil (northwest of Sao Paulo)|
limekiln	n|a kiln used to reduce naturally occurring forms of calcium carbonate to lime|
limelight	n|a focus of public attention|he enjoyed being in the limelight	n|a lamp consisting of a flame directed at a cylinder of lime with a lens to concentrate the light; formerly used for stage lighting|
limen	n|the smallest detectable sensation|
limenitis	n|mainly dark northern butterflies with white wing bars|
limenitis astyanax	n|similar to the banded purple but with red spots on underwing surfaces|
limenitis camilla	n|Eurasian butterfly with brown wings and white markings|
limerick	n|port city in southwestern Ireland|	n|a humorous verse form of 5 anapestic lines with a rhyme scheme aabba|
limestone	n|a sedimentary rock consisting mainly of calcium that was deposited by the remains of marine animals|
limestone fern	n|yellow-green fern of rocky areas of northern hemisphere|
limestone salamander	n|similar to Shasta salamander; lives in cliff crevices and taluses|
limewater	n|solution of calcium hydroxide in water used as an antacid|
limey	n|a man of English descent|
limicolae	n|term used in some classifications for migratory shorebirds; coextensive with the Charadrii|
limicoline bird	n|any of numerous wading birds that frequent mostly seashores and estuaries|
limit	n|the greatest possible degree of something|what he did was beyond the bounds of acceptable behavior	n|final or latest limiting point|	n|as far as something can go|	n|the boundary of a specific area|
limit point	n|the mathematical value toward which a function goes as the independent variable approaches infinity|
limitation	n|a principle that limits the extent of something|I am willing to accept certain restrictions on my movements	n|the quality of being limited or restricted|it is a good plan but it has serious limitations	n|the greatest amount of something that is possible or allowed|there are limits on the amount you can bet	n|(law) a time period after which suits cannot be brought|statute of limitations
limited	adj|small in range or scope|limited war	adj|subject to limits or subjected to limits|	adj|including only a part|	adj|mediocre|
limited audit	n|an audit of limited scope (limited in time span or confined to particular accounts etc.)|
limited company	n|a company that is organized to give its owners limited liability|
limited edition	n|an edition that is restricted to a specific number of copies|
limited liability	n|the liability of a firm's owners for no more than the capital they have invested in the firm|
limited review	n|(accounting) a service (less exhaustive than an audit) that provides some assurance to interested parties as to the reliability of financial data|
limited war	n|a war whose objective is less than the unconditional defeat of the enemy|
limitedly	adv|in a limited manner|
limiter	n|(electronics) a nonlinear electronic circuit whose output is limited in amplitude; used to limit the instantaneous amplitude of a waveform (to clip off the peaks of a waveform)|a limiter introduces amplitude distortion
limiting	adj|restricting the scope or freedom of action|	adj|strictly limiting the reference of a modified word or phrase|the restrictive clause in `Each made a list of the books that had influenced him' limits the books on the list to only those particular ones defined by the clause	n|the grammatical relation that exists when a word qualifies the meaning of the phrase|
limitless	adj|without limits in extent or size or quantity|limitless vastness of our solar system	adj|having no limits in range or scope|to start with a theory of unlimited freedom is to end up with unlimited despotism"- Philip Rahv	adj|seemingly boundless in amount, number, degree, or especially extent|unbounded enthusiasm
limitlessness	n|the quality of being infinite; without bound or limit|
limn	v|trace the shape of|	v|make a portrait of|Goya wanted to portray his mistress, the Duchess of Alba
limner	n|a painter or drawer of portraits|
limning	n|a drawing of the outlines of forms or objects|
limnocryptes	n|snipe|
limnocryptes minima	n|a small short-billed Old World snipe|
limnodromus	n|dowitchers|
limnodromus griseus	n|a dowitcher with a grey back|
limnodromus scolopaceus	n|a dowitcher with a red breast|
limnological	adj|of or relating to limnology|
limnologically	adv|with regard to or concerning limnology|
limnologist	n|a specialist in the study of freshwater ponds and lakes|
limnology	n|the scientific study of bodies of fresh water for their biological and physical and geological properties|
limnos	n|a Greek island in the northern Aegean Sea; famous for a reddish-brown clay that has medicinal properties|
limo	n|large luxurious car; usually driven by a chauffeur|
limonene	n|a liquid terpene with a lemon odor; found in lemons and oranges and other essential oils|
limonite	n|a widely occurring iron oxide ore; a mixture of goethite and hematite and lepidocrocite|
limonium	n|sea lavender|
limosa	n|godwits|
limosa haemastica	n|New World godwit|
limousin	n|a region of central France to the west of the Auvergne mountains|
limousine	n|large luxurious car; usually driven by a chauffeur|
limp	v|walk impeded by some physical limitation or injury|The old woman hobbles down to the store every day	v|proceed slowly or with difficulty|the boat limped into the harbor	adj|without energy or will|gave a limp handshake	adj|lacking or having lost rigidity|limp lettuce
limpa	n|a rye bread made with molasses or brown sugar|
limper	n|someone who has a limp and walks with a hobbling gait|
limpet	n|mollusk with a low conical shell|	n|any of various usually marine gastropods with low conical shells; found clinging to rocks in littoral areas|
limpid	adj|clear and bright|the liquid air of a spring morning	adj|transmitting light; able to be seen through with clarity|the cold crystalline water of melted snow	adj|(of language) transparently clear; easily understandable|writes in a limpid style
limpidity	n|free from obscurity and easy to understand; the comprehensibility of clear expression|	n|passing light without diffusion or distortion|
limpidly	adv|in a clear and lucid manner|this is a lucidly written book
limping	n|disability of walking due to crippling of the legs or feet|
limpkin	n|wading bird of Florida, Cuba and Jamaica having a drooping bill and a distinctive wailing call|
limply	adv|without rigidity|the body was hanging limply from the tree
limpness	n|a flabby softness|
limpopo	n|an African river; flows into the Indian Ocean|
limulidae	n|horseshoe crabs|
limulus	n|type genus of the family Limulidae|
limulus polyphemus	n|large marine arthropod of the Atlantic coast of North America having a domed carapace that is shaped like a horseshoe and a stiff pointed tail; a living fossil related to the wood louse|
linac	n|ions are accelerated along a linear path by voltage differences on electrodes along the path|
linaceae	n|a widely distributed family of plants|
linage	n|the number of lines in a piece of printed material|	n|a rate of payment for written material that is measured according to the number of lines submitted|
linalool	n|a colorless fragrant liquid found in many essential oils|
linanthus dianthiflorus	n|low wiry-stemmed branching herb or southern California having fringed pink flowers|
linanthus dichotomus	n|small California annual with white flowers|
linaria	n|genus of herbs and subshrubs having showy flowers: spurred snapdragon|
linaria vulgaris	n|common European perennial having showy yellow and orange flowers; a naturalized weed in North America|
linchpin	n|a central cohesive source of support and stability|faith is his anchor	n|pin inserted through an axletree to hold a wheel on|
lincocin	n|antibiotic (trade name Lincocin) obtained from a streptomyces bacterium and used in the treatment of certain penicillin-resistant infections|
lincoln	n|capital of the state of Nebraska; located in southeastern Nebraska; site of the University of Nebraska|	n|long-wooled mutton sheep originally from Lincolnshire|
lincoln memorial	n|memorial building in Washington containing a large marble statue of Abraham Lincoln|
lincoln's birthday	n|the day on which President Abraham Lincoln is remembered|
lincolnesque	adj|of or relating to or in the manner of Abraham Lincoln|
lincolnian	adj|of or relating to or in the manner of Abraham Lincoln|
lincolnshire	n|an agricultural county of eastern England on the North Sea|
lincomycin	n|antibiotic (trade name Lincocin) obtained from a streptomyces bacterium and used in the treatment of certain penicillin-resistant infections|
lindane	n|a white crystalline powder used as an agricultural insecticide|
linden	n|soft light-colored wood of any of various linden trees; used in making crates and boxes and in carving and millwork|	n|any of various deciduous trees of the genus Tilia with heart-shaped leaves and drooping cymose clusters of yellowish often fragrant flowers; several yield valuable timber|
linden family	n|chiefly trees and shrubs of tropical and temperate regions of especially southeastern Asia and Brazil; genera Tilia, Corchorus, Entelea, Grewia, Sparmannia|
linden tree	n|any of various deciduous trees of the genus Tilia with heart-shaped leaves and drooping cymose clusters of yellowish often fragrant flowers; several yield valuable timber|
lindera	n|aromatic evergreen or deciduous dioecious shrubs or trees of eastern Asia and North America|
lindesnes	n|a cape at the southern tip of Norway|
lindheimera	n|one species: Texas star|
lindheimera texana	n|Texas annual with coarsely pinnatifid leaves; cultivated for its showy radiate yellow flower heads|
line	n|a formation of people or things one beside another|the line of soldiers advanced with their bayonets fixed	n|a mark that is long relative to its width|He drew a line on the chart	n|a formation of people or things one behind another|the line stretched clear around the corner	n|a length (straight or curved) without breadth or thickness; the trace of a moving point|
line backer	n|a defensive football player who takes a position close behind the linemen|
line block	n|engraving consisting of a block that has been etched or engraved|
line coach	n|an assistant football coach in charge of the linemen|
line double	n|a double resulting from a line drive|
line drawing	n|a drawing of the outlines of forms or objects|
line drive	n|(baseball) a hit that flies straight out from the batter|the batter hit a liner to the shortstop
line engraving	n|a print obtained from a line drawing|	n|engraving consisting of a block that has been etched or engraved|
line feed	n|the operation that prepares for the next character to be printed or displayed on the next line|
line item	n|an item in an appropriation bill|Some governors can veto line items in their state budgets
line judge	n|football official who assists the referee by keeping track of the official time during the game|
line management	n|administration of the activities contributing directly to an organization's output|
line of battle	n|a line formed by troops or ships prepared to deliver or receive an attack|
line of business	n|a particular kind of product or merchandise|a nice line of shoes	n|a particular kind of commercial enterprise|they are outstanding in their field
line of control	n|a 450-mile line that is supposed to indicate the boundary between the part of Kashmir controlled by India and the part controlled by Pakistan|
line of credit	n|the maximum credit that a customer is allowed|
line of defence	n|any organization whose responsibility it is to defend against something|police are the major line of defense against crime	n|defensive structure consisting of a barrier that can be employed for defense against attack|
line of defense	n|any organization whose responsibility it is to defend against something|police are the major line of defense against crime	n|defensive structure consisting of a barrier that can be employed for defense against attack|
line of descent	n|the kinship relation between an individual and the individual's progenitors|	n|the descendants of one individual|his entire lineage has been warriors
line of destiny	n|a crease on the palm; palmists say it indicates how successful you will be|
line of duty	n|all that is normally required in some area of responsibility|
line of fate	n|a crease on the palm; palmists say it indicates how successful you will be|
line of fire	n|the path of a missile discharged from a firearm|
line of flight	n|the path along which a freely moving object travels through the air|
line of force	n|an imaginary line in a field of force; direction of the line at any point is the direction of the force at that point|
line of gab	n|plausible glib talk (especially useful to a salesperson)|
line of heart	n|a crease on the palm; palmists say it indicates your emotional nature|
line of inquiry	n|an ordering of questions so as to develop a particular argument|
line of latitude	n|an imaginary line around the Earth parallel to the equator|
line of least resistance	n|the easiest way|In marrying him she simply took the path of least resistance
line of life	n|a crease on the palm; its length is said by palmists to indicate how long you will live|
line of longitude	n|an imaginary great circle on the surface of the earth passing through the north and south poles at right angles to the equator|all points on the same meridian have the same longitude
line of march	n|the route along which a column advances|	n|the arrangement of people in a line for marching|
line of merchandise	n|a particular kind of product or merchandise|a nice line of shoes
line of poetry	n|a single line of words in a poem|
line of products	n|a particular kind of product or merchandise|a nice line of shoes
line of questioning	n|an ordering of questions so as to develop a particular argument|
line of reasoning	n|a course of reasoning aimed at demonstrating a truth or falsehood; the methodical process of logical reasoning|I can't follow your line of reasoning
line of saturn	n|a crease on the palm; palmists say it indicates how successful you will be|
line of sight	n|an imaginary straight line along which an observer looks|
line of succession	n|the order in which individuals are expected to succeed one another in some official position|
line of thought	n|a particular way of thinking that is characteristic of some individual or group|
line of verse	n|a single line of words in a poem|
line of vision	n|an imaginary straight line along which an observer looks|
line of work	n|the principal activity in your life that you do to earn money|he's not in my line of business
line officer	n|a commissioned officer with combat units (not a staff officer or a supply officer)|
line one's pockets	v|make a lot of money|
line organisation	n|the organizational structure of activities contributing directly to the organization's output|
line organization	n|the organizational structure of activities contributing directly to the organization's output|
line personnel	n|personnel having direct job performance responsibilities|
line printer	n|printer that serves as an output device on a computer; prints a whole line of characters at a time|
line roulette	n|a line generated by a point on one figure rolling around a second figure|
line score	n|a summary of the scoring in a game (usually in tabular form)|
line single	n|a single resulting from a line drive|
line spectrum	n|a spectrum in which energy is concentrated at particular wavelengths; produced by excited atoms and ions as they fall back to a lower energy level|
line squall	n|a squall advancing along a front that forms a definite line|
line storm	n|a violent rainstorm near the time of an equinox|
line triple	n|a triple resulting from a line drive|
line up	v|form a line|The buildings all line up neatly	v|get something or somebody for a specific purpose|I found this gadget that will serve as a bottle opener	v|form a queue, form a line, stand in line|Customers lined up in front of the store	v|place in a line or arrange so as to be parallel or straight|align the car with the curb
line worker	n|an employee who works on an assembly line|
line-at-a-time printer	n|printer that serves as an output device on a computer; prints a whole line of characters at a time|
line-drive double	n|a double resulting from a line drive|
line-drive single	n|a single resulting from a line drive|
line-drive triple	n|a triple resulting from a line drive|
line-shooter	n|a very boastful and talkative person|
line-shooting	n|an instance of boastful talk|his brag is worse than his fight
lineage	n|the descendants of one individual|his entire lineage has been warriors	n|the kinship relation between an individual and the individual's progenitors|	n|the number of lines in a piece of printed material|	n|a rate of payment for written material that is measured according to the number of lines submitted|
lineal	adj|in a straight unbroken line of descent from parent to child|lineal ancestors	adj|arranged in a line|
lineally	adv|by an unbroken line of descent|she is related lineally to the Royal Family
lineament	n|a characteristic property that defines the apparent individual nature of something|each town has a quality all its own	n|the characteristic parts of a person's face: eyes and nose and mouth and chin|an expression of pleasure crossed his features
linear	adj|designating or involving an equation whose terms are of the first degree|	adj|of or in or along or relating to a line; involving or having a single dimension|a linear measurement	adj|of a circuit or device having an output that is proportional to the input|analogue device	adj|(of a leaf shape) long and narrow|
linear a	n|an undeciphered writing system used in Crete in the 17th century B.C.|
linear accelerator	n|ions are accelerated along a linear path by voltage differences on electrodes along the path|
linear algebra	n|the part of algebra that deals with the theory of linear equations and linear transformation|
linear b	n|a syllabic script used in Greece in the 13th century B.C.|
linear equation	n|a polynomial equation of the first degree|
linear leaf	n|a long slender leaf|
linear measure	n|a unit of measurement of length|
linear operator	n|an operator that obeys the distributive law: A(f+g) = Af + Ag (where f and g are functions)|
linear perspective	n|the appearance of things relative to one another as determined by their distance from the viewer|
linear programming	n|a mathematical technique used in economics; finds the maximum or minimum of linear functions in many variables subject to constraints|
linear regression	n|the relation between variables when the regression equation is linear: e.g., y = ax + b|
linear unit	n|a unit of measurement of length|
linearise	v|make linear or get into a linear form|a catalyst linearizes polyethylene
linearity	n|the property of having one dimension|
linearize	v|make linear or get into a linear form|a catalyst linearizes polyethylene
linearly	adv|in a linear manner|linearly polarized radiation
lineation	n|the line that appears to bound an object|	n|the act of marking or outlining with lines|
linebacker	n|a defensive football player who takes a position close behind the linemen|
linecut	n|a print obtained from a line drawing|	n|engraving consisting of a block that has been etched or engraved|
lined	adj|bordered by a line of things|tree lined streets	adj|(used especially of skin) marked by lines or seams|their lined faces were immeasurably sad	adj|having a lining or a liner; often used in combination|a lined skirt
linelike	adj|resembling a line|
lineman	n|one of the players on the line of scrimmage|	n|the surveyor who marks positions with a range pole|	n|a person who installs or repairs electrical or telephone lines|
linemen	n|the football players who line up on the line of scrimmage|
linen	n|a fabric woven with fibers from the flax plant|	n|a high-quality paper made of linen fibers or with a linen finish|	n|white goods or clothing made with linen cloth|
linen paper	n|a high-quality paper made of linen fibers or with a linen finish|
linendraper	n|a retail dealer in yard goods|
liner	n|(baseball) a hit that flies straight out from the batter|the batter hit a liner to the shortstop	n|a protective covering that protects an inside surface|	n|a piece of cloth that is used as the inside surface of a garment|	n|a large commercial ship (especially one that carries passengers on a regular schedule)|
liner train	n|a long-distance express freight train between industrial centers and seaports with facilities for rapid loading and unloading of goods|
linesman	n|official (in tennis, soccer, football, etc.) who assists the referee in some way (especially by watching for out of bounds or offside)|	n|a person who installs or repairs electrical or telephone lines|
lineup	n|(baseball) a list of batters in the order in which they will bat|the managers presented their cards to the umpire at home plate	n|a line of persons arranged by police for inspection or identification|	n|the schedule of programs for a particular period|the network's fall lineup
ling	n|water chestnut whose spiny fruit has two rather than 4 prongs|	n|common Old World heath represented by many varieties; low evergreen grown widely in the northern hemisphere|	n|elongated marine food fish of Greenland and northern Europe; often salted and dried|	n|elongate freshwater cod of northern Europe and Asia and North America having barbels around its mouth|
ling ko	n|water chestnut whose spiny fruit has two rather than 4 prongs|
ling-pao	n|a member of the Taoist Trinity|
lingam	n|the Hindu phallic symbol of Siva|
lingberry	n|low evergreen shrub of high north temperate regions of Europe and Asia and America bearing red edible berries|
lingcod	n|food fish of the northern Pacific related to greenlings|
lingenberry	n|low evergreen shrub of high north temperate regions of Europe and Asia and America bearing red edible berries|
linger	v|remain present although waning or gradually dying|Her perfume lingered on	v|be about|The high school students like to loiter in the Central Square	v|leave slowly and hesitantly|	v|take one's time; proceed slowly|
linger over	v|delay|
lingerer	n|someone who lingers aimlessly in or about a place|
lingerie	n|women's underwear and nightclothes|
lingering	n|the act of tarrying|
lingeringly	adv|in a slow, leisurely or prolonged way|her voice was swift, yet ever the last words fell lingeringly" -Rossetti
lingo	n|a characteristic language of a particular group (as among thieves)|they don't speak our lingo
lingonberry	n|low evergreen shrub of high north temperate regions of Europe and Asia and America bearing red edible berries|
lingua	n|a mobile mass of muscular tissue covered with mucous membrane and located in the oral cavity|
lingua franca	n|a common language used by speakers of different languages|Koine is a dialect of ancient Greek that was the lingua franca of the empire of Alexander the Great and was widely spoken throughout the eastern Mediterranean area in Roman times
lingual	adj|consisting of or related to language|linguistic behavior	adj|pertaining to or resembling or lying near the tongue|lingual inflammation	n|a consonant that is produced with the tongue and other speech organs|
lingual artery	n|an artery originating from the external carotid artery and supplying the under side of the tongue|
lingual vein	n|a vein that receives blood from the tongue and the floor of the mouth and empties into the internal jugular or the facial vein|
lingually	adv|with respect to language|linguistically impaired children
lingualumina	n|an artificial language|
linguica	n|a highly seasoned Portuguese pork sausage flavored with garlic and onions|
linguine	n|pasta in long slender flat strips|
linguini	n|pasta in long slender flat strips|
linguist	n|a specialist in linguistics|	n|a person who speaks more than one language|
linguistic	adj|consisting of or related to language|linguistic behavior	adj|of or relating to the scientific study of language|linguistic theory
linguistic atlas	n|an atlas showing the distribution of distinctive linguistic features|
linguistic communication	n|a systematic means of communicating by the use of sounds or conventional symbols|he taught foreign languages
linguistic competence	n|(linguistics) a speaker's implicit, internalized knowledge of the rules of their language (contrasted with linguistic performance)|
linguistic context	n|discourse that surrounds a language unit and helps to determine its interpretation|
linguistic geography	n|the study of the geographical distribution of linguistic features|
linguistic performance	n|(linguistics) a speaker's actual use of language in real situations; what the speaker actually says, including grammatical errors and other non-linguistic features such as hesitations and other disfluencies (contrasted with linguistic competence)|
linguistic process	n|a process involved in human language|	n|the cognitive processes involved in producing and understanding linguistic communication|he didn't have the language to express his feelings
linguistic profiling	n|using speech characteristics or dialect to identify a speaker's race or religion or social class|
linguistic relation	n|a relation between linguistic forms or constituents|
linguistic rule	n|(linguistics) a rule describing (or prescribing) a linguistic practice|
linguistic scientist	n|a specialist in linguistics|
linguistic string	n|a linear sequence of words as spoken or written|
linguistic unit	n|one of the natural units into which linguistic messages can be analyzed|
linguistic universal	n|(linguistics) a grammatical rule (or other linguistic feature) that is found in all languages|
linguistically	adv|with respect to the science of linguistics|linguistically interesting data	adv|with respect to language|linguistically impaired children
linguistics	n|the scientific study of language|	n|the humanistic study of language and literature|
linguistics department	n|the academic department responsible for teaching and research in linguistics|
lingulate	adj|shaped like a tongue|
lingvo kosmopolita	n|an artificial language|
liniment	n|a medicinal liquid that is rubbed into the skin to relieve muscular stiffness and pain|
linin	n|an obsolete term for the network of viscous material in the cell nucleus on which the chromatin granules were thought to be suspended|
lining	n|a protective covering that protects an inside surface|	n|a piece of cloth that is used as the inside surface of a garment|	n|providing something with a surface of a different material|	n|the act of attaching an inside lining (to a garment or curtain etc.)|
link	v|make a logical or causal connection|I cannot connect these two pieces of evidence in my mind	v|connect, fasten, or put together two or more pieces|Can you connect the two loudspeakers?	v|be or become joined or united or linked|The two streets connect to become a highway	v|link with or as with a yoke|yoke the oxen together
link trainer	n|an early form of flight simulator|
link up	v|be or become joined or united or linked|The two streets connect to become a highway	v|connect, fasten, or put together two or more pieces|Can you connect the two loudspeakers?	v|make a logical or causal connection|I cannot connect these two pieces of evidence in my mind
link-attached station	n|a terminal connected to a computer by a data link|
link-attached terminal	n|a terminal connected to a computer by a data link|
linkage	n|an associative relation|	n|(genetics) traits that tend to be inherited together as a consequence of an association between their genes; all of the genes of a given chromosome are linked (where one goes they all go)|	n|a mechanical system of rods or springs or pivots that transmits power or motion|	n|the act of linking things together|
linkage editor	n|an editor program that creates one module from several by resolving cross-references among the modules|
linkage group	n|any pair of genes that tend to be transmitted together|the genes of Drosophila fall into four linkage groups
linkboy	n|(formerly) an attendant hired to carry a torch for pedestrians in dark streets|
linked	adj|connected by a link, as railway cars or trailer trucks|
linked genes	n|any pair of genes that tend to be transmitted together|the genes of Drosophila fall into four linkage groups
linking verb	n|an equating verb (such as `be' or `become') that links the subject with the complement of a sentence|
linkman	n|(formerly) an attendant hired to carry a torch for pedestrians in dark streets|
links	n|a golf course that is built on sandy ground near a shore|
links course	n|course consisting of a large landscaped area for playing golf|
linksman	n|someone who plays the game of golf|
linkup	n|a fastener that serves to join or connect|the walls are held together with metal links placed in the wet mortar during construction
linnaea	n|one species: twinflower|
linnaea borealis	n|creeping evergreen subshrub of the northern parts of Europe and Asia with delicate fragrant tubular bell-shaped usually pink flowers borne in pairs|
linnaea borealis americana	n|similar to the twinflower of northern Europe and Asia|
linnaean	adj|of or relating to Linnaeus or to the system of taxonomic classification that Linnaeus proposed|
linnaeus	n|Swedish botanist who proposed the modern system of biological nomenclature (1707-1778)|
linnean	adj|of or relating to Linnaeus or to the system of taxonomic classification that Linnaeus proposed|
linnet	n|small Old World finch whose male has a red breast and forehead|
lino	n|a floor covering|
linocut	n|a print that is made from a design carved in relief into a block of linoleum|	n|a design carved in relief into a block of linoleum|
linoleic acid	n|a liquid polyunsaturated fatty acid abundant in plant fats and oils; a fatty acid essential for nutrition; used to make soap|
linolenic acid	n|a liquid polyunsaturated fatty acid that occurs in some plant oils; an essential fatty acid|
linoleum	n|a floor covering|
linoleum cutter	n|a knife having a short stiff blade with a curved point used for cutting linoleum|
linoleum knife	n|a knife having a short stiff blade with a curved point used for cutting linoleum|
linolic acid	n|a liquid polyunsaturated fatty acid abundant in plant fats and oils; a fatty acid essential for nutrition; used to make soap|
linosyris vulgaris	n|early-flowering perennial of southern and southeastern Europe with flower heads resembling those of goldenrod|
linotype	n|a typesetting machine operated from a keyboard that casts an entire line as a single slug of metal|
linotype machine	n|a typesetting machine operated from a keyboard that casts an entire line as a single slug of metal|
linseed	n|the seed of flax used as a source of oil|
linseed oil	n|a drying oil extracted from flax seed and used in making such things as oil paints|
linsey-woolsey	n|a rough fabric of linen warp and wool or cotton woof|
linstock	n|a stick about a meter long with a point on one end (to stick in the ground) and a forked head on the other end (to hold a lighted match); formerly used to fire cannons|
lint	n|fine ravellings of cotton or linen fibers|	n|cotton or linen fabric with the nap raised on one side; used to dress wounds|
lintel	n|horizontal beam used as a finishing piece over a door or window|
lintwhite	n|small Old World finch whose male has a red breast and forehead|
linum	n|a herbaceous plant genus of the family Linaceae with small sessile leaves|
linuron	n|a herbicide that kills weeds without harming vegetables|
linux	n|an open-source version of the UNIX operating system|
linz	n|city in northern Austria on the Danube; noted as a cultural center|
liomys	n|pocket mice|
liomys irroratus	n|large pocket mouse of Mexico|
lion	n|large gregarious predatory feline of Africa and India having a tawny coat with a shaggy mane in the male|	n|a celebrity who is lionized (much sought after)|	n|(astrology) a person who is born while the sun is in Leo|	n|the fifth sign of the zodiac; the sun is in this sign from about July 23 to August 22|
lion cub	n|a young lion|
lion's beard	n|short hairy perennial with early spring blue-violet or lilac flowers; North America and Siberia|
lion-hunter	n|someone who tries to attract social lions as guests|	n|someone who hunts lions|
lion-jaw forceps	n|a type of forceps|
lioness	n|a female lion|
lionet	n|a small or young lion|
lionfish	n|brightly striped fish of the tropical Pacific having elongated spiny fins|
lionhearted	adj|extraordinarily courageous|
lionise	v|assign great social importance to|The film director was celebrated all over Hollywood
lionize	v|assign great social importance to|The film director was celebrated all over Hollywood
lions club	n|club dedicated to promoting responsible citizenship and good government and community and national and international welfare|
liopelma	n|type and sole genus of the family Leiopelmatidae|
liopelma hamiltoni	n|primitive New Zealand frog with four unwebbed toes on forefeet and five on hind feet|
liopelmidae	n|primitive New Zealand frogs|
liothyronine	n|thyroid hormone similar to thyroxine but with one less iodine atom per molecule and produced in smaller quantity; exerts the same biological effects as thyroxine but is more potent and briefer|
lip	n|either of two fleshy folds of tissue that surround the mouth and play a role in speaking|	n|(botany) either of the two parts of a bilabiate corolla or calyx|	n|an impudent or insolent rejoinder|don't give me any of your sass	n|the top edge of a vessel or other container|
lip balm	n|a balm applied to the lips|
lip fern	n|any of various terrestrial ferns of the genus Cheilanthes; cosmopolitan in arid and semiarid temperate or tropical regions|
lip off	v|speak spontaneously and without restraint|She always shoots her mouth off and says things she later regrets
lip reader	n|someone who can understand spoken words by watching the movements of a speaker's lips|
lip rouge	n|makeup that is used to color the lips|
lip service	n|an expression of agreement that is not supported by real conviction|
lip sync	n|combining audio and video recording in such a way that the sound is perfectly synchronized with the action that produced it; especially synchronizing the movements of a speaker's lips with the sound of his speech|
lip synch	n|combining audio and video recording in such a way that the sound is perfectly synchronized with the action that produced it; especially synchronizing the movements of a speaker's lips with the sound of his speech|
lip synchronisation	n|combining audio and video recording in such a way that the sound is perfectly synchronized with the action that produced it; especially synchronizing the movements of a speaker's lips with the sound of his speech|
lip synchronization	n|combining audio and video recording in such a way that the sound is perfectly synchronized with the action that produced it; especially synchronizing the movements of a speaker's lips with the sound of his speech|
lip-gloss	n|makeup that makes the lips shiny|
lip-read	v|interpret by lipreading; of deaf people|
lip-shaped	adj|shaped in the form of a lip|
lip-sync	v|move the lips in synchronization (with recorded speech or song)|
lip-synch	v|move the lips in synchronization (with recorded speech or song)|
lipaemia	n|presence of excess lipids in the blood|
liparidae	n|snailfishes|
liparididae	n|snailfishes|
liparis	n|an orchid of the genus Liparis having few leaves and usually fairly small yellow-green or dull purple flowers in terminal racemes|	n|type genus of the Liparididae: snailfishes|
liparis liparis	n|small tadpole-shaped cold-water fishes with pelvic fins forming a sucker; related to lumpfish|
liparis loeselii	n|small terrestrial orchid of eastern North America and Europe having two nearly basal leaves and dull yellow-green racemose flowers|
lipase	n|an enzyme secreted in the digestive tract that catalyzes the breakdown of fats into individual fatty acids that can be absorbed into the bloodstream|
lipectomy	n|plastic surgery involving the breakdown and removal of fatty tissue|
lipemia	n|presence of excess lipids in the blood|
lipfern	n|any of various terrestrial ferns of the genus Cheilanthes; cosmopolitan in arid and semiarid temperate or tropical regions|
lipid	n|an oily organic compound insoluble in water but soluble in organic solvents; essential structural component of living cells (along with proteins and carbohydrates)|
lipid granulomatosis	n|widespread xanthomas (especially on elbows and knees); often associated with a disorder of lipid metabolism|
lipid-lowering medication	n|a medicine that lowers blood cholesterol levels by inhibiting HMG-CoA reductase|
lipid-lowering medicine	n|a medicine that lowers blood cholesterol levels by inhibiting HMG-CoA reductase|
lipidaemia	n|presence of excess lipids in the blood|
lipide	n|an oily organic compound insoluble in water but soluble in organic solvents; essential structural component of living cells (along with proteins and carbohydrates)|
lipidemia	n|presence of excess lipids in the blood|
lipidosis	n|a disorder of lipid metabolism; abnormal levels of certain fats accumulate in the body|
lipitor	n|an oral drug (trade name Lipitor) that is effective in lowering triglycerides; potent in reducing LDL cholesterol because higher doses can be given|
lipizzan	n|a compact and sturdy saddle horse that is bred and trained in Vienna; smart and docile and excellent for dressage|a Lippizan is black or brown when born but turns white by the time it is five years old
lipless	adj|without a lip or lips|
liplike	adj|having lips or parts that resemble lips|
lipo-hepin	n|a polysaccharide produced in basophils (especially in the lung and liver) and that inhibits the activity of thrombin in coagulation of the blood; it (trade names Lipo-Hepin and Liquaemin) is used as an anticoagulant in the treatment of thrombosis and in heart surgery|
lipo-lutin	n|a steroid hormone (trade name Lipo-Lutin) produced in the ovary; prepares and maintains the uterus for pregnancy|
lipochondrodystrophy	n|hereditary disease (autosomal recessive) consisting of an error is mucopolysaccharide metabolism; characterized by severe abnormalities in development of skeletal cartilage and bone and mental retardation|
lipogram	n|a text that excludes a particular letter or particular letters of the alphabet|
lipoid	n|an oily organic compound insoluble in water but soluble in organic solvents; essential structural component of living cells (along with proteins and carbohydrates)|
lipoid granulomatosis	n|widespread xanthomas (especially on elbows and knees); often associated with a disorder of lipid metabolism|
lipoidaemia	n|presence of excess lipids in the blood|
lipoidemia	n|presence of excess lipids in the blood|
lipoma	n|a tumor consisting of fatty tissue|
lipomatosis	n|pathology in which fat accumulates in lipomas in the body|
lipophilic	adj|having an affinity for lipids|
lipoprotein	n|a conjugated protein having a lipid component; the principal means for transporting lipids in the blood|
liposarcoma	n|sarcoma of fat cells|
liposcelis	n|a genus of Psocidae|
liposcelis divinatorius	n|minute wingless psocopterous insects injurious to books and papers|
liposomal delivery vector	n|a transducing vector that uses liposomes to carry the gene of interest|
liposome	n|an artificially made microscopic vesicle into which nucleic acids can be packaged; used in molecular biology as a transducing vector|
liposuction	n|lipectomy (especially for cosmetic purposes) in which excess fatty tissue is removed from under the skin by suction|
lipotropic	adj|having an affinity for lipids|
lipotyphla	n|moles; hedgehogs; true shrews|
lipped	adj|having a lip or lips|a lipped bowl
lippi	n|Italian painter and son of Fra Filippo Lippi (1457-1504)|	n|Italian painter whose works show a three-dimensional style (1406-1469)|
lippizan	n|a compact and sturdy saddle horse that is bred and trained in Vienna; smart and docile and excellent for dressage|a Lippizan is black or brown when born but turns white by the time it is five years old
lippizaner	n|a compact and sturdy saddle horse that is bred and trained in Vienna; smart and docile and excellent for dressage|a Lippizan is black or brown when born but turns white by the time it is five years old
lippmann	n|French physicist who developed the first color photographic process (1845-1921)|
lipread	v|interpret by lipreading; of deaf people|
lipreading	n|perceiving what a person is saying by observing the movements of the lips|
lipstick	n|makeup that is used to color the lips|	v|form by tracing with lipstick|The clown had lipsticked circles on his cheeks	v|apply lipstick to|She lipsticked her mouth
lipstick plant	n|epiphyte or creeping on rocks; Malaysian plant having somewhat fleshy leaves and bright red flowers|
liquaemin	n|a polysaccharide produced in basophils (especially in the lung and liver) and that inhibits the activity of thrombin in coagulation of the blood; it (trade names Lipo-Hepin and Liquaemin) is used as an anticoagulant in the treatment of thrombosis and in heart surgery|
liquefaction	n|the conversion of a solid or a gas into a liquid|
liquefiable	adj|capable of being liquefied|
liquefied	adj|reduced to a liquid state|liquefied petroleum gas	adj|reduced to liquid form by heating|a mass of molten rock
liquefied petroleum gas	n|hydrocarbon gases, usually propane or butane, kept under pressure|
liquefy	v|become liquid|The garden air overnight liquefied into a morning dew	v|make (a solid substance) liquid, as by heating|liquefy the silver	v|become liquid or fluid when heated|the frozen fat liquefied
liquescent	adj|becoming liquid|
liqueur	n|strong highly flavored sweet liquor usually drunk after a meal|
liqueur glass	n|a small glass for serving a small amount of liqueur (typically after dinner)|
liquid	adj|existing as or having characteristics of a liquid; especially tending to flow|water and milk and blood are liquid substances	adj|filled or brimming with tears|swimming eyes	adj|clear and bright|the liquid air of a spring morning	adj|changed from a solid to a liquid state|rivers filled to overflowing by melted snow
liquid air	n|air in a liquid state|
liquid assets	n|assets in the form of cash (or easily convertible into cash)|
liquid bleach	n|a solution containing bleaching agents; used for laundry|
liquid body substance	n|the liquid parts of the body|
liquid crystal	n|a liquid exhibiting properties of a crystal that are not shown by ordinary liquids|
liquid crystal display	n|a digital display that uses liquid crystal cells that change reflectivity in an applied electric field; used for portable computer displays and watches etc.|
liquid detergent	n|a detergent in liquid form|
liquid diet	n|a diet of foods that can be served in liquid or strained form (plus custards or puddings); prescribed after certain kinds of surgery|
liquid ecstasy	n|street names for gamma hydroxybutyrate|
liquid measure	n|a unit of capacity for liquids (for measuring the volumes of liquids or their containers)|
liquid metal reactor	n|a nuclear reactor using liquid metal as a coolant|
liquid nitrogen	n|nitrogen in a liquid state|
liquid oxygen	n|a bluish translucent magnetic liquid obtained by compressing gaseous oxygen and then cooling it below its boiling point; used as an oxidizer in rocket propellants|
liquid pred	n|a dehydrogenated analogue of cortisol (trade names Orasone or Deltasone or Liquid Pred or Meticorten); used as an anti-inflammatory drug in the treatment of arthritis and as an immunosuppressant|
liquid soap	n|soap in liquid form|
liquid state	n|the state in which a substance exhibits a characteristic readiness to flow with little or no tendency to disperse and relatively high incompressibility|
liquid unit	n|a unit of capacity for liquids (for measuring the volumes of liquids or their containers)|
liquid-fueled	adj|fueled by a liquid fuel|
liquidambar	n|aromatic exudate from the sweet gum tree|	n|any tree of the genus Liquidambar|	n|sweet gum|
liquidate	v|get rid of (someone who may be a threat) by killing|The mafia liquidated the informer	v|eliminate by paying off (debts)|	v|convert into cash|I had to liquidate my holdings to pay off my ex-husband	v|settle the affairs of by determining the debts and applying the assets to pay them off|liquidate a company
liquidation	n|termination of a business operation by using its assets to discharge its liabilities|	n|the act of exterminating|	n|the murder of a competitor|
liquidator	n|a criminal who commits homicide (who performs the unlawful premeditated killing of another human being)|	n|(law) a person (usually appointed by a court of law) who liquidates assets or preserves them for the benefit of affected parties|
liquidise	v|make (a solid substance) liquid, as by heating|liquefy the silver
liquidiser	n|an electrically powered mixer with whirling blades that mix or chop or liquefy foods|
liquidity	n|the state in which a substance exhibits a characteristic readiness to flow with little or no tendency to disperse and relatively high incompressibility|	n|the property of flowing easily|adding lead makes the alloy easier to cast because the melting point is reduced and the fluidity is increased	n|being in cash or easily convertible to cash; debt paying ability|
liquidity crisis	n|a state in which there is a short supply of cash to lend to businesses and consumers and interest rates are high|
liquidize	v|sell or get rid of all one's merchandise|	v|make (a solid substance) liquid, as by heating|liquefy the silver
liquidizer	n|an electrically powered mixer with whirling blades that mix or chop or liquefy foods|
liquidness	n|the state in which a substance exhibits a characteristic readiness to flow with little or no tendency to disperse and relatively high incompressibility|	n|the property of flowing easily|adding lead makes the alloy easier to cast because the melting point is reduced and the fluidity is increased
liquifiable	adj|capable of being liquefied|
liquified	adj|changed from a solid to a liquid state|rivers filled to overflowing by melted snow	adj|reduced to a liquid state|liquefied petroleum gas	adj|reduced to liquid form by heating|a mass of molten rock
liquify	v|make (a solid substance) liquid, as by heating|liquefy the silver	v|become liquid or fluid when heated|the frozen fat liquefied
liquor	n|an alcoholic beverage that is distilled rather than fermented|	n|a liquid substance that is a solution (or emulsion or suspension) used or obtained in an industrial process|waste liquors	n|the liquid in which vegetables or meat have be cooked|
liquor licence	n|a license authorizing the holder to sell alcoholic beverages|
liquor license	n|a license authorizing the holder to sell alcoholic beverages|
liquor store	n|a store that sells alcoholic beverages for consumption elsewhere|
liquorice	n|deep-rooted coarse-textured plant native to the Mediterranean region having blue flowers and pinnately compound leaves; widely cultivated in Europe for its long thick sweet roots|	n|a black candy flavored with the dried root of the licorice plant|
lir	n|the sea personified; father of Manannan; corresponds to Welsh Llyr|
lira	n|the basic unit of money on Malta; equal to 100 cents|	n|the basic unit of money in Turkey|	n|formerly the basic unit of money in Italy; equal to 100 centesimi|
liriodendron	n|tulip trees|
liriope	n|sometimes placed in family Convallariaceae: lilyturf|
liriope muscari	n|Asiatic perennial tufted herb with grasslike evergreen foliage and clusters of dark mauve grapelike flowers; grown as ground cover|
lis pendens	n|a pending lawsuit|
lisboa	n|capital and largest city and economic and cultural center of Portugal; a major port in western Portugal on Tagus River where it broadens and empties into the Atlantic|
lisbon	n|capital and largest city and economic and cultural center of Portugal; a major port in western Portugal on Tagus River where it broadens and empties into the Atlantic|
lise meitner	n|Swedish physicist (born in Austria) who worked in the field of radiochemistry with Otto Hahn and formulated the concept of nuclear fission with Otto Frisch (1878-1968)|
lisinopril	n|an ACE inhibiting drug (trade names Prinival or Zestril) administered as an antihypertensive and after heart attacks|
lisle	n|a fabric woven with lisle thread|	n|a strong tightly twisted cotton thread (usually made of long-staple cotton)|
lisle thread	n|a strong tightly twisted cotton thread (usually made of long-staple cotton)|
lisp	n|a speech defect that involves pronouncing `s' like voiceless `th' and `z' like voiced `th'|	n|a flexible procedure-oriented programing language that manipulates symbols in the form of lists|	v|speak with a lisp|
lisp compiler	n|a compiler for programs written in LISP|
lisp program	n|a program written in LISP|
lisper	n|a speaker who lisps|
lispingly	adv|with a lisp|she spoke lispingly
lissom	adj|gracefully thin and bending and moving with ease|
lissome	adj|gracefully thin and bending and moving with ease|
lissomeness	n|the gracefulness of a person or animal that is flexible and supple|
list	n|a database containing an ordered array of items (names or topics)|	n|the property possessed by a line or surface that departs from the vertical|the tower had a pronounced tilt	v|give or make a list of; name individually; give the names of|List the states west of the Mississippi	v|include in a list|Am I listed in your register?
list price	n|the selling price of something as stated in a catalogue or price list; often subject to discounts|I got it at 30% off the list price
list processing	n|processing data that is given in the form of chained lists|
list system	n|based on the principle of proportional representation; voters choose between party lists, the number elected from each list being determined by the percentage cast for each list out of the total vote|
list-processing language	n|a flexible procedure-oriented programing language that manipulates symbols in the form of lists|
listed	adj|on a list|
listen	v|hear with intention|Listen to the sound of this cello	v|listen and pay attention|Listen to your father	v|pay close attention to; give heed to|Heed the advice of the old men
listen in	v|listen quietly, without contributing to the conversation|	v|listen without the speaker's knowledge|the jealous man was eavesdropping on his wife's conversations
listener	n|someone who listens attentively|
listening	n|the act of hearing attentively|you can learn a lot by just listening
listening watch	n|a watch established for the reception of traffic of interest to the unit maintaining the watch|
lister	n|English surgeon who was the first to use antiseptics (1827-1912)|	n|assessor who makes out the tax lists|	n|moldboard plow with a double moldboard designed to move dirt to either side of a central furrow|
lister plough	n|moldboard plow with a double moldboard designed to move dirt to either side of a central furrow|
lister plow	n|moldboard plow with a double moldboard designed to move dirt to either side of a central furrow|
listera	n|genus of terrestrial orchids having usually a single pair of broad shining leaves near the middle of the stem; found in temperate Asia and North America and Europe|
listera convallarioides	n|small orchid with two elliptic leaves and a slender raceme of small green flowers; western North America|
listera cordata	n|orchid having two triangular leaves and a short lax raceme of green to rust-colored flowers with the lip flushed mauve; Europe and Asia and North America and Greenland|
listera ovata	n|orchid having a pair of ovate leaves and a long slender raceme of green flowers sometimes tinged red-brown; Europe to central Asia|
listeria	n|any species of the genus Listeria|
listeria meningitis	n|an infectious disease of animals and humans (especially newborn or immunosuppressed persons) caused by the bacterium Listeria monocytogenes; in sheep and cattle the infection frequently involves the central nervous system and causes various neurological symptoms|
listeria monocytogenes	n|the type species of the genus Listeria; can cause meningitis, encephalitis, septicemia, endocarditis, abortion, abscesses, listeriosis|
listeriosis	n|an infectious disease of animals and humans (especially newborn or immunosuppressed persons) caused by the bacterium Listeria monocytogenes; in sheep and cattle the infection frequently involves the central nervous system and causes various neurological symptoms|
listing	n|a database containing an ordered array of items (names or topics)|	n|the act of making a list of items|
listless	adj|lacking zest or vivacity|he was listless and bored	adj|marked by low spirits; showing no enthusiasm|a dispirited and divided Party
listlessly	adv|in a listless manner|they shook hands rather listlessly
listlessness	n|a feeling of lack of interest or energy|	n|inactivity resulting from lethargy and lack of vigor or energy|
lisu	n|a Loloish language|
liszt	n|Hungarian composer and piano virtuoso (1811-1886)|
lit	adj|provided with artificial light|illuminated advertising	adj|set afire or burning|the lighted candles	n|the humanistic study of a body of literature|he took a course in Russian lit
lit crit	n|the informed analysis and evaluation of literature|
litany	n|any long and tedious address or recital|the patient recited a litany of complaints	n|a prayer consisting of a series of invocations by the priest with responses from the congregation|
litas	n|the basic unit of money in Lithuania|
litchee	n|Chinese fruit having a thin brittle shell enclosing a sweet jellylike pulp and a single seed; often dried|
litchi	n|Chinese tree cultivated especially in Philippines and India for its edible fruit; sometimes placed in genus Nephelium|	n|Chinese fruit having a thin brittle shell enclosing a sweet jellylike pulp and a single seed; often dried|
litchi chinensis	n|Chinese tree cultivated especially in Philippines and India for its edible fruit; sometimes placed in genus Nephelium|
litchi nut	n|Chinese fruit having a thin brittle shell enclosing a sweet jellylike pulp and a single seed; often dried|
litchi tree	n|Chinese tree cultivated especially in Philippines and India for its edible fruit; sometimes placed in genus Nephelium|
lite	adj|having relatively few calories|diet cola
liter	n|a metric unit of capacity, formerly defined as the volume of one kilogram of pure water under standard conditions; now equal to 1,000 cubic centimeters (or approximately 1.75 pints)|
literacy	n|the ability to read and write|
literal	adj|being or reflecting the essential or genuine character of something|her actual motive	adj|without interpretation or embellishment|a literal depiction of the scene before him	adj|limited to the explicit meaning of a word or text|a literal translation	adj|avoiding embellishment or exaggeration (used for emphasis)|it's the literal truth
literal error	n|a mistake in printed matter resulting from mechanical failures of some kind|
literal interpretation	n|an interpretation based on the exact wording|
literalise	v|make literal|literalize metaphors
literalism	n|the doctrine of realistic (literal) portrayal in art or literature|	n|a disposition to interpret statements in their literal sense|
literalize	v|make literal|literalize metaphors
literally	adv|in a literal sense|literally translated	adv|(intensifier before a figurative expression) without exaggeration|our eyes were literally pinned to TV during the Gulf War
literalness	n|adhereing to the concrete construal of something|
literary	adj|of or relating to or characteristic of literature|literary criticism	adj|knowledgeable about literature|a literary style	adj|appropriate to literature rather than everyday speech or writing|when trying to impress someone she spoke in an affected literary style
literary agent	n|an agent who represents an author in dealings with publishers|
literary argument	n|a summary of the subject or plot of a literary work or play or movie|the editor added the argument to the poem
literary composition	n|imaginative or creative writing|
literary critic	n|a critic of literature|
literary criticism	n|a written evaluation of a work of literature|	n|the informed analysis and evaluation of literature|
literary genre	n|a style of expressing yourself in writing|
literary hack	n|a mediocre and disdained writer|
literary pirate	n|someone who uses another person's words or ideas as if they were his own|
literary review	n|a review devoted to literary criticism|
literary study	n|the humanistic study of literature|
literary work	n|imaginative or creative writing|
literate	adj|able to read and write|	adj|versed in literature; dealing with literature|	adj|knowledgeable and educated in one or several fields|computer literate	n|a person who can read and write|
literate person	n|a person who can read and write|
literati	n|the literary intelligentsia|
literatim	adv|letter for letter|the message was transcribed literatim
literature	n|creative writing of recognized artistic value|	n|the humanistic study of a body of literature|he took a course in Russian lit	n|published writings in a particular style on a particular subject|the technical literature	n|the profession or art of a writer|her place in literature is secure
lithane	n|a white powder (LiCO3) used in manufacturing glass and ceramics and as a drug; the drug (trade names Lithane or Lithonate or Eskalith) is used to treat some forms of depression and manic episodes of manic-depressive disorder|
lithe	adj|gracefully thin and bending and moving with ease|
lithe-bodied	adj|having a lithe body|
litheness	n|the gracefulness of a person or animal that is flexible and supple|
lithesome	adj|gracefully thin and bending and moving with ease|
lithia water	n|mineral water containing lithium salts|
lithiasis	n|the formation of stones (calculi) in an internal organ|
lithic	adj|of or containing lithium|	adj|relating to or composed of stone|lithic sandstone
lithium	n|a soft silver-white univalent element of the alkali metal group; the lightest metal known; occurs in several minerals|
lithium carbonate	n|a white powder (LiCO3) used in manufacturing glass and ceramics and as a drug; the drug (trade names Lithane or Lithonate or Eskalith) is used to treat some forms of depression and manic episodes of manic-depressive disorder|
lithocarpus	n|tanbark oaks|
lithocarpus densiflorus	n|evergreen tree of the Pacific coast area having large leathery leaves; yields tanbark|
lithocarpus glaber	n|small evergreen tree of China and Japan|
lithocarpus glabra	n|small evergreen tree of China and Japan|
lithodidae	n|deep-sea crabs of cold waters|
lithoglyptics	n|the art of engraving on precious stones|
lithograph	n|a print produced by lithography|	n|duplicator that prints by lithography; a flat surface (of stone or metal) is treated to absorb or repel ink in the desired pattern|	v|make by lithography|
lithograph machine	n|duplicator that prints by lithography; a flat surface (of stone or metal) is treated to absorb or repel ink in the desired pattern|
lithographer	n|a printmaker who uses lithography|
lithographic	adj|of or produced by or involved in lithography|lithographic reproduction
lithography	n|a method of planographic printing from a metal or stone surface|	n|the act of making a lithographic print|
lithology	n|the branch of geology that studies rocks: their origin and formation and mineral composition and classification|
lithomancer	n|one who practices lithomancy|
lithomancy	n|divination by means of stones or stone talismans|
lithomantic	adj|of or relating to lithomancy|
lithonate	n|a white powder (LiCO3) used in manufacturing glass and ceramics and as a drug; the drug (trade names Lithane or Lithonate or Eskalith) is used to treat some forms of depression and manic episodes of manic-depressive disorder|
lithophragma	n|small genus of perennial herbs of the western North America|
lithophragma affine	n|California perennial herb cultivated for its racemose white flowers with widely spreading petals; sometimes placed in genus Tellima|
lithophragma affinis	n|California perennial herb cultivated for its racemose white flowers with widely spreading petals; sometimes placed in genus Tellima|
lithophyte	n|plant that grows on rocks or stony soil and derives nourishment from the atmosphere|
lithophytic	adj|of or relating to lithophytes|
lithophytic plant	n|plant that grows on rocks or stony soil and derives nourishment from the atmosphere|
lithops	n|any plant of the genus Lithops native to Africa having solitary yellow or white flowers and thick leaves that resemble stones|
lithospermum	n|annual or perennial herbaceous or shrubby plants; cosmopolitan except Australia|
lithospermum caroliniense	n|perennial plant of eastern North America having hairy foliage yielding a red or yellow pigment|
lithospermum officinale	n|European perennial branching plant; occurs in hedgerows and at the edge of woodlands|
lithosphere	n|the solid part of the earth consisting of the crust and outer mantle|
lithotomy	n|surgical removal of a stone (calculus)|
lithotomy position	n|a position lying on your back with knees bent and thighs apart; assumed for vaginal or rectal examination|
lithuania	n|a republic in northeastern Europe on the Baltic Sea|
lithuanian	adj|of or relating to or characteristic of Lithuania or its people or language|	n|a native or inhabitant of Lithuania|	n|the official language of Lithuania; belongs to the Baltic branch of Indo-European|
lithuanian monetary unit	n|monetary unit in Lithuania|
lithuresis	n|passing small stones with the urine|
litigant	n|(law) a party to a lawsuit; someone involved in litigation|plaintiffs and defendants are both litigants
litigate	v|engage in legal proceedings|	v|institute legal proceedings against; file a suit against|He was warned that the district attorney would process him
litigation	n|a legal proceeding in a court; a judicial contest to determine and enforce legal rights|
litigator	n|(law) a party to a lawsuit; someone involved in litigation|plaintiffs and defendants are both litigants
litigious	adj|of or relating to litigation|	adj|inclined or showing an inclination to dispute or disagree, even to engage in law suits|a style described as abrasive and contentious
litigiousness	n|a quarrelsome disposition to engage in or carry on lawsuits|charges of litigiousness and widespread perjury
litmus	n|a coloring material (obtained from lichens) that turns red in acid solutions and blue in alkaline solutions; used as a very rough acid-base indicator|
litmus paper	n|unsized paper treated with litmus for use as an acid-base indicator|
litmus test	n|a coloring material (obtained from lichens) that turns red in acid solutions and blue in alkaline solutions; used as a very rough acid-base indicator|	n|a test that relies on a single indicator|her litmus test for good breeding is whether you split infinitives
litocranius	n|antelopes of eastern Africa: gerenuks|
litocranius walleri	n|slender East African antelope with slim neck and backward-curving horns|
litoral	n|the region of the shore of a lake or sea or ocean|
litotes	n|understatement for rhetorical effect (especially when expressing an affirmative by negating its contrary)|saying `I was not a little upset' when you mean `I was very upset' is an example of litotes
litre	n|a metric unit of capacity, formerly defined as the volume of one kilogram of pure water under standard conditions; now equal to 1,000 cubic centimeters (or approximately 1.75 pints)|
litter	n|the offspring at one birth of a multiparous mammal|	n|rubbish carelessly dropped or left about (especially in public places)|	n|conveyance consisting of a chair or bed carried on two poles by bearers|	n|material used to provide a bed for animals|
litter basket	n|bin (usually in or outside a public building) into which the public can put rubbish|
litter lout	n|a person who litters public places with refuse|
litter-basket	n|bin (usually in or outside a public building) into which the public can put rubbish|
litter-bearer	n|one who helps carry a stretcher|
litterateur	n|a writer of literary works|
litterbin	n|bin (usually in or outside a public building) into which the public can put rubbish|
litterbug	n|a person who litters public places with refuse|
littered	adj|filled or scattered with a disorderly accumulation of objects or rubbish|the storm left the drivewaylittered with sticks nd debris
litterer	n|a person who litters public places with refuse|
little	adj|limited or below average in number or quantity or magnitude or extent|a little dining room	adj|(quantifier used with mass nouns) small in quantity or degree; not much or almost none or (with `a') at least some|little rain fell in May	adj|(of children and animals) young, immature|what a big little boy you are	adj|(informal) small and of little importance|a fiddling sum of money
little auk	n|small short-billed auk abundant in Arctic regions|
little bear	n|a constellation outside the zodiac that rotates around the North Star|
little bighorn	n|a river that flows from northern Wyoming into the Bighorn River in southern Montana; site of Custer's Last Stand|
little bighorn river	n|a river that flows from northern Wyoming into the Bighorn River in southern Montana; site of Custer's Last Stand|
little black ant	n|tiny glossy black ant; nests outdoors but invades houses for food|
little blue heron	n|small bluish-grey heron of the western hemisphere|
little brother	n|a younger brother|my little brother just had his 50th birthday
little by little	adv|a little bit at a time|the research structure has developed piecemeal	adv|by a short distance|they moved it by inches
little club moss	n|any of numerous fern allies of the genus Selaginella|
little clubmoss	n|of northern Europe and America; resembling a miniature fir|
little corporal	n|French general who became emperor of the French (1769-1821)|
little dictionary	n|a dictionary that is small enough to carry in your pocket|
little dipper	n|a cluster of seven stars in Ursa Minor; at the end of the dipper's handle is Polaris|
little dog	n|a constellation to the east of Orion; contains Procyon|
little egret	n|Old World egret|
little finger	n|the finger farthest from the thumb|
little girl	n|a youthful female person|the baby was a girl
little golden zinnia	n|subshrub having short leafy stems and numerous small flower heads with nearly round yellow-orange rays; Arizona south to Mexico and east to Kansas|
little grebe	n|small European grebe|
little hand	n|the shorter hand of a clock that points to the hours|
little horn	n|a river that flows from northern Wyoming into the Bighorn River in southern Montana; site of Custer's Last Stand|
little joe	n|the cardinal number that is the sum of three and one|
little john	n|legendary follower of Robin Hood; noted for his size and strength|
little league	n|a commercially sponsored baseball league for players between 8 and 12 years of age|
little leaguer	n|a player between 8 and 12 years of age who is a member of a little-league team|
little lord fauntleroy	n|an excessively polite and well-dressed boy|
little missouri	n|a river that rises in northeastern Wyoming and flows through Montana and South Dakota to join the Missouri River in North Dakota|
little missouri river	n|a river that rises in northeastern Wyoming and flows through Montana and South Dakota to join the Missouri River in North Dakota|
little office	n|a Roman Catholic office honoring the Virgin Mary; similar to but shorter than the Divine Office|
little owl	n|small European owl|
little phoebe	n|the cardinal number that is the sum of four and one|
little potato	n|rhizoctinia disease of potatoes|
little red riding hood	n|a girl in a fairy tale who meets a wolf while going to visit her grandmother|
little rhody	n|a state in New England; one of the original 13 colonies; the smallest state|
little rock	n|the state capital and largest city of Arkansas in the central part of Arkansas on the Arkansas River|
little sioux river	n|a river that rises in southwestern Minnesota and flows southwestward to the Missouri River in western Iowa|
little sister	n|a younger sister|
little slam	n|winning all but one of the tricks in a hand of bridge|
little sparrow	n|French cabaret singer (1915-1963)|
little terror	n|a very troublesome child|
little theater	n|a small theater for experimental drama or collegiate or community groups|
little theatre	n|a small theater for experimental drama or collegiate or community groups|
little toe	n|the fifth smallest outermost toe|
little wabash	n|a river in eastern Illinois that flows southeastward to the Wabash River|
little wabash river	n|a river in eastern Illinois that flows southeastward to the Wabash River|
little-head snakeweed	n|similar to Gutierrezia sarothrae but with flower heads having fewer rays and disk flowers|
little-known	adj|unknown to most people|
little-leaf fig	n|Australian tree resembling the banyan often planted for ornament; introduced into South Africa for brushwood|
little-league team	n|a team that plays in a little league|
littleneck	n|a quahog when young and small; usually eaten raw; an important food popular in New York|	n|a young quahog|
littleneck clam	n|a quahog when young and small; usually eaten raw; an important food popular in New York|	n|a young quahog|
littleness	n|the property of having a relatively small size|	n|the property of having relatively little strength or vigor|the smallness of her voice	n|lack of generosity in trifling matters|
littler	adj|small or little relative to something else|
littoral	adj|of or relating to a coastal or shore region|	n|the region of the shore of a lake or sea or ocean|
littoral zone	n|the region of the shore of a lake or sea or ocean|
littorina	n|type genus of the family Littorinidae: periwinkles|
littorinidae	n|periwinkles|
littre	n|French lexicographer (1801-1881)|
liturgical	adj|of or relating to or in accord with liturgy|
liturgics	n|the study of liturgies|
liturgiology	n|the study of liturgies|
liturgist	n|an authority on liturgies|
liturgy	n|a Christian sacrament commemorating the Last Supper by consecrating bread and wine|	n|a rite or body of rites prescribed for public worship|
liv	adj|being four more than fifty|
livable	adj|fit or suitable to live in or with|livable conditions
live	v|be an inhabitant of or reside in|People lived in Africa millions of years ago	v|lead a certain kind of life; live in a certain style|we had to live frugally after the war	v|continue to live and avoid dying|We went without water and food for 3 days	v|support oneself|he could barely exist on such a low wage
live axle	n|the axle of a self-propelled vehicle that provides the driving power|
live birth	n|the birth of a living fetus (regardless of the length of gestation)|
live body	n|the body of a living animal or person|
live down	v|live so as to annul some previous behavior|You can never live this down!
live in	v|live in the house where one works|our babysitter lives in, as it is too far to commute for her
live it up	v|enjoy oneself|it's your birthday, so let's live it up!
live load	n|a variable load on a structure (e.g. a bridge) such as moving traffic|
live on	v|continue to live and avoid dying|We went without water and food for 3 days
live out	v|live out one's life; live to the end|	v|work in a house where one does not live; he can easily commute from his home"|our cook lives out
live over	v|experience again, often in the imagination|He relived the horrors of war
live steam	n|steam coming from a boiler at full pressure|
live together	v|share living quarters; usually said of people who are not married and live together as a couple|
live up to	v|meet the requirements or expectations of|
live wire	n|an alert and energetic person|
live with	v|tolerate or accommodate oneself to|I shall have to accept these unpleasant working conditions
live-and-die	n|prostrate or semi-erect subshrub of tropical America, and Australia; heavily armed with recurved thorns and having sensitive soft grey-green leaflets that fold and droop at night or when touched or cooled|
live-bearer	n|small usually brightly-colored viviparous surface-feeding fishes of fresh or brackish warm waters; often used in mosquito control|
live-bearing	adj|producing living young (not eggs)|
live-forever	n|perennial northern temperate plant with toothed leaves and heads of small purplish-white flowers|
liveable	adj|fit or suitable to live in or with|livable conditions
liveborn	adj|(of newborn infant) showing signs of life after birth; not stillborn|a liveborn baby
liveborn infant	n|infant who shows signs of life after birth|
livedo	n|skin disorder characterized by patchy bluish discolorations on the skin|
livelihood	n|the financial means whereby one lives|each child was expected to pay for their keep
liveliness	n|general activity and motion|	n|animation and energy in action or expression|it was a heavy play and the actors tried in vain to give life to it
livelong	adj|(of time) constituting the full extent or duration|all the livelong day	n|perennial northern temperate plant with toothed leaves and heads of small purplish-white flowers|
lively	adj|full of life and energy|a lively discussion	adj|full of zest or vigor|a racy literary style	adj|quick and energetic|a brisk walk in the park	adj|elastic; rebounds readily|clean bouncy hair
liven	v|make lively|let's liven up this room a bit
liven up	v|make lively|let's liven up this room a bit
liveness	n|the property of being animated; having animal life as distinguished from plant life|
liver	n|large and complicated reddish-brown glandular organ located in the upper right portion of the abdominal cavity; secretes bile and functions in metabolism of protein and carbohydrate and fat; synthesizes substances involved in the clotting of the blood; synthesizes vitamin A; detoxifies poisonous substances and breaks down worn-out erythrocytes|	n|liver of an animal used as meat|	n|a person who has a special life style|a high liver	n|someone who lives in a place|a liver in cities
liver cancer	n|malignant neoplastic disease of the liver usually occurring as a metastasis from another cancer; symptoms include loss of appetite and weakness and bloating and jaundice and upper abdominal discomfort|
liver chestnut	n|a solid dark brown horse|
liver disease	n|a disease affecting the liver|
liver fluke	n|flatworm parasitic in liver and bile ducts of domestic animals and humans|
liver pudding	n|sausage containing ground liver|
liver rot	n|a disease of the liver (especially in sheep and cattle) caused by liver flukes and their by-products|
liver sausage	n|sausage containing ground liver|
liver spot	n|a type of skin disease that causes brown spots on the skin|
liver-colored	adj|having a reddish-brown color|
liver-spotted dalmatian	n|a brown-spotted dalmatian|
liveried	adj|wearing livery|liveried footmen stood on the palace steps
liverish	adj|suffering from or suggesting a liver disorder or gastric distress|	adj|irritable as if suffering from indigestion|
liverleaf	n|any of several plants of the genus Hepatica having three-lobed leaves and white or pinkish flowers in early spring; of moist and mossy subalpine woodland areas of north temperate regions|
liverpool	n|a large city in northwestern England; its port is the country's major outlet for industrial exports|
liverpudlian	adj|of or relating to Liverpool or its people|Liverpudlian streets	n|a native or resident of Liverpool|
liverwort	n|any of numerous small green nonvascular plants of the class Hepaticopsida growing in wet places and resembling green seaweeds or leafy mosses|
liverwurst	n|sausage containing ground liver|
livery	adj|suffering from or suggesting a liver disorder or gastric distress|	n|uniform worn by some menservants and chauffeurs|	n|the voluntary transfer of something (title or possession) from one party to another|	n|the care (feeding and stabling) of horses for pay|
livery company	n|one of the chartered companies of London originating with the craft guilds|
livery driver	n|someone who drives a taxi for a living|
livery stable	n|stable where horses and vehicles are kept for hire|
liveryman	n|a worker in a livery stable|
livestock	n|any animals kept for use or profit|
livid	adj|anemic looking from illness or emotion|a face turned ashen	adj|(of a light) imparting a deathlike luminosity|livid lightning streaked the sky	adj|furiously angry|willful stupidity makes him absolutely livid	adj|discolored by coagulation of blood beneath the skin|beaten black and blue
lividity	n|a state of fury so great the face becomes discolored|	n|unnatural lack of color in the skin (as from bruising or sickness or emotional distress)|
lividly	adv|in a livid manner|
lividness	n|unnatural lack of color in the skin (as from bruising or sickness or emotional distress)|
living	n|the experience of being alive; the course of human events and activities|he could no longer cope with the complexities of life	n|people who are still living|save your pity for the living	n|the condition of living or the state of being alive|while there's life there's hope	n|the financial means whereby one lives|each child was expected to pay for their keep
living accommodations	n|structures collectively in which people are housed|
living arrangement	n|an arrangement to allow people (or ideas) to coexist|
living dead	n|a dead body that has been brought back to life by a supernatural force|
living death	n|a state of constant misery|
living granite	n|highly succulent stemless clump-forming plants with grey-green leaves similar in texture to lumps of granite; South Africa|
living quarters	n|housing available for people to live in|he found quarters for his family
living rock	n|highly succulent stemless clump-forming plants with grey-green leaves similar in texture to lumps of granite; South Africa|
living room	n|a room in a private house or establishment where people can sit and talk and relax|
living room set	n|a suite of furniture for the living room|
living room suite	n|a suite of furniture for the living room|
living space	n|space sought for occupation by a nation whose population is expanding|
living standards	n|a level of material comfort in terms of goods and services available to someone or some group|they enjoyed the highest standard of living in the country
living stone	n|any plant of the genus Lithops native to Africa having solitary yellow or white flowers and thick leaves that resemble stones|
living substance	n|the substance of a living cell (including cytoplasm and nucleus)|
living thing	n|a living (or once living) entity|
living trust	n|a trust created and operating during the grantor's lifetime|
living wage	n|a wage sufficient for a worker and family to subsist comfortably|
living will	n|a document written by someone still legally capable requesting that he should be allowed to die if subsequently severely disabled or suffering terminal illness|after he discovered he had AIDS he drew up a living will
living-room	n|a room in a private house or establishment where people can sit and talk and relax|
living-room set	n|a suite of furniture for the living room|
living-room suite	n|a suite of furniture for the living room|
livingroom set	n|a suite of furniture for the living room|
livingroom suite	n|a suite of furniture for the living room|
livingstone	n|Scottish missionary and explorer who discovered the Zambezi River and Victoria Falls (1813-1873)|
livingstone daisy	n|low-growing showy succulent annual of South Africa having white or pink or red or orange flowers and spatulate leaves covered in papillae that resemble small crystals|
livistona	n|fan palms of Asia and Australia and Malaysia|
livistona australis	n|Australian palm with leaf buds that are edible when young|
livonia	n|a region on the Baltic that is divided between northern Estonia and southern Latvia|
livonian	n|a member of the Livonian-speaking people of Latvia|	n|the Finnic language spoken by the people of Livonia in Estonia and Latvia|
livonian-speaking	adj|able to communicate in Livonian|
livy	n|Roman historian whose history of Rome filled 142 volumes (of which only 35 survive) including the earliest history of the war with Hannibal (59 BC to AD 17)|
liza	n|similar to the striped mullet and takes its place in the Caribbean region|
lizard	n|relatively long-bodied reptile with usually two pairs of legs and a tapering tail|	n|a man who idles about in the lounges of hotels and bars in search of women who would support him|
lizard orchid	n|an orchid of the genus Himantoglossum|
lizard's-tail family	n|family of perennial aromatic herbs: genera Saururus, Anemopsis, Houttuynia|
lizardfish	n|tropical fishes with large mouths in lizard-like heads; found worldwide|
ljubljana	n|the capital of Slovenia|
llano	n|an extensive grassy and nearly treeless plain (especially in Latin America)|
llano estacado	n|a large semiarid plateau forming the southern part of the Great Plains|
llb	n|a three-year law degree|
lld	n|an honorary law degree|
llew llaw gyffes	n|son of Gwydion and Arianrhod; supported by magic of Gwydion; cursed by Arianrhod|
llewelyn powys	n|British writer of essays; one of three literary brothers (1884-1939)|
llm	n|an advanced law degree|
lloyd webber	n|English composer of many successful musicals (some in collaboration with Sir Tim Rice) (born in 1948)|
llud	n|a Celtic warrior god|
llullaillaco	n|a mountain in the Andes on the border between Argentina and Chile (22,057 feet high)|
llyr	n|Celtic deity who was the father of Manawydan; corresponds to Irish Lir|
lm	n|a unit of luminous flux equal to the amount of light given out through a solid angle of 1 steradian by a point source of 1 candela intensity radiating uniformly in all directions|
lo/ovral	n|trade name for an oral contraceptive containing estradiol and norgestrel|
loach	n|slender freshwater fishes of Eurasia and Africa resembling catfishes|
load	n|weight to be borne or conveyed|	n|a quantity that can be processed or transported at one time|the system broke down under excessive loads	n|goods carried by a large vehicle|	n|an amount of alcohol sufficient to intoxicate|he got a load on and started a brawl
load down	v|load with a pack|
load factor	n|(aeronautics) the ratio of an external load to the weight of the aircraft (measured in g)|
load line	n|waterlines to show the level the water should reach when the ship is properly loaded|
load up	v|fill or place a load on|load a car
load-bearing	adj|capable of bearing a structural load|a supporting wall
load-shedding	n|cutting off the electric current on certain lines when the demand becomes greater than the supply|
loaded	adj|filled with a great quantity|a tray loaded with dishes	adj|(of weapons) charged with ammunition|a loaded gun	adj|(of statements or questions) charged with associative significance and often meant to mislead or influence|a loaded question	adj|having an abundant supply of money or possessions of value|an affluent banker
loaded down	adj|heavily burdened with work or cares|bowed down with troubles	adj|bearing a physically heavy weight or load|tree limbs burdened with ice
loader	n|a laborer who loads and unloads vessels in a port|	n|an attendant who loads guns for someone shooting game|
loading	n|weight to be borne or conveyed|	n|a quantity that can be processed or transported at one time|the system broke down under excessive loads	n|the ratio of the gross weight of an airplane to some factor determining its lift|	n|goods carried by a large vehicle|
loading area	n|a stop where carriers can be loaded and unloaded|
loading dock	n|a platform where trucks or trains can be loaded or unloaded|
loading zone	n|a stop where carriers can be loaded and unloaded|
loads	n|a large number or amount|made lots of new friends
loadstar	n|guiding star; a star that is used as a reference point in navigation or astronomy|	n|something that serves as a model or guide|
loadstone	n|a permanent magnet consisting of magnetite that possess polarity and has the power to attract as well as to be attracted magnetically|
loaf	n|a shaped mass of baked bread that is usually sliced before eating|	n|a quantity of food (other than bread) formed in a particular shape|meat loaf	v|be lazy or idle|Her son is just bumming around all day	v|be about|The high school students like to loiter in the Central Square
loaf of bread	n|a shaped mass of baked bread that is usually sliced before eating|
loaf sugar	n|a large conical loaf of concentrated refined sugar|
loafer	n|person who does no work|a lazy bum	n|a low leather step-in shoe; the top resembles a moccasin but it has a broad flat heel|
loafing	n|having no employment|
loam	n|a rich soil consisting of a mixture of sand and clay and decaying organic materials|
loamless	adj|having no loam|a stony loamless yard
loamy	adj|consisting of or having the character of loam|richy loamy soil
loan	n|the temporary provision of money (usually at interest)|	n|a word borrowed from another language; e.g. `blitz' is a German word borrowed into modern English|	v|give temporarily; let have for a limited time|I will lend you my car
loan application	n|an application to borrow money|
loan approval	n|formal authorization to get a loan (usually from a bank)|
loan collection	n|a number of pictures loaned by their owners for exhibition|
loan office	n|a shop where loans are made with personal property as security|	n|an office where loans are negotiated and repaid|
loan participation	n|a loan that is shared by a group of banks that join to make a loan too big for any one of them alone|
loan shark	n|someone who lends money at excessive rates of interest|
loan translation	n|an expression introduced into one language by translating it from another language|`superman' is a calque for the German `Ubermensch'
loan-blend	n|a word that is composed of parts from different languages (e.g., `monolingual' has a Greek prefix and a Latin root)|
loanblend	n|a word that is composed of parts from different languages (e.g., `monolingual' has a Greek prefix and a Latin root)|
loaner	n|someone who lends money or gives credit in business matters|	n|a car that is lent as a replacement for one that is under repair|
loaning	n|disposing of money or property with the expectation that the same thing (or an equivalent) will be returned|
loanword	n|a word borrowed from another language; e.g. `blitz' is a German word borrowed into modern English|
loasa family	n|family of bristly hairy sometimes climbing plants; America and Africa and southern Arabia|
loasaceae	n|family of bristly hairy sometimes climbing plants; America and Africa and southern Arabia|
loath	adj|unwillingness to do something contrary to your custom|a reluctant smile	adj|(usually followed by `to') strongly opposed|antipathetic to new ideas
loathe	v|find repugnant|I loathe that man
loather	n|one who hates or loathes|
loathing	n|hate coupled with disgust|
loathly	adj|highly offensive; arousing aversion or disgust|a disgusting smell
loathsome	adj|causing or able to cause nausea|a nauseating smell	adj|highly offensive; arousing aversion or disgust|a disgusting smell
loathsomeness	n|the quality of being disgusting to the senses or emotions|the vileness of his language surprised us
lob	v|propel in a high arc|lob the tennis ball	n|an easy return of a tennis ball in a high arc|	n|the act of propelling something (as a ball or shell etc.) in a high arc|
lobachevsky	n|Russian mathematician who independently discovered non-Euclidean geometry (1792-1856)|
lobar	adj|of or relating to or affecting a lobe|lobar pneumonia
lobar pneumonia	n|pneumonia affecting one or more lobes of the lung; commonly due to streptococcal infection|
lobata	n|ctenophore having tentacles only in the immature stage; body compressed vertically having two large oral lobes and four pointed processes|
lobate	adj|having or resembling a lobe or lobes|a lobate tongue	adj|having deeply indented margins but with lobes not entirely separate from each other|
lobate foot	n|a bird's foot having separate toes each with membranous flaps along the sides|
lobated	adj|having or resembling a lobe or lobes|a lobate tongue
lobby	n|a large entrance or reception room or area|	n|the people who support some common cause or business or principle or sectional interest|	n|an interest group that tries to influence legislators or bureaucrats to act in their favor, typically through lobbying|	v|detain in conversation by or as if by holding on to the outer garments of; as for political or economic favors|
lobby group	n|an interest group that tries to influence legislators or bureaucrats to act in their favor, typically through lobbying|
lobbying expense	n|expenses incurred in promoting or evaluating legislation|many lobbying expenses are deductible by a taxpayer
lobbyism	n|the practice of lobbying; the activities of a lobbyist|
lobbyist	n|someone who is employed to persuade legislators to vote for legislation that favors the lobbyist's employer|
lobe	n|(anatomy) a somewhat rounded subdivision of a bodily organ or part|ear lobe	n|(botany) a part into which a leaf is divided|	n|the enhanced response of an antenna in a given direction as indicated by a loop in its radiation pattern|	n|a rounded projection that is part of a larger structure|
lobe of the lung	n|any of the three lobes of the right lung or the two lobes of the left lung|
lobe-finned fish	n|any fish of the order Crossopterygii; most known only in fossil form|
lobectomy	n|surgical removal of a lobe from any organ of the body (as the lung or brain)|
lobed	adj|having deeply indented margins but with lobes not entirely separate from each other|
lobed leaf	n|a leaf having deeply indented margins|
lobefin	n|any fish of the order Crossopterygii; most known only in fossil form|
lobelia	n|any plant or flower of the genus Lobelia|
lobelia dortmanna	n|erect perennial aquatic herb of Europe and North America having submerged spongy leaves and pendulous racemes of blue flowers above the water|
lobelia family	n|not recognized in all classification systems; in some classifications lobeliaceous plants are included in family Campanulaceae|
lobelia siphilitica	n|tall erect and very leafy perennial herb of eastern North America having dense spikes of blue flowers|
lobeliaceae	n|not recognized in all classification systems; in some classifications lobeliaceous plants are included in family Campanulaceae|
lobeliaceous	adj|belonging to the family Lobeliaceae|
lobipes	n|a genus of Phalaropidae|
lobipes lobatus	n|breeds in Arctic regions of Old and New Worlds; large flocks often seen far out at sea|
lobito	n|a seaport on the Atlantic coast of Angola|
loblolly	n|thick gruel|
lobotes	n|type genus of the Lobotidae|
lobotes pacificus	n|tripletail found in the Pacific|
lobotes surinamensis	n|tripletail found from Cape Cod to northern South America|
lobotidae	n|tripletails|
lobotomy	n|surgical interruption of nerve tracts to and from the frontal lobe of the brain; often results in marked cognitive and personality changes|
lobscouse	n|a stew of meat and vegetables and hardtack that is eaten by sailors|
lobscuse	n|a stew of meat and vegetables and hardtack that is eaten by sailors|
lobster	n|flesh of a lobster|	n|any of several edible marine crustaceans of the families Homaridae and Nephropsidae and Palinuridae|
lobster a la newburg	n|lobster in Newburg sauce served on buttered toast or rice|
lobster butter	n|butter blended with chopped lobster or seasoned with essence from lobster shells|
lobster newburg	n|lobster in Newburg sauce served on buttered toast or rice|
lobster pot	n|trap for catching lobsters|
lobster stew	n|diced lobster meat in milk or cream|
lobster tail	n|lobster tail meat; usually from spiny rock lobsters|
lobster tart	n|a pastry shell filled with cooked lobster|
lobster thermidor	n|diced lobster mixed with Mornay sauce placed back in the shell and sprinkled with grated cheese and browned|
lobsterman	n|a person whose occupation is catching lobsters|
lobular	adj|of or relating to or resembling a lobule|
lobularia	n|sweet alyssum|
lobularia maritima	n|perennial European plant having clusters of small fragrant usually white flowers; widely grown in gardens|
lobularity	n|the property of having lobules|
lobule	n|a small lobe or subdivision of a lobe|
lobworm	n|marine worms having a row of tufted gills along each side of the back; often used for fishing bait|
local	adj|relating to or applicable to or concerned with the administration of a city or town or district rather than a larger area|local taxes	adj|of or belonging to or characteristic of a particular locality or neighborhood|local customs	adj|affecting only a restricted part or area of the body|local anesthesia	n|public transport consisting of a bus or train that stops at all stations or stops|the local seemed to take forever to get to New York
local anaesthesia	n|loss of sensation in a small area of the body (as when a local anesthetic is injected for a tooth extraction)|
local anaesthetic	n|anesthetic that numbs a particular area of the body|
local anesthesia	n|loss of sensation in a small area of the body (as when a local anesthetic is injected for a tooth extraction)|
local anesthetic	n|anesthetic that numbs a particular area of the body|
local area network	n|a local computer network for communication between computers; especially a network connecting computers and word processors and other electronic office equipment to create a communication system between offices|
local authority	n|an administrative unit of local government|
local call	n|a telephone call made within a local calling area|
local department	n|a permanent department created to perform the work of a local government|
local government	n|the government of a local area|
local option	n|freedom of a local government to determine by popular vote the applicability of a controversial law in their jurisdiction|
local oscillator	n|an oscillator whose output heterodynes with the incoming radio signal to produce sum and difference tones|
local post office	n|a local branch where postal services are available|
local road	n|a street that is primarily used to gain access to the property bordering it|
local street	n|a street that is primarily used to gain access to the property bordering it|
local time	n|the official time in a local region (adjusted for location around the Earth); established by law or custom|
locale	n|the scene of any event or action (especially the place of a meeting)|
localisation	n|(physiology) the principle that specific functions have relatively circumscribed locations in some particular part or organ of the body|	n|a determination of the place where something is|he got a good fix on the target
localisation of function	n|(physiology) the principle that specific functions have relatively circumscribed locations in some particular part or organ of the body|
localisation principle	n|(physiology) the principle that specific functions have relatively circumscribed locations in some particular part or organ of the body|
localise	v|identify the location or place of|We localized the source of the infection	v|concentrate on a particular place or spot|The infection has localized in the left eye	v|restrict something to a particular area|	v|locate|The film is set in Africa
localised	adj|confined or restricted to a particular location|the localized infection formed a definite abscess	adj|made local or oriented locally|a decentralized and localized political authority
localism	n|a phrase or pronunciation that is peculiar to a particular locality|	n|a partiality for some particular place|
locality	n|a surrounding or nearby region|the plane crashed in the vicinity of Asheville
localization	n|a determination of the place where something is|he got a good fix on the target	n|(physiology) the principle that specific functions have relatively circumscribed locations in some particular part or organ of the body|
localization of function	n|(physiology) the principle that specific functions have relatively circumscribed locations in some particular part or organ of the body|
localization principle	n|(physiology) the principle that specific functions have relatively circumscribed locations in some particular part or organ of the body|
localize	v|identify the location or place of|We localized the source of the infection	v|concentrate on a particular place or spot|The infection has localized in the left eye	v|restrict something to a particular area|	v|locate|The film is set in Africa
localized	adj|confined or restricted to a particular location|the localized infection formed a definite abscess	adj|made local or oriented locally|a decentralized and localized political authority
locally	adv|by a particular locality|it was locally decided	adv|to a restricted area of the body|apply this medicine topically
locate	v|discover the location of; determine the place of; find by searching or examining|Can you locate your cousins in the Midwest?	v|determine or indicate the place, site, or limits of, as if by an instrument or by a survey|Our sense of sight enables us to locate objects in space	v|assign a location to|The company located some of their agents in Los Angeles	v|take up residence and become established|The immigrants settled in the Midwest
located	adj|situated in a particular spot or position|valuable centrally located urban land
locater	n|a person who fixes the boundaries of land claims|
locating	n|the act of putting something in a certain place|	n|a determination of the place where something is|he got a good fix on the target
location	n|a point or extent in space|	n|the act of putting something in a certain place|	n|a determination of the place where something is|he got a good fix on the target	n|a workplace away from a studio at which some or all of a movie may be made|they shot the film on location in Nevada
locative	n|the semantic role of the noun phrase that designates the place of the state or action denoted by the verb|
locative role	n|the semantic role of the noun phrase that designates the place of the state or action denoted by the verb|
locator	n|a person who fixes the boundaries of land claims|
loch	n|a long narrow inlet of the sea in Scotland (especially when it is nearly landlocked)|	n|Scottish word for a lake|
loch achray	n|a lake in central Scotland|
loch linnhe	n|an inlet of the Atlantic Ocean on the western coast of Scotland|
loch ness	n|a lake in the Scottish highlands; the largest body of fresh water in Great Britain|
loch ness monster	n|a large aquatic animal supposed to resemble a serpent or plesiosaur of Loch Ness in Scotland|
lochaber ax	n|a battle-ax formerly used by Scottish Highlanders|
lochia	n|substance discharged from the vagina (cellular debris and mucus and blood) that gradually decreases in amount during the weeks following childbirth|
lock	v|fasten with a lock|lock the bike to the fence	v|keep engaged|engaged the gears	v|become rigid or immoveable|The therapist noticed that the patient's knees tended to lock in this exercise	v|hold in a locking position|He locked his hands around her neck
lock away	v|place in a place where something cannot be removed or someone cannot escape|The parents locked her daughter up for the weekend
lock chamber	n|enclosure consisting of a section of canal that can be closed to control the water level; used to raise or lower vessels that pass through it|
lock in	v|close with or as if with a tight seal|This vacuum pack locks in the flavor!	v|place in a place where something cannot be removed or someone cannot escape|The parents locked her daughter up for the weekend
lock out	v|prevent employees from working during a strike|
lock ring	n|washer that prevents a nut from loosening|
lock up	v|secure by locking|lock up the house before you go on vacation	v|place in a place where something cannot be removed or someone cannot escape|The parents locked her daughter up for the weekend
lock washer	n|washer that prevents a nut from loosening|
lock-gate	n|a gate that can be locked|
lock-up option	n|an option to buy the crown jewels offered to a white knight in order to forestall a hostile takeover|
lockage	n|a fee charged for passage through a lock in a canal or waterway|	n|a system of locks in a canal or waterway|	n|passage through a lock in a canal or waterway|
lockbox	n|a fireproof metal strongbox (usually in a bank) for storing valuables|
lockdown	n|the act of confining prisoners to their cells (usually to regain control during a riot)|
locke	n|English empiricist philosopher who believed that all knowledge is derived from sensory experience (1632-1704)|
locker	n|a storage compartment for clothes and valuables; usually it has a lock|	n|a fastener that locks or closes|	n|a trunk for storing personal possessions; usually kept at the foot of a bed (as in a barracks)|
locker room	n|a room (as at an athletic facility or workplace) where you can change clothes and which contains lockers for the temporary storage of your clothing and personal possessions|
locker-room	adj|relating to or appropriate for a locker room|locker-room humor
locket	n|a small ornamental case; usually contains a picture or a lock of hair and is worn on a necklace|
locking	n|the act of locking something up to protect it|
locking pliers	n|pliers that can be locked in place|
lockjaw	n|an acute and serious infection of the central nervous system caused by bacterial infection of open wounds; spasms of the jaw and laryngeal muscles may occur during the late stages|
lockkeeper	n|a worker in charge of a lock (on a canal)|
lockman	n|a worker in charge of a lock (on a canal)|
lockmaster	n|a worker in charge of a lock (on a canal)|
locknut	n|supplementary nut that is screwed down on a primary nut to prevent it from loosening|
lockout	n|a management action resisting employee's demands; employees are barred from entering the workplace until they agree to terms|
lockring	n|washer that prevents a nut from loosening|
locksmith	n|someone who makes or repairs locks|
lockstep	n|a standard procedure that is followed mindlessly|the union's support had been in lockstep for years	n|a manner of marching in file in which each person's leg moves with and behind the corresponding leg of the person ahead|the prisoner's ankles were so chained together that they could only march in lockstep
lockstitch	n|machine stitch in which the top thread interlocks with the bobbin thread|
lockup	n|jail in a local police station|	n|the act of locking something up to protect it|
loco	adj|informal or slang terms for mentally irregular|it used to drive my husband balmy
loco disease	n|a disease of livestock caused by locoweed poisoning; characterized by weakness and lack of coordination and trembling and partial paralysis|
locoism	n|a disease of livestock caused by locoweed poisoning; characterized by weakness and lack of coordination and trembling and partial paralysis|
locomote	v|change location; move, travel, or proceed, also metaphorically|How fast does your new car go?
locomotion	n|the power or ability to move|	n|self-propelled movement|
locomotive	adj|of or relating to locomotion|	n|a wheeled vehicle consisting of a self-propelled engine that is used to draw trains along railway tracks|
locomotive engine	n|a wheeled vehicle consisting of a self-propelled engine that is used to draw trains along railway tracks|
locomotive engineer	n|the operator of a railway locomotive|
locomotor	adj|of or relating to locomotion|
locomotor ataxia	n|syphilis of the spinal cord characterized by degeneration of sensory neurons and stabbing pains in the trunk and legs and unsteady gait and incontinence and impotence|
locoweed	n|any of several leguminous plants of western North America causing locoism in livestock|	n|street names for marijuana|
locule	n|a small cavity or space within an organ or in a plant or animal|
loculus	n|a small cavity or space within an organ or in a plant or animal|
locum	n|someone (physician or clergyman) who substitutes temporarily for another member of the same profession|
locum tenens	n|someone (physician or clergyman) who substitutes temporarily for another member of the same profession|
locus	n|the scene of any event or action (especially the place of a meeting)|	n|the specific site of a particular gene on its chromosome|	n|the set of all points or lines that satisfy or are determined by specific conditions|the locus of points equidistant from a given point is a circle
locus classicus	n|an authoritative and often-quoted passage|
locus niger	n|a layer of deeply pigmented grey matter in the midbrain; associated with the striate body; is involved in metabolic disturbances associated with Parkinson's disease and with Huntington's disease|
locus of infection	n|the specific site in the body where an infection originates|
locust	n|migratory grasshoppers of warm regions having short antennae|	n|hardwood from any of various locust trees|	n|any of various hardwood trees of the family Leguminosae|
locust bean	n|long pod containing small beans and sweetish edible pulp; used as animal feed and source of a chocolate substitute|
locust pod	n|long pod containing small beans and sweetish edible pulp; used as animal feed and source of a chocolate substitute|
locust tree	n|any of various hardwood trees of the family Leguminosae|
locusta	n|a genus of Acrididae|
locusta migratoria	n|Old World locust that travels in vast swarms stripping large areas of vegetation|
locustidae	n|short-horned grasshoppers; true locusts|
locution	n|a word or phrase that particular people use in particular situations|pardon the expression
lode	n|a deposit of valuable ore occurring within definite boundaries separating it from surrounding rocks|
lodestar	n|guiding star; a star that is used as a reference point in navigation or astronomy|	n|something that serves as a model or guide|
lodestone	n|a permanent magnet consisting of magnetite that possess polarity and has the power to attract as well as to be attracted magnetically|
lodge	v|be a lodger; stay temporarily|Where are you lodging in Paris?	v|put, fix, force, or implant|lodge a bullet in the table	v|file a formal charge against|The suspect was charged with murdering his wife	v|provide housing for|We are lodging three foreign students this semester
lodge in	v|live (in a certain place)|She resides in Princeton
lodgement	n|bringing a charge or accusation against someone|	n|the state or quality of being lodged or fixed even temporarily|the lodgment of the balloon in the tree
lodger	n|a tenant in someone's house|
lodging	n|structures collectively in which people are housed|	n|the state or quality of being lodged or fixed even temporarily|the lodgment of the balloon in the tree	n|the act of lodging|
lodging house	n|a house where rooms are rented|
lodgings	n|temporary living quarters|
lodgment	n|bringing a charge or accusation against someone|	n|the state or quality of being lodged or fixed even temporarily|the lodgment of the balloon in the tree
lodine	n|a nonsteroidal anti-inflammatory drug (trade name Lodine)|
lodz	n|a large city of central Poland|
loess	n|a fine-grained unstratified accumulation of clay and silt deposited by the wind|
loestrin	n|trade name for an oral contraceptive containing estradiol and norethindrone|
lofortyx	n|California quail|
lofortyx californicus	n|plump chunky bird of coastal California and Oregon|
lofoten	n|a string of islands off the northwestern coast of Norway in the Norwegian Sea|
loft	n|floor consisting of a large unpartitioned space over a factory or warehouse or other commercial space|	n|floor consisting of open space at the top of a house just below roof; often used for storage|	n|(golf) the backward slant on the head of some golf clubs that is designed to drive the ball high in the air|	n|a raised shelter in which pigeons are kept|
loft bombing	n|a bombing run in which the bomber approaches the target at a low altitude and pulls up just before releasing the bomb|
loftily	adv|in a lofty manner|she bore herself loftily
loftiness	n|the quality of being high or lofty|	n|impressiveness in scale or proportion|
lofty	adj|of high moral or intellectual value; elevated in nature or style|an exalted ideal	adj|of imposing height; especially standing out above others|an eminent peak	adj|having or displaying great dignity or nobility|a gallant pageant
log	v|enter into a log, as on ships and planes|	v|cut lumber, as in woods and forests|	n|a segment of the trunk of a tree when stripped of branches|	n|the exponent required to produce a given number|
log cabin	n|a cabin built with logs|
log in	v|enter a computer|Have you logged in lately?
log line	n|a knotted cord that runs out from a reel to a piece of wood that is attached to it|
log off	v|exit a computer|Please log off before you go home
log on	v|enter a computer|Have you logged in lately?
log out	v|exit a computer|Please log off before you go home
log up	v|record a distance travelled; on planes and cars|
log z's	v|be asleep|
log-in	v|enter a computer|Have you logged in lately?
logagraphia	n|a loss of the ability to write or to express thoughts in writing because of a brain lesion|
logan	n|a mountain peak in the St. Elias Range in the southwestern Yukon Territory in Canada (19,850 feet high)|
loganberry	n|red-fruited bramble native from Oregon to Baja California|	n|large red variety of the dewberry|
logania	n|type genus of the Loganiaceae; Australian and New Zealand shrubs sometimes cultivated for their flowers|
loganiaceae	n|a dicotyledonous family of plants of order Gentianales|
logarithm	n|the exponent required to produce a given number|
logarithmic	adj|of or relating to or using logarithms|logarithmic function
logarithmic scale	n|scale on which actual distances from the origin are proportional to the logarithms of the corresponding scale numbers|
logarithmically	adv|in a logarithmic manner|data plotted logarithmically with respect to time is shown in Figure 2
logbook	n|a book in which the log is written|
loge	n|balcony consisting of the forward section of a theater mezzanine|	n|private area in a theater or grandstand where a small group can watch the performance|the royal box was empty
logger	n|a person who fells trees|
loggerhead	n|a stupid person; these words are used to express a low opinion of someone's intelligence|	n|very large carnivorous sea turtle; wide-ranging in warm open seas|
loggerhead turtle	n|very large carnivorous sea turtle; wide-ranging in warm open seas|
loggerheaded	adj|(used informally) stupid|
loggia	n|a roofed arcade or gallery with open sides stretching along the front or side of a building; often at an upper level|
logginess	n|a dull and listless state resulting from weariness|
logging	n|the work of cutting down trees for timber|
logic	n|the branch of philosophy that analyzes inference|	n|reasoned and reasonable judgment|it made a certain kind of logic	n|the principles that guide reasoning within a given field or situation|economic logic requires it	n|the system of operations performed by a computer that underlies the machine's representation of logical operations|
logic bomb	n|a set of instructions inserted into a program that are designed to execute (or `explode') if a particular condition is satisfied; when exploded it may delete or corrupt data, or print a spurious message, or have other harmful effects|a disgruntled employee planted a logic bomb
logic diagram	n|a graphical representation of a program using formal logic|
logic element	n|an electronic device that performs an elementary logic operation|
logic gate	n|a computer circuit with several inputs but only one output that can be activated by particular combinations of inputs|
logic operation	n|an operation that follows the rules of symbolic logic|
logic programing	n|a computer language designed in Europe to support natural language processing|	n|creating a program that enables the computer to reason logically|
logic programming	n|a computer language designed in Europe to support natural language processing|	n|creating a program that enables the computer to reason logically|
logical	adj|capable of or reflecting the capability for correct and valid reasoning|a logical mind	adj|based on known statements or events or conditions|rain was a logical expectation, given the time of year	adj|marked by an orderly, logical, and aesthetically consistent relation of parts|a coherent argument	adj|capable of thinking and expressing yourself in a clear and consistent manner|a lucid thinker
logical argument	n|a course of reasoning aimed at demonstrating a truth or falsehood; the methodical process of logical reasoning|I can't follow your line of reasoning
logical diagram	n|a graphical representation of a program using formal logic|
logical fallacy	n|a fallacy in logical argumentation|
logical implication	n|a logical relation between propositions p and q of the form `if p then q'; if p is true then q cannot be false|
logical operation	n|an operation that follows the rules of symbolic logic|
logical positivism	n|the form of empiricism that bases all knowledge on perceptual experience (not on intuition or revelation)|
logical positivist	n|someone who maintains that any statement that cannot be verified empirically is meaningless|
logical proof	n|proof of a logical theorem|
logical quantifier	n|(logic) a word (such as `some' or `all' or `no') that binds the variables in a logical proposition|
logical relation	n|a relation between propositions|
logical system	n|a system of reasoning|
logical thinking	n|thinking that is coherent and logical|
logical topology	n|the way the network works|a network that looks like a star can have the logical topology of a bus
logicality	n|correct and valid reasoning|
logically	adv|according to logical reasoning|logically, you should now do the same to him	adv|in a logical manner|he acted logically under the circumstances
logicalness	n|correct and valid reasoning|
logician	n|a person skilled at symbolic logic|
logicism	n|(philosophy) the philosophical theory that all of mathematics can be derived from formal logic|
loginess	n|a dull and listless state resulting from weariness|
logion	n|a saying of Jesus that is regarded as authentic although it is not recorded in the Gospels|
logistic	adj|of or relating to logistics|logistic requirements
logistic assessment	n|a judgment of the logistic support required for some particular military operation|
logistic assistance	n|assistance between and within military commands|
logistic support	n|assistance between and within military commands|
logistical	adj|of or relating to logistics|logistic requirements
logistician	n|a person skilled at symbolic logic|
logistics	n|handling an operation that involves providing labor and materials be supplied as needed|
logjam	n|any stoppage attributable to unusual activity|the legislation ran into a logjam	n|an immovable mass of logs blocking a river|
logo	n|a company emblem or device|
logogram	n|a single written symbol that represents an entire word or phrase without indicating its pronunciation|7 is a logogram that is pronounced `seven' in English and `nanatsu' in Japanese
logogrammatic	adj|of or relating to logograms or logographs|
logogrammatically	adv|by means of logograms|Chinese is written logogrammatically
logograph	n|a single written symbol that represents an entire word or phrase without indicating its pronunciation|7 is a logogram that is pronounced `seven' in English and `nanatsu' in Japanese
logographic	adj|of or relating to logograms or logographs|
logomach	n|someone given to disputes over words|
logomachist	n|someone given to disputes over words|
logomachy	n|argument about words or the meaning of words|
logomania	n|pathologically excessive (and often incoherent) talking|
logorrhea	n|pathologically excessive (and often incoherent) talking|
logos	n|the divine word of God; the second person in the Trinity (incarnate in Jesus)|
logotype	n|a company emblem or device|
logroll	v|work toward the passage of some legislation by exchanging political favors such as trading votes|
logrolling	n|act of exchanging favors for mutual gain; especially trading of influence or votes among legislators to gain passage of certain projects|	n|rotating a log rapidly in the water (as a competitive sport)|
logrono	n|a city in northern Spain on the Ebro River|
logwood	n|very hard brown to brownish-red heartwood of a logwood tree; used in preparing a purplish red dye|	n|spiny shrub or small tree of Central America and West Indies having bipinnate leaves and racemes of small bright yellow flowers and yielding a hard brown or brownish-red heartwood used in preparing a black dye|
logwood tree	n|spiny shrub or small tree of Central America and West Indies having bipinnate leaves and racemes of small bright yellow flowers and yielding a hard brown or brownish-red heartwood used in preparing a black dye|
logy	adj|stunned or confused and slow to react (as from blows or drunkenness or exhaustion)|
lohan	n|a Buddhist who has attained nirvana|
loin	n|a cut of meat taken from the side and back of an animal between the ribs and the rump|	n|either side of the backbone between the hipbone and the ribs in humans as well as quadrupeds|
loin of lamb	n|meat from a loin of lamb|
loincloth	n|a garment that provides covering for the loins|
loins	n|the lower part of the abdomen just above the external genital organs|	n|the region of the hips and groin and lower abdomen|
loir	n|large European dormouse|
loire	n|the longest French river; rises in the Massif Central and flows north and west to the Atlantic Ocean|
loire river	n|the longest French river; rises in the Massif Central and flows north and west to the Atlantic Ocean|
loire valley	n|the valley of the Loire River where many French wines originated|
loiseleuria	n|one species: alpine azalea|
loiseleuria procumbens	n|creeping mat-forming evergreen shrub of high mountain regions of northern hemisphere grown for its rose-pink flowers|
loiter	v|be about|The high school students like to loiter in the Central Square
loiterer	n|someone who lingers aimlessly in or about a place|
loki	n|(Norse mythology) trickster; god of discord and mischief; contrived death of Balder and was overcome by Thor|
lola montez	n|Irish dancer (1818-1861)|
loligo	n|somewhat flattened cylindrical squid|
lolita	n|a sexually precocious young girl|
lolium	n|darnel; ryegrass|
lolium perenne	n|European perennial grass widely cultivated for pasture and hay and as a lawn grass|
lolium temulentum	n|weedy annual grass often occurs in grainfields and other cultivated land; seeds sometimes considered poisonous|
loll	v|hang loosely or laxly|His tongue lolled	v|be lazy or idle|Her son is just bumming around all day
loll around	v|be lazy or idle|Her son is just bumming around all day
lollipop	n|ice cream or water ice on a small wooden stick|in England a popsicle is called an ice lolly	n|hard candy on a stick|
lollipop lady	n|a woman hired to help children cross a road safely near a school|
lollipop woman	n|a woman hired to help children cross a road safely near a school|
lollop	v|walk clumsily and with a bounce|
lolly	n|informal terms for money|	n|ice cream or water ice on a small wooden stick|in England a popsicle is called an ice lolly
lollygag	v|be about|The high school students like to loiter in the Central Square
lolo	n|a Loloish language|
lolo-burmese	n|the Tibeto-Burman language spoken in northern Burma and Yunnan|
loloish	n|languages spoken by hill tribes in northern Burma and neighboring areas|
lomariopsidaceae	n|small family of usually scandent ferns|
lomatia	n|any of various ornamental evergreens of the genus Lomatia having attractive fragrant flowers|
lombard	n|a member of a Germanic people who invaded northern Italy in the 6th century|
lombard street	n|a street in central London containing many of the major London banks|
lombardia	n|a region of north central Italy bordering Switzerland|
lombardy	n|a region of north central Italy bordering Switzerland|
lombardy poplar	n|distinguished by its columnar fastigiate shape and erect branches|
lome	n|capital and largest city of Togo; located in the south on the Gulf of Guinea|
loment	n|seedpods that are constricted between the seeds and that break apart when mature into single-seeded segments|
lomogramma	n|large scandent ferns of southeastern Asia|
lomotil	n|trade name of an antidiarrheal|
lomustine	n|an antineoplastic drug often used to treat brain tumors or Hodgkin's disease|
lonas	n|one species: yellow ageratum|
lonas annua	n|shrub of southwestern Mediterranean region having yellow daisylike flowers|
lonas inodora	n|shrub of southwestern Mediterranean region having yellow daisylike flowers|
london	n|the capital and largest city of England; located on the Thames in southeastern England; financial and industrial and cultural center|
london plane	n|very large fast-growing tree much planted as a street tree|
londoner	n|a native or resident of London|
lone	adj|lacking companions or companionship|he was alone when we met him	adj|characterized by or preferring solitude|a lone wolf	adj|being the only one; single and isolated from others|the lone doctor in the entire county
lone hand	n|a person who avoids the company or assistance of others|
lone wolf	n|a person who avoids the company or assistance of others|
loneliness	n|the state of being alone in solitary isolation|	n|sadness resulting from being forsaken or abandoned|	n|a disposition toward being alone|
lonely	adj|lacking companions or companionship|he was alone when we met him	adj|marked by dejection from being alone|felt sad and lonely	adj|characterized by or preferring solitude|a lone wolf	adj|devoid of creatures|a lonely crossroads
loner	n|a person who avoids the company or assistance of others|
lonesome	adj|being the only one; single and isolated from others|the lone doctor in the entire county	adj|marked by dejection from being alone|felt sad and lonely
lonesomeness	n|a disposition toward being alone|
long	adj|primarily temporal sense; being or indicating a relatively great or greater than average duration or passage of time or a duration as specified|a long life	adj|primarily spatial sense; of relatively great or greater than average spatial extension or extension as specified|a long road	adj|of relatively great height|a race of long gaunt men"- Sherwood Anderson	adj|good at remembering|a retentive mind
long ago	adv|of the distant or comparatively distant past|We met once long ago
long beach	n|a city in southern California located on 8.5 miles of Pacific beachfront; was a resort until oil was discovered in 1921|
long beech fern	n|beech fern of North America and Eurasia|
long bone	n|in limbs of vertebrate animals: a long cylindrical bone that contains marrow|
long chain	n|(chemistry) a relatively long chain of atoms in a molecule|
long distance	n|a telephone call made outside the local calling area|I talked to her by long distance
long division	n|the operation of division in which the sequence of steps are indicated in detail|
long dozen	n|the cardinal number that is the sum of twelve and one|
long fly	n|a gymnastic exercise involving a long leap from a vaulting horse|
long haul	n|a journey over a long distance|it's a long haul from New York to Los Angeles	n|a period of time sufficient for factors to work themselves out|in the long run we will win
long horse	n|a gymnastic horse without pommels and with one end elongated; used lengthwise for vaulting|
long hundred	n|the cardinal number that is the product of ten and twelve|
long hundredweight	n|a British unit of weight equivalent to 112 pounds|
long iron	n|an iron with a long shaft and a steep face; for hitting long low shots|
long island	n|an island in southeastern New York; Brooklyn and Queens are on its western end|
long island sound	n|a sound between Long Island and Connecticut|
long johns	n|warm underwear with long legs|
long jump	n|a competition that involves jumping as far as possible from a running start|	n|the act of jumping as far as possible from a running start|
long measure	n|a measure of length|
long pants	n|trousers reaching to the foot|
long pepper	n|slender tropical climber of the eastern Himalayas|	n|plant bearing very hot and finely tapering long peppers; usually red|
long pillow	n|a pillow that is often put across a bed underneath the regular pillows|
long plane	n|a long carpenter's plane used to shape the edges of boards so they will fit together|
long run	n|a period of time sufficient for factors to work themselves out|in the long run we will win
long saphenous vein	n|the longest vein in the body; runs from foot to the groin where it joins the femoral vein|
long shot	n|a venture that involves great risk but promises great rewards|	n|a contestant that is unlikely to win|
long since	adv|of the distant or comparatively distant past|We met once long ago
long sleeve	n|a sleeve extending from shoulder to wrist|
long suit	n|in a hand, the suit having the most cards|	n|an asset of special worth or utility|cooking is his forte
long time	n|a prolonged period of time|we've known each other for ages
long tom	n|a long swivel cannon formerly used by the navy|
long ton	n|a British unit of weight equivalent to 2240 pounds|
long trousers	n|trousers reaching to the foot|
long underwear	n|an undergarment with shirt and drawers in one piece|
long wave	n|a radio wave with a wavelength longer than a kilometer (a frequency below 300 kilohertz)|
long whist	n|a card game for four players who form two partnerships; a pack of 52 cards is dealt and each side scores one point for each trick it takes in excess of six|
long-acting	adj|active over a long period of time|
long-ago	adj|belonging to time long gone|those long-ago dresses that swished along the floor
long-armed	adj|having relatively long arms|
long-beard	n|a stoneware drinking jug with a long neck; decorated with a caricature of Cardinal Bellarmine (17th century)|
long-bodied	adj|having a relatively long body|
long-branched	adj|having long branches|
long-chain	adj|of molecules having relatively long chains of atoms in a molecule|
long-chain molecule	n|(chemistry) a relatively long chain of atoms in a molecule|
long-clawed prawn	n|large (a foot or more) edible freshwater prawn common in Australian rivers|
long-dated	adj|of a gilt-edged security; having more than 15 years to run before redemption|
long-distance	adj|of or relating to or being a long-distance telephone call|a long-distance call	adj|covering a long distance|a long-distance runner
long-distance call	n|a telephone call made outside the local calling area|I talked to her by long distance
long-distance runner	n|someone who participates in long-distance races (especially in marathons)|
long-eared bat	n|any of various Old or New World bats having very long ears|
long-eared owl	n|slender European owl of coniferous forests with long ear tufts|
long-faced	adj|having a face longer than the usual|
long-familiar	adj|frequently experienced; known closely or intimately|a long-familiar face
long-fin tunny	n|large pelagic tuna the source of most canned tuna; reaches 93 pounds and has long pectoral fins; found worldwide in tropical and temperate waters|
long-haired	adj|with long hair|long-haired hippies
long-handled	adj|having a long handle|
long-handled spade	n|a spade with a long handle for digging narrow ditches|
long-head coneflower	n|plant similar to the Mexican hat coneflower; from British Columbia to New Mexico|
long-headed	adj|having a dolichocephalic head|
long-horned beetle	n|long-bodied beetle having very long antennae|
long-horned grasshopper	n|grasshoppers with long threadlike antennae and well-developed stridulating organs on the forewings of the male|
long-jawed	adj|having relatively long jaws|
long-lasting	adj|existing for a long time|hopes for a durable peace
long-legged	adj|having long legs|
long-legs	n|long-legged three-toed black-and-white wading bird of inland ponds and marshes or brackish lagoons|
long-life	adj|(of perishable goods) treated to stay fresh longer than usual|long-life milk
long-lived	adj|existing for a long time|hopes for a durable peace
long-neck clam	n|a clam that is usually steamed in the shell|
long-play	adj|(used of records) playing at a slower speed and for a longer time than earlier records|
long-playing	adj|(used of records) playing at a slower speed and for a longer time than earlier records|
long-range	adj|involving an extended span of time|long-range goals	adj|suitable for or reaching long distances|long-range nuclear capability
long-run	adj|relating to or extending over a relatively long time|the long-run significance of the elections
long-shanked	adj|having long legs|
long-snouted	adj|having a snout that is longer than average|
long-spurred	adj|of flowers having a long extension at the base of the corolla|
long-spurred violet	n|violet of eastern North America having lilac-purple flowers with a long slender spur|
long-stalked	adj|of plants having relatively long stalks|
long-standing	adj|having existed for a long time|a long-standing friendship
long-staple	adj|having relatively long fibers|long-staple cotton
long-staple cotton	n|cotton with relatively long fibers|
long-sufferance	n|patient endurance of pain or unhappiness|
long-suffering	adj|patiently bearing continual wrongs or trouble|an enduring disposition	n|patient endurance of pain or unhappiness|
long-tailed porcupine	n|porcupine of Borneo and Sumatra having short spines and a long tail|
long-term	adj|relating to or extending over a relatively long time|the long-run significance of the elections
long-term memory	n|your general store of remembered information|
long-time	adj|having existed or persisted or continued in a particular role or state for a long time|a longtime friend
long-wearing	adj|capable of withstanding wear and tear and decay|durable denim jeans
long-winded	adj|using or containing too many words|long-winded (or windy) speakers
long-windedly	adv|in a verbose manner|she explained her ideas verbosely
long-windedness	n|boring verbosity|
long-wool	adj|(of sheep) having relatively long wool|
long-wooled	adj|(of sheep) having relatively long wool|
longan	n|tree of southeastern Asia to Australia grown primarily for its sweet edible fruit resembling litchi nuts; sometimes placed in genera Euphorbia or Nephelium|
longanberry	n|tree of southeastern Asia to Australia grown primarily for its sweet edible fruit resembling litchi nuts; sometimes placed in genera Euphorbia or Nephelium|	n|Asian fruit similar to litchi|
longanimity	n|good-natured tolerance of delay or incompetence|
longanimous	adj|showing patient and unruffled self-control and restraint under adversity; slow to retaliate or express resentment|seemly and forbearing...yet strong enough to resist aggression
longar palm	n|tall fan palm of Africa and India and Malaysia yielding a hard wood and sweet sap that is a source of palm wine and sugar; leaves used for thatching and weaving|
longbeard	n|a stoneware drinking jug with a long neck; decorated with a caricature of Cardinal Bellarmine (17th century)|
longboat	n|the largest boat carried by a merchant sailing vessel|
longbow	n|a powerful wooden bow drawn by hand; usually 5-6 feet long; used in medieval England|
longbowman	n|a medieval English archer who used a longbow|
longcase clock	n|a pendulum clock enclosed in a tall narrow case|
longed-for	adj|greatly desired|
longer	adv|for more time|can I stay bit longer?	n|a person with a strong desire for something|a longer for money
longest	adv|for the most time|she stayed longest
longevity	n|duration of service|her longevity as a star	n|the property of being long-lived|
longfin mako	n|similar to shortfin mako but darker blue|
longhand	adj|having words written out in full by hand|longhand writing	n|rapid handwriting in which letters are set down in full and are cursively connected within words without lifting the writing implement from the paper|
longheaded thimbleweed	n|thimbleweed of northern North America|
longicorn	n|long-bodied beetle having very long antennae|
longicorn beetle	n|long-bodied beetle having very long antennae|
longing	n|prolonged unfulfilled desire or need|
longingly	adv|in a yearning manner|he spent the rest of the act gazing longingly over my right shoulder at the illuminated word `Exit'
longish	adj|somewhat long|
longitude	n|the angular distance between a point on any meridian and the prime meridian at Greenwich|
longitudinal	adj|of or relating to lines of longitude|longitudinal reckoning by the navigator	adj|running lengthwise|a thin longitudinal strip	adj|over an extended time|a longitudinal study of twins
longitudinally	adv|across time|We studied the development of the children longitudinally	adv|in the direction of the length|He cut the paper lengthwise	adv|with respect to longitude|longitudinally measured
longlegs	n|long-legged three-toed black-and-white wading bird of inland ponds and marshes or brackish lagoons|
longness	n|the property of being of long spatial extent|one gene causes shortness and the other causes longness	n|duration as an extension|
longshoreman	n|a laborer who loads and unloads vessels in a port|
longshot	n|a photograph taken from a distance|
longsighted	adj|capable of seeing to a great distance|	adj|planning prudently for the future|large goals that required farsighted policies
longsightedness	n|abnormal condition in which vision for distant objects is better than for near objects|
longstanding	adj|having existed for a long time|a long-standing friendship
longtime	adj|having existed or persisted or continued in a particular role or state for a long time|a longtime friend
longueur	n|a period of dullness or boredom (especially in a work of literature or performing art)|
longways	adv|in the direction of the length|He cut the paper lengthwise	n|country dancing performed with couples in two long lines facing each other|
longways dance	n|country dancing performed with couples in two long lines facing each other|
longwise	adv|in the direction of the length|He cut the paper lengthwise
longwool	n|a domestic long-wool sheep|
longyi	n|a long piece of brightly colored cloth (cotton or silk) used as clothing (a skirt or loincloth or sash etc.) in India and Pakistan and Burma|
lonicera	n|woodbine|
lonicera caprifolium	n|deciduous climbing shrub with fragrant yellow-white flowers in axillary whorls|
lonicera dioica	n|twining deciduous shrub with clusters of purple-tinged yellow-green flowers; northeastern America|
lonicera hirsuta	n|twining deciduous shrub with hairy leaves and spikes of yellow-orange flowers; northeastern America|
lonicera involucrata	n|shrubby honeysuckle with purple flowers; western North America|
lonicera japonica	n|an Asiatic trailing evergreen honeysuckle with half-evergreen leaves and fragrant white flowers turning yellow with age; has become a weed in some areas|
lonicera morrowii	n|a grey deciduous honeysuckle shrub paired white flowers turning yellow; Japan|
lonicera periclymenum	n|European twining honeysuckle with fragrant red and yellow-white flowers|
lonicera tatarica	n|a honeysuckle shrub of southern Russia to central Asia|
lonicera xylosteum	n|cultivated Eurasian shrub with twin yellowish-white flowers and scarlet fruit|
loniten	n|a vasodilator (trade name Loniten) used to treat severe hypertension; one side effect is hirsutism so it is also sold (trade name Rogaine) as a treatment for male-patterned baldness|
lontar	n|tall fan palm of Africa and India and Malaysia yielding a hard wood and sweet sap that is a source of palm wine and sugar; leaves used for thatching and weaving|
loo	n|a toilet in Britain|
loofa	n|the dried fibrous part of the fruit of a plant of the genus Luffa; used as a washing sponge or strainer|
loofah	n|the dried fibrous part of the fruit of a plant of the genus Luffa; used as a washing sponge or strainer|	n|the loofah climber that has cylindrical fruit|
look	v|perceive with attention; direct one's gaze towards|She looked over the expanse of land	v|give a certain impression or have a certain outward aspect|She seems to be sleeping	v|have a certain outward or facial expression|How does she look?	v|search or seek|We looked all day and finally found the child in the forest
look across	v|be oriented in a certain direction|The house looks out on a tennis court
look after	v|keep under careful scrutiny|Keep an eye on this prisoner!
look around	v|look about oneself|look around to see whether you can find the missing document
look at	v|take into consideration for exemplifying purposes|Take the case of China	v|look at carefully; study mentally|view a problem
look away	v|avert one's gaze|She looked away when the nurse pricked her arm with the needle
look back	v|look towards one's back|don't look back while you walk	v|look back upon (a period of time, sequence of events); remember|she reviewed her achievements with pride
look backward	v|look towards one's back|don't look back while you walk
look down on	v|regard with contempt|the new neighbor looks down on us because our house is very modest
look for	v|try to locate or discover, or try to establish the existence of|The police are searching for clues	v|be excited or anxious about|
look forward	v|expect or hope for|I look to hear from you soon
look into	v|investigate scientifically|Let's investigate the syntax of Chinese	v|examine so as to determine accuracy, quality, or condition|check the brakes
look like	v|bear a physical resemblance to|She looks like her mother
look on	v|observe with attention|They watched as the murderer was executed	v|look on as or consider|she looked on this affair as a joke
look out	v|be vigilant, be on the lookout or be careful|Watch out for pickpockets!	v|to protect someone's interests|A man's gotta look out for his family
look out on	v|be oriented in a certain direction|The house looks out on a tennis court
look out over	v|be oriented in a certain direction|The house looks out on a tennis court
look sharp	v|act or move at high speed|We have to rush!
look to	v|turn one's interests or expectations towards|look to the future	v|be excited or anxious about|
look up	v|seek information from|You should consult the dictionary
look up to	v|feel admiration for|
look upon	v|look on as or consider|she looked on this affair as a joke
look-alike	adj|resembling closely|they have look-alike cars	n|someone who closely resembles a famous person (especially an actor)|he could be Gingrich's double
look-over	n|a swift cursory examination or inspection|I gave him the once-over
lookdown	n|similar to moonfish but with eyes high on the truncated forehead|
lookdown fish	n|similar to moonfish but with eyes high on the truncated forehead|
looker	n|a close observer; someone who looks at something (such as an exhibition of some kind)|the spectators applauded the performance	n|a very attractive or seductive looking woman|
looker-on	n|someone who looks on|
looking	adj|appearing to be as specified; usually used as combining forms|left their clothes dirty looking	n|the act of directing the eyes toward something and perceiving it visually|he went out to have a look	n|the act of searching visually|
looking at	n|the act of directing the eyes toward something and perceiving it visually|he went out to have a look
looking for	n|the act of searching visually|
looking glass	n|a mirror; usually a ladies' dressing mirror|
looking glass tree	n|large evergreen tree of India and Burma whose leaves are silvery beneath|
looking-glass plant	n|small tree of coastal regions of Old World tropics whose leaves are silvery beneath|
lookout	n|a person employed to keep watch for some anticipated event|	n|an elevated post affording a wide view|	n|a structure commanding a wide view of its surroundings|	n|the act of looking out|
lookout man	n|a person employed to keep watch for some anticipated event|
lookout station	n|a structure commanding a wide view of its surroundings|
lookup	n|an operation that determines whether one or more of a set of items has a specified property|they wrote a program to do a table lookup
loom	v|come into view indistinctly, often threateningly|Another air plane loomed into the sky	v|appear very large or occupy a commanding position|The huge sculpture predominates over the fountain	v|hang over, as of something threatening, dark, or menacing|The terrible vision brooded over her all day long	v|weave on a loom|materials loomed in Egypt
loon	n|a worthless lazy fellow|	n|large somewhat primitive fish-eating diving bird of the northern hemisphere having webbed feet placed far back; related to the grebes|	n|a person with confused ideas; incapable of serious thought|
looney	n|someone deranged and possibly dangerous|
loonie	n|the basic unit of money in Canada|the Canadian dollar has the image of loon on one side of the coin
loony	adj|informal or slang terms for mentally irregular|it used to drive my husband balmy	n|someone deranged and possibly dangerous|
loony bin	n|pejorative terms for an insane asylum|
loony toons	n|street name for lysergic acid diethylamide|
loop	v|move in loops|The bicycle looped around the tree	v|make a loop in|loop a rope	v|fly loops, perform a loop|the stunt pilot looped his plane	v|wind around something in coils or loops|
loop gain	n|(telecommunication) the gain of a feedback amplifier or system as a function of how much output is fed back to the input|if the loop gain is too great the system may go into oscillation
loop knot	n|any of various knots used to make a fixed loop in a rope|
loop topology	n|the topology of a network whose components are serially connected in such a way that the last component is connected to the first component|
loop-line	n|a railway branch line that branches from the trunk line and then rejoins it later on|
loop-the-loop	n|a flight maneuver; aircraft flies a complete circle in the vertical plane|
looper	n|small hairless caterpillar having legs on only its front and rear segments; mostly larvae of moths of the family Geometridae|
loophole	n|an ambiguity (especially one in the text of a law or contract) that makes it possible to evade a difficulty or obligation|	n|a small hole in a fortified wall; for observation or discharging weapons|
looping	n|(computer science) executing the same set of instructions a given number of times or until a specified result is obtained|the solution is obtained by iteration
looping ill	n|an acute viral disease of the nervous system in sheep; can be transmitted by Ixodes ricinus|
loopy	adj|consisting of or covered with or having loops|	adj|informal or slang terms for mentally irregular|it used to drive my husband balmy
loos	n|Austrian architect (1870-1933)|
loose	adj|not compact or dense in structure or arrangement|loose gravel	adj|(of a ball in sport) not in the possession or control of any player|a loose ball	adj|not tight; not closely constrained or constricted or constricting|loose clothing	adj|not officially recognized or controlled|an informal agreement
loose cannon	n|a person who is expected to perform a particular task but who is out of control and dangerous|
loose end	n|work that is left incomplete|
loose off	v|fire as from a gun|The soldiers let drive their bullets
loose sentence	n|a complex sentence in which the main clause comes first and the subordinate clause follows|
loose smut	n|disease of grains; the entire head is a dusty mass of spores|	n|a smut fungus of the genus Ustilago causing a smut disease of grains in which the entire head is transformed into a dusty mass of spores|
loose woman	n|a woman adulterer|
loose-fitting	adj|not fitting closely; hanging loosely|baggy trousers
loose-jointed	adj|loosely articulated or constructed|a loose-jointed paragraph
loose-jowled	adj|having sagging folds of flesh beneath the chin or lower jaw|
loose-leaf lettuce	n|lettuce with loosely curled leaves that do not form a compact head|
looseleaf	adj|being or having leaves that can be easily removed or rearranged|loose-leaf paper
loosely	adv|in a relaxed manner; not rigid|his hands lay loosely	adv|in a loose manner|a union of loosely federated states	adv|without regard to specific details or exceptions|he interprets the law broadly	adv|structurally open and not compact or close|loosely knit
loosely knit	adj|having only distant social or legal ties|a loosely knit group
loosen	v|make loose or looser|loosen the tension on a rope	v|make less severe or strict|The government relaxed the curfew after most of the rebels were caught	v|become less severe or strict|The rules relaxed after the new director arrived	v|disentangle and raise the fibers of|tease wool
loosen up	v|cause to become unblocked|The medicine unstuffed my nose in minutes!	v|become less tense, less formal, or less restrained, and assume a friendlier manner|our new colleague relaxed when he saw that we were a friendly group	v|make one's body limber or suppler by stretching, as if to prepare for strenuous physical activity|	v|become less tense, rest, or take one's ease|He relaxed in the hot tub
loosened	adj|straightened out|
looseness	n|frequent and watery bowel movements; can be a symptom of infection or food poisoning or colitis or a gastrointestinal tumor|	n|freedom from restraint|the flexibility and looseness of the materials from which mythology is made	n|a lack of strict accuracy; laxity of practice|misunderstandings can often be traced to a looseness of expression	n|the quality of movability by virtue of being free from attachment or other restraints|
looseness of the bowels	n|frequent and watery bowel movements; can be a symptom of infection or food poisoning or colitis or a gastrointestinal tumor|
loosening	n|an occurrence of control or strength weakening|the relaxation of requirements	n|the act of making something less tight|
loosestrife	n|any of numerous herbs and subshrubs of the genus Lythrum|	n|any of various herbs and subshrubs of the genus Lysimachia|
loosestrife family	n|herbs and shrubs and small trees with pink or purple flowers|
loot	n|goods or money obtained illegally|	n|informal terms for money|	v|take illegally; of intellectual property|This writer plundered from famous authors	v|steal goods; take as spoils|During the earthquake people looted the stores that were deserted by their owners
looted	adj|wrongfully emptied or stripped of anything of value|the robbers left the looted train
looter	n|someone who takes spoils or plunder (as in war)|
looting	n|plundering during riots or in wartime|
lop	v|cut off from a whole|His head was severed from his body	v|cultivate, tend, and cut back the growth of|dress the plants in the garden
lop off	v|remove by or as if by cutting|cut off the ear
lop-eared	adj|having bent or drooping ears|a lop-eared hound
lope	v|run easily|	n|a slow pace of running|	n|a smooth three-beat gait; between a trot and a gallop|
lope de vega	n|prolific Spanish playwright (1562-1635)|
lope felix de vega carpio	n|prolific Spanish playwright (1562-1635)|
lophiidae	n|large-headed marine fishes comprising the anglers|
lophius	n|type genus of family Lophiidae|
lophius americanus	n|fishes having large mouths with a wormlike filament attached for luring prey|
lophodytes	n|a genus of Merginae|
lopholatilus	n|large brightly colored food fish of deep Atlantic waters|
lopholatilus chamaeleonticeps	n|yellow-spotted violet food fish of warm deep waters|
lophophora williamsii	n|a small spineless globe-shaped cactus; source of mescal buttons|
lophophorus	n|monals|
lophosoria	n|one species: tree fern of Central and South America|
lophosoriaceae	n|very small family of tree ferns|
lopid	n|medication (trade name Lopid) used to lower the levels of triglyceride in the blood|
lopper	n|a long-handled pruning saw with a curved blade at the end and sometimes a clipper; used to prune small trees|
lopressor	n|beta blocker (trade name Lopressor) used in treating hypertension and angina and arrhythmia and acute myocardial infarction; has adverse side effects (depression and exacerbation of congestive heart failure etc.)|
lopsided	adj|having one side lower or smaller or lighter than the other|	adj|turned or twisted toward one side|a...youth with a gorgeous red necktie all awry"- G.K.Chesterton
lopsidedly	adv|in a crooked lopsided manner|he smiled lopsidedly
lopsidedness	n|an oblique or slanting asymmetry|
loquacious	adj|full of trivial conversation|kept from her housework by gabby neighbors
loquaciously	adv|in a chatty loquacious manner|`When I was young,' she continued loquaciously, `I used to do all sorts of naughty things'
loquaciousness	n|the quality of being wordy and talkative|
loquacity	n|the quality of being wordy and talkative|
loquat	n|evergreen tree of warm regions having fuzzy yellow olive-sized fruit with a large free stone; native to China and Japan|	n|yellow olive-sized semitropical fruit with a large free stone and relatively little flesh; used for jellies|
loquat tree	n|evergreen tree of warm regions having fuzzy yellow olive-sized fruit with a large free stone; native to China and Japan|
loranthaceae	n|in some classification includes Viscaceae: parasitic or hemiparasitic shrublets or shrubs or small trees of tropical and temperate regions; attach to hosts by haustoria|
loranthus	n|type genus of the Loranthaceae: 1 species|
loranthus europaeus	n|shrub of central and southeastern Europe; partially parasitic on beeches, chestnuts and oaks|
lorazepam	n|tranquilizer (trade name Ativan) used to treat anxiety and tension and insomnia|
lorchel	n|a large fungus of the family Helvellaceae|
lord	n|terms referring to the Judeo-Christian God|	n|a person who has general authority over others|	n|a titled peer of the realm|	v|make a lord of someone|
lord britten of aldeburgh	n|major English composer of the 20th century; noted for his operas (1913-1976)|
lord chancellor	n|the highest officer of the Crown who is head of the judiciary and who presides in the House of Lords|
lord george gordon byron	n|English romantic poet notorious for his rebellious and unconventional lifestyle (1788-1824)|
lord high chancellor	n|the highest officer of the Crown who is head of the judiciary and who presides in the House of Lords|
lord it over	v|act like the master of|He is lording it over the students
lord macaulay	n|English historian noted for his history of England (1800-1859)|
lord nelson	n|English admiral who defeated the French fleets of Napoleon but was mortally wounded at Trafalgar (1758-1805)|
lord of misrule	n|a person appointed master of revels at a Christmas celebration|
lord privy seal	n|the senior cabinet minister in the British Cabinet who has no official duties|
lord rayleigh	n|English physicist who studied the density of gases and discovered argon; made important contributions to acoustic theory (1842-1919)|
lord todd	n|Scottish chemist noted for his research into the structure of nucleic acids (born in 1907)|
lord's day	n|first day of the week; observed as a day of rest and worship by most Christians|
lord's prayer	n|the prayer that Christ gave his disciples in the Sermon on the Mount (Matthew 6:9-13)|
lord's resistance army	n|a quasi-religious rebel group in Uganda that terrorized and raped women and kidnapped children who were forced to serve in the army|
lord's supper	n|a Christian sacrament commemorating the Last Supper by consecrating bread and wine|	n|the traditional Passover supper of Jesus with his disciples on the eve of his crucifixion|
lord's table	n|the table in Christian churches where communion is given|
lordless	adj|having no lord or master|harsh punishments for sturdy vagabonds and masterless men
lordliness	n|formality in bearing and appearance|he behaved with great dignity	n|overbearing pride evidenced by a superior manner toward inferiors|
lordly	adj|of or befitting a lord|heir to a lordly fortune	adj|having or showing arrogant superiority to and disdain of those one views as unworthy|some economists are disdainful of their colleagues in other social disciplines
lordolatry	n|the worship of a lord because of his rank or title|
lordosis	n|an abnormal inward (forward) curvature of the vertebral column|
lordotic	adj|having abnormal sagging of the spine (especially in horses)|
lords spiritual	n|the clergy in France and the heads of the church in Britain|
lords temporal	n|the nobility in France and the peerage in Britain|
lords-and-ladies	n|common European arum with lanceolate spathe and short purple spadix; emerges in early spring; source of a starch called arum|
lordship	n|a title used to address any British peer except a duke and extended to a bishop or a judge|Your Lordship	n|the authority of a lord|
lore	n|knowledge gained through tradition or anecdote|early peoples passed on plant and animal lore through legend
lorelei	n|a Siren of German legend who lured boatmen in the Rhine to destruction|
loren	n|Italian film actress (born in 1934)|
lorentz	n|Dutch physicist noted for work on electromagnetic theory (1853-1928)|
lorentz force	n|the force experienced by a point charge moving along a wire that is in a magnetic field; the force is at right angles to both the current and the magnetic field|the Lorentz force can be used to suspend a current-carrying object between two magnets
lorenz	n|Austrian zoologist who studied the behavior of birds and emphasized the importance of innate as opposed to learned behaviors (1903-1989)|
lorenz oken	n|German naturalist whose speculations that plants and animals are made up of tiny living `infusoria' led to the cell theory (1779-1851)|
lorenz okenfuss	n|German naturalist whose speculations that plants and animals are made up of tiny living `infusoria' led to the cell theory (1779-1851)|
lorenzo de'medici	n|Italian statesman and scholar who supported many artists and humanists including Michelangelo and Leonardo and Botticelli (1449-1492)|
lorenzo dressing	n|vinaigrette with chili sauce and chopped watercress|
lorenzo ganganelli	n|Italian pope from 1769 to 1774 who lost whatever support remained of Catholic Europe, causing the church to fall into the hands of secular princes (1705-1774)|
lorenzo the magnificent	n|Italian statesman and scholar who supported many artists and humanists including Michelangelo and Leonardo and Botticelli (1449-1492)|
lorfan	n|drug (trade name Lorfan) that is related to morphine but that counteracts the respiratory depression produced by morphine poisoning but without affecting its analgesic effects|
lorgnette	n|eyeglasses that are held to the eyes with a long handle|
lorica	n|a hard protective sheath (as secreted by certain protoctists, for example)|
loricata	n|former name for the order Crocodylia|
loriinae	n|lories|
lorikeet	n|any of various small lories|
loris gracilis	n|slim-bodied lemur of southern India and Sri Lanka|
lorisidae	n|slow-moving omnivorous nocturnal primates of tropical Asia; usually tailless|
lorraine	n|an eastern French region rich in iron-ore deposits|
lorraine cross	n|a cross with two crossbars, one above and one below the midpoint of the vertical, the lower longer than the upper|
lorry	n|a large low horse-drawn wagon without sides|	n|a large truck designed to carry heavy loads; usually without sides|
lory	n|small brightly colored Australasian parrots having a brush-tipped tongue for feeding on nectar and soft fruits|
los alamos	n|a town in north central New Mexico; in 1942 it was chosen as a nuclear research site where the first atomic bombs were produced|
lose	v|fail to keep or to maintain; cease to have, either physically or in an abstract sense|She lost her purse when she left it unattended on her seat	v|fail to win|We lost the battle but we won the war	v|suffer the loss of a person through death or removal|She lost her husband in the war	v|miss from one's possessions; lose sight of|I've lost my glasses again!
lose it	v|lose control of one's emotions|When she heard that she had not passed the exam, she lost it completely
lose one's temper	v|get very angry and fly into a rage|The professor combusted when the student didn't know the answer to a very elementary question
lose sight of	v|be no longer able to see|We lost sight of the tower as pulled out of the harbor
lose track	v|fail to keep informed or aware|She has so many books, she just lost track and cannot find this volume
loser	n|a contestant who loses the contest|	n|a person with a record of failing; someone who loses consistently|	n|a gambler who loses a bet|
losing streak	n|a streak of losses|
losings	n|something lost (especially money lost at gambling)|
loss	n|something that is lost|the car was a total loss	n|gradual decline in amount or activity|weight loss	n|the act of losing someone or something|everyone expected him to win so his loss was a shock	n|the disadvantage that results from losing something|his loss of credibility led to his resignation
loss leader	n|a featured article of merchandise sold at a loss in order to draw customers|
loss of consciousness	n|the occurrence of a loss of the ability to perceive and respond|
loss ratio	n|the ratio of the annual claims paid by an insurance company to the premiums received|
losses	n|something lost (especially money lost at gambling)|
lossless	adj|characterized by or causing no dissipation of energy|
lossy	adj|characterized by or causing dissipation of energy|
lost	adj|no longer in your possession or control; unable to be found or recovered|a lost child	adj|having lost your bearings; confused as to time or place or personal identity|I frequently find myself disoriented when I come up out of the subway	adj|spiritually or physically doomed or destroyed|lost souls	adj|not gained or won|a lost battle
lost cause	n|a defeated cause or a cause for which defeat is inevitable|
lost tribes	n|the ten Tribes of Israel that were deported into captivity in Assyria around 720 BC (leaving only the tribes of Judah and Benjamin)|
lost-and-found	n|repository in a public building where lost articles can be kept until their owners reclaim them|
lot	n|(often followed by `of') a large number or amount or extent|a batch of letters	n|a parcel of land having fixed boundaries|he bought a lot on the lake	n|an unofficial association of people or groups|the smart set goes there	n|your overall circumstances or condition in life (including everything that happens to you)|whatever my fortune may be
lot's wife	n|(Old Testament) when God destroyed Sodom and Gomorrah, Lot and his family were told to flee without looking back; Lot's wife was disobedient and was immediately changed into a pillar of salt|
lota	n|a globular water bottle used in Asia|	n|burbot|
lota lota	n|elongate freshwater cod of northern Europe and Asia and North America having barbels around its mouth|
lotario di segni	n|Italian pope from 1198 to 1216 who instituted the Fourth Crusade and under whom papal intervention in European politics reached its height (1161-1216)|
loth	adj|unwillingness to do something contrary to your custom|a reluctant smile	adj|(usually followed by `to') strongly opposed|antipathetic to new ideas
lothario	n|a successful womanizer; a man who behaves selfishly in his sexual relationships with women|
lothian region	n|a district in southeast central Scotland (south side of the Firth of Forth) and the location of Edinburgh|
lothringen	n|an eastern French region rich in iron-ore deposits|
loti	n|the basic unit of money in Lesotho|
lotic	adj|of or relating to or living in actively moving water|
lotion	n|any of various cosmetic preparations that are applied to the skin|	n|liquid preparation having a soothing or antiseptic or medicinal action when applied to the skin|a lotion for dry skin
lots	n|a large number or amount|made lots of new friends	adv|to a very great degree or extent|I feel a lot better
lotte	n|fishes having large mouths with a wormlike filament attached for luring prey|
lottery	n|something that is regarded as a chance event|the election was just a lottery to them	n|players buy (or are given) chances and prizes are distributed by casting lots|
lottery winner	n|the winner of a lottery|
lotto	n|a game in which numbered balls are drawn at random and players cover the corresponding numbers on their cards|
lotus	n|native to eastern Asia; widely cultivated for its large pink or white flowers|	n|annual or perennial herbs or subshrubs|	n|white Egyptian lotus: water lily of Egypt to southeastern Africa; held sacred by the Egyptians|
lotus corniculatus	n|European forage plant having claw-shaped pods introduced in America|
lotus land	n|an idyllic realm of contentment and self-indulgence|
lotus position	n|a sitting position with the legs crossed; used in yoga|
lotus tetragonolobus	n|sprawling European annual having a 4-winged edible pod|
lotus tree	n|shrubby deciduous tree of the Mediterranean region|
lotus-eater	n|someone indifferent to the busy world|in the Odyssey Homer tells of lotus-eaters who live in dreamy indolence
lotusland	n|an idyllic realm of contentment and self-indulgence|
lou gehrig	n|baseball player who died of amyotrophic lateral sclerosis (1903-1941)|
lou gehrig's disease	n|thickening of tissue in the motor tracts of the lateral columns and anterior horns of the spinal cord; results in progressive muscle atrophy that starts in the limbs|
louche	adj|disreputable and dissolute, somewhat agreeably|a louche nightclub
loud	adj|characterized by or producing sound of great volume or intensity|a group of loud children	adj|tastelessly showy|a flash car	adj|(used chiefly as a direction or description in music) loud; with force|the forte passages in the composition	adv|with relatively high volume|the band played loudly
loud hailer	n|a portable loudspeaker with built-in microphone and amplifier|
loud pedal	n|a pedal on a piano that lifts the dampers from the strings and so allows them to continue vibrating|
loud-hailer	n|a portable loudspeaker with built-in microphone and amplifier|
loud-mouthed	adj|given to loud offensive talk|
loud-voiced	adj|having an unusually loud voice|
louden	v|become louder|The room loudened considerably	v|cause to become loud|
loudly	adv|with relatively high volume|the band played loudly	adv|in manner that attracts attention|obstreperously, he demanded to get service	adv|used as a direction in music; to be played relatively loudly|
loudmouth	n|a person who causes trouble by speaking indiscreetly|
loudness	n|the magnitude of sound (usually in a specified direction)|the kids played their music at full volume	n|tasteless showiness|
loudspeaker	n|electro-acoustic transducer that converts electrical signals into sounds loud enough to be heard at a distance|
loudspeaker system	n|electro-acoustic transducer that converts electrical signals into sounds loud enough to be heard at a distance|
loufah sponge	n|the dried fibrous part of the fruit of a plant of the genus Luffa; used as a washing sponge or strainer|
lough	n|a long narrow (nearly landlocked) cove in Ireland|	n|Irish word for a lake|
louis antoine de bougainville	n|French explorer who circumnavigated the globe accompanied by scientists (1729-1811)|
louis aragon	n|French writer who generalized surrealism to literature (1897-1982)|
louis bleriot	n|French aviator who in 1909 made the first flight across the English Channel (1872-1936)|
louis braille	n|French educator who lost his sight at the age of three and who invented a system of writing and printing for sightless people (1809-1852)|
louis charles alfred de musset	n|French poet and writer (1810-1857)|
louis d'or	n|a former French gold coin|
louis d'outremer	n|king of France (921-954)|
louis eugene felix neel	n|French physicist noted for research on magnetism (born in 1904)|
louis harold gray	n|English radiobiologist in whose honor the gray (the SI unit of energy for the absorbed dose of radiation) was named (1905-1965)|
louis i	n|third son of Charlemagne and king of France and Germany and Holy Roman Emperor (778-840)|
louis ii	n|king of France and Germany (846-879)|
louis iii	n|son of Louis II and king of the France and Germany (863-882)|
louis iv	n|king of France (921-954)|
louis ix	n|king of France and son of Louis VIII; he led two unsuccessful Crusades; considered an ideal medieval king (1214-1270)|
louis jacques mande daguerre	n|French inventor of the first practical photographic process, the daguerreotype (1789-1851)|
louis joliet	n|French explorer (with Jacques Marquette) of the upper Mississippi River valley (1645-1700)|
louis jolliet	n|French explorer (with Jacques Marquette) of the upper Mississippi River valley (1645-1700)|
louis le begue	n|king of France and Germany (846-879)|
louis le faineant	n|the last Carolingian king of France (967-987)|
louis le hutin	n|king of France (1289-1316)|
louis leakey	n|English paleontologist whose account of fossil discoveries in Tanzania changed theories of human evolution (1903-1972)|
louis pasteur	n|French chemist and biologist whose discovery that fermentation is caused by microorganisms resulted in the process of pasteurization (1822-1895)|
louis seymour bazett leakey	n|English paleontologist whose account of fossil discoveries in Tanzania changed theories of human evolution (1903-1972)|
louis the bruiser	n|king of France whose military victories consolidated his reign (1081-1137)|
louis the far	n|king of France whose military victories consolidated his reign (1081-1137)|
louis the german	n|king of France and Germany (846-879)|
louis the great	n|king of France from 1643 to 1715; his long reign was marked by the expansion of French influence in Europe and by the magnificence of his court and the Palace of Versailles (1638-1715)|
louis the pious	n|third son of Charlemagne and king of France and Germany and Holy Roman Emperor (778-840)|
louis the quarreller	n|king of France (1289-1316)|
louis the stammerer	n|king of France and Germany (846-879)|
louis the wideawake	n|king of France whose military victories consolidated his reign (1081-1137)|
louis v	n|the last Carolingian king of France (967-987)|
louis vi	n|king of France whose military victories consolidated his reign (1081-1137)|
louis victor de broglie	n|French nuclear physicist who generalized the wave-particle duality by proposing that particles of matter exhibit wavelike properties (1892-1987)|
louis vii	n|king of France who led the unsuccessful Second Crusade and fought frequent wars with Henry II of England (1120-1180)|
louis viii	n|king of France who increased the power of the Crown over the feudal lords (1187-1226)|
louis x	n|king of France (1289-1316)|
louis xi	n|king of France who put down an alliance of unruly nobles and unified France except for Brittany (1423-1483)|
louis xii	n|king of France who was popular with his subjects (1462-1515)|
louis xiii	n|king of France from 1610 to 1643 who relied heavily on the advice of Cardinal Richelieu (1601-1643)|
louis xiv	n|king of France from 1643 to 1715; his long reign was marked by the expansion of French influence in Europe and by the magnificence of his court and the Palace of Versailles (1638-1715)|
louis xv	n|grandson of Louis XIV and king of France from 1715 to 1774 who led France into the War of the Austrian Succession and the Seven Years' War (1710-1774)|
louis xvi	n|king of France from 1774 to 1792; his failure to grant reforms led to the French Revolution; he and his queen (Marie Antoinette) were guillotined (1754-1793)|
louis-hector berlioz	n|French composer of romantic works (1803-1869)|
louisianan	n|a native or resident of Louisiana|
louisianian	n|a native or resident of Louisiana|
louisville	n|the largest city in Kentucky; located in north central Kentucky on the Ohio river; site of the Kentucky Derby|
lounge	v|sit or recline comfortably|He was lounging on the sofa	v|be about|The high school students like to loiter in the Central Square	n|an upholstered seat for more than one person|	n|a room (as in a hotel or airport) with seating where people can wait|
lounge about	v|be lazy or idle|Her son is just bumming around all day
lounge around	v|be lazy or idle|Her son is just bumming around all day
lounge car	n|railroad car having a bar and tables and lounge chairs|
lounge chair	n|a comfortable upholstered armchair|
lounge lizard	n|a man who idles about in the lounges of hotels and bars in search of women who would support him|
lounge suit	n|a business suit consisting of a matching jacket and skirt or trousers|
lounger	n|someone who wastes time|	n|an armchair whose back can be lowered and foot can be raised to allow the sitter to recline in it|	n|an article of clothing designed for comfort and leisure wear|
loungewear	n|clothing suitable for relaxation|
lounging jacket	n|a man's soft jacket usually with a tie belt; worn at home|
lounging pajama	n|pajamas worn while lounging|
lounging pyjama	n|pajamas worn while lounging|
lounging robe	n|a robe worn before dressing or while lounging|
loup-garou	n|a monster able to change appearance from human to wolf and back again|
loupe	n|small magnifying glass (usually set in an eyepiece) used by jewelers and horologists|
lour	v|set lower|lower a rating	v|make lower or quieter|turn down the volume of a radio	v|look angry or sullen, wrinkle one's forehead, as if to signal disapproval|
louse	n|wingless usually flattened bloodsucking insect parasitic on warm-blooded animals|	n|a person who has a nasty or unethical character undeserving of respect|	n|any of several small insects especially aphids that feed by sucking the juices from plants|	n|wingless insect with mouth parts adapted for biting; mostly parasitic on birds|
louse fly	n|bloodsucking dipterous fly parasitic on birds and mammals|
louse up	v|make a mess of, destroy or ruin|I botched the dinner and we had to eat out
lousiness	n|infestation with lice (Pediculus humanus) resulting in severe itching|	n|the quality of being disgusting to the senses or emotions|the vileness of his language surprised us
lousy	adj|very bad|a lousy play	adj|infested with lice|burned their lousy clothes	adj|vile; despicable|a dirty (or lousy) trick
lout	n|an awkward stupid person|
loutish	adj|ill-mannered and coarse and contemptible in behavior or appearance|was boorish and insensitive
louvar	n|large silvery fish found worldwide in warm seas but nowhere common; resembles a whale and feeds on plankton|
louver	n|one of a set of parallel slats in a door or window to admit air and reject rain|
louvered	adj|supplied with louvers for ventilation|a louvered door
louvered window	n|a window with glass louvers|
louvre	n|an art museum that is a famous tourist attraction in Paris|	n|one of a set of parallel slats in a door or window to admit air and reject rain|
louvre museum	n|an art museum that is a famous tourist attraction in Paris|
lovable	adj|having characteristics that attract love or affection|a mischievous but lovable child
lovage	n|herb native to southern Europe; cultivated for its edible stalks and foliage and seeds|	n|stalks eaten like celery or candied like angelica; seeds used for flavoring or pickled like capers|
lovastatin	n|an oral drug (trade name Mevacor) to reduce blood cholesterol levels; used when dietary changes have proved inadequate|
love	n|a strong positive emotion of regard and affection|his love for his work	n|any object of warm affection or devotion|the theater was her first love	n|a beloved person; used as terms of endearment|	n|a deep feeling of sexual desire and attraction|their love left them indifferent to their surroundings
love affair	n|a relationship between two lovers|
love apple	n|native to South America; widely cultivated in many varieties|
love bite	n|a temporary red mark on a person's skin resulting from kissing or sucking by their lover|
love child	n|the illegitimate offspring of unmarried parents|
love feast	n|a social gathering intended to create goodwill among the participants|	n|a religious meal shared as a sign of love and fellowship|
love grass	n|any of various grasses of the genus Eragrostis; specially useful for forage and for the prevention of erosion|
love handle	n|excess fat around the waistline|
love knot	n|a stylized or decorative knot used as an emblem of love|
love letter	n|a personal letter to a loved one expressing affection|
love life	n|sexual activities (often including sexual intercourse) between two people|his lovemaking disgusted her
love line	n|a crease on the palm; palmists say it indicates your emotional nature|
love lyric	n|the lyric of a love song|
love match	n|a marriage for love's sake; not an arranged marriage|
love seat	n|small sofa that seats two people|
love song	n|a song about love or expressing love for another person|
love story	n|a story dealing with love|
love tree	n|small tree of the eastern Mediterranean having abundant purplish-red flowers growing on old wood directly from stems and appearing before the leaves: widely cultivated in mild regions; wood valuable for veneers|
love vine	n|leafless parasitic vine with dense clusters of small white bell-shaped flowers on orange-yellow stems that twine around clover or flax|
love-in-a-mist	n|chickweed with hairy silver-grey leaves and rather large white flowers|	n|European garden plant having finely cut leaves and white or pale blue flowers|
love-in-idleness	n|a common and long cultivated European herb from which most common garden pansies are derived|
love-in-winter	n|Eurasian herb with white or pinkish flowers in a terminal corymb|
love-lies-bleeding	n|young leaves widely used as leaf vegetables; seeds used as cereal|
love-philter	n|a drink credited with magical power; can make the one who takes it love the one who gave it|
love-philtre	n|a drink credited with magical power; can make the one who takes it love the one who gave it|
love-potion	n|a drink credited with magical power; can make the one who takes it love the one who gave it|
love-song	n|a song about love or expressing love for another person|
love-token	n|keepsake given as a token of love|
loveable	adj|having characteristics that attract love or affection|a mischievous but lovable child
lovebird	n|small Australian parakeet usually light green with black and yellow markings in the wild but bred in many colors|	n|small African parrot noted for showing affection for their mates|
loved	adj|held dear|his loved companion of many years
loved one	n|a person who you love, usually a member of your family|
lovelace	n|English poet (1618-1857)|
loveless	adj|without love|a loveless marriage	adj|receiving no love|a loveless childhood
loveliness	n|the quality of being good looking and attractive|
lovell	n|English astronomer who pioneered radio astronomy (born in 1913)|
lovelorn	adj|unhappy in love; suffering from unrequited love|
lovely	adj|appealing to the emotions as well as the eye|	adj|lovable especially in a childlike or naive way|	n|a very pretty girl who works as a photographer's model|
lovemaking	n|sexual activities (often including sexual intercourse) between two people|his lovemaking disgusted her
lover	n|a person who loves someone or is loved by someone|	n|an ardent follower and admirer|	n|a significant other to whom you are not related by marriage|
lover's knot	n|a stylized or decorative knot used as an emblem of love|
loverlike	adj|like or in the manner of a lover|
loverly	adj|like or in the manner of a lover|
lovers' knot	n|a stylized or decorative knot used as an emblem of love|
loveseat	n|small sofa that seats two people|
lovesick	adj|languishing because of love|strong men behaving like lovesick boys
lovesickness	n|a pining for a loved one|
lovesome	adj|having or displaying warmth or affection|affectionate children
loving	adj|feeling or showing love and affection|loving parents
loving cup	n|a large drinking vessel (usually with two handles) that people drink out of in turn at a banquet|	n|a large metal vessel with two handles that is awarded as a trophy to the winner of a competition|the school kept the cups is a special glass case
loving-kindness	n|tender kindness motivated by a feeling of affection|
lovingly	adv|with fondness; with love|she spoke to her children fondly
lovingness	n|a loving feeling|	n|a quality proceeding from feelings of affection or love|
lovoa	n|genus of African timber trees|
lovoa klaineana	n|tropical African timber tree with wood that resembles mahogany|
low	adj|less than normal in degree or intensity or amount|low prices	adj|literal meanings; being at or having a relatively small elevation or upward extension|low ceilings	adj|very low in volume|a low murmur	adj|unrefined in character|low comedy
low archipelago	n|a group of about 80 coral islands in French Polynesia|
low beam	n|the beam of a car's headlights that provides illumination for a short distance|
low blow	n|unscrupulous abuse|
low blueberry	n|low-growing deciduous shrub of northeastern North America having flowers in compact racemes and bearing sweet dark blue berries|
low brass	n|brass with 30% (or less) zinc|
low comedy	n|a comedy characterized by slapstick and burlesque|
low countries	n|the lowland region of western Europe on the North Sea: Belgium and Luxembourg and the Netherlands|
low density	n|a rarified quality|the tenuity of the upper atmosphere
low explosive	n|an explosive with a low rate of combustion|
low frequency	n|30 to 300 kilohertz|	n|a pitch that is perceived as below other pitches|
low gallberry holly	n|an evergreen shrub|
low gear	n|the lowest forward gear ratio in the gear box of a motor vehicle; used to start a car moving|
low german	n|a German dialect spoken in northern Germany|
low latin	n|any dialect of Latin other than classical Latin|
low level flight	n|flight at very low altitudes|
low mass	n|a Mass recited without music|
low pitch	n|a pitch that is perceived as below other pitches|
low profile	n|a state of low visibility in which public notice is avoided|he was never one to keep a low profile
low quality	n|an inferior quality|
low relief	n|a sculptural relief in which forms extend only slightly from the background; no figures are undercut|
low spirits	n|a state of mild depression|
low status	n|a position of inferior status; low in station or rank or fortune or estimation|
low sunday	n|the Sunday following Easter|
low temperature	n|the absence of heat|the coldness made our breath visible
low tide	n|the lowest (farthest) ebb of the tide|
low water	n|the lowest (farthest) ebb of the tide|
low-altitude	adj|occurring at a relatively low altitude|a low-level strafing run
low-backed	adj|having a low back|
low-beam	adj|used of headlights|following with low-beam headlights
low-birth-weight baby	n|an infant born weighing less than 5.5 pounds (2500 grams) regardless of gestational age|a low-birth-weight infant is at risk for developing lack of oxygen during labor
low-birth-weight infant	n|an infant born weighing less than 5.5 pounds (2500 grams) regardless of gestational age|a low-birth-weight infant is at risk for developing lack of oxygen during labor
low-budget	adj|made on or suited to a limited budget|a low-budget movie
low-bush blueberry	n|low-growing deciduous shrub of northeastern North America having flowers in compact racemes and bearing sweet dark blue berries|
low-cal	adj|having relatively few calories|diet cola
low-calorie diet	n|a diet that is low on calories|
low-carbon steel	n|steel with less than 0.15% carbon|
low-ceilinged	adj|having a lower than normal ceiling|
low-class	adj|occupying the lowest socioeconomic position in a society|
low-cost	adj|that you have the financial means for|low-cost housing
low-cut	adj|(of a garment) having a low-cut neckline|a low-cut neckline	adj|having a low-cut back|a backless dress
low-density	adj|having low relative density or specific gravity|	adj|having low concentration|low-density urban areas
low-density lipoprotein	n|a lipoprotein that transports cholesterol in the blood; composed of moderate amount of protein and a large amount of cholesterol; high levels are thought to be associated with increased risk of coronary heart disease and atherosclerosis|
low-down	adj|of the most contemptible kind|abject cowardice	adj|(of jazz) having the soulful feeling of early blues|	n|slang terms for inside information|is that the straight dope?
low-fat diet	n|a diet containing limited amounts of fat and stressing foods high in carbohydrates; used in treatment of some gallbladder conditions|
low-fat milk	n|milk from which some of the cream has been removed|
low-grade	adj|of inferior quality|
low-growing	adj|of plants that grow relatively low to the ground|
low-interest	adj|(used of loans) charging a relatively small percentage of the amount borrowed|
low-key	adj|restrained in style or quality|a little masterpiece of low-keyed eloquence
low-keyed	adj|restrained in style or quality|a little masterpiece of low-keyed eloquence
low-level	adj|not intense|low-level radiation	adj|lower in rank or importance|	adj|at a low level in rank or importance|a low-level job	adj|occurring at a relatively low altitude|a low-level strafing run
low-level formatting	n|(computer science) the format of sectors on the surface of a hard disk drive so that the operating system can access them and setting a starting position|
low-level radioactive waste	n|(medicine) radioactive waste consisting of objects that have been briefly exposed to radioactivity (as in certain medical tests)|
low-lying	adj|having a small elevation above the ground or horizon or sea level|low-lying clouds	adj|lying below the normal level|a low-lying desert
low-necked	adj|(of a garment) having a low-cut neckline|a low-cut neckline
low-pass filter	n|a filter that passes frequencies below a certain value and attenuates frequencies above that value|
low-pitched	adj|used of sounds and voices; low in pitch or frequency|	adj|set at a low angle or slant|a low-pitched roof
low-powered	adj|having little power to do work|a low-powered engine
low-pressure	adj|not forceful|a low-pressure salesman
low-priced	adj|that you have the financial means for|low-cost housing
low-resolution	adj|of computer output devices; producing images that are not sharply defined|
low-rise	adj|used of buildings of one or only a few stories and usually no elevator; low|looking out over the roofs of low-rise apartment buildings
low-salt diet	n|a diet that limits the intake of salt (sodium chloride); often used in treating hypertension or edema or certain other disorders|
low-set	adj|short and thick; as e.g. having short legs and heavy musculature|some people seem born to be square and chunky	adj|lower than average|lowset ears
low-sodium diet	n|a diet that limits the intake of salt (sodium chloride); often used in treating hypertension or edema or certain other disorders|
low-spirited	adj|filled with melancholy and despondency|gloomy at the thought of what he had to face
low-spiritedness	n|a feeling of low spirits|he felt responsible for her lowness of spirits
low-sudsing	adj|(used of e.g. detergents) producing few suds|
low-tech	adj|not involving high technology|
low-tension	adj|subjected to or capable of operating under relative low voltage|
low-toned	adj|very low in volume|a low murmur
low-voltage	adj|subjected to or capable of operating under relative low voltage|
low-warp-loom	n|a handloom in which the warp is carried horizontally; for weaving tapestry|
low-water mark	n|an extreme state of adversity; the lowest point of anything|	n|a line marking the lowest level reached|
lowan	n|Australian mound bird; incubates eggs naturally in sandy mounds|
lowball	v|make a deliberately low estimate|The construction company wanted the contract badly and lowballed
lowborn	adj|of humble birth or origins|a topsy-turvy society of lowborn rich and blue-blooded poor
lowboy	n|a low chest or table with drawers and supported on four legs|
lowbred	adj|(of persons) lacking in refinement or grace|
lowbrow	adj|characteristic of a person who is not cultivated or does not have intellectual tastes|lowbrow tastes	n|a person who is uninterested in intellectual pursuits|
lowbrowed	adj|characteristic of a person who is not cultivated or does not have intellectual tastes|lowbrow tastes
lowbush penstemon	n|low bushy plant with large showy pale lavender or blue-violet flowers in narrow clusters at ends of stems|
lowell jackson thomas	n|a radio broadcast journalist during World War I and World War II noted for his nightly new broadcast (1892-1981)|
lowell thomas	n|a radio broadcast journalist during World War I and World War II noted for his nightly new broadcast (1892-1981)|
lower	v|move something or somebody to a lower position|take down the vase from the shelf	v|set lower|lower a rating	v|make lower or quieter|turn down the volume of a radio	v|cause to drop or sink|The lack of rain had depressed the water level in the reservoir
lower berth	n|the lower of two berths|
lower bound	n|(mathematics) a number equal to or less than any other number in a given set|
lower california	n|a mountainous peninsula on northwest Mexico|
lower cannon	n|cannon of plate armor protecting the forearm|
lower carboniferous	n|from 345 million to 310 million years ago; increase of land areas; primitive ammonites; winged insects|
lower carboniferous period	n|from 345 million to 310 million years ago; increase of land areas; primitive ammonites; winged insects|
lower class	n|the social class lowest in the social hierarchy|
lower court	n|any court whose decisions can be appealed to a higher court|
lower criticism	n|the study of existing manuscripts of the Scriptures in order to determine the original text|
lower deck	n|the deck below the main deck|
lower egypt	n|one of the two main administrative districts of Egypt; consists of the Nile delta|
lower jaw	n|the jaw in vertebrates that is hinged to open the mouth|
lower jawbone	n|the jaw in vertebrates that is hinged to open the mouth|
lower limit	n|the smallest possible quantity|	n|the limit on the lower (or southernmost) side of something|
lower mantle	n|the deeper part of the mantle|
lower oneself	v|debase oneself morally, act in an undignified, unworthy, or dishonorable way|I won't stoop to reading other people's mail
lower paleolithic	n|the oldest part of the Paleolithic Age with the emergence of the hand ax; ended about 120,000 years ago|
lower peninsula	n|the part of Michigan between Lake Michigan and Lake Huron|
lower rank	n|the state of being inferior|
lower respiratory infection	n|infection of the lower respiratory tract|
lower respiratory tract	n|the bronchi and lungs|
lower respiratory tract smear	n|any of several cytologic smears obtained from different parts of the lower respiratory tract; used for cytologic study of cancer and other diseases of the lungs|
lower saxony	n|a state in northwestern Germany|
lower status	n|the state of being inferior|
lower tunguska	n|a river that arises to the north of Lake Baikal and flows north and west to the Yenisei River|
lower-case letter	n|the characters that were once kept in bottom half of a compositor's type case|
lower-class	adj|occupying the lowest socioeconomic position in a society|
lower-middle-class	adj|occupying the lower part of the middle socioeconomic range in a society|
lower-normandy	n|a division of Normandy|
lower-ranking	adj|inferior in rank or status|the junior faculty
lowercase	adj|relating to small (not capitalized) letters that were kept in the lower half of a compositor's type case; a and b and c etc"|lowercase letters	n|the characters that were once kept in bottom half of a compositor's type case|
lowerclassman	n|an undergraduate who is not yet a senior|
lowered	adj|below the surround or below the normal position|with lowered eyes
lowering	adj|darkened by clouds|a heavy sky	n|the act of causing to become less|	n|the act of causing something to move to a lower level|
loweringly	adv|in a menacing or scowling way|he looked up loweringly
lowermost	adj|farthest down|bottommost shelf
lowest	adj|lowest in rank or importance|last prize	adv|in the lowest position; nearest the ground|the branch with the big peaches on it hung lowest
lowest common multiple	n|the smallest multiple that is exactly divisible by every member of a set of numbers|the least common multiple of 12 and 18 is 36
lowland	n|low level country|	adj|of relatively low or level country|
lowland fir	n|lofty fir of the Pacific coast of northwestern America having long curving branches and deep green leaves|
lowland scot	n|a native of the Lowlands of Scotland|
lowland white fir	n|lofty fir of the Pacific coast of northwestern America having long curving branches and deep green leaves|
lowlander	n|a native of the Lowlands of Scotland|
lowlands	n|the southern part of Scotland that is not mountainous|
lowlands of scotland	n|the southern part of Scotland that is not mountainous|
lowlife	n|a person who is deemed to be despicable or contemptible|only a rotter would do that
lowliness	n|the state of being humble and unimportant|	n|a position of inferior status; low in station or rank or fortune or estimation|
lowly	adj|low or inferior in station or quality|a humble cottage	adj|inferior in rank or status|the junior faculty	adj|used of unskilled work (especially domestic work)|	adj|of low birth or station (`base' is archaic in this sense)|baseborn wretches with dirty faces
lowness	n|a position of inferior status; low in station or rank or fortune or estimation|	n|a feeling of low spirits|he felt responsible for her lowness of spirits	n|the quality of being low; lacking height|he was suddenly aware of the lowness of the ceiling	n|a low or small degree of any quality (amount or force or temperature etc.)|he took advantage of the lowness of interest rates
lowry	n|English painter (1887-1976)|	n|English novelist (1909-1957)|
lowset	adj|lower than average|lowset ears
lox	n|a bluish translucent magnetic liquid obtained by compressing gaseous oxygen and then cooling it below its boiling point; used as an oxidizer in rocket propellants|	n|brine-cured salmon that is lightly smoked|
loxapine	n|a tranquilizer (trade name Loxitane) used to treat schizophrenia|
loxia	n|crossbill|
loxia curvirostra	n|finch with a bill whose tips cross when closed|
loxitane	n|a tranquilizer (trade name Loxitane) used to treat schizophrenia|
loxodonta	n|a genus of Elephantidae|
loxodonta africana	n|an elephant native to Africa having enormous flapping ears and ivory tusks|
loxodrome	n|a line on a sphere that cuts all meridians at the same angle; the path taken by a ship or plane that maintains a constant compass direction|
loxoma	n|one species of terrestrial ferns of New Zealand|
loxomataceae	n|very small family of New Zealand ferns|
loxostege	n|garden webworms|
loxostege similalis	n|a variety of webworm|	n|moth whose larvae are garden webworms|
loya jirga	n|a grand council or grand assembly used to resolve political conflicts or other national problems|he convened a Loya Jirga that persuaded tribal leaders to acquiesce
loyal	adj|steadfast in allegiance or duty|loyal subjects	adj|inspired by love for your country|	adj|unwavering in devotion to friend or vow or cause|a firm ally
loyalist	n|a person who is loyal to their allegiance (especially in times of revolt)|
loyalist volunteer force	n|a terrorist group formed in 1996 in Northern Ireland; seeks to prevent the peace process; murders Catholics and any Protestant leaders who favor peace|
loyally	adv|with loyalty; in a loyal manner|government will not be efficient unless the people as a whole accept leadership loyally and enthusiastically
loyalty	n|the quality of being loyal|	n|feelings of allegiance|	n|the act of binding yourself (intellectually or emotionally) to a course of action|his long commitment to public service
loyang	n|a city in east central China; the capital of ancient China during several dynasties|
loyola	n|Spaniard and Roman Catholic theologian and founder of the Society of Jesus; a leading opponent of the Reformation (1491-1556)|
lozal	n|diuretic (trade name Lozal) used in the treatment of hypertension|
lozenge	n|a small aromatic or medicated candy|	n|a dose of medicine in the form of a small pellet|
lp	n|a long-playing phonograph record; designed to be played at 33.3 rpm|
lpn	n|a nurse who has enough training to be licensed by a state to provide routine care for the sick|
lr	n|a radioactive transuranic element synthesized from californium|
lsd	n|a powerful hallucinogenic drug manufactured from lysergic acid|
ltd.	n|a company that is organized to give its owners limited liability|
ltm	n|your general store of remembered information|
ltte	n|a terrorist organization in Sri Lanka that began in 1970 as a student protest over the limited university access for Tamil students; currently seeks to establish an independent Tamil state called Eelam; relies on guerilla strategy including terrorist tactics that target key government and military personnel|the Tamil Tigers perfected suicide bombing as a weapon of war
lu	n|a trivalent metallic element of the rare earth group; usually occurs in association with yttrium|
luanda	n|port city on Atlantic coast; the capital and largest city of Angola|
luau	n|an elaborate Hawaiian feast or party (especially one accompanied by traditional foods and entertainment)|
luba	n|a member of a Bantu people in southeastern Congo|	n|a Bantu language spoken in southeastern Congo|
lubavitch	n|a town in Belarus that was the center of the Chabad movement for a brief period during the 19th century|	n|a large missionary Hasidic movement known for their hospitality, technological expertise, optimism and emphasis on religious study|
lubavitch movement	n|a large missionary Hasidic movement known for their hospitality, technological expertise, optimism and emphasis on religious study|
lubavitcher	n|a member of the Lubavitch movement; a follower of Chabad Hasidism|
lubber	n|an awkward stupid person|	n|an inexperienced sailor; a sailor on the first voyage|
lubber line	n|a fixed line on a ship's compass indicating its heading|
lubber's hole	n|hole in a platform on a mast through which a sailor can climb without going out on the shrouds|
lubber's line	n|a fixed line on a ship's compass indicating its heading|
lubber's mark	n|a fixed line on a ship's compass indicating its heading|
lubber's point	n|a fixed line on a ship's compass indicating its heading|
lubberly	adj|clumsy and unskilled|a big stupid lubberly fellow	adj|inexperienced in seamanship|of all landlubbers the most lubberly
lubbock	n|a city in northwest Texas to the south of Amarillo|
lube	n|a substance capable of reducing friction by making surfaces smooth or slippery|	v|apply a lubricant to|lubricate my car
lubeck	n|a city in northwestern Germany and an important Baltic port; a leading member of the Hanseatic League|
lubitsch	n|German filmmaker of sophisticated comedies (1892-1947)|
lublin	n|an industrial city of eastern Poland|
lubricant	n|a substance capable of reducing friction by making surfaces smooth or slippery|
lubricate	v|have lubricating properties|the liquid in this can lubricates well	v|apply a lubricant to|lubricate my car	v|make slippery or smooth through the application of a lubricant|lubricate the key
lubricated	adj|smeared with oil or grease to reduce friction|
lubricating oil	n|a thick fatty oil (especially one used to lubricate machinery)|
lubricating substance	n|a substance capable of reducing friction by making surfaces smooth or slippery|
lubricating system	n|mechanical system of lubricating internal combustion engines in which a pump forces oil into the engine bearings|
lubrication	n|the condition of having been made smooth or slippery by the application of a lubricant|	n|an application of a lubricant to something|
lubricator	n|a substance capable of reducing friction by making surfaces smooth or slippery|
lubricious	adj|having a smooth or slippery quality|the skin of cephalopods is thin and lubricious	adj|characterized by lust|eluding lubricious embraces
lubricity	n|feeling morbid sexual desire or a propensity to lewdness|
lubumbashi	n|a city in southeastern Congo near the border with Zambia; a copper mining center; former name (until 1966) was Elisabethville|
lucania	n|a region of southern Italy (forming the instep of the Italian `boot')|
lucanidae	n|stag beetles|
lucent	adj|softly bright or radiant|a house aglow with lights
lucerne	n|important European leguminous forage plant with trifoliate leaves and blue-violet flowers grown widely as a pasture and hay crop|
luchino visconti	n|Italian filmmaker (1906-1976)|
luciano pavarotti	n|Italian tenor (born in 1935)|
lucid	adj|(of language) transparently clear; easily understandable|writes in a limpid style	adj|having a clear mind|a lucid moment in his madness	adj|capable of thinking and expressing yourself in a clear and consistent manner|a lucid thinker	adj|transmitting light; able to be seen through with clarity|the cold crystalline water of melted snow
lucidity	n|free from obscurity and easy to understand; the comprehensibility of clear expression|	n|a lucid state of mind; not confused|
lucidly	adv|in a clear and lucid manner|this is a lucidly written book
lucidness	n|free from obscurity and easy to understand; the comprehensibility of clear expression|
lucifer	n|(Judeo-Christian and Islamic religions) chief spirit of evil and adversary of God; tempter of mankind; master of Hell|	n|a planet (usually Venus) seen just before sunrise in the eastern sky|	n|lighter consisting of a thin piece of wood or cardboard tipped with combustible chemical; ignites with friction|he always carries matches to light his pipe
luciferin	n|pigment occurring in luminescent organisms (as fireflies); emits heatless light when undergoing oxidation|
lucifugal	adj|light-avoiding|
lucifugous	adj|light-avoiding|
lucilia	n|greenbottle flies|
lucite	n|a transparent thermoplastic acrylic resin|
lucius annaeus seneca	n|Roman statesman and philosopher who was an advisor to Nero; his nine extant tragedies are modeled on Greek tragedies (circa 4 BC - 65 AD)|
lucius cornelius sulla felix	n|Roman general and dictator (138-78 BC)|
lucius domitius ahenobarbus	n|Roman Emperor notorious for his monstrous vice and fantastic luxury (was said to have started a fire that destroyed much of Rome in 64) but the Roman Empire remained prosperous during his rule (37-68)|
lucius licinius lucullus	n|Roman general famous for self-indulgence and giving lavish banquets (circa 110-57 BC)|
lucius licinius luculus	n|Roman general famous for giving lavish banquets (110-57 BC)|
lucius quinctius cincinnatus	n|Roman statesman regarded as a model of simple virtue; he twice was called to assume dictatorship of Rome and each time retired to his farm (519-438 BC)|
lucius tarquinius superbus	n|according to legend, the seventh and last Etruscan king of Rome who was expelled for his cruelty (reigned from 534 to 510 BC)|
luck	n|your overall circumstances or condition in life (including everything that happens to you)|whatever my fortune may be	n|an unknown and unpredictable phenomenon that causes an event to result one way rather than another|bad luck caused his downfall	n|an unknown and unpredictable phenomenon that leads to a favorable outcome|it was my good luck to be there
luck into	v|take possession of|She entered upon the estate of her rich relatives
luck it	v|act by relying on one's luck|
luck out	v|succeed by luck|I lucked out and found the last parking spot in the lot
luck through	v|act by relying on one's luck|
luckily	adv|by good fortune|fortunately the weather was good
luckiness	n|an auspicious state resulting from favorable outcomes|
luckless	adj|having or bringing misfortune|Friday the 13th is an unlucky date
lucknow	n|a city in northern India in Uttar Pradesh; during the Indian Mutiny its British residents were besieged by Indian insurgents|	n|the British residents of Lucknow were besieged by Indian insurgents during the Indian Mutiny (1857)|
lucky	adj|occurring by chance|a lucky escape	adj|having or bringing good fortune|my lucky day	adj|presaging or likely to bring good luck or a good outcome|a favorable time to ask for a raise
lucky dip	n|a game in which prizes (e.g., candies or coins) are concealed in a container and for a small sum a player can draw one out at random|	n|a selection or decision purely at random|their system of hiring people seemed to be a sort of lucky dip
lucrative	adj|producing a sizeable profit|a remunerative business
lucrativeness	n|the quality of affording gain or benefit or profit|
lucre	n|informal terms for money|	n|the excess of revenues over outlays in a given period of time (including depreciation and other non-cash expenses)|
lucretius	n|Roman philosopher and poet; in a long didactic poem he tried to provide a scientific explanation of the universe (96-55 BC)|
lucrezia borgia	n|Italian noblewoman and patron of the arts (1480-1519)|
lucubrate	v|add details, as to an account or idea; clarify the meaning of and discourse in a learned way, usually in writing|She elaborated on the main ideas in her dissertation
lucubration	n|a solemn literary work that is the product of laborious cogitation|	n|laborious cogitation|
luculent	adj|(of language) transparently clear; easily understandable|writes in a limpid style
lucullan	adj|characterized by extravagance and profusion|a lavish buffet
lucullus	n|Roman general famous for self-indulgence and giving lavish banquets (circa 110-57 BC)|
luculus	n|Roman general famous for giving lavish banquets (110-57 BC)|
lucy	n|incomplete skeleton of female found in eastern Ethiopia in 1974|
lucy in the sky with diamonds	n|street name for lysergic acid diethylamide|
lucy maud montgomery	n|Canadian novelist (1874-1942)|
luda	n|an industrial conurbation in northeastern China on the southern end of the Liaodong Peninsula; it now includes the cities of Dalian and Lushun|
luddite	n|any opponent of technological progress|	n|one of the 19th century English workmen who destroyed laborsaving machinery that they thought would cause unemployment|
ludi saeculares	n|the centennial rites and games of ancient Rome that marked the commencement of a new generation (100 years representing the longest life in a generation); observances may have begun as early as the 5th century BC and lasted well into the Christian era|
ludian	n|a Baltic-Finnic language|
ludic	adj|relating to play or playfulness|
ludicrous	adj|broadly or extravagantly humorous; resembling farce|the wild farcical exuberance of a clown	adj|so unreasonable as to invite derision|the absurd excuse that the dog ate his homework
ludicrously	adv|so as to arouse or deserve laughter|her income was laughably small, but she managed to live well
ludo	n|a simple board game in which players move counters according to the throw of dice|
ludwig boltzmann	n|Austrian physicist who contributed to the kinetic theory of gases (1844-1906)|
ludwig josef johan wittgenstein	n|British philosopher born in Austria; a major influence on logic and logical positivism (1889-1951)|
ludwig van beethoven	n|German composer of instrumental music (especially symphonic and chamber music); continued to compose after he lost his hearing (1770-1827)|
ludwig wittgenstein	n|British philosopher born in Austria; a major influence on logic and logical positivism (1889-1951)|
lues	n|a common venereal disease caused by the treponema pallidum spirochete; symptoms change through progressive stages; can be congenital (transmitted through the placenta)|
lues venerea	n|a common venereal disease caused by the treponema pallidum spirochete; symptoms change through progressive stages; can be congenital (transmitted through the placenta)|
lufengpithecus	n|a genus of Hominidae|
luff	n|(nautical) the forward edge of a fore-and-aft sail that is next to the mast|	n|the act of sailing close to the wind|	v|sail close to the wind|	v|flap when the wind is blowing equally on both sides|the sails luffed
luffa	n|the dried fibrous part of the fruit of a plant of the genus Luffa; used as a washing sponge or strainer|	n|any of several tropical annual climbers having large yellow flowers and edible young fruits; grown commercially for the mature fruit's dried fibrous interior that is used as a sponge|
luffa acutangula	n|loofah of Pakistan; widely cultivated throughout tropics|
luffa cylindrica	n|the loofah climber that has cylindrical fruit|
lufkin	n|a town in eastern Texas|
luftwaffe	n|the German airforce|
lug	v|carry with difficulty|You'll have to lug this suitcase	v|obstruct|My nose is all stuffed	n|ancient Celtic god|	n|a sail with four corners that is hoisted from a yard that is oblique to the mast|
lug wrench	n|a wrench with jaws that have projecting lugs to engage the object that is to be rotated|
luganda	n|the Bantu language of the Buganda people; spoken in Uganda|
luge	n|a racing sled for one or two people|	v|move along on a luge or toboggan|
luger	n|a German semiautomatic pistol|	n|someone who races the luge|
luggage	n|cases used to carry belongings when traveling|
luggage carousel	n|a conveyer belt that carries luggage to be claimed by air travelers|
luggage carrier	n|carrier (as behind a bicycle seat) for luggage|
luggage carrousel	n|a conveyer belt that carries luggage to be claimed by air travelers|
luggage compartment	n|compartment in an automobile that carries luggage or shopping or tools|he put his golf bag in the trunk
luggage rack	n|carrier for holding luggage above the seats of a train or on top of a car|
luggage van	n|a railway car where passengers' bags are carried|
lugger	n|small fishing boat rigged with one or more lugsails|
lugh	n|ancient Celtic god|
luging	n|riding a light one-man toboggan|
lugsail	n|a sail with four corners that is hoisted from a yard that is oblique to the mast|
lugubrious	adj|excessively mournful|
lugubriously	adv|in a sorrowful lugubrious manner|his long face lugubriously reflecting a hidden and unexpressed compassion
lugubriousness	n|the quality of excessive mournfulness and uncheerfulness|
lugworm	n|marine worms having a row of tufted gills along each side of the back; often used for fishing bait|
luigi barnaba gregorio chiaramonti	n|Italian pope from 1800 to 1823 who was humiliated by Napoleon and taken prisoner in 1809; he concluded a concordat with Napoleon and crowned him emperor of France; he returned to Rome in 1814 (1740-1823)|
luigi cherubini	n|Italian composer of church music and operas (1760-1842)|
luigi galvani	n|Italian physiologist noted for his discovery that frogs' muscles contracted in an electric field (which led to the galvanic cell) (1737-1798)|
luigi pirandello	n|Italian novelist and playwright (1867-1936)|
luik	n|city in eastern Belgium; largest French-speaking city in Belgium|
luis bunuel	n|Spanish film director (1900-1983)|
luis de gongora y argote	n|a Spanish poet whose work was characterized by an affected elegance of style (1561-1627)|
lukasiewicz notation	n|a parenthesis-free notation for forming mathematical expressions in which each operator precedes its operands|
luke	n|(New Testament) the Apostle closely associated with St. Paul and traditionally assumed to be the author of the third Gospel|	n|one of the four Gospels in the New Testament; contains details of Jesus's birth and early life|
lukewarm	adj|moderately warm|he hates lukewarm coffee	adj|feeling or showing little interest or enthusiasm|a halfhearted effort
lukewarmly	adv|in an unenthusiastically lukewarm manner|he was lukewarmly received by his relatives
lukewarmness	n|a warmness resembling the temperature of the skin|	n|lack of passion, force or animation|
lule burgas	n|the principal battle of the Balkan Wars (1912); Bulgarian forces defeated the Turks|
lull	v|calm by deception|Don't let yourself be lulled into a false state of security	v|become quiet or less intensive|the fighting lulled for a moment	v|make calm or still|quiet the dragons of worry and fear	n|a pause during which things are calm or activities are diminished|there was never a letup in the noise
lullaby	n|a quiet song intended to lull a child to sleep|	n|the act of singing a quiet song to lull a child to sleep|
lulli	n|French composer (born in Italy) who was the court composer to Louis XIV and founded the national French opera (1632-1687)|
lully	n|Spanish philosopher (1235-1315)|	n|French composer (born in Italy) who was the court composer to Louis XIV and founded the national French opera (1632-1687)|
lulu	n|a very attractive or seductive looking woman|
luluabourg	n|a city in southwestern Congo; former name (until 1966) was Luluabourg|
lumbago	n|backache affecting the lumbar region or lower back; can be caused by muscle strain or arthritis or vascular insufficiency or a ruptured intervertebral disc|
lumbar	adj|of or relating to or near the part of the back between the ribs and the hipbones|lumbar vertebrae
lumbar artery	n|one of four or five pairs of arteries that originate in the abdominal aorta and supply the lumbar vertebrae and the back muscles and abdominal wall|
lumbar nerve	n|any of five pairs of spinal nerves emerging from the lumbar section of the spinal cord|
lumbar pain	n|backache affecting the lumbar region or lower back; can be caused by muscle strain or arthritis or vascular insufficiency or a ruptured intervertebral disc|
lumbar plexus	n|a lymphatic plexus located along the lower portion of the aorta and iliac vessels|	n|a plexus of nerves formed by the ventral branches of the first four lumbar nerves|
lumbar puncture	n|removal by centesis of fluid from the subarachnoid space of the lumbar region of the spinal cord for diagnostic or therapeutic purposes|
lumbar vein	n|veins that drain the posterior body wall and the lumbar vertebral venous plexuses|
lumbar vertebra	n|one of 5 vertebrae in the human vertebral column; lumbar vertebrae extend from the twelfth thoracic vertebra down to the sacral vertebrae|
lumber	n|the wood of trees cut and prepared for use as building material|	n|an implement used in baseball by the batter|	v|move heavily or clumsily|The heavy man lumbered across the room	v|cut lumber, as in woods and forests|
lumber jacket	n|a short warm outer jacket|
lumber room	n|a storeroom in a house where odds and ends can be stored (especially furniture)|
lumbering	adj|slow and laborious because of weight|the heavy tread of tired troops	n|the trade of cutting or preparing or selling timber|
lumberjack	n|a person who fells trees|	n|a short warm outer jacket|
lumberman	n|a person who fells trees|
lumberman's saw	n|a saw with handles at both ends; intended for use by two people|
lumbermill	n|a mill for dressing logs and lumber|
lumberyard	n|a workplace where lumber is stocked for sale|
lumbosacral	adj|of or relating to or near the small of the back and the back part of the pelvis between the hips|
lumbosacral plexus	n|a nerve plexus formed by the ventral divisions of the coccygeal and sacral and lumbar nerves; supplies the lower limbs and perineum and coccygeal area|
lumbus	n|either side of the backbone between the hipbone and the ribs in humans as well as quadrupeds|
lumen	n|a unit of luminous flux equal to the amount of light given out through a solid angle of 1 steradian by a point source of 1 candela intensity radiating uniformly in all directions|	n|a cavity or passage in a tubular organ|the lumen of the intestine
luminal	n|a long-acting barbiturate used as a sedative|
luminance	n|the quality of being luminous; emitting or reflecting light|its luminosity is measured relative to that of our sun
luminance unit	n|a measure of luminance|
luminary	n|a celebrity who is an inspiration to others|he was host to a large gathering of luminaries
luminesce	v|be or become luminescent; exhibit luminescence|
luminescence	n|light not due to incandescence; occurs at low temperatures|	n|light from nonthermal sources|
luminescent	adj|emitting light not caused by heat|
luminosity	n|the quality of being luminous; emitting or reflecting light|its luminosity is measured relative to that of our sun
luminous	adj|softly bright or radiant|a house aglow with lights
luminous energy	n|the energy associated with visible light|
luminous flux	n|the rate of flow of light energy|
luminous flux unit	n|a measure of luminous flux per unit area|
luminous intensity unit	n|a measure of luminous intensity|
luminousness	n|the quality of being luminous; emitting or reflecting light|its luminosity is measured relative to that of our sun
lumma	n|100 lumma equal 1 dram in Armenia|
lummox	n|an awkward stupid person|
lump	n|a compact mass|a ball of mud caught him on the shoulder	n|an abnormal protuberance or localized enlargement|	n|an awkward stupid person|	n|a large piece of something without definite shape|a hunk of bread
lump sugar	n|refined sugar molded into rectangular shapes convenient as single servings|
lump sum	n|a complete payment consisting of a single sum of money|
lumpectomy	n|surgical removal of a tumor without removing much of the surrounding tissue or lymph nodes; performed in some cases of breast cancer|
lumpen	adj|mentally sluggish|
lumpenproletariat	n|(Marxism) the unorganized lower levels of the proletariat who are not interested in revolutionary advancement|
lumpenus	n|a genus of Stichaeidae|
lumpenus lumpretaeformis	n|found in Arctic and northern Atlantic waters|
lumper	n|a laborer who loads and unloads vessels in a port|	n|a taxonomist who classifies organisms into large groups on the basis of major characteristics|
lumpfish	n|clumsy soft thick-bodied northern Atlantic fish with pelvic fins fused into a sucker; edible roe used for caviar|
lumpish	adj|mentally sluggish|
lumpsucker	n|any of several very small lumpfishes|
lumpy	adj|like or containing small sticky lumps|the dumplings were chunky pieces of uncooked dough	adj|having lumps; not smooth and even in texture|lumpy gravy
lumpy jaw	n|the commonest and least severe form of actinomycosis; affects the face and neck regions|
luna	n|(Roman mythology) the goddess of the Moon; counterpart of Greek Selene|
lunacy	n|obsolete terms for legal insanity|	n|foolish or senseless behavior|
lunar	adj|of or relating to or associated with the moon|lunar surface
lunar calendar	n|a calendar based on lunar cycles|
lunar caustic	n|silver nitrate fused into sticks and formerly used as a caustic|
lunar crater	n|a crater on the Earth's Moon|
lunar day	n|the period of time taken for the moon to make one full rotation on its axis (about 27.3 sidereal days)|
lunar eclipse	n|the earth interrupts light shining on the moon|
lunar excursion module	n|a spacecraft that carries astronauts from the command module to the surface of the moon and back|
lunar latitude	n|an imaginary line around the moon parallel to its equator|
lunar module	n|a spacecraft that carries astronauts from the command module to the surface of the moon and back|
lunar month	n|the period between successive new moons (29.531 days)|
lunar time period	n|there are usually two high and two low tides each day|
lunar year	n|a period of 12 lunar months|
lunaria	n|small genus of European herbs: honesty|
lunaria annua	n|southeastern European plant cultivated for its fragrant purplish flowers and round flat papery silver-white seedpods that are used for indoor decoration|
lunate	adj|resembling the new moon in shape|
lunate bone	n|one of the eight small wrist bones|
lunatic	adj|insane and believed to be affected by the phases of the moon|	n|an insane person|	n|a reckless impetuous irresponsible person|
lunatic fringe	n|a political unit with extreme and fanatical views|
lunation	n|the period between successive new moons (29.531 days)|
lunch	n|a midday meal|	v|take the midday meal|At what time are you lunching?	v|provide a midday meal for|She lunched us well
lunch meat	n|any of various sausages or molded loaf meats sliced and served cold|
lunch meeting	n|a meeting for lunch; usually to conduct business while eating|
lunch period	n|the customary or habitual hour for eating lunch|he observed a regular lunchtime
luncheon	n|a midday meal|
luncheon meat	n|any of various sausages or molded loaf meats sliced and served cold|
luncheon meeting	n|a meeting for lunch; usually to conduct business while eating|
luncheon voucher	n|coupon redeemable at a restaurant and entitling the holder to a meal|
luncher	n|someone who is eating lunch|
lunching	n|the act of eating lunch|
lunchroom	n|a restaurant (in a facility) where lunch can be purchased|
lunchtime	n|the customary or habitual hour for eating lunch|he observed a regular lunchtime
lund	n|a city in southern Sweden|
lunda	n|puffins|
lunda cirrhata	n|northern Pacific puffin having a large yellow plume over each eye|
lunette	n|temporary fortification like a detached bastion|	n|oval or circular opening; to allow light into a dome or vault|
lung	n|either of two saclike respiratory organs in the chest of vertebrates; serves to remove carbon dioxide and provide oxygen to the blood|
lung cancer	n|carcinoma of the lungs; one of the commonest forms of cancer|
lung-like	adj|performing functions similar to those performed by lungs|
lung-power	n|the ability to speak loudly|
lunge	n|the act of moving forward suddenly|	n|(fencing) an attacking thrust made with one foot forward and the back leg straight and with the sword arm outstretched forward|	v|make a thrusting forward movement|
lungen	n|tree of southeastern Asia to Australia grown primarily for its sweet edible fruit resembling litchi nuts; sometimes placed in genera Euphorbia or Nephelium|
lunger	n|someone who moves forward suddenly (as in fencing)|	n|a person with pulmonary tuberculosis|
lungfish	n|air-breathing fish having an elongated body and fleshy paired fins; certain species construct mucus-lined mud coverings in which to survive drought|
lungi	n|a long piece of brightly colored cloth (cotton or silk) used as clothing (a skirt or loincloth or sash etc.) in India and Pakistan and Burma|
lungless salamander	n|mostly terrestrial salamanders that breathe through their thin moist skin; lay eggs in moist places on land; rarely enter water|
lungyi	n|a long piece of brightly colored cloth (cotton or silk) used as clothing (a skirt or loincloth or sash etc.) in India and Pakistan and Burma|
lunisolar	adj|relating to or attributed to the moon and the sun or their mutual relations|
lunisolar calendar	n|a calendar based on both lunar and solar cycles|
lunitidal interval	n|interval between the moon's transit of a particular meridian and the next high tide at that meridian|
lunkhead	n|a stupid person; these words are used to express a low opinion of someone's intelligence|
lunula	n|the crescent-shaped area at the base of the human fingernail|	n|a crescent-shaped metal ornament of the Bronze Age|
lunule	n|the crescent-shaped area at the base of the human fingernail|
luo	n|a Nilotic language|
luoyang	n|a city in east central China; the capital of ancient China during several dynasties|
lupin	n|any plant of the genus Lupinus; bearing erect spikes of usually purplish-blue flowers|
lupine	adj|of or relating to or characteristic of wolves|	n|any plant of the genus Lupinus; bearing erect spikes of usually purplish-blue flowers|
lupinus	n|herbs or shrubs: lupin|
lupinus albus	n|white-flowered Eurasian herb widely cultivated for forage and erosion control|
lupinus luteus	n|yellow-flowered European lupine cultivated for forage|
lupinus perennis	n|stout perennial of eastern and central North America having palmate leaves and showy racemose blue flowers|
lupus	n|any of several forms of ulcerative skin disease|	n|a constellation in the southern hemisphere near Centaurus|
lupus erythematosus	n|a chronic inflammatory collagen disease affecting connective tissue (skin or joints)|
lupus vulgaris	n|tuberculosis of the skin; appears first on the face and heals slowly leaving deep scars|
lurch	v|walk as if unable to control one's movements|The drunken man staggered into the room	v|move abruptly|The ship suddenly lurched to the left	v|move slowly and unsteadily|The truck lurched down the road	v|loiter about, with no apparent aim|
lurcher	n|someone waiting in concealment|
lure	n|qualities that attract by seeming to promise some kind of reward|	n|anything that serves as an enticement|	n|something used to lure fish or other animals into danger so they can be trapped or killed|	v|provoke someone to do something through (often false or exaggerated) promises or persuasion|He lured me into temptation
lurid	adj|horrible in fierceness or savagery|lurid crimes	adj|glaringly vivid and graphic; marked by sensationalism|lurid details of the accident	adj|shining with an unnatural red glow as of fire seen through smoke|a lurid sunset	adj|ghastly pale|moonlight gave the statue a lurid luminence
luridly	adv|in a lurid manner|it was luridly described in the book as the place where mystics took refuge
luridness	n|the journalistic use of subject matter that appeals to vulgar tastes|the tabloids relied on sensationalism to maintain their circulation	n|unnatural lack of color in the skin (as from bruising or sickness or emotional distress)|	n|the quality of being ghastly|
lurk	v|lie in wait, lie in ambush, behave in a sneaky and secretive manner|	v|be about|The high school students like to loiter in the Central Square	v|wait in hiding to attack|
lurker	n|someone waiting in concealment|
lurking place	n|a place suitable for lurking|
lusaka	n|the capital and largest city of Zambia|
lusatian	n|a Slavonic language spoken in rural area of southeastern Germany|
luschka's tonsil	n|a collection of lymphatic tissue in the throat behind the uvula (on the posterior wall and roof of the nasopharynx)|hypertrophy of the pharyngeal tonsils is called adenoids
luscinia	n|nightingales|
luscinia luscinia	n|large nightingale of eastern Europe|
luscinia megarhynchos	n|European songbird noted for its melodious nocturnal song|
luscious	adj|having strong sexual appeal|juicy barmaids	adj|extremely pleasing to the sense of taste|
lusciously	adv|so as to produce a delightful taste|I bought some more of these deliciously sweet peaches
lusciousness	n|extreme appetizingness|
lush	adj|produced or growing in extreme abundance|their riotous blooming	adj|having strong sexual appeal|juicy barmaids	adj|ostentatiously rich and superior in quality|a princely sum	adj|tender and full of juice|lush fruits
lushness	n|the property of being lush and abundant and a pleasure to the senses|
lushun	n|a major port city in northeastern China on the Liaodong Peninsula; now a part of Luda|
lusitania	n|ancient region and Roman province on the Iberian Peninsula; corresponds roughly to modern Portugal and parts of Spain|
lusitanian	adj|of or relating to or characteristic of Portugal or the people of Portugal or their language|Portuguese wines	adj|of or relating to or characteristic of the region of Lusitania or its people or language|
lust	n|a strong sexual desire|	n|self-indulgent sexual desire (personified as one of the deadly sins)|	v|have a craving, appetite, or great desire for|
lust after	v|have a strong sexual desire for|he is lusting after his secretary
lust for learning	n|curiosity that motivates investigation and study|
luster	n|a quality that outshines the usual|	n|the visual property of something that shines with reflected light|	n|a surface coating for ceramics or porcelain|
lusterless	adj|lacking brilliance or vitality|a dull lackluster life	adj|lacking luster or shine|staring with lackluster eyes
lusterlessness	n|the property of having little or no contrast; lacking highlights or gloss|
lusterware	n|pottery with a metallic sheen produced by adding metallic oxides to the glaze|
lustful	adj|characterized by lust|eluding lubricious embraces	adj|driven by lust; preoccupied with or exhibiting lustful desires|libidinous orgies	adj|vigorously passionate|
lustfully	adv|in a lustful manner|he looked at the young woman lustfully
lustfulness	n|a strong sexual desire|
lustily	adv|in a healthy manner|the young plants grew lustily
lustiness	n|the property of being strong and healthy in constitution|
lustrate	v|purify by means of a ritual; also used in post-Communist countries to refer to the political cleansing of former officials|
lustre	n|a surface coating for ceramics or porcelain|	n|a quality that outshines the usual|	n|the visual property of something that shines with reflected light|
lustreless	adj|lacking brilliance or vitality|a dull lackluster life	adj|lacking luster or shine|staring with lackluster eyes
lustrelessness	n|the property of having little or no contrast; lacking highlights or gloss|
lustrous	adj|made smooth and bright by or as if by rubbing; reflecting a sheen or glow|bright silver candlesticks	adj|brilliant|set a lustrous example for others to follow	adj|reflecting light|glistening bodies of swimmers
lustrum	n|a period of five years|	n|a ceremonial purification of the Roman population every five years following the census|
lusty	adj|vigorously passionate|	adj|endowed with or exhibiting great bodily or mental health|a hearty glow of health
lusus naturae	n|a person or animal that is markedly unusual or deformed|
lut desert	n|a desert in eastern Iran|
luta	n|an industrial conurbation in northeastern China on the southern end of the Liaodong Peninsula; it now includes the cities of Dalian and Lushun|
lutanist	n|a musician who plays the lute|
lute	n|a substance for packing a joint or coating a porous surface to make it impervious to gas or liquid|	n|chordophone consisting of a plucked instrument having a pear-shaped body, a usually bent neck, and a fretted fingerboard|
luteal	adj|of or relating to the corpus luteum|
luteal phase	n|the second half of the menstrual cycle after ovulation; the corpus luteum secretes progesterone which prepares the endometrium for the implantation of an embryo; if fertilization does not occur then menstrual flow begins|
lutecium	n|a trivalent metallic element of the rare earth group; usually occurs in association with yttrium|
lutefisk	n|dried cod soaked in a lye solution before boiling to give it a gelatinous consistency|
lutein	n|yellow carotenoid pigments in plants and animal fats and egg yolks|
luteinizing hormone	n|a gonadotropic hormone that is secreted by the anterior pituitary; stimulates ovulation in female mammals and stimulates androgen release in male mammals|
lutenist	n|a musician who plays the lute|
luteotropin	n|gonadotropic hormone secreted by the anterior pituitary; in females it stimulates growth of the mammary glands and lactation after parturition|
lutetium	n|a trivalent metallic element of the rare earth group; usually occurs in association with yttrium|
lutfisk	n|dried cod soaked in a lye solution before boiling to give it a gelatinous consistency|
luther	n|German theologian who led the Reformation; believed that salvation is granted on the basis of faith rather than deeds (1483-1546)|
lutheran	adj|of or pertaining to Martin Luther or his teachings|the Lutheran doctrine of justification by faith alone	adj|of or pertaining to or characteristic of the branch of the Protestant Church adhering to the views of Luther|Lutheran doctrines	n|follower of Lutheranism|
lutheran church	n|the Protestant denomination adhering to the views of Martin Luther|
lutheranism	n|teachings of Martin Luther emphasizing the cardinal doctrine of justification by faith alone|
luthier	n|a craftsman who makes stringed instruments (as lutes or guitars or violins)|
luting	n|a substance for packing a joint or coating a porous surface to make it impervious to gas or liquid|
lutist	n|a musician who plays the lute|
lutjanidae	n|snappers|
lutjanus	n|type genus of the Lutjanidae: snappers|
lutjanus analis	n|similar to and often marketed as `red snapper'|
lutjanus apodus	n|food fish of warm Caribbean and Atlantic waters|
lutjanus blackfordi	n|an esteemed food fish with pinkish red head and body; common in the Atlantic coastal waters of North America and the Gulf of Mexico|
lutjanus griseus	n|found in shallow waters off the coast of Florida|
lutra	n|in some classifications considered a genus of the subfamily Lutrinae|
lutra canadensis	n|sociable aquatic animal widely distributed along streams and lake borders in North America|
lutra lutra	n|otter found in Europe and Asia|
lutrinae	n|subdivision not used in some classifications: otters|
lutyens	n|English architect who planned the city of New Delhi (1869-1944)|
lutzen	n|a battle in the Thirty Years' War (1632); Swedes under Gustavus Adolphus defeated the Holy Roman Empire under Wallenstein; Gustavus Adolphus was killed|
luvaridae	n|louvars|
luvarus	n|type genus of the Luvaridae|
luvarus imperialis	n|large silvery fish found worldwide in warm seas but nowhere common; resembles a whale and feeds on plankton|
luvian	n|an Anatolian language|
luwian	n|an Anatolian language|
lux	n|a unit of illumination equal to 1 lumen per square meter; 0.0929 foot candle|
luxate	v|move out of position|dislocate joints
luxation	n|displacement or misalignment of a joint or organ|
luxe	adj|elegant and sumptuous|a deluxe car
luxembourg	n|the capital and largest city of Luxembourg|	n|a grand duchy (a constitutional monarchy) landlocked in northwestern Europe between France and Belgium and Germany; an international financial center|
luxembourg city	n|the capital and largest city of Luxembourg|
luxembourg franc	n|formerly the basic unit of money in Luxembourg|
luxembourg-ville	n|the capital and largest city of Luxembourg|
luxembourger	n|a native or inhabitant of Luxembourg|
luxembourgian	adj|relating to or characteristic of Luxembourg|Luxembourgian food
luxemburg	n|the capital and largest city of Luxembourg|	n|a grand duchy (a constitutional monarchy) landlocked in northwestern Europe between France and Belgium and Germany; an international financial center|
luxemburger	adj|of or relating to the capital city of Luxemburg|Luxemburger streets	adj|of or relating to or characteristic of the grand duchy of Luxemburg or its people|	n|a native or inhabitant of Luxembourg|
luxor	n|a city in central Egypt on the east bank of the Nile that is a center for visitors to the ruins of and around Thebes|
luxuria	n|self-indulgent sexual desire (personified as one of the deadly sins)|
luxuriance	n|the property of being lush and abundant and a pleasure to the senses|
luxuriant	adj|marked by complexity and richness of detail|an elaborate lace pattern	adj|displaying luxury and furnishing gratification to the senses|an epicurean banquet	adj|produced or growing in extreme abundance|their riotous blooming
luxuriantly	adv|in an abundant and luxuriant manner|whiskers grew luxuriantly from his ample jowls	adv|in an elegantly luxuriant way|this suave, culture-loving and luxuriantly good-looking M.P.represents the car-workers of Coventry
luxuriate	v|become extravagant; indulge (oneself) luxuriously|	v|enjoy to excess|She indulges in ice cream	v|thrive profusely or flourish extensively|
luxuriation	n|an activity that affords excessive pleasure and enjoyment|
luxurious	adj|displaying luxury and furnishing gratification to the senses|an epicurean banquet	adj|ostentatiously rich and superior in quality|a princely sum
luxuriously	adv|in an indulgently luxurious manner|she sprawled out luxuriously on the sofa	adv|in a rich manner|he lives high
luxuriousness	n|wealth as evidenced by sumptuous living|
luxury	n|something that is an indulgence rather than a necessity|	n|the quality possessed by something that is excessively expensive|	n|wealth as evidenced by sumptuous living|
luxury liner	n|a liner equipped for sumptuous living|
luyia	n|a Bantu language|
luzon	n|the main island of the Philippines|
lv	adj|being five more than fifty|
lvi	adj|being six more than fifty|
lvii	adj|being seven more than fifty|
lviii	adj|being eight more than fifty|
lwei	n|100 lwei equal 1 kwanza in Angola|
lx	adj|being ten more than fifty|	n|the cardinal number that is the product of ten and six|	n|a unit of illumination equal to 1 lumen per square meter; 0.0929 foot candle|
lxi	adj|being one more than sixty|
lxii	adj|being two more than sixty|
lxiii	adj|being three more than sixty|
lxiv	adj|being four more than sixty|
lxv	adj|being five more than sixty|
lxvi	adj|being six more than sixty|
lxvii	adj|being seven more than sixty|
lxviii	adj|being eight more than sixty|
lxx	adj|being ten more than sixty|	n|the cardinal number that is the product of ten and seven|
lxxi	adj|being one more than seventy|
lxxii	adj|being two more than seventy|
lxxiii	adj|being three more than seventy|
lxxiv	adj|being four more than seventy|
lxxv	adj|being five more than seventy|
lxxvi	adj|being six more than seventy|
lxxvii	adj|being seven more than seventy|
lxxviii	adj|being eight more than seventy|	n|the cardinal number that is the sum of seventy and eight|
lxxx	adj|being ten more than seventy|	n|the cardinal number that is the product of ten and eight|
lxxxi	adj|being one more than eighty|
lxxxii	adj|being two more than eighty|
lxxxiii	adj|being three more than eighty|
lxxxiv	adj|being four more than eighty|
lxxxv	adj|being five more than eighty|
lxxxvi	adj|being six more than eighty|
lxxxvii	adj|being seven more than eighty|
lxxxviii	adj|being eight more than eighty|
lyallpur	n|city in northeast Pakistan|
lycaena	n|type genus of the Lycaenidae; small slender butterflies with upper surface of wings usually metallic blue or green or copper|
lycaena hypophlaeas	n|common copper butterfly of central and eastern North America|
lycaenid	n|any of various butterflies of the family Lycaenidae|
lycaenid butterfly	n|any of various butterflies of the family Lycaenidae|
lycaenidae	n|family of small usually brilliantly colored butterflies; males have short forelegs|
lycaeon	n|African hunting dog|
lycanthrope	n|a monster able to change appearance from human to wolf and back again|
lycanthropy	n|(folklore) the magical ability of a person to assume the characteristics of a wolf|
lycaon pictus	n|a powerful doglike mammal of southern and eastern Africa that hunts in large packs; now rare in settled area|
lycee	n|a school for students intermediate between elementary school and college; usually grades 9 to 12|
lyceum	n|a school for students intermediate between elementary school and college; usually grades 9 to 12|	n|a public hall for lectures and concerts|
lychee	n|Chinese fruit having a thin brittle shell enclosing a sweet jellylike pulp and a single seed; often dried|
lychgate	n|a roofed gate to a churchyard, formerly used as a temporary shelter for the bier during funerals|
lychins chalcedonica	n|Eurasian garden perennial having scarlet flowers in dense terminal heads|
lychins floscuculi	n|common perennial native to Europe and western Asia having usually pink flowers with ragged petals|
lychnis	n|mostly perennial herbs with sticky stems that catch insects; widespread in north temperate zone|
lychnis alba	n|bluish-green herb having sticky stems and clusters of large evening-opening white flowers with much-inflated calyx; sometimes placed in genus Lychnis|
lychnis coronaria	n|an old cottage garden plant of southeastern Europe widely cultivated for its attractive white woolly foliage and showy crimson flowers|
lychnis dioica	n|biennial European catchfly having red or pink flowers; sometimes placed in genus Lychnis|
lychnis flos-cuculi	n|common perennial native to Europe and western Asia having usually pink flowers with ragged petals|
lycia	n|an ancient region on the coast of southwest Asia Minor|
lycian	n|an Anatolian language|
lycium	n|deciduous and evergreen shrubs often spiny; cosmopolitan in temperate and subtropical regions|
lycium barbarum	n|deciduous erect or spreading shrub with spiny branches and violet-purple flowers followed by orange-red berries; southeastern Europe to China|
lycium halimifolium	n|deciduous erect or spreading shrub with spiny branches and violet-purple flowers followed by orange-red berries; southeastern Europe to China|
lycopene	n|carotenoid that makes tomatoes red; may lower the risk of prostate cancer|
lycoperdaceae	n|a fungus family belonging to the order Lycoperdales; includes puffballs|
lycoperdales	n|small order of basidiomycetous fungi having fleshy often globose fruiting bodies; includes puffballs and earthstars|
lycoperdon	n|genus of fungi whose fruiting body tapers toward a base consisting of spongy mycelium|
lycopersicon	n|tomatoes|
lycopersicon esculentum	n|native to South America; widely cultivated in many varieties|
lycopersicon esculentum cerasiforme	n|plant bearing small red to yellow fruit|
lycopersicum	n|tomatoes|
lycophyta	n|used in some classifications for the class Lycopsida: club mosses|
lycopod	n|primitive evergreen moss-like plant with spores in club-shaped strobiles|
lycopodiaceae	n|a family of ferns belonging to the order Lycopodiales|
lycopodiales	n|lower vascular plants coextensive with the family Lycopodiaceae; in some classifications includes the Selaginellaceae and Isoetaceae|
lycopodiate	n|club mosses and related forms: includes Lycopodiales; Isoetales; Selaginellales; and extinct Lepidodendrales; sometimes considered a subdivision of Tracheophyta|
lycopodineae	n|alternative designation for the class Lycopsida|
lycopodium	n|type and sole genus of the Lycopodiaceae; erect or creeping evergreen plants often used for Christmas decorations|
lycopodium alpinum	n|a variety of club moss|
lycopodium clavitum	n|a variety of club moss|
lycopodium complanatum	n|a variety of club moss|
lycopodium lucidulum	n|a variety of club moss|
lycopodium obscurum	n|a variety of club moss|
lycopodium selago	n|of northern Europe and America; resembling a miniature fir|
lycopsida	n|club mosses and related forms: includes Lycopodiales; Isoetales; Selaginellales; and extinct Lepidodendrales; sometimes considered a subdivision of Tracheophyta|
lycopus	n|small genus of herbs of the mint family|
lycopus europaeus	n|hairy Eurasian herb with two-lipped white flowers|
lycosa	n|type genus of the family Lycosidae|
lycosa tarentula	n|large southern European spider once thought to be the cause of tarantism (uncontrollable bodily movement)|
lycosidae	n|wolf spiders|
lydia	n|an ancient region on the coast of western Asia Minor; a powerful kingdom until conquered by the Persians in 546 BC|
lydia kamekeha paki liliuokalani	n|queen of the Hawaiian islands (1838-1917)|
lydian	n|an Anatolian language|
lye	n|a strong solution of sodium or potassium hydroxide|
lye hominy	n|hominy prepared by bleaching in lye|
lygaeid	n|a true bug: usually bright-colored; pest of cultivated crops and some fruit trees|
lygaeid bug	n|a true bug: usually bright-colored; pest of cultivated crops and some fruit trees|
lygaeidae	n|lygaeid bugs|
lyginopteridales	n|fossil gymnospermous trees or climbing plants from the Devonian: seed ferns|
lyginopteris	n|genus of fossil seed ferns of the Carboniferous|
lygodium	n|chiefly tropical climbing ferns|
lygodium microphyllum	n|tropical fern widespread in Old World; naturalized in Jamaica and Florida|
lygus	n|plant-sucking bugs|
lygus bug	n|vector of viral plant diseases|
lygus lineolaris	n|widespread plant and fruit pest|
lying	n|the deliberate act of deviating from the truth|
lying in wait	n|the act of concealing yourself and lying in wait to attack by surprise|
lying under oath	n|criminal offense of making false statements under oath|
lying-in	n|concluding state of pregnancy; from the onset of contractions to the birth of a child|she was in labor for six hours
lyly	n|English writer noted for his elaborate style (1554-1606)|
lymantria	n|type genus of the Lymantriidae; a pest (Lymantria means `destroyer')|
lymantria dispar	n|European moth introduced into North America; a serious pest of shade trees|
lymantriid	n|dull-colored moth whose larvae have tufts of hair on the body and feed on the leaves of many deciduous trees|
lymantriidae	n|tussock moths|
lyme arthritis	n|an acute inflammatory disease characterized by a rash with joint swelling and fever; caused by bacteria carried by the bite of a deer tick|
lyme disease	n|an acute inflammatory disease characterized by a rash with joint swelling and fever; caused by bacteria carried by the bite of a deer tick|
lyme grass	n|a grass of the genus Elymus|
lymph	n|a thin coagulable fluid (similar to plasma but) containing white blood cells (lymphocytes) and chyle; is conveyed to the blood stream by lymphatic vessels|
lymph cell	n|an agranulocytic leukocyte that normally makes up a quarter of the white blood cell count but increases in the presence of infection|
lymph gland	n|the source of lymph and lymphocytes|
lymph node	n|the source of lymph and lymphocytes|
lymph vessel	n|a vascular duct that carries lymph which is eventually added to the venous blood circulation|
lymphadenitis	n|inflammation of lymph nodes|
lymphadenoma	n|an abnormally enlarged lymph node|
lymphadenopathy	n|chronic abnormal enlargement of the lymph nodes (usually associated with disease)|
lymphangiectasia	n|dilatation of a lymph vessel|
lymphangiectasis	n|dilatation of a lymph vessel|
lymphangiogram	n|an angiogram of the lymph nodes and lymph vessels made after the injection of a radiopaque substance|
lymphangiography	n|roentgenographic examination of lymph nodes and lymph vessels after injection of a radiopaque contrast medium; produces a lymphangiogram|
lymphangioma	n|benign angioma consisting of a mass of lymphatic vessels|
lymphangitis	n|inflammation of a lymph vessel|
lymphatic	adj|of or relating to or produced by lymph|
lymphatic system	n|the interconnected system of spaces and vessels between body tissues and organs by which lymph circulates throughout the body|
lymphatic tissue	n|tissue making up the lymphatic system|
lymphatic vessel	n|a vascular duct that carries lymph which is eventually added to the venous blood circulation|
lymphedema	n|swelling (usually in the legs) caused by lymph accumulating in the tissues in the affected areas|
lymphoblast	n|an immature lymphocyte|
lymphoblast-like	adj|resembling a lymphoblast|
lymphoblastic leukemia	n|a form of lymphocytic leukemia in which the abnormal cells in the circulating blood are almost totally lymphoblasts|
lymphocyte	n|an agranulocytic leukocyte that normally makes up a quarter of the white blood cell count but increases in the presence of infection|
lymphocytic	adj|of or relating to lymphocytes|lymphocytic leukemia
lymphocytic choriomeningitis	n|a form of viral meningitis caused by a virus carried by the common house mouse|
lymphocytic choriomeningitis virus	n|the RNA virus that causes lymphocytic choriomeningitis; infects mice and monkeys and dogs and guinea pigs and human beings|
lymphocytic leukemia	n|leukemia characterized by enlargement of lymphoid tissues and lymphocytic cells in the circulating blood|
lymphocytopenia	n|an abnormally small number of lymphocytes in the circulating blood|
lymphocytosis	n|an abnormal increase in the number of lymphocytes in the circulating blood|
lymphogranuloma	n|swelling of a lymph node|
lymphogranuloma venereum	n|infectious disease caused by a species of chlamydia bacterium; transmitted by sexual contact; characterized by genital lesions and swelling of lymph nodes in the groin|
lymphography	n|roentgenographic examination of lymph nodes and lymph vessels after injection of a radiopaque contrast medium; produces a lymphangiogram|
lymphoid	adj|resembling lymph or lymphatic tissues|
lymphoid tissue	n|tissue making up the lymphatic system|
lymphokine	n|a cytokine secreted by helper T cells in response to stimulation by antigens and that acts on other cells of the immune system (as by activating macrophages)|
lymphoma	n|a neoplasm of lymph tissue that is usually malignant; one of the four major types of cancer|
lymphopathia venereum	n|infectious disease caused by a species of chlamydia bacterium; transmitted by sexual contact; characterized by genital lesions and swelling of lymph nodes in the groin|
lymphopenia	n|an abnormally small number of lymphocytes in the circulating blood|
lymphopoiesis	n|the formation of lymphocytes in the bone marrow and lymph nodes and thymus and spleen|
lymphuria	n|the presence of lymph in the urine|
lynch	v|kill without legal sanction|The blood-thirsty mob lynched the alleged killer of the child
lynch law	n|the practice of punishing people by hanging without due process of law|
lynch mob	n|a mob that kills a person for some presumed offense without legal authority|
lynchburg	n|a city in central Virginia|
lynching	n|putting a person to death by mob action without due process of law|
lynchpin	n|a central cohesive source of support and stability|faith is his anchor	n|pin inserted through an axletree to hold a wheel on|
lynx	n|a text browser|	n|short-tailed wildcats with usually tufted ears; valued for their fur|
lynx canadensis	n|of northern North America|
lynx caracal	n|of deserts of northern Africa and southern Asia|
lynx lynx	n|of northern Eurasia|
lynx pardina	n|of southern Europe|
lynx rufus	n|small lynx of North America|
lynx-eyed	adj|having very keen vision|quick-sighted as a cat
lyon	n|a city in east-central France on the Rhone River; a principal producer of silk and rayon|
lyonia ligustrina	n|deciduous much-branched shrub with dense downy panicles of small bell-shaped white flowers|
lyonnais	n|a former province of east central France; now administered by Rhone-Alpes|
lyonnaise	adj|cooked with onions|
lyonnaise sauce	n|brown sauce with sauteed chopped onions and parsley and dry white wine or vinegar|
lyons	n|a city in east-central France on the Rhone River; a principal producer of silk and rayon|	n|the council in 1274 that effected a temporary reunion of the Greek Orthodox with the Roman Catholic Church|	n|the council of the Western Church in 1245 that excommunicated Holy Roman Emperor Frederick II and planned a new crusade against the Holy Land|
lyophilisation	n|a method of drying food or blood plasma or pharmaceuticals or tissue without destroying their physical structure; material is frozen and then warmed in a vacuum so that the ice sublimes|
lyophilise	v|to dry (blood, serum, or tissue) by freezing in a high vacuum|
lyophilised	adj|used of tissue or blood or serum or other biological substances; dried by freezing in a high vacuum|
lyophilization	n|a method of drying food or blood plasma or pharmaceuticals or tissue without destroying their physical structure; material is frozen and then warmed in a vacuum so that the ice sublimes|
lyophilize	v|to dry (blood, serum, or tissue) by freezing in a high vacuum|
lyophilized	adj|used of tissue or blood or serum or other biological substances; dried by freezing in a high vacuum|
lypressin	n|an antidiuretic and vasoconstrictor used to treat diabetes insipidus|
lyra	n|a small constellation in the northern hemisphere near Cygnus and Draco; contains the star Vega|
lyrate	adj|(of a leaf shape) having curvature suggestive of a lyre|
lyrate leaf	n|a simple leaf having curvature suggestive of a lyre|
lyre	n|a harp used by ancient Greeks for accompaniment|
lyre-flower	n|garden plant having deep-pink drooping heart-shaped flowers|
lyre-shaped	adj|shaped like a lyre|
lyrebird	n|Australian bird that resembles a pheasant; the courting male displays long tail feathers in a lyre shape|
lyreflower	n|garden plant having deep-pink drooping heart-shaped flowers|
lyric	adj|expressing deep emotion|the dancer's lyrical performance	adj|used of a singer or singing voice that is light in volume and modest in range|a lyric soprano	adj|relating to or being musical drama|the lyric stage	adj|of or relating to a category of poetry that expresses emotion (often in a songlike way)|lyric poetry
lyric poem	n|a short poem of songlike quality|
lyrical	adj|suitable for or suggestive of singing|	adj|expressing deep emotion|the dancer's lyrical performance
lyricality	n|the property of being suitable for singing|
lyrically	adv|in a lyrical manner|she danced the part of the Black Swan very lyrically
lyricism	n|the property of being suitable for singing|	n|unrestrained and exaggerated enthusiasm|
lyricist	n|a person who writes the words for songs|
lyrist	n|a person who writes the words for songs|
lyrurus	n|black grouse|
lyrurus mlokosiewiczi	n|a black grouse of western Asia|
lyrurus tetrix	n|large northern European grouse that is black with a lyre-shaped tail|
lysander	n|Spartan general who defeated the Athenians in the final battle of the Peloponnesian War (died in 395 BC)|
lysenko	n|Soviet geneticist whose adherence to Lamarck's theory of evolution was favored by Stalin (1898-1976)|
lysergic acid	n|a crystalline acid often used in medical research; obtained from ergotic alkaloids|
lysergic acid diethylamide	n|a powerful hallucinogenic drug manufactured from lysergic acid|
lysichiton	n|skunk cabbage|
lysichiton americanum	n|clump-forming deciduous perennial swamp plant of western North America similar to Symplocarpus foetidus but having a yellow spathe|
lysichitum	n|skunk cabbage|
lysiloma bahamensis	n|a tree of the West Indies and Florida and Mexico; resembles tamarind and has long flat pods|
lysiloma latisiliqua	n|a tree of the West Indies and Florida and Mexico; resembles tamarind and has long flat pods|
lysiloma sabicu	n|West Indian tree yielding a hard dark brown wood resembling mahogany in texture and value|
lysimachia	n|loosestrife: a cosmopolitan genus found in damp or swampy terrain having usually yellow flowers; inclined to be invasive|
lysimachia ciliatum	n|of North America|
lysimachia clethroides duby	n|a variety of the loosestrife herb|
lysimachia nemorum	n|trailing European evergreen with yellow flowers|
lysimachia nummularia	n|a loosestrife vine|
lysimachia vulgaris	n|frequently considered a weed; Europe and Asia|
lysimachus	n|Macedonian general under Alexander the Great; with Seleucus he defeated Antigonus and Demetrius at the battle of Ipsus (circa 355-281 BC)|
lysin	n|any substance (such as an antibody) or agent that can cause lysis|
lysine	n|an essential amino acid found in proteins; occurs especially in gelatin and casein|
lysine intolerance	n|a disorder in which a lack of certain enzymes makes it impossible to digest the amino acid lysine|
lysinemia	n|an inborn error of metabolism in which the lack of certain enzymes leads to an inability to metabolize the amino acid lysine; characterized by muscular weakness and mental retardation|
lysippus	n|Greek sculptor (4th century BC)|
lysis	n|recuperation in which the symptoms of an acute disease gradually subside|	n|(biochemistry) dissolution or destruction of cells such as blood cells or bacteria|
lysogenic	adj|of or relating to lysogeny|	adj|capable of producing or undergoing lysis|
lysogenicity	n|the condition of a host bacterium that has incorporated a phage into its own genetic material|when a phage infects a bacterium it can either destroy its host or be incorporated in the host genome in a state of lysogeny
lysogenisation	n|the process by which a bacterium acquires a phage that becomes integrated into its genome|
lysogenization	n|the process by which a bacterium acquires a phage that becomes integrated into its genome|
lysogenize	v|become integrated into the genome of (a bacterium)|
lysogeny	n|the condition of a host bacterium that has incorporated a phage into its own genetic material|when a phage infects a bacterium it can either destroy its host or be incorporated in the host genome in a state of lysogeny
lysol	n|a clear oily brown solution of cresols in soap; used as an antiseptic and disinfectant|
lysosome	n|an organelle found in the cytoplasm of most cells (especially in leukocytes and liver and kidney cells)|
lysozyme	n|an enzyme found in saliva and sweat and tears that destroys the cell walls of certain bacteria|
lyssa	n|an acute viral disease of the nervous system of warm-blooded animals (usually transmitted by the bite of a rabid animal); rabies is fatal if the virus reaches the brain|
lyssavirus	n|a neurotropic non-arbovirus of the family Rhabdoviridae that causes rabies|
lythraceae	n|herbs and shrubs and small trees with pink or purple flowers|
lythrum	n|loosestrife|
lythrum hyssopifolia	n|annual with small solitary pink flowers; originally of Europe but widely naturalized in moist areas|
lytton	n|English writer of historical romances (1803-1873)|
lytton strachey	n|English biographer and leading member of the Bloomsbury Group (1880-1932)|
