m	n|the basic unit of length adopted under the Systeme International d'Unites (approximately 1.094 yards)|	n|concentration measured by the number of moles of solute per liter of solution|	n|the cardinal number that is the product of 10 and 100|	n|a unit of information equal to 1000 kilobytes or 10^6 (1,000,000) bytes|
m-1	n|a semiautomatic rifle|
m-1 rifle	n|a semiautomatic rifle|
m-theory	n|(particle physics) a theory that involves an eleven-dimensional universe in which the weak and strong forces and gravity are unified and to which all the string theories belong|
m. j. schleiden	n|German physiologist and histologist who in 1838 formulated the cell theory (1804-1881)|
m.m.	n|the pace of music measured by the number of beats occurring in 60 seconds|
m1	n|a measure of the money supply; includes currency in circulation plus demand deposits or checking account balances|
m2	n|a measure of the money supply; M1 plus net time deposits (other than large certificates of deposit)|
m3	n|a measure of the money supply; M2 plus deposits at institutions that are not banks (such as savings and loan associations)|
ma	n|informal terms for a mother|	n|a master's degree in arts and sciences|	n|one thousandth of an ampere|	n|a state in New England; one of the original 13 colonies|
ma'am	n|a woman of refinement|a chauffeur opened the door of the limousine for the grand lady
maalox	n|an antacid|
maar	n|a flat-bottomed volcanic crater that was formed by an explosion; often filled with water|
maarianhamina	n|a town that is the chief port of the Aland islands|
mac	n|a waterproof raincoat made of rubberized fabric|
macabre	adj|shockingly repellent; inspiring horror|ghastly wounds
macaca	n|macaques; rhesus monkeys|
macaca irus	n|monkey of southeast Asia, Borneo and the Philippines|
macaca mulatta	n|of southern Asia; used in medical research|
macaca radiata	n|Indian macaque with a bonnet-like tuft of hair|
macaca sylvana	n|tailless macaque of rocky cliffs and forests of northwestern Africa and Gibraltar|
macadam	n|broken stone used in macadamized roadways|	n|a paved surface having compressed layers of broken rocks held together with tar|
macadamia	n|any tree of the genus Macadamia|
macadamia integrifolia	n|medium-sized tree of eastern Australia having creamy-white flowers|
macadamia nut	n|small Australian tree with racemes of pink flowers; widely cultivated (especially in Hawaii) for its sweet edible nuts|	n|nutlike seed with sweet and crisp white meat|
macadamia nut tree	n|small Australian tree with racemes of pink flowers; widely cultivated (especially in Hawaii) for its sweet edible nuts|
macadamia ternifolia	n|small Australian tree with racemes of pink flowers; widely cultivated (especially in Hawaii) for its sweet edible nuts|
macadamia tetraphylla	n|bushy tree with pink to purple flowers|
macadamia tree	n|any tree of the genus Macadamia|
macadamise	v|surface with macadam|macadam the road
macadamize	v|surface with macadam|macadam the road
macao	n|a former Portuguese province on the south coast of China and two islands in the South China Sea; reverted to China in 1999|
macao monetary unit	n|monetary unit in Macao|
macaque	n|short-tailed monkey of rocky regions of Asia and Africa|
macaroni	n|a British dandy in the 18th century who affected Continental mannerisms|Yankee Doodle stuck a feather in his cap and called it macaroni	n|pasta in the form of slender tubes|
macaroni and cheese	n|macaroni prepared in a cheese sauce|
macaroni salad	n|having macaroni as the base|
macaroni wheat	n|wheat with hard dark-colored kernels high in gluten and used for bread and pasta; grown especially in southern Russia, North Africa, and northern central North America|
macaronic	adj|of or containing a mixture of Latin words and vernacular words jumbled together|macaronic verse
macaroon	n|chewy cookie usually containing almond paste|
macau	n|a former Portuguese province on the south coast of China and two islands in the South China Sea; reverted to China in 1999|
macaulay	n|English historian noted for his history of England (1800-1859)|
macaw	n|long-tailed brilliantly colored parrot of Central America and South America; among the largest and showiest of parrots|
macbeth	n|king of Scotland (died in 1057)|
mace	n|(trademark) a liquid that temporarily disables a person; prepared as an aerosol and sprayed in the face, it irritates the eyes and causes dizziness and immobilization|	n|an official who carries a mace of office|	n|spice made from the dried fleshy covering of the nutmeg seed|	n|a ceremonial staff carried as a symbol of office or authority|
macebearer	n|an official who carries a mace of office|
macedoine	n|mixed diced fruits or vegetables; hot or cold|
macedon	n|the ancient kingdom of Philip II and Alexander the Great in the southeastern Balkans that is now divided among modern Macedonia and Greece and Bulgaria|
macedonia	n|landlocked republic on the Balkan Peninsula; achieved independence from Yugoslavia in 1991|	n|the ancient kingdom of Philip II and Alexander the Great in the southeastern Balkans that is now divided among modern Macedonia and Greece and Bulgaria|
macedonian	adj|of or relating to Macedonia or its inhabitants|Macedonian hills	n|a native or inhabitant of Macedon|	n|the Slavic language of modern Macedonia|
macedonian war	n|one the four wars between Macedonia and Rome in the 3rd and 2nd centuries BC, which ended in the defeat of Macedonia and its annexation as a Roman province|
macer	n|an official who carries a mace of office|
macerate	v|separate into constituents by soaking|	v|become soft or separate and disintegrate as a result of excessive soaking|the tissue macerated in the water	v|soften, usually by steeping in liquid, and cause to disintegrate as a result|macerate peaches	v|cause to grow thin or weak|The treatment emaciated him
maceration	n|softening due to soaking or steeping|	n|extreme leanness (usually caused by starvation or disease)|
macerative	adj|accompanied by or characterized by maceration|macerative degeneration of the liver
macgregor	n|Scottish clan leader and outlaw who was the subject of a 1817 novel by Sir Walter Scott (1671-1734)|
macguffin	n|(film) a plot element that catches the viewers' attention or drives the plot|the McGuffin was a key element of Alfred Hitchcock's films
mach	n|Austrian physicist and philosopher who introduced the Mach number and who founded logical positivism (1838-1916)|
mach number	n|the ratio of the speed of a moving body to the speed of sound|
machaeranthera	n|wildflowers of western North America|
machaeranthera bigelovii	n|wild aster having leafy stems and flower heads with narrow bright reddish-lavender or purple rays; western Colorado to Arizona|
machaeranthera tanacetifolia	n|wild aster with fernlike leaves and flower heads with very narrow bright purple rays; Alberta to Texas and Mexico|
machaeranthera tortifoloia	n|wild aster having greyish leafy stems and flower heads with narrow pale lavender or violet rays; of rocky desert slopes California to Arizona and Utah|
machete	n|a large heavy knife used in Central and South America as a weapon or for cutting vegetation|
machiavelli	n|a statesman of Florence who advocated a strong central government (1469-1527)|
machiavellian	adj|of or relating to Machiavelli or the principles of conduct he recommended|Machiavellian thinking	n|a follower of Machiavelli's principles|
machiavellianism	n|the political doctrine of Machiavelli: any means (however unscrupulous) can be used by a ruler in order to create and maintain his autocratic government|
machicolate	v|supply with projecting galleries|machicolate the castle walls
machicolation	n|a projecting parapet supported by corbels on a medieval castle; has openings through which stones or boiling water could be dropped on an enemy|
machilid	n|wingless insect living in dark moist places as under dead tree trunks; they make erratic leaps when disturbed|
machilidae	n|jumping bristletails|
machinate	v|arrange by systematic planning and united effort|machinate a plot	v|engage in plotting or enter into a conspiracy, swear together|They conspired to overthrow the government
machination	n|a crafty and involved plot to achieve your (usually sinister) ends|
machinator	n|a member of a conspiracy|
machine	n|any mechanical or electrical device that transmits or modifies energy to perform or assist in the performance of human tasks|	n|an efficient person|the boxer was a magnificent fighting machine	n|an intricate organization that accomplishes its goals efficiently|the war machine	n|a device for overcoming resistance at one point by applying force at some other point|
machine bolt	n|a bolt with a square or hexagonal head on one end and a threaded shaft on the other end; tightened with a wrench; used to connect metal parts|
machine code	n|a set of instructions coded so that the computer can use it directly without further translation|
machine gun	n|a rapidly firing automatic gun (often mounted)|	v|shoot with a machine gun|
machine gunner	n|a serviceman in the artillery|
machine language	n|a programming language designed for use on a specific class of computers|	n|a set of instructions coded so that the computer can use it directly without further translation|
machine operation	n|an elementary operation that a computer is designed and built to perform|
machine pistol	n|a fully automatic pistol; a small submachine gun|
machine politician	n|a politician who belongs to a small clique that controls a political party for private rather than public ends|
machine readable	adj|suitable for feeding directly into a computer|
machine readable dictionary	n|a machine-readable version of a standard dictionary; organized alphabetically|
machine rifle	n|light machine gun|
machine screw	n|a screw used either with a nut or with a tapped hole; slotted head can be driven by a screwdriver|
machine shop	n|workshop where metal is cut and shaped etc., by machine tools|
machine stitch	n|a sewing stitch made by a sewing machine, sometimes using more than one thread|
machine tool	n|a powered machine for cutting or shaping or finishing metals or other materials|
machine translation	n|the use of computers to translate from one language to another|
machine wash	v|wash by machine|Can these shirts be machine-washed?
machine-accessible	adj|stored in, controlled by, or in direct communication with a central computer|
machine-controlled	adj|operated by automation|an automated stoker
machine-displayable text	n|electronic text that is stored and used in the form of a digital image|
machine-driven	adj|operated by automation|an automated stoker
machine-made	adj|made by machine|
machine-oriented language	n|a programming language designed for use on a specific class of computers|
machine-readable text	n|electronic text that is stored as strings of characters and that can be displayed in a variety of formats|
machine-wash	v|wash by machine|Can these shirts be machine-washed?
machinelike	adj|resembling the unthinking functioning of a machine|an automatic `thank you'
machinery	n|machines or machine systems collectively|	n|a system of means and activities whereby a social institution functions|the complex machinery of negotiation
machinist	n|a craftsman skilled in operating machine tools|
machinist's vise	n|a vise with two parallel iron jaws and a wide opening below|
machismo	n|exaggerated masculinity|
machmeter	n|speedometer for measuring the speed of an aircraft relative to the speed of sound|
macho	adj|used of men; markedly masculine in appearance or manner|	n|a male exhibiting or characterized by machismo|
macho-man	n|a man who is virile and sexually active|
machu picchu	n|Inca fortress city in the Andes in Peru discovered in 1911; it may have been built in the 15th century|
machupo virus	n|the RNA virus that causes Bolivian hemorrhagic fever; carried by rats and mice|
macintosh	n|a lightweight waterproof (usually rubberized) fabric|	n|a waterproof raincoat made of rubberized fabric|
mack	n|a waterproof raincoat made of rubberized fabric|
mackem	n|a native of Sunderland|
mackenzie	n|Canadian explorer (born in England) who explored the Mackenzie River and who was first to cross North America by land north of Mexico (1764-1820)|	n|a Canadian river; flows into the Beaufort Sea|
mackenzie river	n|a Canadian river; flows into the Beaufort Sea|
mackerel	n|flesh of very important usually small (to 18 in) fatty Atlantic fish|	n|any of various fishes of the family Scombridae|
mackerel scad	n|small silvery fish; Nova Scotia to Brazil|
mackerel shad	n|small silvery fish; Nova Scotia to Brazil|
mackerel shark	n|fierce pelagic and oceanic sharks|
mackerel sky	n|a sky filled with rows of cirrocumulus or small altocumulus clouds|
mackinac bridge	n|a suspension bridge across the channel between the lower and upper peninsulas of Michigan|
mackinaw	n|a short plaid coat made of made of thick woolen material|	n|a flat-bottomed boat used on upper Great Lakes|	n|a heavy woolen cloth heavily napped and felted, often with a plaid design|
mackinaw boat	n|a flat-bottomed boat used on upper Great Lakes|
mackinaw coat	n|a short plaid coat made of made of thick woolen material|
mackintosh	n|a lightweight waterproof (usually rubberized) fabric|	n|a waterproof raincoat made of rubberized fabric|
mackle	n|a printed impression that is blurred or doubled|
macleaya	n|a perennial herb of eastern Asia: plume poppy|
macleaya cordata	n|herb of China and Japan widely cultivated for its plumelike panicles of creamy white flowers|
macleod	n|Scottish physiologist who directed the research by F. G. Banting and C. H. Best that led to the discovery of insulin (1876-1935)|
maclura	n|yellowwood trees or shrubs|
macon	n|a city in central Georgia to the southeast of Atlanta|	n|fine Burgundy wine usually white and dry|
maconnais	n|fine Burgundy wine usually white and dry|
macoun	n|similar to McIntosh; juicy and late-ripening|
macowanites	n|a stout-stemmed genus of fungus belonging to the family Secotiaceae having fruiting bodies that never expand completely|
macowanites americanus	n|a small fungus with a fragile cap that cracks to expose the white context and a white stalk that is practically enclosed by the cap|
macrame	n|a relatively coarse lace; made by weaving and knotting cords|	v|make knotted patterns|macrame a plant holder
macrencephalic	adj|having a large brain case|
macrencephalous	adj|having a large brain case|
macrencephaly	n|an abnormally large braincase|
macro	adj|very large in scale or scope or capability|	n|a single computer instruction that results in a series of instructions in machine language|
macro instruction	n|a single computer instruction that results in a series of instructions in machine language|
macrobiotic	adj|of or relating to the theory or practice of macrobiotics|macrobiotic diet
macrobiotic diet	n|a diet consisting chiefly of beans and whole grains|
macrobiotics	n|the theory of promoting health and longevity by means of diet (especially whole beans and grains)|
macrocephalic	adj|having an exceptionally large head and brain|
macrocephalon	n|maleos|
macrocephalon maleo	n|Celebes megapode that lays eggs in holes in sandy beaches|
macrocephalous	adj|having an exceptionally large head and brain|
macrocephaly	n|an abnormally large head; differs from hydrocephalus because there is no increased intracranial pressure and the overgrowth is symmetrical|
macrocheira	n|giant crabs of Japan|
macrocheira kaempferi	n|very large deep-water Japanese crab|
macroclemys	n|includes the alligator snapping turtle|
macrocosm	n|everything that exists anywhere|they study the evolution of the universe
macrocosmic	adj|relating to or constituting a macrocosm|
macrocyte	n|abnormally large red blood cell (associated with pernicious anemia)|
macrocytic anaemia	n|anemia in which the average size of erythrocytes is larger than normal|
macrocytic anemia	n|anemia in which the average size of erythrocytes is larger than normal|
macrocytosis	n|the presence of macrocytes in the blood|
macrodactylus	n|a genus of Melolonthidae|
macrodantin	n|derivative of nitrofuran used as an antibacterial medicine (trade name Macrodantin) effective against a broad range of Gram-positive and Gram-negative bacteria; used to treat infections of the urinary tract|
macroeconomic	adj|of or relating to macroeconomics|
macroeconomic expert	n|an economist who specializes in macroeconomics|
macroeconomics	n|the branch of economics that studies the overall working of a national economy|
macroeconomist	n|an economist who specializes in macroeconomics|
macroevolution	n|evolution on a large scale extending over geologic era and resulting in the formation of new taxonomic groups|
macroglia	n|tissue consisting of large stellate neuroglial cells|
macroglossia	n|a congenital disorder characterized by an abnormally large tongue; often seen in cases of Down's syndrome|
macromolecular	adj|relating to or consisting of or characterized by macromolecules|macromolecular compounds
macromolecule	n|any very large complex molecule; found only in plants and animals|
macron	n|a diacritical mark (-) placed above a vowel to indicate a long sound|
macronectes	n|giant petrels|
macronectes giganteus	n|large brownish petrel chiefly of Antarctic seas|
macrophage	n|a large phagocyte; some are fixed and other circulate in the blood stream|
macropodidae	n|kangaroos; wallabies|
macropus	n|type genus of the family Macropodidae: typical kangaroos and wallabies|
macropus agiles	n|a small wallaby having a height of 30 inches|
macropus giganteus	n|very large greyish-brown Australian kangaroo formerly abundant in open wooded areas|
macrorhamphosidae	n|bellows fishes|
macroscopic	adj|visible to the naked eye; using the naked eye|	adj|large enough to be visible with the naked eye|
macroscopic anatomy	n|the study of the structure of the body and its parts without the use of a microscope|
macroscopical	adj|visible to the naked eye; using the naked eye|	adj|large enough to be visible with the naked eye|
macroscopically	adv|without using a microscope|The tubes were examined macroscopically
macrosporangium	n|a plant structure that produces megaspores|
macrospore	n|larger of the two types of spore produced in heterosporous plants; develops in ovule into a female gametophyte|
macrothelypteris	n|medium to large terrestrial ferns of tropical Asia to Polynesia and Australia; naturalized in Americas|
macrotis	n|a genus of Peramelidae|
macrotis lagotis	n|bandicoot with leathery ears like a rabbit|
macrotus	n|large-eared greyish bat of southern California and northwestern Mexico|
macrotus californicus	n|large-eared greyish bat of southern California and northwestern Mexico|
macrotyloma	n|annual or perennial vines of Africa and India and Australia; plants often placed in genus Dolichos|
macrotyloma uniflorum	n|twining herb of Old World tropics cultivated in India for food and fodder; sometimes placed in genus Dolichos|
macrouridae	n|grenadiers|
macrozamia	n|any treelike cycad of the genus Macrozamia having erect trunks and pinnate leaves and large cones with sometimes edible nuts; Australia|
macrozamia communis	n|large attractive palmlike evergreen cycad of New South Wales|
macrozamia spiralis	n|large attractive palmlike evergreen cycad of New South Wales|
macrozoarces	n|a genus of Zoarcidae|
macrozoarces americanus	n|common along northeastern coast of North America|
macruridae	n|grenadiers|
macula	n|a cooler darker spot appearing periodically on the sun's photosphere; associated with a strong magnetic field|	n|a small yellowish central area of the retina that is rich in cones and that mediates clear detailed vision|	n|a patch of skin that is discolored but not usually elevated; caused by various diseases|
macula lutea	n|a small yellowish central area of the retina that is rich in cones and that mediates clear detailed vision|
macular area	n|a small yellowish central area of the retina that is rich in cones and that mediates clear detailed vision|
macular degeneration	n|eye disease caused by degeneration of the cells of the macula lutea and results in blurred vision; can cause blindness|
macular edema	n|an eye disease caused by a swelling of the macula resulting from leakage and accumulation of fluid|
maculate	adj|morally blemished; stained or impure|	adj|spotted or blotched|	v|make dirty or spotty, as by exposure to air; also used metaphorically|The silver was tarnished by the long exposure to the air	v|spot, stain, or pollute|The townspeople defiled the river by emptying raw sewage into it
maculation	n|a small contrasting part of something|a bald spot	n|the act of spotting or staining something|
macule	n|a patch of skin that is discolored but not usually elevated; caused by various diseases|
macumba	n|(Brazil) followers of a religious cult of African origin|	n|popular dance music of Brazil; derived from the practices of the macumba religious cult|	n|a Brazilian religious cult of African origin; combines voodoo elements with singing and chanting and dancing|
macushla	n|(an Irish term of address expressing affection) darling|
mad	adj|roused to anger|stayed huffy a good while"- Mark Twain	adj|affected with madness or insanity|a man who had gone mad	adj|marked by uncontrolled excitement or emotion|a crowd of delirious baseball fans	adj|very foolish|harebrained ideas
mad apple	n|hairy upright herb native to southeastern Asia but widely cultivated for its large glossy edible fruit commonly used as a vegetable|	n|egg-shaped vegetable having a shiny skin typically dark purple but occasionally white or yellow|
mad cow disease	n|a fatal disease of cattle that affects the central nervous system; causes staggering and agitation|
madagascan	adj|of or relating to Madagascar or its people|Madagascan pepper	n|a native or inhabitant of Madagascar|
madagascar	n|a republic on the island of Madagascar; achieved independence from France in 1960|	n|an island in the Indian Ocean off the southeastern coast of Africa; the 4th largest island in the world|
madagascar cat	n|small lemur having its tail barred with black|
madagascar franc	n|the basic unit of money in Madagascar|
madagascar jasmine	n|twining woody vine of Madagascar having thick dark waxy evergreen leaves and clusters of large fragrant waxy white flowers along the stems; widely cultivated in warm regions|
madagascar pepper	n|climber having dark red berries (peppercorns) when fully ripe; southern India and Sri Lanka; naturalized in northern Burma and Assam|
madagascar periwinkle	n|commonly cultivated Old World woody herb having large pinkish to red flowers|
madagascar plum	n|small shrubby tree of Madagascar cultivated in tropical regions as a hedge plant and for its deep red acid fruits resembling small plums|
madake	n|large bamboo having thick-walled culms; native of China and perhaps Japan; widely grown elsewhere|
madam	n|a woman of refinement|a chauffeur opened the door of the limousine for the grand lady	n|a woman who runs a house of prostitution|
madame	n|title used for a married Frenchwoman|
madame curie	n|French chemist (born in Poland) who won two Nobel prizes; one (with her husband and Henri Becquerel) for research on radioactivity and another for her discovery of radium and polonium (1867-1934)|
madame de maintenon	n|French consort of Louis XIV who secretly married the king after the death of his first wife (1635-1719)|
madame de stael	n|French romantic writer (1766-1817)|
madame tussaud	n|French modeler (resident in England after 1802) who made wax death masks of prominent victims of the French Revolution and toured Britain with her wax models; in 1835 she opened a permanent waxworks exhibition in London (1761-1850)|
madcap	adj|characterized by undue haste and lack of thought or deliberation; (`brainish' is archaic)|a hotheaded decision	n|a reckless impetuous irresponsible person|
madden	v|cause to go crazy; cause to lose one's mind|	v|drive up the wall; go on someone's nerves|	v|make mad|His behavior is maddening
maddened	adj|marked by extreme anger|the enraged bull attached
maddening	adj|extremely annoying or displeasing|his cavelier curtness of manner was exasperating
madder	n|Eurasian herb having small yellow flowers and red roots formerly an important source of the dye alizarin|	v|color a moderate to strong red|
madder family	n|widely distributed family of mostly tropical trees and shrubs and herbs; includes coffee and chinchona and gardenia and madder and bedstraws and partridgeberry|
madderwort	n|any of numerous trees or shrubs or vines of the family Rubiaceae|
made	adj|produced by a manufacturing process; rope and nails"|bought some made goods at the local store	adj|(of a bed) having the sheets and blankets set in order|a neatly made bed	adj|successful or assured of success|now I am a made man forever"- Christopher Marlowe
made-to-order	adj|built for a particular individual|	adj|(of clothing) custom-made|
made-up	adj|having been paved|
madeira	n|a Brazilian river; tributary of the Amazon River|	n|an island in the Atlantic Ocean off the coast of Africa; the largest of the Madeira Islands|	n|an amber dessert wine from the Madeira Islands|
madeira cake	n|a rich sponge cake with close texture; intended to be eaten with a glass of Madeira wine|
madeira islands	n|a group of volcanic islands in the Atlantic Ocean to the west of Morocco; the group forms an autonomous region of Portugal|
madeira river	n|a Brazilian river; tributary of the Amazon River|
madeira sponge	n|a rich sponge cake with close texture; intended to be eaten with a glass of Madeira wine|
madeiras	n|a group of volcanic islands in the Atlantic Ocean to the west of Morocco; the group forms an autonomous region of Portugal|
madhouse	n|pejorative terms for an insane asylum|
madia	n|genus of sticky herbs with yellow flowers open in morning or evening but closed in bright light|
madia elegans	n|California annual having red-brown spots near the base of its yellow flower rays|
madia oil	n|used as a substitute for olive oil|
madison	n|capital of the state of Wisconsin; located in the southern part of state; site of the main branch of the University of Wisconsin|
madly	adv|in an uncontrolled manner|she fought back madly	adv|in an insane manner|she behaved insanely	adv|(used as intensives) extremely|she was madly in love
madman	n|an insane person|
madnep	n|biennial weed in Europe and America having large pinnate leaves and yellow flowers and a bitter and somewhat poisonous root; the ancestor of cultivated parsnip|
madness	n|obsolete terms for legal insanity|	n|an acute viral disease of the nervous system of warm-blooded animals (usually transmitted by the bite of a rabid animal); rabies is fatal if the virus reaches the brain|	n|a feeling of intense anger|hell hath no fury like a woman scorned	n|the quality of being rash and foolish|trying to drive through a blizzard is the height of folly
madonna	n|the mother of Jesus; Christians refer to her as the Virgin Mary; she is especially honored by Roman Catholics|
madonna lily	n|lily of eastern Mediterranean and the Balkans with broad funnel-shaped white flowers|
madoqua	n|genus comprising some small antelopes of eastern and northeastern Africa|
madras	n|a state in southeastern India on the Bay of Bengal (south of Andhra Pradesh); formerly Madras|	n|a city in Tamil Nadu on the Bay of Bengal; formerly Madras|	n|a light patterned cotton cloth|
madrasa	n|Muslim schools in Bangladesh and Pakistan|the Pakistan government decided to close down madrasas that provided military training for their students
madrasah	n|Muslim schools in Bangladesh and Pakistan|the Pakistan government decided to close down madrasas that provided military training for their students
madreporaria	n|stony corals|
madrepore	n|corals having calcareous skeletons aggregations of which form reefs and islands|
madrid	n|the capital and largest city situated centrally in Spain; home of an outstanding art museum|
madrigal	v|sing madrigals|The group was madrigaling beautifully	n|an unaccompanied partsong for 2 or 3 voices; follows a strict poetic form|
madrigalist	n|a singer of madrigals|
madrilene	n|a tomato-flavored consomme; often served chilled|
madriporian coral	n|corals having calcareous skeletons aggregations of which form reefs and islands|
madrona	n|evergreen tree of the Pacific coast of North America having glossy leathery leaves and orange-red edible berries; wood used for furniture and bark for tanning|
madrono	n|evergreen tree of the Pacific coast of North America having glossy leathery leaves and orange-red edible berries; wood used for furniture and bark for tanning|
madwoman	n|a woman lunatic|
madwort	n|any garden plant of the genus Alyssum having clusters of small yellow or white flowers|
mae west	n|an inflatable life jacket|
maeandra	n|brain corals|
maelstrom	n|a powerful circular current of water (usually the result of conflicting tides)|
maenad	n|an unnaturally frenzied or distraught woman|	n|(Greek mythology) a woman participant in the orgiastic rites of Dionysus|
maestro	n|an artist of consummate skill|a master of the violin
maeterlinck	n|Belgian playwright (1862-1949)|
mafa	n|a Chadic language spoken south of Lake Chad|
maffeo barberini	n|Italian pope from 1623 to 1644 who sanctioned the condemnation of Galileo but later freed him (1568-1644)|
maffia	n|a secret terrorist group in Sicily; originally opposed tyranny but evolved into a criminal organization in the middle of the 19th century|	n|any tightly knit group of trusted associates|
mafia	n|a secret terrorist group in Sicily; originally opposed tyranny but evolved into a criminal organization in the middle of the 19th century|	n|any tightly knit group of trusted associates|
mafioso	n|a member of the Sicilian Mafia|
mag	n|a periodic publication containing pictures and stories and articles of interest to those who purchase it or subscribe to it|it takes several years before a magazine starts to break even or make money
mag tape	n|memory device consisting of a long thin plastic strip coated with iron oxide; used to record audio or video signals or to store computer information|he took along a dozen tapes to record the interview
magadhan	n|a subfamily of Indic languages|
magazine	n|a periodic publication containing pictures and stories and articles of interest to those who purchase it or subscribe to it|it takes several years before a magazine starts to break even or make money	n|product consisting of a paperback periodic publication as a physical object|tripped over a pile of magazines	n|a business firm that publishes magazines|he works for a magazine	n|a light-tight supply chamber holding the film and supplying it for exposure as required|
magazine article	n|an article published in a magazine|
magazine publisher	n|a business firm that publishes magazines|he works for a magazine
magazine rack	n|a rack for displaying magazines|
magdalen	n|a reformed prostitute|
magdalena	n|a river that rises in the Andes mountains in southwestern Colombia and flows generally northward to empty into the Caribbean Sea at Barranquilla|
magdalena river	n|a river that rises in the Andes mountains in southwestern Colombia and flows generally northward to empty into the Caribbean Sea at Barranquilla|
magellan	n|Portuguese navigator in the service of Spain; he commanded an expedition that was the first to circumnavigate the world (1480-1521)|
magellanic cloud	n|either of two small galaxies orbiting the Milky Way; visible near the south celestial pole|
magen david	n|a six-pointed star formed from two equilateral triangles; an emblem symbolizing Judaism|
magenta	adj|of deep purplish red|	n|a primary subtractive color for light; a dark purple-red color; the dye for magenta was discovered in 1859, the year of the battle of Magenta|	n|a battle in 1859 in which the French and Sardinian forces under Napoleon III defeated the Austrians under Francis Joseph I|
magenta pink	adj|of pink tinged with magenta|
maggot	n|the larva of the housefly and blowfly commonly found in decaying organic matter|
maggoty	adj|spoiled and covered with eggs and larvae of flies|flyblown meat
magh	n|the eleventh month of the Hindu calendar; corresponds to January in the Gregorian calendar|
magha	n|the eleventh month of the Hindu calendar; corresponds to January in the Gregorian calendar|
maghreb	n|the region of northwest Africa comprising the Atlas Mountains and the coastlands of Morocco and Algeria and Tunisia|
magi	n|(New Testament) the sages who visited Jesus and Mary and Joseph shortly after Jesus was born; the Gospel According to Matthew says they were guided by a star and brought gifts of gold and frankincense and myrrh; because there were three gifts it is usually assumed that there were three of them|
magic	adj|possessing or using or characteristic of or appropriate to supernatural powers|charming incantations	n|any art that invokes supernatural powers|	n|an illusory feat; considered magical by naive observers|
magic bullet	n|a remedy (drug or therapy or preventive) that cures or prevents a disease|there is no magic bullet against cancer
magic eye	n|a transducer used to detect and measure light and other radiations|
magic lantern	n|an early form of slide projector|
magic marker	n|a pen with a writing tip made of felt (trade name Magic Marker)|
magic mushroom	n|the button-shaped top of the mescal cactus; a source of psilocybin|
magic number	n|the atomic number of an extra stable strongly bound atomic nucleus: 2, 8, 20, 28, 50, 82 or 126|
magic realism	n|a literary or artistic genre in which realistic narrative or meticulously realistic painting are combined with surreal elements of fantasy or dreams|
magic spell	n|a verbal formula believed to have magical force|he whispered a spell as he moved his hands
magic square	n|a square matrix of n rows and columns; the first n^2 integers are arranged in the cells of the matrix in such a way that the sum of any row or column or diagonal is the same|
magic trick	n|an illusory feat; considered magical by naive observers|
magical	adj|possessing or using or characteristic of or appropriate to supernatural powers|charming incantations
magical ability	n|an ability to perform magic|
magical power	n|an ability to perform magic|
magical spell	n|a verbal formula believed to have magical force|he whispered a spell as he moved his hands
magically	adv|in a magical manner|it disappeared magically
magician	n|someone who performs magic tricks to amuse an audience|	n|one who practices magic or sorcery|
magicicada	n|seventeen-year locust|
magilp	n|a medium for oil-paints; linseed oil mixed with mastic varnish or turpentine|
maginot	n|French politician who proposed the Maginot Line (1877-1932)|
maginot line	n|a fortification built before World War II to protect France's eastern border; initially considered to be impregnable, it was easily overrun by the German army in 1940|
magisterial	adj|of or relating to a magistrate|official magisterial functions	adj|offensively self-assured or given to exercising usually unwarranted power|an autocratic person	adj|used of a person's appearance or behavior; befitting an eminent person|his distinguished bearing
magisterially	adv|in an overbearingly domineering manner; as a dictator|this manager acts dictatorially toward his colleagues	adv|in an authoritative and magisterial manner|she spoke authoritatively
magistracy	n|the position of magistrate|
magistrate	n|a lay judge or civil authority who administers the law (especially one who conducts a court dealing with minor offenses)|
magistrature	n|the position of magistrate|
maglev	n|high-speed rail technology; train is suspended on a magnetic cushion above a magnetized track and so travels free of friction|
magma	n|molten rock in the earth's crust|
magna carta	n|the royal charter of political rights given to rebellious English barons by King John in 1215|
magna charta	n|the royal charter of political rights given to rebellious English barons by King John in 1215|
magna cum laude	adj|with high honor; with high academic distinction|a magna cum laude graduate	adv|with high honor|he graduated magna cum laude
magna mater	n|great nature goddess of ancient Phrygia in Asia Minor; counterpart of Greek Rhea and Roman Ops|
magnanimity	n|liberality in bestowing gifts; extremely liberal and generous of spirit|
magnanimous	adj|noble and generous in spirit|a greathearted general	adj|generous and understanding and tolerant|a heart big enough to hold no grudges
magnanimously	adv|in a magnanimous manner|magnanimously, he forgave all those who had harmed him
magnanimousness	n|the quality of elevation of mind and exaltation of character or ideals or conduct|
magnate	n|a very wealthy or powerful businessman|an oil baron
magnesia	n|a white solid mineral that occurs naturally as periclase; a source of magnesium|
magnesite	n|a white mineral consisting of magnesium carbonate; a source of magnesium|
magnesium	n|a light silver-white ductile bivalent metallic element; in pure form it burns with brilliant white flame; occurs naturally only in combination (as in magnesite and dolomite and carnallite and spinel and olivine)|
magnesium bicarbonate	n|a bicarbonate that is a major cause of hard water|
magnesium carbonate	n|a very white crystalline salt that occurs naturally as magnesite or as dolomite|
magnesium hydroxide	n|a white crystalline powder used chiefly in medicines|
magnesium nitride	n|a nitride containing nitrogen and magnesium|
magnesium oxide	n|a white solid mineral that occurs naturally as periclase; a source of magnesium|
magnesium sulfate	n|a salt of magnesium|
magnet	n|(physics) a device that attracts iron and produces a magnetic field|	n|a characteristic that provides pleasure and attracts|flowers are an attractor for bees
magnetic	adj|of or relating to or caused by magnetism|magnetic forces	adj|having the properties of a magnet; i.e. of attracting iron or steel|the hard disk is covered with a thin coat of magnetic material	adj|capable of being magnetized|	adj|determined by earth's magnetic fields|magnetic north
magnetic attraction	n|attraction for iron; associated with electric currents as well as magnets; characterized by fields of force|
magnetic bottle	n|container consisting of any configuration of magnetic fields used to contain a plasma during controlled thermonuclear reactions|
magnetic bubble memory	n|a nonvolatile storage device that holds information in the form of bubbles on a thin film of magnetic silicate; no longer used in most computers|
magnetic compass	n|compass based on an indicator (as a magnetic needle) that points to the magnetic north|
magnetic core	n|(computer science) a tiny ferrite toroid formerly used in a random access memory to store one bit of data; now superseded by semiconductor memories|each core has three wires passing through it, providing the means to select and detect the contents of each bit
magnetic core memory	n|(computer science) a computer memory consisting of an array of magnetic cores; now superseded by semiconductor memories|
magnetic declination	n|the angle (at a particular location) between magnetic north and true north|
magnetic dip	n|(physics) the angle that a magnetic needle makes with the plane of the horizon|
magnetic dipole	n|a dipole with opposing magnetic poles|
magnetic dipole moment	n|(physics) a current loop gives rise to a magnetic field characteristic of a magnetic dipole|An orbiting electron in an atom will have a magnetic dipole moment
magnetic disc	n|(computer science) a memory device consisting of a flat disk covered with a magnetic coating on which information is stored|
magnetic disk	n|(computer science) a memory device consisting of a flat disk covered with a magnetic coating on which information is stored|
magnetic equator	n|an imaginary line paralleling the equator where a magnetic needle has no dip|
magnetic field	n|the lines of force surrounding a permanent magnet or a moving charged particle|
magnetic field strength	n|the amount of magnetic flux in a unit area perpendicular to the direction of magnetic flow|
magnetic flux	n|a measure of the strength of a magnetic field over a given area|	n|the lines of force surrounding a permanent magnet or a moving charged particle|
magnetic flux density	n|the amount of magnetic flux in a unit area perpendicular to the direction of magnetic flow|
magnetic flux unit	n|a measure of the strength of a magnetic field per unit area|
magnetic force	n|attraction for iron; associated with electric currents as well as magnets; characterized by fields of force|
magnetic head	n|an electromagnet (as on a tape recorder) that converts electrical variations into magnetic variations that can be stored on a surface and later retrieved|
magnetic inclination	n|(physics) the angle that a magnetic needle makes with the plane of the horizon|
magnetic induction	n|the process that makes a substance magnetic (temporarily or permanently)|	n|the amount of magnetic flux in a unit area perpendicular to the direction of magnetic flow|
magnetic ink	n|an ink that contains particles of a magnetic substance whose presence can be detected by magnetic sensors|
magnetic intensity	n|the amount of magnetic flux in a unit area perpendicular to the direction of magnetic flow|
magnetic iron-ore	n|an oxide of iron that is strongly attracted by magnets|
magnetic levitation	n|high-speed rail technology; train is suspended on a magnetic cushion above a magnetized track and so travels free of friction|
magnetic line of force	n|a line of force in a magnetic field|
magnetic medium	n|any storage medium in which different patterns of magnetization are used to represent stored bits or bytes of information|the hard disk in you computer is magnetic storage
magnetic meridian	n|an imaginary line passing through both magnetic poles of the Earth|
magnetic mine	n|(nautical) a marine mine that is detonated by a mechanism that responds to magnetic material (as the steel hull of a ship)|
magnetic moment	n|the torque exerted on a magnet or dipole when it is placed in a magnetic field|
magnetic monopole	n|a hypothetical particle with a single magnetic pole instead of the usual two|
magnetic needle	n|a slender magnet suspended in a magnetic compass on a mounting with little friction; used to indicate the direction of the earth's magnetic pole|
magnetic north	n|the direction in which a compass needle points|
magnetic pole	n|either of two points where the lines of force of the Earth's magnetic field are vertical|	n|one of the two ends of a magnet where the magnetism seems to be concentrated|
magnetic pyrites	n|a brownish iron sulfide mineral (FeS) having weak magnetic properties|
magnetic recorder	n|recorder consisting of equipment for making records on magnetic media|
magnetic resonance	n|resonance of electrons or atoms or molecules or nuclei to radiation frequencies as a result of space quantization in a magnetic field|
magnetic resonance imaging	n|the use of nuclear magnetic resonance of protons to produce proton density images|
magnetic storage	n|any storage medium in which different patterns of magnetization are used to represent stored bits or bytes of information|the hard disk in you computer is magnetic storage
magnetic storage medium	n|any storage medium in which different patterns of magnetization are used to represent stored bits or bytes of information|the hard disk in you computer is magnetic storage
magnetic storm	n|a sudden disturbance of the earth's magnetic field; caused by emission of particles from the sun|
magnetic stripe	n|a short strip of magnetic tape attached to a credit card or debit card; it contains data that will tell a reading device who you are and what your account number is, etc.|
magnetic tape	n|memory device consisting of a long thin plastic strip coated with iron oxide; used to record audio or video signals or to store computer information|he took along a dozen tapes to record the interview
magnetic variation	n|the angle (at a particular location) between magnetic north and true north|
magnetically	adv|by the use of magnetism|magnetically contaminated material	adv|as if by magnetism|he was magnetically attracted to her
magnetics	n|the branch of science that studies magnetism|
magnetisation	n|the extent or degree to which something is magnetized|	n|the process that makes a substance magnetic (temporarily or permanently)|	n|the physical property of being magnetic|
magnetise	v|attract strongly, as if with a magnet|She magnetized the audience with her tricks	v|make magnetic|The strong magnet magnetized the iron shavings
magnetised	adj|having the properties of a magnet; i.e. of attracting iron or steel|the hard disk is covered with a thin coat of magnetic material
magnetism	n|attraction for iron; associated with electric currents as well as magnets; characterized by fields of force|	n|the branch of science that studies magnetism|
magnetite	n|an oxide of iron that is strongly attracted by magnets|
magnetization	n|the extent or degree to which something is magnetized|	n|the process that makes a substance magnetic (temporarily or permanently)|	n|the physical property of being magnetic|
magnetize	v|make magnetic|The strong magnet magnetized the iron shavings	v|attract strongly, as if with a magnet|She magnetized the audience with her tricks
magnetized	adj|having the properties of a magnet; i.e. of attracting iron or steel|the hard disk is covered with a thin coat of magnetic material
magneto	n|a small dynamo with a secondary winding that produces a high voltage enabling a spark to jump between the poles of a spark plug in a gasoline engine|
magnetoelectric machine	n|a small dynamo with a secondary winding that produces a high voltage enabling a spark to jump between the poles of a spark plug in a gasoline engine|
magnetograph	n|a scientific instrument that registers magnetic variations (especially variations of the earth's magnetic field)|
magnetohydrodynamics	n|the study of the interaction of magnetic fields and electrically conducting fluids (as plasma or molten metal)|
magnetometer	n|a meter to compare strengths of magnetic fields|
magnetomotive force	n|the force that produces magnetic flux|
magnetomotive force unit	n|a unit of measurement of magnetomotive force|
magneton	n|a unit of magnetic moment of a molecular or atomic or subatomic particle|
magnetosphere	n|the magnetic field of a planet; the volume around the planet in which charged particles are subject more to the planet's magnetic field than to the solar magnetic field|
magnetron	n|a diode vacuum tube in which the flow of electrons from a central cathode to a cylindrical anode is controlled by crossed magnetic and electric fields; used mainly in microwave oscillators|
magnificat	n|(Luke) the canticle of the Virgin Mary (from Luke 1:46 beginning `Magnificat anima mea Dominum')|
magnification	n|the act of expanding something in apparent size|	n|the ratio of the size of an image to the size of the object|	n|making to seem more important than it really is|	n|a photographic print that has been enlarged|
magnificence	n|splendid or imposing in size or appearance|the grandness of the architecture	n|the quality of being magnificent or splendid or grand|for magnificence and personal service there is the Queen's hotel
magnificent	adj|characterized by grandeur|the brilliant court life at Versailles
magnificently	adv|extremely well|he did splendidly in the exam	adv|in an impressively beautiful manner|the Princess was gorgeously dressed
magnifico	n|a person of distinguished rank or appearance|
magnified	adj|enlarged to an abnormal degree|thick lenses exaggerated the size of her eyes
magnifier	n|a scientific instrument that magnifies an image|
magnify	v|increase in size, volume or significance|Her terror was magnified in her mind	v|to enlarge beyond bounds or the truth|tended to romanticize and exaggerate this `gracious Old South' imagery	v|make large|blow up an image
magnifying glass	n|light microscope consisting of a single convex lens that is used to produce an enlarged image|the magnifying glass was invented by Roger Bacon in 1250
magniloquence	n|high-flown style; excessive use of verbal ornamentation|the grandiosity of his prose
magniloquent	adj|lofty in style|he engages in so much tall talk, one never really realizes what he is saying
magniloquently	adv|in a rhetorically grandiloquent manner|the orator spoke magniloquently
magnitude	n|the property of relative size or extent (whether large or small)|they tried to predict the magnitude of the explosion	n|a number assigned to the ratio of two quantities; two quantities are of the same order of magnitude if one is less than 10 times as large as the other; the number of magnitudes that the quantities differ is specified to within a power of 10|	n|relative importance|a problem of the first magnitude
magnitude relation	n|a relation between magnitudes|
magnolia	n|dried bark of various magnolias; used in folk medicine|	n|any shrub or tree of the genus Magnolia; valued for their longevity and exquisite fragrant blooms|
magnolia family	n|subclass Magnoliidae: genera Liriodendron, Magnolia, and Manglietia|
magnolia fraseri	n|small erect deciduous tree with large leaves in coiled formations at branch tips|
magnolia soulangiana	n|large deciduous shrub or small tree having large open rosy to purplish flowers; native to Asia; prized as an ornamental in eastern North America|
magnolia tripetala	n|small deciduous tree of eastern North America having creamy white flowers and large leaves in formations like umbrellas at the ends of branches|
magnoliaceae	n|subclass Magnoliidae: genera Liriodendron, Magnolia, and Manglietia|
magnoliid dicot family	n|family of dicotyledonous flowering plants regarded as among the most primitive of extant angiosperms|
magnoliid dicot genus	n|genus of dicotyledonous flowering plants regarded as among the most primitive of extant angiosperms|
magnoliidae	n|a group of families of trees and shrubs and herbs having well-developed perianths and apocarpous ovaries and generally regarded as the most primitive extant flowering plants; contains 36 families including Magnoliaceae and Ranunculaceae; sometimes classified as a superorder|
magnoliophyta	n|comprising flowering plants that produce seeds enclosed in an ovary; in some systems considered a class (Angiospermae) and in others a division (Magnoliophyta or Anthophyta)|
magnoliopsid	n|flowering plant with two cotyledons; the stem grows by deposit on its outside|
magnoliopsid family	n|family of flowering plants having two cotyledons (embryonic leaves) in the seed which usually appear at germination|
magnoliopsid genus	n|genus of flowering plants having two cotyledons (embryonic leaves) in the seed which usually appear at germination|
magnoliopsida	n|comprising seed plants that produce an embryo with paired cotyledons and net-veined leaves; divided into six (not always well distinguished) subclasses (or superorders): Magnoliidae and Hamamelidae (considered primitive); Caryophyllidae (an early and distinctive offshoot); and three more or less advanced groups: Dilleniidae; Rosidae; Asteridae|
magnum	n|a large wine bottle for liquor or wine|
magnum opus	n|a great work of art or literature|
magnus hitch	n|a rolling hitch similar to a clove hitch|
magpie	n|long-tailed black-and-white crow that utters a raucous chattering call|	n|someone who collects things that have been discarded by others|	n|an obnoxious and foolish and loquacious talker|
magritte	n|Belgian surrealist painter (1898-1967)|
maguey	n|Mexican plant used especially for making pulque which is the source of the colorless Mexican liquor, mescal|	n|Philippine plant yielding a hard fibre used in making coarse twine|
magus	n|a magician or sorcerer of ancient times|	n|a member of the Zoroastrian priesthood of the ancient Persians|
magyar	adj|relating to or characteristic of Hungary|Hungarian folk music	n|a native or inhabitant of Hungary|	n|the official language of Hungary (also spoken in Rumania); belongs to the Ugric family of languages|
magyarorszag	n|a republic in central Europe|
mah-jongg	n|Chinese game played by 4 people with 144 tiles|
maha	n|a member of the Siouan people formerly living in the Missouri river valley in northeastern Nebraska|
mahabharata	n|(Hinduism) a sacred epic Sanskrit poem of India dealing in many episodes with the struggle between two rival families|
mahabharatam	n|(Hinduism) a sacred epic Sanskrit poem of India dealing in many episodes with the struggle between two rival families|
mahabharatum	n|(Hinduism) a sacred epic Sanskrit poem of India dealing in many episodes with the struggle between two rival families|
mahagua	n|shrubby tree widely distributed along tropical shores; yields a light tough wood used for canoe outriggers and a fiber used for cordage and caulk; often cultivated for ornament|	n|erect forest tree of Cuba and Jamaica having variably hairy leaves and orange-yellow or orange-red flowers; yields a moderately dense timber for cabinetwork and gunstocks|
maharaja	n|a great raja; a Hindu prince or king in India ranking above a raja|
maharajah	n|a great raja; a Hindu prince or king in India ranking above a raja|
maharanee	n|a great rani; a princess in India or the wife of a maharaja|
maharani	n|a great rani; a princess in India or the wife of a maharaja|
maharashtra	n|a state in west-central India|
mahatma	n|(Hinduism) term of respect for a brahmin sage|
mahatma gandhi	n|political and spiritual leader during India's struggle with Great Britain for home rule; an advocate of passive resistance (1869-1948)|
mahayana	n|a major school of Buddhism teaching social concern and universal salvation; China; Japan; Tibet; Nepal; Korea; Mongolia|	n|one of two great schools of Buddhist doctrine emphasizing a common search for universal salvation especially through faith alone; the dominant religion of China and Tibet and Japan|
mahayana buddhism	n|one of two great schools of Buddhist doctrine emphasizing a common search for universal salvation especially through faith alone; the dominant religion of China and Tibet and Japan|
mahayanism	n|the religious doctrine of Mahayana Buddhism|
mahayanist	n|an adherent of Mahayana Buddhism|
mahdi	n|(Islam) a messianic leader who (according to popular Muslim belief) will appear before the end of the world and restore justice and religion|
mahdism	n|belief in the appearance of the Mahdi; devotion to a Mahdi|
mahdist	n|an adherent of Mahdism|
mahernia verticillata	n|African shrub having decumbent stems and slender yellow honey-scented flowers either solitary or in pairs|
mahgrib	n|the region of northwest Africa comprising the Atlas Mountains and the coastlands of Morocco and Algeria and Tunisia|
mahican	n|a member of the Algonquian people formerly living in the Hudson valley and eastward to the Housatonic|	n|the Algonquian language spoken by the Mohican|
mahimahi	n|the lean flesh of a saltwater fish found in warm waters (especially in Hawaii)|	n|large slender food and game fish widely distributed in warm seas (especially around Hawaii)|
mahjong	n|Chinese game played by 4 people with 144 tiles|
mahler	n|Austrian composer and conductor (1860-1911)|
mahlstick	n|a long stick that a painter uses to support the hand holding the brush|
mahoe	n|shrubby tree widely distributed along tropical shores; yields a light tough wood used for canoe outriggers and a fiber used for cordage and caulk; often cultivated for ornament|	n|erect forest tree of Cuba and Jamaica having variably hairy leaves and orange-yellow or orange-red flowers; yields a moderately dense timber for cabinetwork and gunstocks|
mahogany	n|wood of any of various mahogany trees; much used for cabinetwork and furniture|	n|any of various tropical timber trees of the family Meliaceae especially the genus Swietinia valued for their hard yellowish- to reddish-brown wood that is readily worked and takes a high polish|	n|a shade of brown with a tinge of red|
mahogany family	n|tropical trees and shrubs including many important timber and ornamental trees|
mahogany tree	n|any of various tropical timber trees of the family Meliaceae especially the genus Swietinia valued for their hard yellowish- to reddish-brown wood that is readily worked and takes a high polish|
mahogany-red	adj|of brown tinged with red|
mahomet	n|the Arab prophet who, according to Islam, was the last messenger of Allah (570-632)|
mahonia	n|evergreen shrubs and small trees of North and Central America and Asia|
mahonia aquifolium	n|ornamental evergreen shrub of Pacific coast of North America having dark green pinnate leaves and racemes of yellow flowers followed by blue-black berries|
mahonia nervosa	n|small shrub with grey-green leaves and yellow flowers followed by glaucous blue berries|
mahound	n|the Arab prophet who, according to Islam, was the last messenger of Allah (570-632)|
mahout	n|the driver and keeper of an elephant|
mahratta	n|a member of a people of India living in Maharashtra|
mahratti	n|an Indic language; the state language of Maharashtra in west central India; written in the Devanagari script|
mahuang	n|Chinese ephedra yielding ephedrine|
maia	n|type genus of the Majidae; nearly cosmopolitan in distribution|
maianthemum	n|sometimes placed in family Convallariaceae: false lily of the valley|
maianthemum bifolium	n|small white-flowered plant of western Europe to Japan|
maid	n|a female domestic|	n|an unmarried girl (especially a virgin)|
maid of honor	n|an unmarried woman who attends the bride at a wedding|
maiden	n|an unmarried girl (especially a virgin)|	n|(cricket) an over in which no runs are scored|	adj|serving to set in motion|the magazine's inaugural issue
maiden aunt	n|an unmarried aunt|
maiden blue-eyed mary	n|small widely branching western plant with tiny blue-and-white flowers; British Columbia to Ontario and south to California and Colorado|
maiden flight	n|the first flight of its kind|the Stealth bomber made its maiden flight in 1989
maiden name	n|a woman's surname before marriage|
maiden over	n|(cricket) an over in which no runs are scored|
maiden pink	n|low-growing loosely mat-forming Eurasian pink with a single pale pink flower with a crimson center|
maiden voyage	n|the first voyage of its kind|in 1912 the ocean liner Titanic sank on its maiden voyage
maidenhair	n|any of various small to large terrestrial ferns of the genus Adiantum having delicate palmately branched fronds|
maidenhair berry	n|slow-growing procumbent evergreen shrublet of northern North America and Japan having white flowers and numerous white fleshy rough and hairy seeds|
maidenhair fern	n|any of various small to large terrestrial ferns of the genus Adiantum having delicate palmately branched fronds|
maidenhair spleenwort	n|small rock-inhabiting fern of northern temperate zone and Hawaii with pinnate fronds|
maidenhair tree	n|deciduous dioecious Chinese tree having fan-shaped leaves and fleshy yellow seeds; exists almost exclusively in cultivation especially as an ornamental street tree|
maidenhead	n|a fold of tissue that partly covers the entrance to the vagina of a virgin|
maidenhood	n|the childhood of a girl|
maidenlike	adj|befitting or characteristic of a maiden|a maidenly blush
maidenliness	n|behavior befitting a young maiden|
maidenly	adj|befitting or characteristic of a maiden|a maidenly blush
maidhood	n|the childhood of a girl|
maidism	n|a disease caused by deficiency of niacin or tryptophan (or by a defect in the metabolic conversion of tryptophan to niacin); characterized by gastrointestinal disturbances and erythema and nervous or mental disorders; may be caused by malnutrition or alcoholism or other nutritional impairments|
maidservant	n|a female domestic|
maidu	n|a Penutian language spoken by the Maidu|
maiduguri	n|a city in northeastern Nigeria; an agricultural trading center|
maieutic method	n|a method of teaching by question and answer; used by Socrates to elicit truths from his students|
maiger	n|large European marine food fish|
maigre	n|large European marine food fish|
mail	n|the bags of letters and packages that are transported by the postal service|	n|the system whereby messages are transmitted via the post office|the mail handles billions of items every day	n|a conveyance that transports the letters and packages that are conveyed by the postal system|	n|any particular collection of letters or packages that is delivered|your mail is on the table
mail boat	n|a boat for carrying mail|
mail call	n|a call of names of those receiving mail|
mail car	n|a railway car in which mail is transported and sorted|
mail carrier	n|a man who delivers the mail|
mail clerk	n|a clerk in a post office|
mail fraud	n|use of the mails to defraud someone|
mail order	n|a purchase negotiated by mail|
mail out	v|transmit by mail|The company mailed out the catalog to all potential customers
mail pouch	n|pouch used in the shipment of mail|
mail service	n|the system whereby messages are transmitted via the post office|the mail handles billions of items every day
mail slot	n|a slot (usually in a door) through which mail can be delivered|
mail train	n|a train that carries mail|
mail-cheeked	adj|having bony plates on the sides of the head|
mail-clad	adj|wearing protective mail|
mail-order buying	n|buying goods to be shipped through the mail|
mailbag	n|pouch used in the shipment of mail|	n|letter carrier's shoulder bag|in Britain they call a mailbag a postbag
mailboat	n|a boat for carrying mail|
mailbox	n|a private box for delivery of mail|	n|public box for deposit of mail|
maildrop	n|a drop where mail can be deposited|
mailed	adj|wearing protective mail|
mailer	n|a person who mails something|	n|an advertisement that is sent by mail|	n|a container for something to be mailed|
mailing	n|mail sent by a sender at one time|the candidate sent out three large mailings	n|the transmission of a letter|the postmark indicates the time of mailing
mailing address	n|the address where a person or organization can be communicated with|
mailing list	n|a list of names and addresses to which advertising material is mailed|
mailing-card	n|a card for sending messages by post without an envelope|
maillol	n|French sculptor of monumental female nudes (1861-1944)|
maillot	n|a woman's one-piece bathing suit|	n|tights for dancers or gymnasts|
mailman	n|a man who delivers the mail|
mailsorter	n|a sorter for sorting mail according to the address|
maim	v|injure or wound seriously and leave permanent disfiguration or mutilation|people were maimed by the explosion
maimed	n|people who are wounded|they had to leave the wounded where they fell	adj|having a part of the body crippled or disabled|
maimer	n|a person who mutilates or destroys or disfigures or cripples|
maimonides	n|Spanish philosopher considered the greatest Jewish scholar of the Middle Ages who codified Jewish law in the Talmud (1135-1204)|
main	adj|most important element|the chief aim of living	adj|(of a clause) capable of standing syntactically alone as a complete sentence|the main (or independent) clause in a complex sentence has at least a subject and a verb	adj|of force; of the greatest possible intensity|by main strength	n|any very large body of (salt) water|
main clause	n|a clause in a complex sentence that can stand alone as a complete sentence|
main course	n|the principal dish of a meal|	n|a square mainsail|
main deck	n|the uppermost sheltered deck that runs the entire length of a large vessel|
main diagonal	n|the diagonal of a square matrix running from the upper left entry to the lower right entry|
main drag	n|the main street of a town or city|
main entry word	n|the form of a word that heads a lexical entry and is alphabetized in a dictionary|
main file	n|(computer science) a computer file that is used as the authority in a given job and that is relatively permanent|
main line	n|the principal route of a transportation system|
main office	n|(usually plural) the office that serves as the administrative center of an enterprise|many companies have their headquarters in New York
main road	n|a major road for any form of motor transport|
main rotor	n|rotor consisting of large rotating airfoils on a single-rotor helicopter that produce the lift to support the helicopter in the air|
main street	n|street that serves as a principal thoroughfare for traffic in a town|	n|any small town (or the people who inhabit it); generally used to represent parochialism and materialism (after a novel by Sinclair Lewis)|Main Street will never vote for a liberal politician
main yard	n|yard for a square mainsail|
main-topmast	n|the topmast next above the mainmast|
main-topsail	n|a topsail set on the mainmast|
maine	n|a state in New England|
maine lobster	n|flesh of cold-water lobsters having large tender claws; caught from Maine to the Carolinas|	n|lobster of Atlantic coast of America|
mainer	n|a native or resident of Maine|
mainframe	n|a large digital computer serving 100-400 users and occupying a special air-conditioned room|	n|(computer science) the part of a computer (a microprocessor chip) that does most of the data processing|the CPU and the memory form the central part of a computer to which the peripherals are attached
mainframe computer	n|a large digital computer serving 100-400 users and occupying a special air-conditioned room|
mainland	n|the main land mass of a country or continent; as distinguished from an island or peninsula|
mainland china	n|a communist nation that covers a vast territory in eastern Asia; the most populous country in the world|
mainline	v|inject into the vein|She is mainlining heroin
mainly	adv|for the most part|he is mainly interested in butterflies
mainmast	n|the chief mast of a sailing vessel with two or more masts|
mainsail	n|the lowermost sail on the mainmast|
mainsheet	n|(nautical) a line (rope or chain) that regulates the angle at which a sail is set in relation to the wind|
mainspring	n|the most important spring in a mechanical device (especially a clock or watch); as it uncoils it drives the mechanism|
mainstay	n|a prominent supporter|he is a pillar of the community	n|a central cohesive source of support and stability|faith is his anchor	n|the forestay that braces the mainmast|
mainstreamed	adj|(of the handicapped) placed in regular school classes|
maintain	v|cause to continue in a certain state, position, or activity; e.g., `keep clean'|hold in place	v|keep in safety and protect from harm, decay, loss, or destruction|We preserve these archeological findings	v|supply with necessities and support|She alone sustained her family	v|state categorically|
maintainable	adj|capable of being maintained|
maintained	adj|kept in good condition|	adj|continued in your keeping or use or memory|in...the retained pattern of dancers and guests remembered
maintainer	n|someone who upholds or maintains|firm upholders of tradition
maintenance	n|activity involved in maintaining something in good working order|he wrote the manual on car care	n|means of maintenance of a family or group|	n|court-ordered support paid by one spouse to another after they are separated|	n|the act of sustaining life by food or providing a means of subsistence|they were in want of sustenance
maintenance man	n|a skilled worker whose job is to repair things|
maintenance staff	n|those in a business responsible for maintaining the physical plant|
maintenon	n|French consort of Louis XIV who secretly married the king after the death of his first wife (1635-1719)|
maiolica	n|highly decorated earthenware with a glaze of tin oxide|
maisonette	n|a self-contained apartment (usually on two floors) in a larger house and with its own entrance from the outside|	n|a small house|
maisonnette	n|a self-contained apartment (usually on two floors) in a larger house and with its own entrance from the outside|	n|a small house|
maitland	n|English historian noted for his works on the history of English law (1850-1906)|
maitre d'	n|a dining-room attendant who is in charge of the waiters and the seating of customers|
maitre d'hotel	n|a dining-room attendant who is in charge of the waiters and the seating of customers|
maitreya	n|the Bodhisattva who is to appear as a Buddha 5000 years after the death of Gautama|
maize	n|tall annual cereal grass bearing kernels on large ears: widely cultivated in America in many varieties; the principal cereal in Mexico and Central and South America since pre-Columbian times|	n|a strong yellow color|
maja	n|type genus of the Majidae; nearly cosmopolitan in distribution|
maja squinado	n|a large spider crab of Europe|
majagua	n|shrubby tree widely distributed along tropical shores; yields a light tough wood used for canoe outriggers and a fiber used for cordage and caulk; often cultivated for ornament|	n|erect forest tree of Cuba and Jamaica having variably hairy leaves and orange-yellow or orange-red flowers; yields a moderately dense timber for cabinetwork and gunstocks|
majestic	adj|majestic in manner or bearing; superior to mundane matters|his majestic presence	adj|having or displaying great dignity or nobility|a gallant pageant	adj|belonging to or befitting a supreme ruler|golden age of imperial splendor
majestically	adv|in a majestic manner|flamingoes walk majestically through the marshes
majesty	n|impressiveness in scale or proportion|
majidae	n|spider crabs|
majolica	n|highly decorated earthenware with a glaze of tin oxide|
major	adj|of greater importance or stature or rank|a major artist	adj|greater in scope or effect|a major contribution	adj|greater in number or size or amount|a major portion (a majority) of the population	adj|of the field of academic study in which one concentrates or specializes|his major field was mathematics
major affective disorder	n|any mental disorder not caused by detectable organic abnormalities of the brain and in which a major disturbance of emotions is predominant|
major axis	n|the longest axis of an ellipse or ellipsoid; passes through the two foci|
major depressive episode	n|(psychiatry) a state of depression with all the classic symptoms (anhedonia and lethargy and sleep disturbance and despondency and morbid thoughts and feelings of worthlessness and sometimes attempted suicide) but with no known organic dysfunction|
major diatonic scale	n|a diatonic scale with notes separated by whole tones except for the 3rd and 4th and 7th and 8th|
major fast day	n|one of two major fast days on the Jewish calendar|
major form class	n|any of the major parts of speech of traditional grammar|
major key	n|a key whose harmony is based on the major scale|
major league	n|the most important league in any sport (especially baseball)|
major leaguer	n|a member of a major-league baseball team|
major lobe	n|the maximum lobe in the radiation pattern which is intended to be along the forward axis and which gives the effect of a beam|
major mode	n|a key whose harmony is based on the major scale|
major planet	n|(astronomy) any of the nine large celestial bodies in the solar system that revolve around the sun and shine by reflected light; Mercury, Venus, Earth, Mars, Jupiter, Saturn, Uranus, Neptune, and Pluto in order of their proximity to the sun; viewed from the constellation Hercules, all the planets rotate around the sun in a counterclockwise direction|
major power	n|a state powerful enough to influence events throughout the world|
major premise	n|the premise of a syllogism that contains the major term (which is the predicate of the conclusion)|
major premiss	n|the premise of a syllogism that contains the major term (which is the predicate of the conclusion)|
major scale	n|a diatonic scale with notes separated by whole tones except for the 3rd and 4th and 7th and 8th|
major suit	n|(bridge) a suit of superior scoring value, either spades or hearts|
major surgery	n|any surgical procedure that involves anesthesia or respiratory assistance|
major term	n|the term in a syllogism that is the predicate of the conclusion|
major tranquilizer	n|tranquilizer used to treat psychotic conditions when a calming effect is desired|
major tranquilliser	n|tranquilizer used to treat psychotic conditions when a calming effect is desired|
major tranquillizer	n|tranquilizer used to treat psychotic conditions when a calming effect is desired|
major-domo	n|the chief steward or butler of a great household|
major-general	n|a general officer ranking above a brigadier general and below a lieutenant general|
major-league club	n|a team that plays in a major league|
major-league team	n|a team that plays in a major league|
majorana	n|small genus of herbs usually included in the genus Origanum|
majorana hortensis	n|aromatic European plant native to Mediterranean and Turkey; not widespread in Europe|
majorca	n|the largest of the Balearic Islands|
majorette	n|a female baton twirler who accompanies a marching band|	n|a female drum major|
majority	n|the property resulting from being or relating to the greater in number of two parts; the main part|the majority of his customers prefer it	n|(elections) more than half of the votes|	n|the age at which persons are considered competent to manage their own affairs|
majority leader	n|leader of the majority party in a legislature|
majority operation	n|a threshold operation in which each operand is 0 or 1; output is 1 if and only if more than half the operands have the value 1|
majority opinion	n|the opinion joined by a majority of the court (generally known simply as `the opinion')|
majority rule	n|the doctrine that the numerical majority of an organized group can make decisions binding on the whole group|
majors	n|the most important league in any sport (especially baseball)|
majuscular	adj|of the nature of a majuscule or written in majuscules|
majuscule	adj|of or relating to a style of writing characterized by somewhat rounded capital letters; 4th to 8th centuries|	adj|uppercase|capital A	n|one of the large alphabetic characters used as the first letter in writing or printing proper names and sometimes for emphasis; capitals were kept in the upper half of the type case and so became known as upper-case letters"|printers once kept the type for capitals and for small letters in separate cases
mak	n|a terrorist organization founded by Osama bin Laden in the 1980s to provide money and recruit fighters around the world; enlisted and transported thousands of men to Afghanistan to fight the Russians; a split in the group led bin Laden and the extremist faction of MAK to form al-Qaeda|
makaira	n|marlins|
makaira albida	n|small marlin (to 180 pounds) of western Atlantic|
makaira marlina	n|large game fish in the Pacific Ocean; may reach 1000 pounds|
makaira mazara	n|large game fish in the Pacific Ocean; may reach 1000 pounds|
makaira mitsukurii	n|Pacific food and game fish marked with dark blue vertical stripes|
makaira nigricans	n|largest marlin; may reach 2000 pounds; found worldwide in warm seas|
makalu	n|a mountain in the Himalayas in Nepal (27,790 feet high)|
makarios iii	n|Greek Orthodox bishop and archbishop of Cyprus and the first president of independent Cyprus (1913-1977)|
make	v|engage in|make love, not war	v|give certain properties to something|get someone mad	v|make or cause to be or to become|make a mess in one's office	v|cause to do; cause to act in a specified manner|The ads induced me to buy a VCR
make a clean breast of	v|admit or acknowledge a wrongdoing or error|the writer of the anonymous letter owned up after they identified his handwriting
make a face	v|contort the face to indicate a certain mental or emotional state|He grimaced when he saw the amount of homework he had to do
make a motion	v|propose formally; in a debate or parliamentary meeting|
make a point	v|make a point of doing something; act purposefully and intentionally|
make a stink	v|take strong and forceful action, as to object or express discontent|She raised hell when she found out that she wold not be hired again
make as if	v|begin or appear to begin an action|He made as if to shake my hand
make believe	v|represent fictitiously, as in a play, or pretend to be or act like|She makes like an actress
make bold	v|take upon oneself; act presumptuously, without permission|How dare you call my lawyer?
make clean	v|make clean by removing dirt, filth, or unwanted substances from|Clean the stove!
make do	v|succeed in doing, achieving, or producing (something) with the limited or inadequate means available|We got by on just a gallon of gas
make for	v|cause to happen or to occur as a consequence|I cannot work a miracle
make full	v|make full, also in a metaphorical sense|fill a container
make fun	v|subject to laughter or ridicule|The satirists ridiculed the plans for a new opera house
make good	v|act as promised|make good on promises
make grow	v|cause to grow and differentiate in ways conforming to its natural development|The perfect climate here develops the grain
make happy	v|celebrate noisily, often indulging in drinking; engage in uproarious festivities|The members of the wedding party made merry all night
make hay	v|turn to one's advantage|The environmentalist lobby made hay of the nuclear plant accident
make headway	v|obtain advantages, such as points, etc.|The home team was gaining ground
make it	v|continue in existence after (an adversity, etc.)|He survived the cancer against all odds	v|succeed in a big way; get to the top|After he published his book, he had arrived	v|go successfully through a test or a selection process|She passed the new Jersey Bar Exam and can practice law now
make love	v|have sexual intercourse with|This student sleeps with everyone in her dorm
make merry	v|celebrate noisily, often indulging in drinking; engage in uproarious festivities|The members of the wedding party made merry all night
make no bones about	v|acknowledge freely and openly|He makes no bones about the fact that he is gay
make noise	v|emit a noise|
make off	v|run away; usually includes taking something or somebody along|The thief made off with our silver
make out	v|detect with the senses|The fleeing convicts were picked out of the darkness by the watchful prison guards	v|make out and issue|write out a check	v|comprehend|I cannot make out what this politician is saying	v|proceed or get along|How is she doing in her new job?
make over	v|use again in altered form|retread an old plot	v|make new|She is remaking her image
make pass	v|cause to pass|She passed around the plates
make peace	v|end hostilities|The brothers who had been fighting over their inheritance finally made peace
make pure	v|remove impurities from, increase the concentration of, and separate through the process of distillation|purify the water
make relaxed	v|cause to feel relaxed|A hot bath always relaxes me
make sense	v|be reasonable or logical or comprehensible|
make sure	v|make a point of doing something; act purposefully and intentionally|
make unnecessary	v|make unnecessary an expenditure or effort|This will save money
make up	v|form or compose|This money is my only income	v|devise or compose|This designer makes up our Spring collections	v|do or give something to somebody in return|Does she pay you for the work you are doing?	v|make up work that was missed due to absence at a later point|I have to make up a French exam
make up one's mind	v|reach, make, or come to a decision about something|We finally decided after lengthy deliberations
make vibrant sounds	v|indicate pleasure by purring; characteristic of cats|
make water	v|eliminate urine|Again, the cat had made on the expensive rug
make way	v|get out of the way|make way for the President's motorcade
make whoopie	v|celebrate noisily, often indulging in drinking; engage in uproarious festivities|The members of the wedding party made merry all night
make-believe	adj|imagined as in a play|the make-believe world of theater	n|imaginative intellectual play|	n|the enactment of a pretense|it was just pretend
make-do	n|something contrived to meet an urgent need or emergency|
make-peace	n|someone who tries to bring peace|
make-up	n|an event that is substituted for a previously cancelled event|he missed the test and had to take a makeup	n|the way in which someone or something is composed|	n|cosmetics applied to the face to improve or change your appearance|
make-work	n|active work of little value|while he was waiting he filled the days with busywork
makedonija	n|the ancient kingdom of Philip II and Alexander the Great in the southeastern Balkans that is now divided among modern Macedonia and Greece and Bulgaria|
makeover	n|an overall beauty treatment (involving a person's hair style and cosmetics and clothing) intended to change or improve a person's appearance|	n|a complete reconstruction and renovation of something|the blighted neighborhood underwent a total makeover
maker	n|a person who makes things|	n|terms referring to the Judeo-Christian God|	n|a business engaged in manufacturing some product|
makeready	n|final preparation and adjustments|
makeshift	adj|done or made using whatever is available|crossed the river on improvised bridges	n|something contrived to meet an urgent need or emergency|
makeup	n|cosmetics applied to the face to improve or change your appearance|	n|an event that is substituted for a previously cancelled event|he missed the test and had to take a makeup	n|the way in which someone or something is composed|
makeweight	n|anything added to fill out a whole|some of the items in the collection are mere makeweights	n|a weight added to the scale to reach a required weight|
making	n|the act that results in something coming to be|the devising of plans	n|an attribute that must be met or complied with and that fits a person for something|her qualifications for the job are excellent	n|(usually plural) the components needed for making or doing something|the recipe listed all the makings for a chocolate cake
making known	n|a speech act that conveys information|
making love	n|sexual activities (often including sexual intercourse) between two people|his lovemaking disgusted her
making water	n|a euphemism for urination|he had to take a leak
mako	n|powerful mackerel shark of the Atlantic and Pacific|
mako shark	n|powerful mackerel shark of the Atlantic and Pacific|
makomako	n|graceful deciduous shrub or small tree having attractive foliage and small red berries that turn black at maturity and are used for making wine|
maksim gorky	n|Russian writer of plays and novels and short stories; noted for his depiction of social outcasts|
maksutov telescope	n|reflecting telescope in which the aberration of the concave mirror is reduced by a meniscus lens|
maktab al-khidmat	n|a terrorist organization founded by Osama bin Laden in the 1980s to provide money and recruit fighters around the world; enlisted and transported thousands of men to Afghanistan to fight the Russians; a split in the group led bin Laden and the extremist faction of MAK to form al-Qaeda|
mal de la rosa	n|a disease caused by deficiency of niacin or tryptophan (or by a defect in the metabolic conversion of tryptophan to niacin); characterized by gastrointestinal disturbances and erythema and nervous or mental disorders; may be caused by malnutrition or alcoholism or other nutritional impairments|
mal de mer	n|motion sickness experienced while traveling on water|
mal rosso	n|a disease caused by deficiency of niacin or tryptophan (or by a defect in the metabolic conversion of tryptophan to niacin); characterized by gastrointestinal disturbances and erythema and nervous or mental disorders; may be caused by malnutrition or alcoholism or other nutritional impairments|
malabar kino	n|reddish or black juice or resin from certain trees of the genus Pterocarpus and used in medicine and tanning etc|
malabo	n|the capital and largest city of Equatorial Guinea on the island of Bioko in the Gulf of Guinea|
malabsorption	n|abnormal absorption of nutrients from the digestive tract|
malabsorption syndrome	n|a pattern of symptoms including loss of appetite and bloating and weight loss and muscle pain and steatorrhea; associated with celiac disease and sprue and cystic fibrosis|
malacanthidae	n|short-headed marine fishes; often brightly colored|
malacca	n|stem of the rattan palm used for making canes and umbrella handles|	n|the third smallest Malaysian state; located in the southern region of the Malay Peninsula|	n|a cane made from the stem of a rattan palm|
malacca cane	n|a cane made from the stem of a rattan palm|
malachi	n|a Hebrew minor prophet of the 5th century BC|	n|an Old Testament book containing the prophecies of Malachi|
malachias	n|a Hebrew minor prophet of the 5th century BC|	n|an Old Testament book containing the prophecies of Malachi|
malachite	n|a green or blue mineral used as an ore of copper and for making ornamental objects|
malacia	n|a state of abnormal softening of tissue|
malacologist	n|a zoologist specializing in the study of mollusks|
malacology	n|the branch of zoology that studies the structure and behavior of mollusks|
malaconotinae	n|an African bush shrikes|
malacopterygian	n|any fish of the superorder Malacopterygii|
malacopterygii	n|an extensive group of teleost fishes having fins supported by flexible cartilaginous rays|
malacosoma	n|tent caterpillars|
malacosoma americana	n|moth whose larvae are tent caterpillars|
malacosoma disstria	n|moth whose gregarious larvae spin webs resembling carpets|
malacostraca	n|largest subclass of Crustacea including most of the well-known marine, freshwater, and terrestrial crustaceans: crabs; lobsters; shrimps; sow bugs; beach flies|
malacostracan crustacean	n|a major subclass of crustaceans|
malacothamnus	n|genus of shrubs or small trees: chaparral mallow|
malacothamnus fasciculatus	n|shrub of coastal ranges of California and Baja California having hairy branches and spikes of numerous mauve flowers; sometimes placed in genus Sphaeralcea|
maladaptive	adj|showing faulty adaptation|
maladjusted	adj|poorly adjusted to demands and stresses of daily living|a maladjusted child	adj|emotionally unstable and having difficulty coping with personal relationships|	adj|not well adjusted|a maladjusted carburetor
maladjustive	adj|poorly adjusted|
maladjustment	n|the condition of being unable to adapt properly to your environment with resulting emotional instability|
maladroit	adj|not adroit|a maladroit movement of his hand caused the car to swerve
maladroitly	adv|in a maladroit manner|he dealt with the situation maladroitly
maladroitness	n|unskillfulness resulting from a lack of training|
malady	n|any unwholesome or desperate condition|what maladies afflict our nation?	n|impairment of normal physiological function affecting part or all of an organism|
malaga	n|a port city and resort in Andalusia in southern Spain on the Mediterranean|
malagasy republic	n|a republic on the island of Madagascar; achieved independence from France in 1960|
malahini	n|a newcomer to Hawaii|
malaise	n|physical discomfort (as mild sickness or depression)|
malamute	n|breed of sled dog developed in Alaska|
malaprop	n|the unintentional misuse of a word by confusion with one that sounds similar|
malapropism	n|the unintentional misuse of a word by confusion with one that sounds similar|
malapropos	adj|of an inappropriate or incorrectly applied nature|	adv|at an inconvenient time|he arrived inopportunely just as we sat down for dinner
malar	n|the arch of bone beneath the eye that forms the prominence of the cheek|
malar bone	n|the arch of bone beneath the eye that forms the prominence of the cheek|
malaria	n|an infective disease caused by sporozoan parasites that are transmitted through the bite of an infected Anopheles mosquito; marked by paroxysms of chills and fever|
malaria mosquito	n|transmits the malaria parasite|
malaria parasite	n|parasitic protozoan of the genus Plasmodium that causes malaria in humans|
malarial	adj|of or infected by or resembling malaria|malarial fever
malarial mosquito	n|transmits the malaria parasite|
malarkey	n|empty rhetoric or insincere or exaggerated talk|that's a lot of wind
malarky	n|empty rhetoric or insincere or exaggerated talk|that's a lot of wind
malathion	n|a yellow insecticide used as a dust or spray to control garden pests and house flies and mites|
malathion poisoning	n|a toxic condition caused by inhaling or ingesting the insecticide Malathion|
malawi	n|a landlocked republic in southern central Africa; achieved independence from the United Kingdom in 1964|
malawi kwacha	n|the basic unit of money in Malawi|
malawian	adj|relating to or characteristic of Malawi or its people or culture|Malawian hills	n|a native or inhabitant of Malawi|
malawian monetary unit	n|monetary unit in Malawi|
malaxis	n|large genus of largely terrestrial orchids with one or a few plicate leaves and slender spikes or tiny mostly green flowers; cosmopolitan|
malay	adj|of or relating to or characteristic of the people or language of Malaysia and the northern Malay Peninsula and parts of the western Malay Archipelago|Malay peoples	n|a member of a people inhabiting the northern Malay Peninsula and Malaysia and parts of the western Malay Archipelago|	n|a western subfamily of Western Malayo-Polynesian languages|
malay archipelago	n|a group of islands in the Indian and Pacific Oceans between Asia and Australia|
malay peninsula	n|a peninsula in southeastern Asia occupied by parts of Malaysia and Thailand and Myanmar|
malaya	n|the region of Malaysia on the Malay Peninsula; shares a land border with Thailand to the north|
malayalam	n|a Dravidian language (closely related to Tamil) that is spoken in southwestern India|
malayan	adj|of or relating to or characteristic of Malaysia|Malaysian police crack down hard on drug smugglers	adj|of or relating to or characteristic of the people or language of Malaysia and the northern Malay Peninsula and parts of the western Malay Archipelago|Malay peoples	n|a member of a people inhabiting the northern Malay Peninsula and Malaysia and parts of the western Malay Archipelago|
malayan tapir	n|a tapir found in Malaya and Sumatra|
malayo-polynesian	adj|of or relating to the Malayo-Polynesian branch of the Austronesian languages|	n|the branch of the Austronesian languages spoken from Madagascar to the central Pacific|
malaysia	n|a constitutional monarchy in southeastern Asia on Borneo and the Malay Peninsula; achieved independence from the United Kingdom in 1957|
malaysia militant group	n|a clandestine group of southeast Asian terrorists organized in 1993 and trained by al-Qaeda; supports militant Muslims in Indonesia and the Philippines and has cells in Singapore and Malaysia and Indonesia|
malaysian	adj|of or relating to or characteristic of Malaysia|Malaysian police crack down hard on drug smugglers	n|a native or inhabitant of Malaysia|	n|the Malay language spoken in Malaysia|
malaysian monetary unit	n|monetary unit is Malaysia|
malaysian mujahidin group	n|a clandestine group of southeast Asian terrorists organized in 1993 and trained by al-Qaeda; supports militant Muslims in Indonesia and the Philippines and has cells in Singapore and Malaysia and Indonesia|
malaysian state	n|one of the several states constituting Malaysia|
malcolm little	n|militant civil rights leader (1925-1965)|
malcolm lowry	n|English novelist (1909-1957)|
malcolm stock	n|any of various ornamental flowering plants of the genus Malcolmia|
malcolm x	n|militant civil rights leader (1925-1965)|
malcolmia	n|genus of plants usually found in coastal habitats; Mediterranean to Afghanistan|
malcolmia maritima	n|erect branching herb cultivated for its loose racemes of fragrant white or pink or red or lilac flowers; native to sands and sea cliffs of southwestern Greece and southern Albania|
malcontent	adj|discontented as toward authority|	n|a person who is discontented or disgusted|
maldivan	n|a native or inhabitant of Maldives|
maldive islands	n|a group of about 1,200 small coral islands (about 220 inhabited) in the Indian ocean|
maldives	n|a republic on the Maldive Islands; achieved independence from the United Kingdom in 1965|	n|a group of about 1,200 small coral islands (about 220 inhabited) in the Indian ocean|
maldivian	n|a native or inhabitant of Maldives|
maldon	n|a battle in which the Danes defeated the Saxons in 991; celebrated in an old English poem|
male	n|an animal that produces gametes (spermatozoa) that can fertilize female gametes (ova)|	n|a person who belongs to the sex that cannot have babies|	n|the capital of Maldives in the center of the islands|	adj|being the sex (of plant or animal) that produces gametes (spermatozoa) that perform the fertilizing function in generation|a male infant
male aristocrat	n|a man who is an aristocrat|
male berry	n|deciduous much-branched shrub with dense downy panicles of small bell-shaped white flowers|
male body	n|the body of a male human being|
male bonding	n|the formation of a close personal relationship between men|the rituals known as male bonding do not necessarily involve drinking beer together
male chauvinism	n|activity indicative of belief in the superiority of men over women|
male chauvinist	n|a man with a chauvinistic belief in the inferiority of women|
male chest	n|the chest of a man|
male child	n|a youthful male person|the baby was a boy
male erecticle dysfunction	n|impotence resulting from a man's inability to have or maintain an erection of his penis|
male fern	n|fern of North America and Europe whose rhizomes and stalks yield an oleoresin used to expel tapeworms|
male genital organ	n|external male sex organs|
male genitalia	n|external male sex organs|
male genitals	n|external male sex organs|
male horse	n|the male of species Equus caballus|
male hypogonadism	n|the state of being a eunuch (either because of lacking testicles or because they failed to develop)|
male internal reproductive organ	n|the reproductive organs of a man|
male monarch	n|a male sovereign; ruler of a kingdom|
male offspring	n|a child who is male|
male orchis	n|Eurasian orchid with showy pink or purple flowers in a loose spike|
male orgasm	n|an orgasm accompanied by the sensation of ejaculation of semen|
male parent	n|a male parent (also used as a term of address to your father)|his father was born in Atlanta
male pattern baldness	n|loss of hair on the crown of the head|
male person	n|a person who belongs to the sex that cannot have babies|
male plug	n|an electrical device with two or three pins that is inserted in a socket to make an electrical connection|
male reproductive gland	n|the reproductive organs of a man|
male reproductive system	n|the reproductive system of males|
male sibling	n|a sibling who is male|
male-patterned baldness	n|loss of hair on the crown of the head|
maleate	n|a salt or ester of maleic acid; used as a nontricyclic antidepressant drug for psychomotor activation|
maleberry	n|deciduous much-branched shrub with dense downy panicles of small bell-shaped white flowers|
malebranche	n|French philosopher (1638-1715)|
malecite	n|a member of the Algonquian people of northeastern Maine and New Brunswick|	n|the Algonquian language of the Malecite and Passamaquody|
maledict	adj|under a curse|	v|wish harm upon; invoke evil upon|The bad witch cursed the child
malediction	n|the act of calling down a curse that invokes evil (and usually serves as an insult)|he suffered the imprecations of the mob
malefactor	n|someone who has committed a crime or has been legally convicted of a crime|
malefic	adj|having or exerting a malignant influence|malevolent stars
maleficence	n|doing or causing evil|	n|the quality or nature of being harmful or evil|
maleficent	adj|harmful or evil in intent or effect|
maleic acid	n|a colorless crystalline compound found in unripe fruit (such as apples or tomatoes or cherries) and used mainly to make polyester resins|
malemute	n|breed of sled dog developed in Alaska|
maleness	n|the properties characteristic of the male sex|
maleo	n|Celebes megapode that lays eggs in holes in sandy beaches|
maleseet	n|the Algonquian language of the Malecite and Passamaquody|
malevich	n|Russian abstract painter (1878-1935)|
malevolence	n|wishing evil to others|	n|the quality of threatening evil|
malevolency	n|the quality of threatening evil|
malevolent	adj|wishing or appearing to wish evil to others; arising from intense ill will or hatred|a gossipy malevolent old woman	adj|having or exerting a malignant influence|malevolent stars
malevolent program	n|a computer program designed to have undesirable or harmful effects|
malevolently	adv|in a malevolent manner|she gossips malevolently
malfeasance	n|wrongful conduct by a public official|
malfeasant	n|one guilty of malfeasance|
malformation	n|an affliction in which some part of the body is misshapen or malformed|	n|something abnormal or anomalous|
malformed	adj|so badly formed or out of shape as to be ugly|deformed thalidomide babies
malfunction	n|a failure to function normally|	v|fail to function or function improperly|the coffee maker malfunctioned
malfunctioning	adj|not performing or able to perform its regular function|a malfunctioning valve
malheur wire lettuce	n|a small plant of Oregon resembling mustard; a threatened species|
mali	n|a landlocked republic in northwestern Africa; achieved independence from France in 1960; Mali was a center of West African civilization for more than 4,000 years|
mali franc	n|the basic unit of money in Mali|
malian	adj|of or relating to or characteristic of Mali or its people|Malian deserts	n|a native or inhabitant of Mali|
malice	n|feeling a need to see others suffer|	n|the quality of threatening evil|
malice aforethought	n|(law) criminal intent; the thoughts and intentions behind a wrongful act (including knowledge that the act is illegal); often at issue in murder trials|
malicious	adj|having the nature of or resulting from malice|malicious gossip
malicious gossip	n|disgraceful gossip about the private lives of other people|
malicious mischief	n|willful wanton and malicious destruction of the property of others|
maliciously	adv|with malice; in a malicious manner|she answered maliciously
maliciousness	n|feeling a need to see others suffer|
malign	adj|evil or harmful in nature or influence|prompted by malign motives	adj|having or exerting a malignant influence|malevolent stars	v|speak unfavorably about|She badmouths her husband everywhere
malignance	n|(medicine) a malignant state; progressive and resistant to treatment and tending to cause death|	n|quality of being disposed to evil; intense ill will|
malignancy	n|(medicine) a malignant state; progressive and resistant to treatment and tending to cause death|	n|quality of being disposed to evil; intense ill will|
malignant	adj|dangerous to health; characterized by progressive and uncontrolled growth (especially of a tumor)|
malignant anaemia	n|a chronic progressive anemia of older adults; thought to result from a lack of intrinsic factor (a substance secreted by the stomach that is responsible for the absorption of vitamin B12)|
malignant anemia	n|a chronic progressive anemia of older adults; thought to result from a lack of intrinsic factor (a substance secreted by the stomach that is responsible for the absorption of vitamin B12)|
malignant hepatoma	n|carcinoma of the liver|
malignant hypertension	n|severe hypertension that runs a rapid course and damages the inner linings of the blood vessels and the heart and spleen and kidneys and brain|malignant hypertension is the most lethal form of hypertension
malignant hyperthermia	n|hereditary condition in which certain anesthetics (e.g., halothane) cause high body temperatures and muscle rigidity|
malignant melanoma	n|any of several malignant neoplasms (usually of the skin) consisting of melanocytes|
malignant neoplasm	n|a tumor that is malignant and tends to spread to other parts of the body|
malignant neoplastic disease	n|any malignant growth or tumor caused by abnormal and uncontrolled cell division; it may spread to other parts of the body through the lymphatic system or the blood stream|
malignant neuroma	n|a malignant neoplasm of nerve tissue and fibrous tissue and connective tissue|
malignant pustule	n|a form of anthrax infection that begins as papule that becomes a vesicle and breaks with a discharge of toxins; symptoms of septicemia are severe with vomiting and high fever and profuse sweating; the infection is often fatal|
malignant tumor	n|a tumor that is malignant and tends to spread to other parts of the body|
malignantly	adv|in a malignant manner, as of a tumor that spreads|
maligner	n|one who attacks the reputation of another by slander or libel|
malignity	n|wishing evil to others|	n|quality of being disposed to evil; intense ill will|
malignly	adv|in a malign and evil manner|
malignment	n|slanderous defamation|
malik	n|the leader of a town or community in some parts of Asia Minor and the Indian subcontinent|maliks rule the hinterland of Afghanistan under the protection of warlords
malinger	v|avoid responsibilities and duties, e.g., by pretending to be ill|
malingerer	n|someone shirking their duty by feigning illness or incapacity|
malingering	n|evading duty or work by pretending to be incapacitated|they developed a test to detect malingering
malinois	n|fawn-colored short-haired sheepdog|
malinowski	n|British anthropologist (born in Poland) who introduced the technique of the participant observer (1884-1942)|
mall	n|a public area set aside as a pedestrian walk|	n|mercantile establishment consisting of a carefully landscaped complex of shops representing leading merchandisers; usually includes restaurants and a convenient parking area; a modern version of the traditional marketplace|a good plaza should have a movie house
mallard	n|wild dabbling duck from which domestic ducks are descended; widely distributed|
mallarme	n|French symbolist poet noted for his free verse (1842-1898)|
malleability	n|the property of being physically malleable; the property of something that can be worked or hammered or shaped without breaking|
malleable	adj|easily influenced|	adj|capable of being shaped or bent or drawn out|ductile copper
mallee	n|any of several low-growing Australian eucalypts|
mallee fowl	n|Australian mound bird; incubates eggs naturally in sandy mounds|
mallee hen	n|adult female mallee fowl|
mallet	n|a sports implement with a long handle and a head like a hammer; used in sports (polo or croquet) to hit a ball|	n|a light drumstick with a rounded head that is used to strike such percussion instruments as chimes, kettledrums, marimbas, glockenspiels, etc.|	n|a tool resembling a hammer but with a large head (usually wooden); used to drive wedges or ram down paving stones or for crushing or beating or flattening or smoothing|
malleus	n|the ossicle attached to the eardrum|
mallophaga	n|biting lice|
mallotus	n|capelins|
mallow	n|any of various plants of the family Malvaceae|
mallow family	n|herbs and shrubs and some trees: mallows; cotton; okra|
malmo	n|a port in southern Sweden|
malmsey	n|sweet Madeira wine|
malnourish	v|provide with insufficient quality or quantity of nourishment|The stunted growth of these children shows that they are undernourished
malnourished	adj|not being provided with adequate nourishment|
malnourishment	n|not having enough food to develop or function normally|
malnutrition	n|a state of poor nutrition; can result from insufficient or excessive or unbalanced diet or from inability to absorb foods|
malocclusion	n|(dentistry) a condition in which the opposing teeth do not mesh normally|
malodor	n|a distinctive odor that is offensively unpleasant|
malodorous	adj|having an unpleasant smell|
malodorousness	n|the attribute of having a strong offensive smell|
malodour	n|a distinctive odor that is offensively unpleasant|
malodourous	adj|having an unpleasant smell|
malone	n|English scholar remembered for his chronology of Shakespeare's plays and his editions of Shakespeare and Dryden (1741-1812)|
malonylurea	n|a white crystalline acid derived from pyrimidine; used in preparing barbiturate drugs|
malope	n|western Mediterranean annual having deep purple-red flowers subtended by 3 large cordate bracts|
malope trifida	n|western Mediterranean annual having deep purple-red flowers subtended by 3 large cordate bracts|
malopterurus	n|electric catfish|
malopterurus electricus	n|freshwater catfish of the Nile and tropical central Africa having an electric organ|
malory	n|English writer who published a translation of romances about King Arthur taken from French and other sources (died in 1471)|
malosma	n|one species; often included in the genus Rhus|
malosma laurina	n|small aromatic evergreen shrub of California having paniculate leaves and whitish berries; in some classifications included in genus Rhus|
malpighi	n|Italian anatomist who was the first to use a microscope to study anatomy and was among the first to recognize cells in animals (1628-1694)|
malpighia	n|type genus of the Malpighiaceae|
malpighia obovata	n|Cuban timber tree with hard wood very resistant to moisture|
malpighiaceae	n|tropical shrubs or trees|
malpighian body	n|the capsule that contains Bowman's capsule and a glomerulus at the expanded end of a nephron|
malpighian corpuscle	n|the capsule that contains Bowman's capsule and a glomerulus at the expanded end of a nephron|
malpighian layer	n|the innermost layer of the epidermis|
malposed	adj|characterized by malposition|crooked malposed teeth
malposed tooth	n|a tooth that has grown in a faulty position|
malposition	n|faulty position|
malpractice	n|professional wrongdoing that results in injury or damage|the widow sued his surgeon for malpractice	n|a wrongful act that the actor had no right to do; improper professional conduct|he charged them with electoral malpractices
malpractice insurance	n|insurance purchased by physicians and hospitals to cover the cost of being sued for malpractice|obstetricians have to pay high rates for malpractice insurance
malraux	n|French novelist (1901-1976)|
mals	n|a master's degree in library science|
malt	n|a milkshake made with malt powder|	n|a lager of high alcohol content; by law it is considered too alcoholic to be sold as lager or beer|	n|a cereal grain (usually barley) that is kiln-dried after having been germinated by soaking in water; used especially in brewing and distilling|	v|treat with malt or malt extract|malt beer
malt liquor	n|a lager of high alcohol content; by law it is considered too alcoholic to be sold as lager or beer|
malt sugar	n|a white crystalline sugar formed during the digestion of starches|
malt whiskey	n|whiskey distilled in Scotland; especially whiskey made from malted barley in a pot still|
malt whisky	n|whiskey distilled in Scotland; especially whiskey made from malted barley in a pot still|
malta	n|a republic on the island of Malta in the Mediterranean; achieved independence from the United Kingdom in 1964|	n|a strategically located island to the south of Sicily in the Mediterranean Sea|
malta fever	n|infectious bacterial disease of human beings transmitted by contact with infected animals or infected meat or milk products; characterized by fever and headache|
malted	adj|of grain that has been converted into malt|malted barley	n|a milkshake made with malt powder|
malted milk	n|a milkshake made with malt powder|	n|powder made of dried milk and malted cereals|
maltese	adj|of or relating to the island or republic of Malta or its inhabitants|Maltese customs officers	n|a native or inhabitant of Malta|	n|the national language of the Republic of Malta; a Semitic language derived from Arabic but with many loan words from Italian, Spanish, and Norman-French|	n|breed of toy dogs having a long straight silky white coat|
maltese cross	n|Eurasian garden perennial having scarlet flowers in dense terminal heads|	n|a cross with triangular or arrow-shaped arms and the points toward the center|
maltese dog	n|breed of toy dogs having a long straight silky white coat|
maltese language	n|the national language of the Republic of Malta; a Semitic language derived from Arabic but with many loan words from Italian, Spanish, and Norman-French|
maltese lira	n|the basic unit of money on Malta; equal to 100 cents|
maltese monetary unit	n|monetary unit on Malta|
maltese terrier	n|breed of toy dogs having a long straight silky white coat|
maltha	n|a thick black tar intermediate between petroleum and asphalt|
malthus	n|an English economist who argued that increases in population would outgrow increases in the means of subsistence (1766-1834)|
malthusian	adj|of or relating to Thomas Malthus or to Malthusianism|Malthusian theories	n|a believer in Malthusian theory|
malthusian theory	n|Malthus' theory that population increase would outpace increases in the means of subsistence|
malthusianism	n|Malthus' theory that population increase would outpace increases in the means of subsistence|
malti	n|the national language of the Republic of Malta; a Semitic language derived from Arabic but with many loan words from Italian, Spanish, and Norman-French|
maltman	n|a maker of malt|
malto	n|a member of the Dravidian people living in northern Bengal in eastern India|	n|the Dravidian language spoken by the Malto|
maltose	n|a white crystalline sugar formed during the digestion of starches|
maltreat	v|treat badly|This boss abuses his workers
maltreated	adj|subjected to cruel treatment|an abused wife
maltreater	n|someone who abuses|
maltreatment	n|cruel or inhumane treatment|the child showed signs of physical abuse
maltster	n|a maker of malt|
malus	n|apple trees; found throughout temperate zones of the northern hemisphere|
malus baccata	n|Asian wild crab apple cultivated in many varieties for it small acid usually red fruit used for preserving|
malus pumila	n|native Eurasian tree widely cultivated in many varieties for its firm rounded edible fruits|
malus sylvestris	n|wild crab apple native to Europe; a chief ancestor of cultivated apples|
malva	n|herbs and subshrubs: mallows|
malvaceae	n|herbs and shrubs and some trees: mallows; cotton; okra|
malvales	n|Malvaceae; Bombacaceae; Elaeocarpaceae; Sterculiaceae; Tiliaceae|
malvasia	n|grape used to make malmsey wine|
malvastrum	n|genus of mallows characterized by red and yellow flowers often placed in other genera|
malvaviscus	n|small genus of shrubs of Central and South America: wax mallows|
malversate	v|appropriate (as property entrusted to one's care) fraudulently to one's own use|The accountant embezzled thousands of dollars while working for the wealthy family
malversation	n|misconduct in public office|
malware	n|malicious software, designed to break into a system|
mam	n|a member of a Mayan people of southwestern Guatemala|	n|a Mayan language spoken by the Mam|
mama	n|informal terms for a mother|	n|a name under which Ninkhursag was worshipped|
mama's boy	n|a boy excessively attached to his mother; lacking normal masculine interests|
mamba	n|arboreal snake of central and southern Africa whose bite is often fatal|
mambo	v|dance a mambo|
mamey	n|globular or ovoid tropical fruit with thick russet leathery rind and juicy yellow or reddish flesh|
mamilla	n|the small projection of a mammary gland|
mamillary body	n|one of two small round structures on the undersurface of the brain that form the terminals of the anterior arches of the fornix|
mamma	n|informal terms for a mother|	n|milk-secreting organ of female mammals|
mamma's boy	n|a boy excessively attached to his mother; lacking normal masculine interests|
mammal	n|any warm-blooded vertebrate having the skin more or less covered with hair; young are born alive except for the small subclass of monotremes and nourished with milk|
mammal family	n|a family of mammals|
mammal genus	n|a genus of mammals|
mammal semnopithecus	n|langurs|
mammalia	n|warm-blooded vertebrates characterized by mammary glands in the female|
mammalian	adj|of or relating to the class Mammalia|	n|any warm-blooded vertebrate having the skin more or less covered with hair; young are born alive except for the small subclass of monotremes and nourished with milk|
mammalogist	n|one skilled in the study of mammals|
mammalogy	n|the branch of zoology that studies mammals|
mammary	adj|of or relating to the milk-giving gland of the female|
mammary gland	n|milk-secreting organ of female mammals|
mammee	n|globular or ovoid tropical fruit with thick russet leathery rind and juicy yellow or reddish flesh|	n|brown oval fruit flesh makes excellent sherbet|
mammee apple	n|globular or ovoid tropical fruit with thick russet leathery rind and juicy yellow or reddish flesh|
mammilla	n|the small projection of a mammary gland|
mammillaria	n|any cactus of the genus Mammillaria|
mammillaria plumosa	n|a low tuberculate cactus with white feathery spines; northeastern Mexico|
mammillary body	n|one of two small round structures on the undersurface of the brain that form the terminals of the anterior arches of the fornix|
mammogram	n|X-ray film of the soft tissue of the breast|
mammography	n|a diagnostic procedure to detect breast tumors by the use of X rays|
mammon	n|wealth regarded as an evil influence|	n|(New Testament) a personification of wealth and avarice as an evil spirit|ye cannot serve God and Mammon
mammoth	adj|so exceedingly large or extensive as to suggest a giant or mammoth|a gigantic redwood	n|any of numerous extinct elephants widely distributed in the Pleistocene; extremely large with hairy coats and long upcurved tusks|
mammoth cave national park	n|a national park in Kentucky having a large cavern and an underground river|
mammothermography	n|the use of thermography to detect breast tumors (which appear as hot spots)|
mammut	n|extinct type genus of the Mammutidae: mastodons|
mammut americanum	n|mastodon of North America; in some classifications considered a mammoth rather than a mastodon|
mammuthus	n|extinct genus: mammoths|
mammuthus columbi	n|a variety of mammoth|
mammuthus primigenius	n|very hairy mammoth common in colder portions of the northern hemisphere|
mammutidae	n|extinct family: mastodons|
mammy	n|informal terms for a mother|
mamo	n|black honeycreepers with yellow feathers around the tail; now extinct|
man	n|an adult person who is male (as opposed to a woman)|there were two women and six men on the bus	n|someone who serves in the armed forces; a member of a military force|two men stood sentry duty	n|the generic use of the word to refer to any human being|it was every man for himself	n|any living or extinct member of the family Hominidae characterized by superior intelligence, articulate speech, and erect carriage|
man and wife	n|two people who are married to each other|his second marriage was happier than the first
man friday	n|the most helpful assistant|
man hour	n|a time unit used in industry for measuring work|
man in the street	n|a hypothetical average man|
man jack	n|a single individual|every man jack
man of action	n|someone inclined to act first and think later|
man of affairs	n|a person engaged in commercial or industrial business (especially an owner or executive)|
man of deeds	n|someone inclined to act first and think later|
man of letters	n|a man devoted to literary or scholarly activities|
man of means	n|a man who is wealthy|
man of the cloth	n|a member of the clergy and a spiritual leader of the Christian Church|
man of the world	n|a worldly-wise person|
man's body	n|the body of an adult man|
man's clothing	n|clothing that is designed for men to wear|
man-about-town	n|a man devoted to the pursuit of pleasure|
man-at-arms	n|a heavily armed and mounted soldier in medieval times|
man-child	n|a child who is male|
man-eater	n|a person who eats human flesh|	n|large aggressive shark widespread in warm seas; known to attack humans|
man-eating shark	n|large aggressive shark widespread in warm seas; known to attack humans|
man-made	adj|not of natural origin; prepared or made artificially|man-made fibers
man-made fiber	n|fiber created from natural materials or by chemical processes|
man-made lake	n|lake used to store water for community use|
man-of-war	n|a warship intended for combat|	n|large siphonophore having a bladderlike float and stinging tentacles|
man-of-war bird	n|long-billed warm-water seabird with wide wingspan and forked tail|
man-on-a-horse	n|an edible agaric with yellow gills and a viscid yellow cap that has a brownish center|
man-portable	adj|portable by one man|
man-sized	adj|calling for the strength of a man|a man-sized job	adj|very large; appropriate to the size of a man|a man-sized piece of cake
man-to-man	adv|directly|we must talk man-to-man	adj|forthright and honest|had a man-to-man talk about the facts of life	adj|being a system of play in which an individual defensive player guards an individual offensive player|one-on-one defense
manacle	n|shackle that consists of a metal loop that can be locked around the wrist; usually used in pairs|	v|confine or restrain with or as if with manacles or handcuffs|The police handcuffed the suspect at the scene of the crime
manage	v|be successful; achieve a goal|She succeeded in persuading us all	v|be in charge of, act on, or dispose of|I can deal with this crew of workers	v|succeed in doing, achieving, or producing (something) with the limited or inadequate means available|We got by on just a gallon of gas	v|watch and direct|Who is overseeing this project?
manageability	n|capable of being managed or controlled|
manageable	adj|capable of being managed or controlled|	adj|capable of existing or taking place or proving true; possible to do|
manageableness	n|capable of being managed or controlled|
manageably	adv|so as to be manageable|this house is manageably small
managed economy	n|a non-market economy in which government intervention is important in allocating goods and resources and determining prices|
management	n|the act of managing something|he was given overall management of the program	n|those in charge of running a business|
management consultant	n|adviser to business about efficient management practices|
management consulting	n|a service industry that provides advice to those in charge of running a business|
management control	n|an internal control performed by one or more managers|
management personnel	n|personnel having overall planning and direction responsibilities|
manager	n|someone who controls resources and expenditures|	n|(sports) someone in charge of training an athlete or a team|
manageress	n|a woman manager|
managerial	adj|of or relating to the function or responsibility or activity of management|
managerially	adv|in a managerial manner|
managership	n|the position of manager|
managing director	n|someone who controls resources and expenditures|
managing editor	n|the editor in charge of all editorial activities of a newspaper or magazine|
managua	n|the capital and largest city of Nicaragua|
manakin	n|a woman who wears clothes to display fashions|she was too fat to be a mannequin	n|a life-size dummy used to display clothes|	n|any of numerous small bright-colored birds of Central America and South America having short bills and elaborate courtship behavior|
manama	n|the capital of Bahrain; located at the northern end of Bahrain Island|
manana	n|an indefinite time in the future|
manannan	n|Celtic god of the sea; son of Ler|
manat	n|the basic unit of money in Turkmenistan|	n|the basic unit of money in Azerbaijan|
manatee	n|sirenian mammal of tropical coastal waters of America; the flat tail is rounded|
manawydan	n|Celtic sea god; son of Llyr|
manawyddan	n|Celtic sea god; son of Llyr|
manchester	n|largest city in New Hampshire; located in southeastern New Hampshire on the Merrimack river|	n|a city in northwestern England (30 miles to the east of Liverpool); heart of the most densely populated area of England|
manchester terrier	n|a breed of short-haired rat terrier with a black-and-tan coat that was developed in Manchester, England|
manchu	n|a member of the Manchu speaking people of Manchuria; related to the Tungus; conquered China in the 17th century|	n|the last imperial dynasty of China (from 1644 to 1912) which was overthrown by revolutionaries; during the Qing dynasty China was ruled by the Manchu|	n|the Tungusic language spoken by the Manchu|
manchu dynasty	n|the last imperial dynasty of China (from 1644 to 1912) which was overthrown by revolutionaries; during the Qing dynasty China was ruled by the Manchu|
manchuria	n|a region in northeastern China|
manchurian	adj|of or relating to or characteristic of Manchuria or its people or their culture|the Manchurian invasion
mancunian	adj|of or relating to or characteristic of the English city of Manchester or its residents|Mancunian merchants	n|a native or resident of Manchester|
manda	n|a Dravidian language spoken in south central India|
mandaean	adj|of or relating to the Mandaean people or their language or culture|	n|a member of a small Gnostic sect that originated in Jordan and survives in Iraq and who believes that John the Baptist was the Messiah|	n|the form of Aramaic used by the Mandeans|
mandaeanism	n|a Gnostic religion originating the 2nd and 3rd centuries that believes John the Baptist was the Messiah and that incorporates Jewish and Christian elements into a framework of dualistic beliefs|
mandala	n|any of various geometric designs (usually circular) symbolizing the universe; used chiefly in Hinduism and Buddhism as an aid to meditation|
mandalay	n|a city in central Myanmar to the north of Rangoon|
mandamus	n|an extraordinary writ commanding an official to perform a ministerial act that the law recognizes as an absolute duty and not a matter for the official's discretion; used only when all other judicial remedies fail|
mandara	n|a Chadic language spoken in the Mandara mountains in Cameroon; has only two vowels|
mandarin	n|shrub or small tree having flattened globose fruit with very sweet aromatic pulp and thin yellow-orange to flame-orange rind that is loose and easily removed; native to southeastern Asia|	n|a member of an elite intellectual or cultural group|	n|any high government official or bureaucrat|	n|a high public official of imperial China|
mandarin chinese	n|the dialect of Chinese spoken in Beijing and adopted as the official language for all of China|
mandarin dialect	n|the dialect of Chinese spoken in Beijing and adopted as the official language for all of China|
mandarin duck	n|showy crested Asiatic duck; often domesticated|
mandarin orange	n|shrub or small tree having flattened globose fruit with very sweet aromatic pulp and thin yellow-orange to flame-orange rind that is loose and easily removed; native to southeastern Asia|	n|a somewhat flat reddish-orange loose skinned citrus of China|
mandarin orange tree	n|shrub or small tree having flattened globose fruit with very sweet aromatic pulp and thin yellow-orange to flame-orange rind that is loose and easily removed; native to southeastern Asia|
mandatary	n|the recipient of a mandate|
mandate	n|a document giving an official instruction or command|	n|a territory surrendered by Turkey or Germany after World War I and put under the tutelage of some other European power until they are able to stand by themselves|	n|the commission that is given to a government and its policies through an electoral victory|	v|assign under a mandate|mandate a colony
mandator	n|an authority who issues a mandate|
mandatorily	adv|in a manner that cannot be evaded|the ministry considers that contributions to such a fund should be met from voluntary donations rather than from rates compulsorily levied.
mandatory	adj|required by rule|in most schools physical education is compulsory	n|the recipient of a mandate|	n|a territory surrendered by Turkey or Germany after World War I and put under the tutelage of some other European power until they are able to stand by themselves|
mandatory injunction	n|injunction requiring the performance of some specific act|
mande	n|a group of African languages in the Niger-Congo group spoken from Senegal east as far as the Ivory Coast|
mandean	adj|of or relating to the Mandaean people or their language or culture|	n|a member of a small Gnostic sect that originated in Jordan and survives in Iraq and who believes that John the Baptist was the Messiah|	n|the form of Aramaic used by the Mandeans|
mandeanism	n|a Gnostic religion originating the 2nd and 3rd centuries that believes John the Baptist was the Messiah and that incorporates Jewish and Christian elements into a framework of dualistic beliefs|
mandela	n|South African statesman who was released from prison to become the nation's first democratically elected president in 1994 (born in 1918)|
mandelamine	n|antibacterial agent (trade names Mandelamine and Urex) that is contained in many products that are used to treat urinary infections|
mandelbrot	n|French mathematician (born in Poland) noted for inventing fractals (born in 1924)|
mandelbrot set	n|a set of complex numbers that has a highly convoluted fractal boundary when plotted; the set of all points in the complex plane that are bounded under a certain mathematical iteration|
mandelshtam	n|Russian poet who died in a prison camp (1891-1938)|
mandelstam	n|Russian poet who died in a prison camp (1891-1938)|
mandevilla boliviensis	n|shrubby climber having glossy leaves and white funnel-shaped flowers with yellow throats|
mandevilla laxa	n|woody vine of Argentina grown as an ornamental for its glossy leaves and racemes of large fragrant funnel-shaped creamy-white flowers|
mandible	n|the jaw in vertebrates that is hinged to open the mouth|
mandibula	n|the jaw in vertebrates that is hinged to open the mouth|
mandibular	adj|relating to the lower jaw|
mandibular bone	n|the jaw in vertebrates that is hinged to open the mouth|
mandibular condyle	n|the condyle of the ramus of the mandible that articulates with the skull|
mandibular fossa	n|a deep concavity in the temporal bone at the root of the zygomatic arch that receives the condyle of the mandible|
mandibular gland	n|a salivary gland inside the lower jaw on either side that produces most of the nocturnal saliva; discharges saliva into the mouth under the tongue|
mandibular joint	n|the joint between the head of the lower jawbone and the temporal bone|
mandibular notch	n|small indentation in the middle of the lower jawbone|
mandibulate	adj|having mandibles|
mandibulofacial	adj|of or relating to the lower jaw and face|
mandioc	n|cassava with long tuberous edible roots and soft brittle stems; used especially to make cassiri (an intoxicating drink) and tapioca|
mandioca	n|cassava with long tuberous edible roots and soft brittle stems; used especially to make cassiri (an intoxicating drink) and tapioca|
mandola	n|an early type of mandolin|
mandolin	n|a stringed instrument related to the lute, usually played with a plectrum|
mandragora	n|a genus of stemless herbs of the family Solanaceae|
mandragora officinarum	n|a plant of southern Europe and North Africa having purple flowers, yellow fruits and a forked root formerly thought to have magical powers|
mandrake	n|the root of the mandrake plant; used medicinally or as a narcotic|	n|a plant of southern Europe and North Africa having purple flowers, yellow fruits and a forked root formerly thought to have magical powers|
mandrake root	n|the root of the mandrake plant; used medicinally or as a narcotic|
mandrel	n|any of various rotating shafts that serve as axes for larger rotating parts|
mandril	n|any of various rotating shafts that serve as axes for larger rotating parts|
mandrill	n|baboon of west Africa with a bright red and blue muzzle and blue hindquarters|
mandrillus	n|baboons|
mandrillus leucophaeus	n|similar to the mandrill but smaller and less brightly colored|
mandrillus sphinx	n|baboon of west Africa with a bright red and blue muzzle and blue hindquarters|
manduca	n|moths whose larvae are tobacco hornworms or tomato hornworms|
manduca quinquemaculata	n|large green white-striped hawkmoth larva that feeds on tomato and potato plants; similar to tobacco hornworm|	n|moth whose larvae are tomato hornworms|
manduca sexta	n|large green white-striped hawkmoth larva that feeds on tobacco and related plants; similar to tomato hornworm|	n|moth whose larvae are tobacco hornworms|
manducate	v|chew (food); to bite and grind with the teeth|He jawed his bubble gum
manduction	n|the act of participating in the celebration of the Eucharist|the governor took Communion with the rest of the congregation	n|biting and grinding food in your mouth so it becomes soft enough to swallow|
mane	n|long coarse hair growing from the crest of the animal's neck|	n|growth of hair covering the scalp of a human being|
maned sheep	n|wild sheep of northern Africa|
maned wolf	n|reddish-grey wolf of southwestern North America|
manes	n|a Persian prophet who founded Manichaeism (216-276)|
manet	n|French painter whose work influenced the impressionists (1832-1883)|
maneuver	n|a military training exercise|	n|a plan for attaining a particular goal|	n|a deliberate coordinated movement requiring dexterity and skill|he made a great maneuver	n|a move made to gain a tactical end|
maneuverability	n|the quality of being maneuverable|
maneuverable	adj|capable of maneuvering or changing position|a highly maneuverable ship
maneuverer	n|a person skilled in maneuvering|
manfred eigen	n|German chemist who did research on high-speed chemical reactions (born in 1927)|
manful	adj|possessing qualities befitting a man|	adj|characteristic of a man|a deep male voice
manfully	adv|in a manful manner; with qualities thought to befit a man|having said her say Peggy manfully shouldered her burden and prepared to break up yet another home
manfulness	n|the trait of being manly; having the characteristics of an adult male|
manga	n|graphic novel that originated in Japan, usually intended for adults and characterized by highly stylized art|
mangabey	n|large agile arboreal monkey with long limbs and tail and white upper eyelids|
manganate	n|a salt of manganic acid containing manganese as its anion|
manganese	n|a hard brittle grey polyvalent metallic element that resembles iron but is not magnetic; used in making steel; occurs in many minerals|
manganese bronze	n|a brass with from 1-4% manganese to harden it|
manganese steel	n|a steel with a relatively large component (10-14%) of manganese; highly resistant to wear and shock|
manganese tetroxide	n|an oxide of manganese found naturally as hausmannite|
manganic acid	n|a dibasic acid (H2MnO4) found only in solution and in manganate salts|
manganite	n|a black mineral consisting of basic manganese oxide; a source of manganese|
mange	n|a persistent and contagious disease of the skin causing inflammation and itching and loss of hair; affects domestic animals (and sometimes people)|
mangel-wurzel	n|beet with a large yellowish root; grown chiefly as cattle feed|	n|cultivated as feed for livestock|
manger	n|a container (usually in a barn or stable) from which cattle or horses feed|
mangey	adj|having many worn or threadbare spots in the nap|a mangy carpet
mangifera	n|tropical tree native to Asia bearing fleshy fruit|
mangifera indica	n|large evergreen tropical tree cultivated for its large oval fruit|
mangily	adv|in a mangy manner|
manginess	n|a lack of elegance as a consequence of wearing threadbare or dirty clothing|
mangle	n|clothes dryer for drying and ironing laundry by passing it between two heavy heated rollers|	v|press with a mangle|mangle the sheets	v|injure badly by beating|	v|alter so as to make unrecognizable|The tourists murdered the French language
mangled	adj|having edges that are jagged from injury|
mangler	n|a person who mutilates or destroys or disfigures or cripples|
manglietia	n|a genus of flowering tree of the family Magnoliaceae found from Malay to southern China|
mango	n|large evergreen tropical tree cultivated for its large oval fruit|	n|large oval tropical fruit having smooth skin, juicy aromatic pulp, and a large hairy seed|
mango tree	n|large evergreen tropical tree cultivated for its large oval fruit|
mangold	n|beet with a large yellowish root; grown chiefly as cattle feed|
mangold-wurzel	n|beet with a large yellowish root; grown chiefly as cattle feed|
mangonel	n|an engine that provided medieval artillery used during sieges; a heavy war engine for hurling large stones and other missiles|
mangosteen	n|East Indian tree with thick leathery leaves and edible fruit|	n|two- to three-inch tropical fruit with juicy flesh suggestive of both peaches and pineapples|
mangosteen tree	n|East Indian tree with thick leathery leaves and edible fruit|
mangrove	n|a tropical tree or shrub bearing fruit that germinates while still on the tree and having numerous prop roots that eventually form an impenetrable mass and are important in land building|
mangrove family	n|trees and shrubs that usually form dense jungles along tropical seacoasts|
mangrove snapper	n|found in shallow waters off the coast of Florida|
mangy	adj|having many worn or threadbare spots in the nap|a mangy carpet
manhandle	v|handle roughly|I was manhandled by the police
manhattan	n|one of the five boroughs of New York City|	n|a cocktail made with whiskey and sweet vermouth with a dash of bitters|
manhattan clam chowder	n|a chowder made with clams and tomatoes and other vegetables and seasonings|
manhattan island	n|an island at the north end of New York Bay where the borough of Manhattan is located|
manhole	n|a hole (usually with a flush cover) through which a person can gain access to an underground structure|
manhole cover	n|a flush iron cover for a manhole (as in a street)|
manhood	n|the state of being a man; manly qualities|	n|the quality of being human|he feared the speedy decline of all manhood	n|the status of being a man|
manhunt	n|an organized search (by police) for a person (charged with a crime)|
mania	n|an irrational but irresistible motive for a belief or action|	n|a mood disorder; an affective disorder in which the victim tends to respond excessively and sometimes violently|
maniac	n|an insane person|	n|a person who has an obsession with or excessive enthusiasm for something|	adj|wildly disordered|a maniacal frenzy
maniacal	adj|wildly disordered|a maniacal frenzy
maniacally	adv|in a maniacal manner or to a maniacal degree|he was maniacally obsessed with jealousy
manic	adj|affected with or marked by frenzy or mania uncontrolled by reason|a frenzied attack
manic depression	n|a mental disorder characterized by episodes of mania and depression|
manic depressive illness	n|a mental disorder characterized by episodes of mania and depression|
manic disorder	n|a mood disorder; an affective disorder in which the victim tends to respond excessively and sometimes violently|
manic-depressive	n|a person afflicted with manic-depressive illness|	adj|suffering from a disorder characterized by alternating mania and depression|
manic-depressive psychosis	n|a mental disorder characterized by episodes of mania and depression|
manichaean	adj|of or relating to the philosophical doctrine of dualism|a Manichaean conflict between good and evil	adj|of or relating to Manichaeism|	n|an adherent of Manichaeism|
manichaeanism	n|a religion founded by Manes in the third century; a synthesis of Zoroastrian dualism between light and dark and Babylonian folklore and Buddhist ethics and superficial elements of Christianity; spread widely in the Roman Empire but had largely died out by 1000|
manichaeism	n|a religion founded by Manes in the third century; a synthesis of Zoroastrian dualism between light and dark and Babylonian folklore and Buddhist ethics and superficial elements of Christianity; spread widely in the Roman Empire but had largely died out by 1000|
manichean	adj|of or relating to Manichaeism|	n|an adherent of Manichaeism|
manichee	adj|of or relating to Manichaeism|	n|an adherent of Manichaeism|
maniclike	adj|resembling the mania of manic-depressive illness|
manicotti	n|large pasta tubes stuffed with chopped meat or mild cheese and baked in tomato sauce|
manicure	n|professional care for the hands and fingernails|	v|trim carefully and neatly|manicure fingernails	v|care for (one's hand) by cutting and shaping the nails, etc.|
manicure set	n|a set of implements used to manicure|
manicurist	n|a beautician who cleans and trims and polishes the fingernails|
manidae	n|coextensive with the order Pholidota|
manifest	v|provide evidence for; stand as proof of; show by one's behavior, attitude, or external attributes|His high fever attested to his illness	v|record in a ship's manifest|each passenger must be manifested	v|reveal its presence or make an appearance|the ghost manifests each year on the same day	adj|clearly revealed to the mind or the senses or judgment|the effects of the drought are apparent to anyone who sees the parched fields
manifest destiny	n|a policy of imperialism rationalized as inevitable (as if granted by God)|
manifestation	n|a clear appearance|a manifestation of great emotion	n|a manifest indication of the existence or presence or nature of some person or thing|a manifestation of disease	n|an appearance in bodily form (as of a disembodied spirit)|	n|expression without words|tears are an expression of grief
manifestly	adv|unmistakably (`plain' is often used informally for `plainly')|the answer is obviously wrong
manifesto	n|a public declaration of intentions (as issued by a political party or government)|
manifold	adj|many and varied; having many features or forms|manifold reasons	n|a pipe that has several lateral outlets to or from other pipes|	n|a lightweight paper used with carbon paper to make multiple copies|an original and two manifolds	n|a set of points such as those of a closed surface or an analogue in three or more dimensions|
manifold paper	n|a lightweight paper used with carbon paper to make multiple copies|an original and two manifolds
manihot	n|genus of economically important tropical plants: cassava|
manihot esculenta	n|cassava with long tuberous edible roots and soft brittle stems; used especially to make cassiri (an intoxicating drink) and tapioca|
manihot utilissima	n|cassava with long tuberous edible roots and soft brittle stems; used especially to make cassiri (an intoxicating drink) and tapioca|
manikin	n|a person who is very small but who is not otherwise deformed or abnormal|	n|a woman who wears clothes to display fashions|she was too fat to be a mannequin	n|a life-size dummy used to display clothes|
manila	n|a strong paper or thin cardboard with a smooth light brown finish made from e.g. Manila hemp|	n|the capital and largest city of the Philippines; located on southern Luzon|
manila bean	n|a tuberous twining annual vine bearing clusters of purplish flowers and pods with four jagged wings; Old World tropics|
manila hemp	n|a kind of hemp obtained from the abaca plant in the Philippines|	n|Philippine banana tree having leafstalks that yield Manila hemp used for rope and paper etc|
manila maguey	n|hard fiber used in making coarse twine; from Philippine agave plants|
manila paper	n|a strong paper or thin cardboard with a smooth light brown finish made from e.g. Manila hemp|
manilkara	n|genus of large evergreen trees with milky latex; pantropical|
manilkara bidentata	n|a tropical hardwood tree yielding balata gum and heavy red timber|
manilla	n|a strong paper or thin cardboard with a smooth light brown finish made from e.g. Manila hemp|
manilla hemp	n|a kind of hemp obtained from the abaca plant in the Philippines|
manilla paper	n|a strong paper or thin cardboard with a smooth light brown finish made from e.g. Manila hemp|
manioc	n|a starch made by leaching and drying the root of the cassava plant; the source of tapioca; a staple food in the tropics|	n|cassava root eaten as a staple food after drying and leaching; source of tapioca|	n|cassava with long tuberous edible roots and soft brittle stems; used especially to make cassiri (an intoxicating drink) and tapioca|
manioca	n|a starch made by leaching and drying the root of the cassava plant; the source of tapioca; a staple food in the tropics|
manipulability	n|the quality of being controllable by skilled movements of the hands|
manipulable	adj|easily managed (controlled or taught or molded)|tractable young minds
manipulate	v|influence or control shrewdly or deviously|He manipulated public opinion in his favor	v|hold something in one's hands and move it|	v|tamper, with the purpose of deception|Fudge the figures	v|manipulate in a fraudulent manner|rig prices
manipulation	n|exerting shrewd or devious influence especially for one's own advantage|his manipulation of his friends was scandalous	n|the action of touching with the hands (or the skillful use of the hands) or by the use of mechanical means|
manipulative	adj|skillful in influencing or controlling others to your own advantage|the early manipulative techniques of a three-year-old child
manipulative electronic deception	n|actions to eliminate revealing telltale indicators that could be used by the enemy (or to convey misleading indicators)|
manipulatively	adv|in an artfully manipulative manner|
manipulator	n|an agent that operates some apparatus or machine|the operator of the switchboard	n|a person who handles things manually|
manipur	n|state in northeastern India|
maniraptor	n|advanced carnivorous theropod|
maniraptora	n|advanced theropods including oviraptorids and dromaeosaurs and possibly even modern birds|
manis	n|type genus of the Manidae|
manitoba	n|one of the three prairie provinces in central Canada|
mankato	n|a town in southern Minnesota|
mankind	n|all of the living human inhabitants of the earth|all the world loves a lover
manky	adj|inferior and worthless|
manlike	adj|possessing qualities befitting a man|	adj|characteristic of a man|a deep male voice	adj|resembling human beings|
manliness	n|the trait of being manly; having the characteristics of an adult male|
manly	adj|possessing qualities befitting a man|	adj|characteristic of a man|a deep male voice	adv|in a manful manner; with qualities thought to befit a man|having said her say Peggy manfully shouldered her burden and prepared to break up yet another home
mann	n|German writer concerned about the role of the artist in bourgeois society (1875-1955)|
manna	n|hardened sugary exudation of various trees|	n|(Old Testament) food that God gave the Israelites during the Exodus|
manna ash	n|southern Mediterranean ash having fragrant white flowers in dense panicles and yielding manna|
manna from heaven	n|(Old Testament) food that God gave the Israelites during the Exodus|	n|a sudden happening that brings good fortune (as a sudden opportunity to make money)|the demand for testing has created a boom for those unregulated laboratories where boxes of specimen jars are processed like an assembly line
manna grass	n|any of several moisture-loving grasses of the genus Glyceria having sweet flavor or odor|
manna gum	n|tall tree yielding a false manna|
manna lichen	n|any of several Old World partially crustaceous or shrubby lecanoras that roll up and are blown about over African and Arabian deserts and used as food by people and animals|
manned	adj|having a crew|a manned earth satellite was considered a necessary research step
mannequin	n|a woman who wears clothes to display fashions|she was too fat to be a mannequin	n|a life-size dummy used to display clothes|
manner	n|how something is done or how it happens|her dignified manner	n|a way of acting or behaving|	n|a kind|what manner of man are you?
manner name	n|a word that denotes a manner of doing something|`march' is a troponym of `walk'
manner of speaking	n|your characteristic style or manner of expressing yourself orally|his manner of speaking was quite abrupt
manner of walking	n|manner of walking|he had a funny walk
mannered	adj|having unnatural mannerisms|brief, mannered and unlifelike idiom
mannerism	n|a behavioral attribute that is distinctive and peculiar to an individual|	n|a deliberate pretense or exaggerated display|
mannerly	adj|socially correct in behavior|
manners	n|social deportment|he has the manners of a pig
mannheim	n|a city in southwestern Germany at the confluence of the Rhine and Neckar rivers|
mannikin	n|a person who is very small but who is not otherwise deformed or abnormal|	n|a woman who wears clothes to display fashions|she was too fat to be a mannequin	n|a life-size dummy used to display clothes|
mannish	adj|resembling or imitative of or suggestive of a man rather than a woman|a mannish stride	adj|characteristic of a man as distinguished from a woman|true mannish arrogance
mannitol	n|a diuretic (trade name Osmitrol) used to promote the excretion of urine|
manoeuver	v|act in order to achieve a certain goal|He maneuvered to get the chairmanship	v|direct the course; determine the direction of travelling|	v|perform a movement in military or naval tactics in order to secure an advantage in attack or defense|
manoeuvrability	n|the quality of being maneuverable|
manoeuvrable	adj|capable of maneuvering or changing position|a highly maneuverable ship
manoeuvre	n|a plan for attaining a particular goal|	n|a military training exercise|	n|a deliberate coordinated movement requiring dexterity and skill|he made a great maneuver	n|a move made to gain a tactical end|
manoeuvrer	n|a person skilled in maneuvering|
manometer	n|a pressure gauge for comparing pressures of a gas|
manor	n|the mansion of a lord or wealthy person|	n|the landed estate of a lord (including the house on it)|
manor hall	n|the large room of a manor or castle|
manor house	n|the mansion of a lord or wealthy person|
manorial	adj|of or relating to or based on the manor|manorial accounts
manpad	n|a man-portable surface-to-air missile|
manpower	n|the force of workers available|
manque	adj|unfulfilled or frustrated in realizing an ambition|
mansard	adj|(of a roof) having two slopes on all sides with the lower slope steeper than the upper|the story formed by a mansard roof is usually called the garret	n|a hip roof having two slopes on each side|
mansard roof	n|a hip roof having two slopes on each side|
mansart	n|French architect who introduced the mansard roof (1598-1666)|
manse	n|a large and imposing house|	n|the residence of a clergyman (especially a Presbyterian clergyman)|
manservant	n|a man servant|
mansfield	n|New Zealand writer of short stories (1888-1923)|	n|a town in north central Ohio|
mansi	n|a member of a nomadic people of the northern Urals|	n|the Ugric language (related to Hungarian) spoken by the Vogul|
mansion	n|(astrology) one of 12 equal areas into which the zodiac is divided|	n|a large and imposing house|
mansion house	n|a large and imposing house|
manslaughter	n|homicide without malice aforethought|
manslayer	n|a criminal who commits homicide (who performs the unlawful premeditated killing of another human being)|
manson	n|Scottish physician who discovered that elephantiasis is spread by mosquitos and suggested that mosquitos also spread malaria (1844-1922)|
manta	n|a blanket that is used as a cloak or shawl|	n|extremely large pelagic tropical ray that feeds on plankton and small fishes; usually harmless but its size make it dangerous if harpooned|
manta ray	n|extremely large pelagic tropical ray that feeds on plankton and small fishes; usually harmless but its size make it dangerous if harpooned|
mantegna	n|Italian painter and engraver noted for his frescoes (1431-1506)|
manteidae	n|mantises|
mantel	n|shelf that projects from wall above fireplace|
mantelet	n|portable bulletproof shelter|	n|short cape worn by women|
mantell	n|English geologist remembered as the first person to recognize that dinosaurs were reptiles (1790-1852)|
mantelpiece	n|shelf that projects from wall above fireplace|
manteodea	n|mantises; in former classifications considered a suborder of Orthoptera|
mantic	adj|resembling or characteristic of a prophet or prophecy|the high priest's divinatory pronouncement
mantichora	n|a mythical monster having the head of man (with horns) and the body of a lion and the tail of a scorpion|
manticora	n|a mythical monster having the head of man (with horns) and the body of a lion and the tail of a scorpion|
manticore	n|a mythical monster having the head of man (with horns) and the body of a lion and the tail of a scorpion|
mantid	n|predacious long-bodied large-eyed insect of warm regions; rests with forelimbs raised as in prayer|
mantidae	n|mantises|
mantiger	n|a mythical monster having the head of man (with horns) and the body of a lion and the tail of a scorpion|
mantilla	n|a woman's silk or lace scarf|	n|short cape worn by women|
mantinea	n|the site of three famous battles among Greek city-states: in 418 BC and 362 BC and 207 BC|
mantineia	n|the site of three famous battles among Greek city-states: in 418 BC and 362 BC and 207 BC|
mantis	n|predacious long-bodied large-eyed insect of warm regions; rests with forelimbs raised as in prayer|
mantis crab	n|tropical marine burrowing crustaceans with large grasping appendages|
mantis prawn	n|a kind of mantis shrimp|
mantis religioso	n|the common mantis|
mantis shrimp	n|tropical marine burrowing crustaceans with large grasping appendages|
mantispid	n|insect that resembles a mantis; larvae are parasites in the nests of spiders and wasps|
mantispidae	n|mantispids|
mantissa	n|the positive fractional part of the representation of a logarithm; in the expression log 643 = 2.808 the mantissa is .808|
mantle	n|the cloak as a symbol of authority|place the mantle of authority on younger shoulders	n|the layer of the earth between the crust and the core|	n|anything that covers|there was a blanket of snow	n|(zoology) a protective layer of epidermis in mollusks or brachiopods that secretes a substance forming the shell|
mantled	adj|covered with or as if with clothes or a wrap or cloak|leaf-clothed trees
mantled ground squirrel	n|common black-striped reddish-brown ground squirrel of western North America; resembles a large chipmunk|
mantlepiece	n|shelf that projects from wall above fireplace|
mantlet	n|portable bulletproof shelter|
mantophasmatodea	n|an order of insect identified in 2002 in a 45 million year old piece of amber from the Baltic region|
mantoux test	n|tuberculin (a derivative of tubercle bacillus) is injected intradermally; a red area appearing 1-3 days later signifies an exposure (past or present) to tubercle bacilli and the need for further testing|
mantra	n|a commonly repeated word or phrase|she repeated `So pleased with how its going' at intervals like a mantra	n|(Sanskrit) literally a `sacred utterance' in Vedism; one of a collection of orally transmitted poetic hymns|
mantrap	n|a very attractive or seductive looking woman|	n|a trap for catching trespassers|
mantua	n|loose gown of the 17th and 18th centuries|
manual	n|a small handbook|	n|(military) a prescribed drill in handling a rifle|	adj|of or relating to the hands|manual dexterity	adj|requiring human effort|a manual transmission
manual alphabet	n|an alphabet used by the deaf; letters are represented by finger positions|
manual dexterity	n|adroitness in using the hands|
manual labor	n|labor done with the hands|
manual laborer	n|someone who works with their hands; someone engaged in manual labor|
manual labour	n|labor done with the hands|
manual of arms	n|(military) a prescribed drill in handling a rifle|
manually	adv|by hand|this car shifts manually
manubrium	n|the upper part of the breastbone|
manuel de falla	n|Spanish composer and pianist (1876-1946)|
manuel rodriquez patriotic front	n|a terrorist group formed in 1983 as the armed wing of the Chilean Communist Party|
manufactory	n|a plant consisting of one or more buildings with facilities for manufacturing|
manufacture	v|put together out of artificial or natural components or parts|the company fabricates plastic chairs	v|concoct something artificial or untrue|	v|produce naturally|this gland manufactures a specific substance only	v|create or produce in a mechanical way|This novelist has been manufacturing his books following his initial success
manufactured	adj|produced in a large-scale industrial operation|
manufactured home	n|a large house trailer that can be connected to utilities and can be parked in one place and used as permanent housing|
manufacturer	n|a business engaged in manufacturing some product|	n|someone who manufactures something|
manufacturing	n|the act of making something (a product) from raw materials|the synthesis and fabrication of single crystals
manufacturing business	n|a business engaged in manufacturing some product|
manufacturing plant	n|a plant consisting of one or more buildings with facilities for manufacturing|
manul	n|small wildcat of the mountains of Siberia and Tibet and Mongolia|
manumission	n|the formal act of freeing from slavery|he believed in the manumission of the slaves
manumit	v|free from slavery or servitude|
manumitter	n|someone who frees others from bondage|Lincoln is known as the Great Emancipator
manure	n|any animal or plant material used to fertilize land especially animal excreta usually with litter material|	v|spread manure, as for fertilization|
manus	n|the (prehensile) extremity of the superior limb|he had the hands of a surgeon
manuscript	n|the form of a literary work submitted for publication|	n|handwritten book or document|
manx	adj|of or relating to the Isle of Man or its inhabitants or their language|the Manx fishing industry	n|the ancient Gaelic formerly spoken on the Isle of Man; the language is sometimes used on ceremonial occasions|	n|a short-haired tailless breed of cat believed to originate on the Isle of Man|
manx cat	n|a short-haired tailless breed of cat believed to originate on the Isle of Man|
manx shearwater	n|small black-and-white shearwater common in the northeastern Atlantic|
many	adj|a quantifier that can be used with count nouns and is often preceded by `as' or `too' or `so' or `that'; amounting to a large but indefinite number|many temptations
many a	adj|each of a large indefinite number|many a man
many an	adj|each of a large indefinite number|many a man
many another	adj|each of a large indefinite number|many a man
many-chambered	adj|having many chambers|
many-lobed	adj|having many lobes|
many-sided	adj|having many parts or sides|	adj|having many aspects or qualities|a many-sided subject	adj|full of variety or interest|a many-sided personality
manzanilla	n|very dry pale sherry from Spain|
manzanita	n|chiefly evergreen shrubs of warm dry areas of western North America|	n|evergreen tree of the Pacific coast of North America having glossy leathery leaves and orange-red edible berries; wood used for furniture and bark for tanning|
manzoni	n|Italian novelist and poet (1785-1873)|
mao	n|an enzyme that catalyzes the oxidation of many body compounds (e.g., epinephrine and norepinephrine and serotonin)|	n|Chinese communist leader (1893-1976)|
mao jacket	n|a light weight jacket with a high collar; worn by Mao Zedong and the Chinese people during his regime|
mao tsetung	n|Chinese communist leader (1893-1976)|
mao zedong	n|Chinese communist leader (1893-1976)|
maoi	n|any of a group of antidepressant drugs that inhibit the action of monoamine oxidase in the brain and so allow monoamines to accumulate|
maoism	n|a form of communism developed in China by Mao Zedong|
maoist	adj|of or relating to Maoism|	n|an advocate of Maoism|
maori	n|an ethnic minority of Polynesian and Melanesian descent who speak Maori and live in New Zealand|	n|the Oceanic language spoken by the Maori in New Zealand|
maori hen	n|flightless New Zealand rail of thievish disposition having short wings each with a spur used in fighting|
map	v|make a map of; show or establish the features of details of|map the surface of Venus	v|explore or survey for the purpose of making a map|We haven't even begun to map the many galaxies that we know exist	v|locate within a specific region of a chromosome in relation to known DNA or gene sequences|map the genes	v|plan, delineate, or arrange in detail|map one's future
map collection	n|a collection of maps in book form|
map maker	n|a person who makes maps|
map out	v|plan, delineate, or arrange in detail|map one's future
map projection	n|a projection of the globe onto a flat map using a grid of lines of latitude and longitude|
map-reader	n|a person who can read maps|he is a good map-reader
mapinguari	n|supposed human-sized sloth-like creature reportedly sighted by Indians in the Amazon rain forest|
maple	n|wood of any of various maple trees; especially the hard close-grained wood of the sugar maple; used especially for furniture and flooring|	n|any of numerous trees or shrubs of the genus Acer bearing winged seeds in pairs; north temperate zone|
maple family	n|a family of trees and shrubs of order Sapindales including the maples|
maple sugar	n|sugar made from the sap of the sugar maple tree|
maple syrup	n|made by concentrating sap from sugar maples|
maple syrup urine disease	n|an inherited disorder of metabolism in which the urine has a odor characteristic of maple syrup; if untreated it can lead to mental retardation and death in early childhood|
maple-leaf	n|the emblem of Canada|
maple-leaf begonia	n|tuberous or semi-tuberous South African begonia having shallowly lobed ovate leaves and small white flowers|
maple-leaved bayur	n|Indian tree having fragrant nocturnal white flowers and yielding a reddish wood used for planking; often grown as an ornamental or shade tree|
maple-like	adj|resembling maple|maplelike leaves
maplelike	adj|resembling maple|maplelike leaves
mapmaking	n|the making of maps and charts|
mapper	n|a clerk who marks data on a chart|
mapping	n|(mathematics) a mathematical relation such that each element of a given set (the domain of the function) is associated with an element of another set (the range of the function)|	n|(genetics) the process of locating genes on a chromosome|
mapquest	n|a free, widely-used Web Map Server|	v|search for a location and directions by means of the MapQuest program|you can just mapquest the restaurant
maputo	n|the capital and largest city of Mozambique|
maquis	n|a guerrilla fighter in the French underground in World War II|	n|the French underground that fought against the German occupation in World War II|
maquisard	n|a guerrilla fighter in the French underground in World War II|
mar	v|make imperfect|nothing marred her beauty	v|destroy or injure severely|mutilated bodies	n|the month following February and preceding April|	n|a mark or flaw that spoils the appearance of something (especially on a person's body)|a facial blemish
mara	n|Hindu god of death; opposite of Kama|	n|hare-like rodent of the pampas of Argentina|
marabou	n|large African black-and-white carrion-eating stork; its downy underwing feathers are used to trim garments|	n|the downy feathers of marabou storks are used for trimming garments|
marabou stork	n|large African black-and-white carrion-eating stork; its downy underwing feathers are used to trim garments|
marabout	n|large African black-and-white carrion-eating stork; its downy underwing feathers are used to trim garments|
maraca	n|a percussion instrument consisting of a hollow gourd containing pebbles or beans; often played in pairs|
maracaibo	n|a port city in northwestern Venezuela; a major oil center|
maracan language	n|the language spoken by the Maraco|
maracay	n|a city in north central Venezuela; cattle center|
maraco	n|the language spoken by the Maraco|
marang	n|Philippine tree similar to the breadfruit tree bearing edible fruit|	n|tropical fruit from the Philippines having a mass of small seeds embedded in sweetish white pulp|
marang tree	n|Philippine tree similar to the breadfruit tree bearing edible fruit|
maranta	n|any of numerous herbs of the genus Maranta having tuberous starchy roots and large sheathing leaves|
maranta arundinaceae	n|white-flowered West Indian plant whose root yields arrowroot starch|
marantaceae	n|tropical perennial herbs with usually starchy rhizomes|
marasca	n|small bitter fruit of the marasca cherry tree from whose juice maraschino liqueur is made|	n|Dalmatian bitter wild cherry tree bearing fruit whose juice is made into maraschino liqueur|
marasca cherry	n|Dalmatian bitter wild cherry tree bearing fruit whose juice is made into maraschino liqueur|
maraschino	n|distilled from fermented juice of bitter wild marasca cherries|	n|cherry preserved in true or imitation maraschino liqueur|
maraschino cherry	n|Dalmatian bitter wild cherry tree bearing fruit whose juice is made into maraschino liqueur|	n|cherry preserved in true or imitation maraschino liqueur|
maraschino liqueur	n|distilled from fermented juice of bitter wild marasca cherries|
marasmius	n|chiefly small mushrooms with white spores|
marasmius oreades	n|mushroom that grows in a fairy ring|
marasmus	n|extreme malnutrition and emaciation (especially in children); can result from inadequate intake of food or from malabsorption or metabolic disorders|
marat	n|French revolutionary leader (born in Switzerland) who was a leader in overthrowing the Girondists and was stabbed to death in his bath by Charlotte Corday (1743-1793)|
maratha	n|a member of a people of India living in Maharashtra|
marathi	n|an Indic language; the state language of Maharashtra in west central India; written in the Devanagari script|
marathon	n|any long and arduous undertaking|	n|a footrace of 26 miles 385 yards|	n|a battle in 490 BC in which the Athenians and their allies defeated the Persians|
marathon runner	n|someone who participates in long-distance races (especially in marathons)|
marathoner	n|someone who participates in long-distance races (especially in marathons)|
marattia	n|type genus of the Marattiaceae: ferns having the sporangia fused together in two rows|
marattia salicina	n|large Australasian evergreen fern with an edible rhizome sometimes used as a vegetable by indigenous people|
marattiaceae	n|constituting the order Marattiales: chiefly tropical eusporangiate ferns with gigantic fronds|
marattiales	n|lower ferns coextensive with the family Marattiaceae|
maraud	n|a sudden short attack|	v|raid and rove in search of booty|marauding rebels overran the countryside
marauder	n|someone who attacks in search of booty|
marauding	adj|characterized by plundering or pillaging or marauding|bands of marauding Indians
maravilla	n|wildflower having vibrant deep pink tubular evening-blooming flowers; found in sandy and desert areas from southern California to southern Colorado and into Mexico|
marble	n|a hard crystalline metamorphic rock that takes a high polish; used for sculpture and as building material|	n|a small ball of glass that is used in various games|	n|a sculpture carved from marble|	v|paint or stain like marble|marble paper
marble bones disease	n|an inherited disorder characterized by an increase in bone density; in severe forms the bone marrow cavity may be obliterated|
marble cake	n|made of light and dark batter very lightly blended|
marble-wood	n|hard marbled wood|	n|large Asiatic tree having hard marbled zebrawood|
marbled	adj|patterned with veins or streaks or color resembling marble|marbleized pink skin
marbleisation	n|a texture like that of marble|
marbleise	v|make something look like marble|marbleize the fireplace
marbleised	adj|patterned with veins or streaks or color resembling marble|marbleized pink skin
marbleising	n|a texture like that of marble|
marbleization	n|a texture like that of marble|
marbleize	v|make something look like marble|marbleize the fireplace
marbleized	adj|patterned with veins or streaks or color resembling marble|marbleized pink skin
marbleizing	n|a texture like that of marble|
marbles	n|a children's game played with little balls made of a hard substance (as glass)|	n|the basic human power of intelligent thought and perception|he used his wits to get ahead
marblewood	n|hard marbled wood|	n|large Asiatic tree having hard marbled zebrawood|
marbling	n|the intermixture of fat and lean in a cut of meat|
marburg disease	n|a viral disease of green monkeys caused by the Marburg virus; when transmitted to humans it causes serious or fatal illness|
marburg hemorrhagic fever	n|a viral disease of green monkeys caused by the Marburg virus; when transmitted to humans it causes serious or fatal illness|
marburg virus	n|a filovirus that causes Marburg disease; carried by animals; can be used as a bioweapon|
marc	n|made from residue of grapes or apples after pressing|
marc chagall	n|French painter (born in Russia) noted for his imagery and brilliant colors (1887-1985)|
marceau	n|French mime famous for his sad-faced clown (born in 1923)|
marcel	n|a hairdo characterized by deep regular waves that are made by a heated curling iron|	v|make a marcel in a woman's hair|
marcel marceau	n|French mime famous for his sad-faced clown (born in 1923)|
marcel proust	n|French novelist (1871-1922)|
marcello malpighi	n|Italian anatomist who was the first to use a microscope to study anatomy and was among the first to recognize cells in animals (1628-1694)|
march	v|march in a procession|They processed into the dining room	v|force to march|The Japanese marched their prisoners through Manchuria	v|walk fast, with regular or measured steps; walk with a stride|He marched into the classroom and announced the exam	v|march in protest; take part in a demonstration|Thousands demonstrated against globalization during the meeting of the most powerful economic nations in Seattle
march 17	n|a day observed by the Irish to commemorate the patron saint of Ireland|
march 19	n|a Christian holy day|
march 2	n|Texans celebrate the anniversary of Texas' declaration of independence from Mexico in 1836|
march 25	n|a festival commemorating the announcement of the Incarnation by the angel Gabriel to the Virgin Mary; a quarter day in England, Wales, and Ireland|
march equinox	n|March 21|
march on	v|move forward, also in the metaphorical sense|Time marches on
march out	v|march out (as from a defile) into open ground|The regiments debouched from the valley
marchand de vin	n|brown sauce with mushrooms and red wine or Madeira|
marchantia	n|type genus of Marchantiaceae; liverworts that reproduce asexually by gemmae and have stalked antheridiophores|
marchantia polymorpha	n|a common liverwort|
marchantiaceae	n|liverworts with prostrate and usually dichotomously branched thalli|
marchantiales	n|liverworts with gametophyte differentiated internally|
marche	n|a region in central Italy|
marched upon	adj|being or having been trodden or marched on|
marcher	n|an inhabitant of a border district|	n|walks with regular or stately step|	n|fights on foot with small arms|
marches	n|a region in central Italy|
marching	n|the act of marching; walking with regular steps (especially in a procession of some kind)|it was a long march
marching band	n|a band that marches (as in a parade) and plays music at the same time|
marching music	n|genre of music written for marching|Sousa wrote the best marches
marching order	n|equipage for marching|the company was dressed in full marching order
marching orders	n|(informal) a notice of dismissal or discharge|	n|an order from a superior officer for troops to depart|
marchioness	n|the wife or widow of a marquis|	n|a noblewoman ranking below a duchess and above a countess|
marchland	n|district consisting of the area on either side of a border or boundary of a country or an area|the Welsh marches between England and Wales
marchpane	n|almond paste and egg whites|
marcionism	n|the Christian heresy of the 2nd and 3rd centuries that rejected the Old Testament and denied the incarnation of God in Jesus as a human|
marco polo	n|Venetian traveler who explored Asia in the 13th century and served Kublai Khan (1254-1324)|
marco polo sheep	n|Asiatic wild sheep with exceptionally large horns; sometimes considered a variety of the argali (or Ovis ammon)|
marco polo's sheep	n|Asiatic wild sheep with exceptionally large horns; sometimes considered a variety of the argali (or Ovis ammon)|
marconi	n|Italian electrical engineer who invented wireless telegraphy and in 1901 transmitted radio signals across the Atlantic Ocean (1874-1937)|
marconi rig	n|a rig of triangular sails for a yacht|
marcus annius verus	n|Emperor of Rome; nephew and son-in-law and adoptive son of Antonius Pius; Stoic philosopher; the decline of the Roman Empire began under Marcus Aurelius (121-180)|
marcus antonius	n|Roman general under Julius Caesar in the Gallic wars; repudiated his wife for the Egyptian queen Cleopatra; they were defeated by Octavian at Actium (83-30 BC)|
marcus aurelius	n|Emperor of Rome; nephew and son-in-law and adoptive son of Antonius Pius; Stoic philosopher; the decline of the Roman Empire began under Marcus Aurelius (121-180)|
marcus aurelius antoninus	n|Emperor of Rome; nephew and son-in-law and adoptive son of Antonius Pius; Stoic philosopher; the decline of the Roman Empire began under Marcus Aurelius (121-180)|
marcus aurelius valerius maximianus	n|Roman Emperor from 286 until he abdicated in 305; when Diocletian divided the Roman Empire in 286 Maximian became emperor in the west (died in 311)|
marcus cocceius nerva	n|Emperor of Rome who introduced a degree of freedom after the repressive reign of Domitian; adopted Trajan as his successor (30-98)|
marcus junius brutus	n|statesman of ancient Rome who (with Cassius) led a conspiracy to assassinate Julius Caesar (85-42 BC)|
marcus terentius varro	n|Roman scholar (116-27 BC)|
marcus tullius cicero	n|a Roman statesman and orator remembered for his mastery of Latin prose (106-43 BC)|
marcus ulpius traianus	n|Roman Emperor and adoptive son of Nerva; extended the Roman Empire to the east and conducted an extensive program of building (53-117)|
marcus vipsanius agrippa	n|Roman general who commanded the fleet that defeated the forces of Antony and Cleopatra at Actium (63-12 BC)|
mardi gras	n|the last day before Lent|	n|a carnival held in some countries on Shrove Tuesday (the last day before Lent) but especially in New Orleans|
marduk	n|the chief Babylonian god; his consort was Sarpanitu|
mare	n|female equine animal|	n|a dark region of considerable extent on the surface of the moon|
mare clausum	n|(closed sea) a navigable body of water under the jurisdiction of a single nation|
mare liberum	n|(free sea) a navigable body of water to which all nations have equal access|
mare nostrum	n|(our sea) the Mediterranean to the ancient Romans|
mare's nest	n|a confused multitude of things|
mare's tail	n|a long narrow flowing cirrus cloud|
marengo	n|a battle in 1800 in which the French under Napoleon Bonaparte won a great victory over the Austrians|
marfan's syndrome	n|an autosomal dominant disease characterized by elongated bones (especially of limbs and digits) and abnormalities of the eyes and circulatory system|
margaret court	n|Australian woman tennis player who won many major championships (born in 1947)|
margaret hilda thatcher	n|British stateswoman; first woman to serve as Prime Minister (born in 1925)|
margaret thatcher	n|British stateswoman; first woman to serve as Prime Minister (born in 1925)|
margarete gertrud zelle	n|Dutch dancer who was executed by the French as a German spy in World War I (1876-1917)|
margaric acid	n|a colorless crystalline synthetic fatty acid|
margarin	n|a glyceryl ester of margaric acid|	n|a spread made chiefly from vegetable oils and used as a substitute for butter|
margarine	n|a spread made chiefly from vegetable oils and used as a substitute for butter|
margarita	n|a cocktail made of tequila and triple sec with lime and lemon juice|
margasivsa	n|the ninth month of the Hindu calendar|
margate	n|a grunt with a red mouth that is found from Florida to Brazil|
margay	n|small spotted wildcat found from Texas to Brazil|
margay cat	n|small spotted wildcat found from Texas to Brazil|
marge	n|a spread made chiefly from vegetable oils and used as a substitute for butter|
margin	n|the boundary line or the area immediately inside the boundary|	n|an amount beyond the minimum necessary|the margin of victory	n|the amount of collateral a customer deposits with a broker when borrowing from the broker to buy securities|	n|(finance) the net sales minus the cost of goods and services sold|
margin account	n|an account with a securities brokerage in which the broker extends credit|
margin call	n|a demand by a broker that a customer deposit enough to bring his margin up to the minimum requirement|
margin of error	n|the margin required in order to insure safety|in engineering the margin of safety is the strength of the material minus the anticipated stress
margin of profit	n|the ratio gross profits divided by net sales|
margin of safety	n|the margin required in order to insure safety|in engineering the margin of safety is the strength of the material minus the anticipated stress
marginal	adj|at or constituting a border or edge|the marginal strip of beach	adj|of questionable or minimal quality|borderline grades	adj|just barely adequate or within a lower limit|a bare majority	adj|producing at a rate that barely covers production costs|marginal industries
marginal cost	n|the increase or decrease in costs as a result of one more or one less unit of output|
marginal placentation	n|with ovules borne on the wall along the ventral suture of a simple ovary|
marginal utility	n|(economics) the amount that utility increases with an increase of one unit of an economic good or service|
marginalia	n|notes written in the margin|
marginalisation	n|the social process of becoming or being made marginal (especially as a group within the larger society)|the marginalization of the underclass
marginalise	v|relegate to a lower or outer edge, as of specific groups of people|We must not marginalize the poor in our society
marginality	n|the property of being marginal or on the fringes|
marginalization	n|the social process of becoming or being made marginal (especially as a group within the larger society)|the marginalization of the underclass
marginalize	v|relegate to a lower or outer edge, as of specific groups of people|We must not marginalize the poor in our society
marginally	adv|in a marginal manner|marginally interesting
marginocephalia	n|includes boneheaded (pachycephalosaurs) and horned (ceratopsian) dinosaurs|
marginocephalian	n|includes boneheaded (pachycephalosaurs) and horned (ceratopsian) dinosaurs|
margosa	n|large semi-evergreen tree of the East Indies; trunk exudes a tenacious gum; bitter bark used as a tonic; seeds yield an aromatic oil; sometimes placed in genus Melia|
margrave	n|the military governor of a frontier province in medieval Germany|	n|a German nobleman ranking above a count (corresponding in rank to a British marquess)|
marguerite	n|tall leafy-stemmed Eurasian perennial with white flowers; widely naturalized; often placed in genus Chrysanthemum|	n|perennial subshrub of the Canary Islands having usually pale yellow daisylike flowers; often included in genus Chrysanthemum|
marguerite daisy	n|perennial subshrub of the Canary Islands having usually pale yellow daisylike flowers; often included in genus Chrysanthemum|
marguerite radclyffe hall	n|English writer whose novel about a lesbian relationship was banned in Britain for many years (1883-1943)|
mari	n|a member of a rural Finnish people living in eastern Russia|	n|the Finnic language spoken by the Cheremis|
maria	n|a dark region of considerable extent on the surface of the moon|	n|valuable timber tree of Panama|
maria luigi carlo zenobio cherubini	n|Italian composer of church music and operas (1760-1842)|
maria montesorri	n|Italian educator who developed a method of teaching mentally handicapped children and advocated a child-centered approach (1870-1952)|
mariachi	n|a group of street musicians in Mexico|
marian	adj|of or relating to or venerating the Virgin Mary|
mariana islands	n|a chain of coral and volcanic islands in Micronesia (including Guam and the Northern Marianas) halfway between New Guinea and Japan; discovered by Magellan in 1521|
marianas	n|a chain of coral and volcanic islands in Micronesia (including Guam and the Northern Marianas) halfway between New Guinea and Japan; discovered by Magellan in 1521|
maricopa	n|the Yuman language spoken by the Maricopa and the Halchidhoma|
marie anne charlotte corday d'armont	n|French revolutionary heroine (a Girondist) who assassinated Marat (1768-1793)|
marie antoinette	n|queen of France (as wife of Louis XVI) who was unpopular; her extravagance and opposition to reform contributed to the overthrow of the monarchy; she was guillotined along with her husband (1755-1793)|
marie charlotte carmichael stopes	n|birth-control campaigner who in 1921 opened the first birth control clinic in London (1880-1958)|
marie curie	n|French chemist (born in Poland) who won two Nobel prizes; one (with her husband and Henri Becquerel) for research on radioactivity and another for her discovery of radium and polonium (1867-1934)|
marie dolores eliza rosanna gilbert	n|Irish dancer (1818-1861)|
marie grosholtz	n|French modeler (resident in England after 1802) who made wax death masks of prominent victims of the French Revolution and toured Britain with her wax models; in 1835 she opened a permanent waxworks exhibition in London (1761-1850)|
marie henri beyle	n|French writer whose novels were the first to feature psychological analysis of the character (1783-1842)|
marie jean antoine nicolas caritat	n|French mathematician and philosopher (1743-1794)|
marie jeanne becu	n|courtier and influential mistress of Louis XV who was guillotined during the French Revolution (1743-1793)|
marie louise elisabeth vigee-lebrun	n|French painter noted for her portraits (1755-1842)|
marie stopes	n|birth-control campaigner who in 1921 opened the first birth control clinic in London (1880-1958)|
marie tussaud	n|French modeler (resident in England after 1802) who made wax death masks of prominent victims of the French Revolution and toured Britain with her wax models; in 1835 she opened a permanent waxworks exhibition in London (1761-1850)|
marie-strumpell disease	n|a chronic form of spondylitis primarily in males and marked by impaired mobility of the spine; sometimes leads to ankylosis|
mariehamn	n|a town that is the chief port of the Aland islands|
marihuana	n|a strong-smelling plant whose dried leaves can be smoked for a pleasant effect or pain reduction|	n|the most commonly used illicit drug; considered a soft drug, it consists of the dried leaves of the hemp plant; smoked or chewed for euphoric effect|
marijuana	n|a strong-smelling plant whose dried leaves can be smoked for a pleasant effect or pain reduction|	n|the most commonly used illicit drug; considered a soft drug, it consists of the dried leaves of the hemp plant; smoked or chewed for euphoric effect|
marijuana cigarette	n|marijuana leaves rolled into a cigarette for smoking|
marimba	n|a percussion instrument with wooden bars tuned to produce a chromatic scale and with resonators; played with small mallets|
marina	n|a fancy dock for small yachts and cabin cruisers|
marinade	n|mixtures of vinegar or wine and oil with various spices and seasonings; used for soaking foods before cooking|	v|soak in marinade|marinade herring
marinara	n|sauce for pasta; contains tomatoes and garlic and herbs|
marinate	v|soak in marinade|marinade herring
marine	adj|of or relating to the sea|marine explorations	adj|relating to or involving ships or shipping or navigation or seamen|nautical charts	adj|relating to or characteristic of or occurring on or in the sea|	adj|native to or inhabiting the sea|marine plants and animals such as seaweed and whales
marine animal	n|any of numerous animals inhabiting the sea including e.g. fishes and molluscs and many mammals|
marine archaeology	n|the archeology of underwater sites|
marine archeology	n|the archeology of underwater sites|
marine creature	n|any of numerous animals inhabiting the sea including e.g. fishes and molluscs and many mammals|
marine engineer	n|a naval officer responsible for the operation and maintenance of the ship's engines|
marine glue	n|glue that is not water soluble|
marine iguana	n|shore-dwelling seaweed-eating lizard of the Galapagos Islands|
marine law	n|the branch of international law that deals with territorial and international waters or with shipping or with ocean fishery etc.|
marine mine	n|an explosive mine designed to destroy ships that bump into it|
marine museum	n|a tank or pool or bowl filled with water for keeping live fish and underwater animals|
marine mussel	n|marine bivalve mollusk having a dark elongated shell; live attached to solid objects especially in intertidal zones|
marine turtle	n|any of various large turtles with limbs modified into flippers; widely distributed in warm seas|
marineland	n|a commercial aquarium featuring trained dolphins|
mariner	n|a man who serves as a sailor|
mariner's compass	n|compass in the form of a card that rotates so that 0 degrees or North points to magnetic north|
marines	n|members of a body of troops trained to serve on land or at sea|
marini	n|Italian poet (1569-1625)|
marino	n|Italian poet (1569-1625)|
mario vargas llosa	n|Peruvian writer (born in 1936)|
marionette	n|a small figure of a person operated from above with strings by a puppeteer|
mariotte's law	n|the pressure of an ideal gas at constant temperature varies inversely with the volume|
mariposan	n|a Penutian language spoken by the Yokuts in the San Joaquin Valley|
marital	adj|of or relating to the state of marriage|marital status
marital bed	n|the relationship between wife and husband|
marital communications privilege	n|neither spouse can divulge confidential communications from the other while they were married|
marital relationship	n|the relationship between wife and husband|
marital status	n|the condition of being married or unmarried|
mariticide	n|the murder of a husband by his wife|
maritime	adj|relating to or involving ships or shipping or navigation or seamen|nautical charts	adj|bordering on or living or characteristic of those near the sea|a maritime province
maritime law	n|the branch of international law that deals with territorial and international waters or with shipping or with ocean fishery etc.|
maritime provinces	n|the collective name for the Canadian provinces of New Brunswick and Nova Scotia and Prince Edward Island|
maritimes	n|the collective name for the Canadian provinces of New Brunswick and Nova Scotia and Prince Edward Island|
marjoram	n|aromatic Eurasian perennial|	n|pungent leaves used as seasoning with meats and fowl and in stews and soups and omelets|
mark	v|attach a tag or label to|label these bottles	v|designate as if by a mark|This sign marks the border	v|be a distinctive feature, attribute, or trait; sometimes in a very positive sense|His modesty distinguishes him from his peers	v|celebrate by some ceremony or observation|The citizens mark the anniversary of the revolution with a march and a parade
mark anthony	n|Roman general under Julius Caesar in the Gallic wars; repudiated his wife for the Egyptian queen Cleopatra; they were defeated by Octavian at Actium (83-30 BC)|
mark antony	n|Roman general under Julius Caesar in the Gallic wars; repudiated his wife for the Egyptian queen Cleopatra; they were defeated by Octavian at Actium (83-30 BC)|
mark down	v|reduce the price of|
mark of cain	n|the mark that God set upon Cain now refers to a person's sinful nature|
mark off	v|set boundaries to and delimit|mark out the territory	v|put a check mark on or near or next to|Please check each name on the list
mark out	v|set boundaries to and delimit|mark out the territory
mark up	v|increase the price of|
marked	adj|strongly marked; easily noticeable|walked with a marked limp	adj|singled out for notice or especially for a dire fate|a marked man	adj|having or as if having an identifying mark or a mark as specified; often used in combination|played with marked cards
marked-up	adj|(of a manuscript) defaced with changes|foul (or dirty) copy
markedly	adv|in a clearly noticeable manner|sales of luxury cars dropped markedly
marker	n|some conspicuous object used to distinguish or mark something|the buoys were markers for the channel	n|a distinguishing symbol|the owner's mark was on all the sheep	n|a writing implement for making a mark|
market	n|the world of commercial activity where goods and services are bought and sold|without competition there would be no market	n|the customers for a particular product or service|before they publish any book they try to determine the size of the market for it	n|a marketplace where groceries are sold|the grocery store included a meat market	n|the securities markets in the aggregate|the market always frustrates the small investor
market analysis	n|marketing research that yields information about the marketplace|
market analyst	n|an analyst of conditions affecting a market (especially the stock market)|
market capitalisation	n|an estimation of the value of a business that is obtained by multiplying the number of shares outstanding by the current price of a share|
market capitalization	n|an estimation of the value of a business that is obtained by multiplying the number of shares outstanding by the current price of a share|
market cross	n|a cross-shaped monument set up in the marketplace of a town where public business is often conducted|
market day	n|a fixed day for holding a public market|
market economy	n|an economy that relies chiefly on market forces to allocate goods and resources and to determine prices|
market forces	n|the interaction of supply and demand that shapes a market economy|
market garden	n|a garden where fruit and vegetables are grown for marketing|
market gardening	n|the growing of vegetables or flowers for market|
market keeper	n|a merchant who owns or manages a shop|
market letter	n|a newsletter written by an analyst of the stock market and sold to subscribers|
market order	n|an order to a broker to sell or buy stocks or commodities at the prevailing market price|
market penetration	n|the extent to which a product is recognized and bought by customers in a particular market|
market place	n|an area in a town where a public mercantile establishment is set up|	n|the world of commercial activity where goods and services are bought and sold|without competition there would be no market
market price	n|the price at which buyers and sellers trade the item in an open marketplace|
market research	n|research that gathers and analyzes information about the moving of good or services from producer to consumer|
market square	n|a public marketplace where food and merchandise is sold|
market strategist	n|someone skilled in planning marketing campaigns|
market town	n|a (usually small) town where a public market is held at stated times|
market value	n|the price at which buyers and sellers trade the item in an open marketplace|
marketable	adj|being in demand by especially employers|marketable skills	adj|fit to be offered for sale|marketable produce	adj|capable of being marketed|the marketable surplus
marketer	n|someone who promotes or exchanges goods or services for money|
marketing	n|the exchange of goods for an agreed sum of money|	n|the commercial processes involved in promoting and selling and distributing a product or service|most companies have a manager in charge of marketing	n|shopping at a market|does the weekly marketing at the supermarket
marketing cost	n|the cost of marketing (e.g., the cost of transferring title and moving goods to the customer)|
marketing research	n|research that gathers and analyzes information about the moving of good or services from producer to consumer|
marketplace	n|the world of commercial activity where goods and services are bought and sold|without competition there would be no market	n|an area in a town where a public mercantile establishment is set up|
markhoor	n|large Himalayan goat with large spiraled horns|
markhor	n|large Himalayan goat with large spiraled horns|
marking	n|a distinguishing symbol|the owner's mark was on all the sheep	n|a pattern of marks|	n|evaluation of performance by assigning a grade or score|what he disliked about teaching was all the grading he had to do	n|the act of making a visible mark on a surface|
marking ink	n|an indelible ink for marking clothes or linens etc.|
markka	n|formerly the basic unit of money in Finland|
markoff	n|Russian mathematician (1856-1922)|
markoff chain	n|a Markov process for which the parameter is discrete time values|
markoff process	n|a simple stochastic process in which the distribution of future states depends only on the present state and not on how it arrived in the present state|
markov	n|Russian mathematician (1856-1922)|
markov chain	n|a Markov process for which the parameter is discrete time values|
markov process	n|a simple stochastic process in which the distribution of future states depends only on the present state and not on how it arrived in the present state|
markova	n|English ballet dancer (born in 1910)|
markovian	adj|relating to or generated by a Markov process|
marks	n|English businessman who created a retail chain (1888-1964)|
marksman	n|someone skilled in shooting|
marksmanship	n|skill in shooting|
markup	n|the amount added to the cost to determine the asking price|	n|detailed stylistic instructions for typesetting something that is to be printed; manual markup is usually written on the copy (e.g. underlining words that are to be set in italics)|
markup language	n|a set of symbols and rules for their use when doing a markup of a document|
marl	n|a loose and crumbling earthy deposit consisting mainly of calcite or dolomite; used as a fertilizer for soils deficient in lime|
marley	n|Jamaican singer who popularized reggae (1945-1981)|
marlin	n|large long-jawed oceanic sport fishes; related to sailfishes and spearfishes; not completely cold-blooded i.e. able to warm their brains and eyes|
marline	n|a small usually tarred line of 2 strands|
marlinespike	n|a pointed iron hand tool that is used to separate strands of a rope or cable (as in splicing)|
marlingspike	n|a pointed iron hand tool that is used to separate strands of a rope or cable (as in splicing)|
marlinspike	n|a pointed iron hand tool that is used to separate strands of a rope or cable (as in splicing)|
marlite	n|metamorphic rock with approximately the same composition as marl|
marlowe	n|English poet and playwright who introduced blank verse as a form of dramatic expression; was stabbed to death in a tavern brawl (1564-1593)|
marlstone	n|metamorphic rock with approximately the same composition as marl|
marly	adj|of or relating to or resembling or abounding in marl|
marmalade	n|a preserve made of the pulp and rind of citrus fruits|
marmalade box	n|tree of the West Indies and northern South America bearing succulent edible orange-sized fruit|
marmalade orange	n|any of various common orange trees yielding sour or bitter fruit; used as grafting stock|
marmalade plum	n|brown oval fruit flesh makes excellent sherbet|
marmara	n|an inland sea in northwestern Turkey; linked to the Black Sea by the Bosporus and linked to the Aegean by the Dardanelles|
marmara denizi	n|an inland sea in northwestern Turkey; linked to the Black Sea by the Bosporus and linked to the Aegean by the Dardanelles|
marmite	n|soup cooked in a large pot|	n|a large pot especially one with legs used e.g. for cooking soup|
marmora	n|an inland sea in northwestern Turkey; linked to the Black Sea by the Bosporus and linked to the Aegean by the Dardanelles|
marmoreal	adj|of or relating to or characteristic of marble|
marmorean	adj|of or relating to or characteristic of marble|
marmot	n|stocky coarse-furred burrowing rodent with a short bushy tail found throughout the northern hemisphere; hibernates in winter|
marmota	n|marmots|
marmota flaviventris	n|heavy-bodied yellowish-brown marmot of rocky areas of western North America|
marne river	n|a World War I battle in northwestern France where the Allies defeated the Germans in 1918|
maroc	adj|of or relating to or characteristic of Morocco or its people|Moroccan mosques cannot be entered by infidels	n|a kingdom (constitutional monarchy) in northwestern Africa with a largely Muslim population; achieved independence from France in 1956|
marocain	n|a dress crepe; similar to Canton crepe|
maroon	adj|of dark brownish to purplish red|	v|leave stranded or isolated with little hope of rescue|the travellers were marooned	v|leave stranded on a desert island without resources|The mutinous sailors were marooned on an island	n|a person who is stranded (as on an island)|when the tide came in I was a maroon out there
maroon-purple	adj|of purple tinged with maroon|
maroon-spotted	adj|having maroon spots|
marooned	adj|cut off or left behind|an isolated pawn
marplan	n|a monoamine oxidase inhibitor (trade name Marplan) that is used to treat clinical depression|
marque	n|a name given to a product or service|
marquee	n|large and often sumptuous tent|	n|permanent canopy over an entrance of a hotel etc.|
marquesas islands	n|a group of volcanic islands in the south central Pacific; part of French Polynesia|
marquess	n|nobleman (in various countries) ranking above a count|	n|a British peer ranking below a duke and above an earl|
marqueterie	n|inlaid veneers are fitted together to form a design or picture that is then used to ornament furniture|
marquetry	n|inlaid veneers are fitted together to form a design or picture that is then used to ornament furniture|
marquette	n|French missionary who accompanied Louis Joliet in exploring the upper Mississippi River valley (1637-1675)|	n|a town on Lake Superior on the Upper Peninsula in northwest Michigan|
marquis	n|humorist who wrote about the imaginary life of cockroaches (1878-1937)|	n|nobleman (in various countries) ranking above a count|
marquis de condorcet	n|French mathematician and philosopher (1743-1794)|
marquis de laplace	n|French mathematician and astronomer who formulated the nebular hypothesis concerning the origins of the solar system and who developed the theory of probability (1749-1827)|
marquis de sade	n|French soldier and writer whose descriptions of sexual perversion gave rise to the term `sadism' (1740-1814)|
marquise	n|a noblewoman ranking below a duchess and above a countess|	n|permanent canopy over an entrance of a hotel etc.|
marquise de maintenon	n|French consort of Louis XIV who secretly married the king after the death of his first wife (1635-1719)|
marquise de montespan	n|French noblewoman who was mistress to Louis XIV until he became attracted to Madame de Maintenon (1641-1707)|
marquise de pompadour	n|French noblewoman who was the lover of Louis XV, whose policies she influenced (1721-1764)|
marrakech	n|a city in western Morocco; tourist center|
marrakesh	n|a city in western Morocco; tourist center|
marrano	n|(medieval Spain and Portugal) a disparaging term for a Jew who converted to Christianity in order to avoid persecution but continued to practice their religion secretly|
marred	adj|blemished by injury or rough wear|the scarred piano bench
marri	n|very large red gum tree|
marriage	n|the state of being a married couple voluntarily joined for life (or until divorce)|a long and happy marriage	n|two people who are married to each other|his second marriage was happier than the first	n|the act of marrying; the nuptial ceremony|their marriage was conducted in the chapel	n|a close and intimate union|the marriage of music and dance
marriage bed	n|the bed shared by a newly wed couple|
marriage broker	n|someone who arranges (or tries to arrange) marriages for others|
marriage brokerage	n|a business that arranges marriage contracts|
marriage ceremony	n|the act of marrying; the nuptial ceremony|their marriage was conducted in the chapel
marriage contract	n|a prenuptial agreement or contract|
marriage counseling	n|counseling on marital problems and disagreements|
marriage licence	n|a license authorizing two people to marry|
marriage license	n|a license authorizing two people to marry|
marriage mart	n|a business that arranges marriage contracts|
marriage of convenience	n|a marriage for expediency rather than love|
marriage offer	n|an offer of marriage|
marriage proposal	n|an offer of marriage|
marriage settlement	n|a prenuptial agreement or contract|
marriageability	n|eligibility for marriage|
marriageable	adj|of girls or women who are eligible to marry|
married	adj|joined in matrimony|a married man	adj|of or relating to the state of marriage|marital status	n|a person who is married|we invited several young marrieds
married couple	n|two people who are married to each other|his second marriage was happier than the first
married man	n|a married man; a woman's partner in marriage|
married person	n|a person's partner in marriage|
married woman	n|a married woman; a man's partner in marriage|
marrow	n|the fatty network of connective tissue that fills the cavities of bones|	n|any of various squash plants grown for their elongated fruit with smooth dark green skin and whitish flesh|	n|very tender and very nutritious tissue from marrowbones|	n|large elongated squash with creamy to deep green skins|
marrow squash	n|any of various squash plants grown for their elongated fruit with smooth dark green skin and whitish flesh|
marrowbone	n|a bone containing edible marrow; used especially in flavoring soup|
marrowfat pea	n|a variety of large pea that is commonly processed and sold in cans|
marrubium	n|Old World aromatic herbs: horehound|
marrubium vulgare	n|European aromatic herb with hairy leaves and numerous white flowers in axillary cymes; leaves yield a bitter extract use medicinally and as flavoring|
marruecos	n|a kingdom (constitutional monarchy) in northwestern Africa with a largely Muslim population; achieved independence from France in 1956|
marry	v|take in marriage|	v|perform a marriage ceremony|The minister married us on Saturday
mars	n|a small reddish planet that is the 4th from the sun and is periodically visible to the naked eye; minerals rich in iron cover its surface and are responsible for its characteristic color|Mars has two satellites	n|(Roman mythology) Roman god of war and agriculture; father of Romulus and Remus; counterpart of Greek Ares|
marsala	n|dark sweet or semisweet dessert wine from Sicily|
marseillaise	n|the French national anthem|
marseille	n|a port city in southeastern France on the Mediterranean|	n|strong cotton fabric with a raised pattern; used for bedspreads|
marseilles	n|a port city in southeastern France on the Mediterranean|
marseilles fever	n|a disease (common in India and around the Mediterranean area) caused by a rickettsia that is transmitted to humans by a reddish brown tick (ixodid) that lives on dogs and other mammals|
marsh	n|low-lying wet land with grassy vegetation; usually is a transition zone between land and water|thousands of acres of marshland	n|New Zealand writer of detective stories (1899-1982)|
marsh andromeda	n|erect to procumbent evergreen shrub having pendent clusters of white or pink flowers; of sphagnum peat bogs and other wet acidic areas in northern Europe|
marsh bellflower	n|bellflower common in marshes of eastern North America having lanceolate linear leaves and small whitish flowers|
marsh buggy	n|an amphibious vehicle typically having four-wheel drive and a raised body|
marsh cress	n|annual or biennial cress growing in damp places sometimes used in salads or as a potherb; troublesome weed in some localities|
marsh elder	n|any of various coarse shrubby plants of the genus Iva with small greenish flowers; common in moist areas (as coastal salt marshes) of eastern and central North America|
marsh felwort	n|perennial of damp places in mountains of Eurasia and North America having dull-colored blue or violet flowers|
marsh fern	n|fern having pinnatifid fronds and growing in wet places; cosmopolitan in north temperate regions|
marsh gas	n|methane gas produced when vegetation decomposes in water|
marsh gentian	n|perennial Eurasian gentian with sky-blue funnel-shaped flowers of damp open heaths|
marsh hare	n|a wood rabbit of marshy coastal areas from North Carolina to Florida|
marsh harrier	n|Old World harrier frequenting marshy regions|
marsh hawk	n|common harrier of North America and Europe; nests in marshes and open land|
marsh hen	n|a coot found in North America|	n|any of various small aquatic birds of the genus Gallinula distinguished from rails by a frontal shield and a resemblance to domestic hens|
marsh horsetail	n|scouring-rush horsetail widely distributed in wet or boggy areas of northern hemisphere|
marsh marigold	n|swamp plant of Europe and North America having bright yellow flowers resembling buttercups|
marsh orchid	n|any of several orchids of the genus Dactylorhiza having fingerlike tuberous roots; Europe and Mediterranean region|
marsh pea	n|scrambling perennial of damp or marshy areas of Eurasia and North America with purplish flowers|
marsh plant	n|a semiaquatic plant that grows in soft wet land; most are monocots: sedge, sphagnum, grasses, cattails, etc; possibly heath|
marsh rosemary	n|any of various plants of the genus Limonium of temperate salt marshes having spikes of white or mauve flowers|
marsh tea	n|bog shrub of northern and central Europe and eastern Siberia to Korea and Japan|
marsh trefoil	n|perennial plant of Europe and America having racemes of white or purplish flowers and intensely bitter trifoliate leaves; often rooting at water margin and spreading across the surface|
marsh wren	n|a wren of the genus Cistothorus that frequents marshes|
marshal	v|place in proper rank|marshal the troops	v|arrange in logical order|marshal facts or arguments	v|make ready for action or use|marshal resources	v|lead ceremoniously, as in a procession|
marshal saxe	n|a French marshal who distinguished himself in the War of the Austrian Succession (1696-1750)|
marshal tito	n|Yugoslav statesman who led the resistance to German occupation during World War II and established a communist state after the war (1892-1980)|
marshall	n|(in some countries) a military officer of highest rank|	n|a law officer having duties similar to those of a sheriff in carrying out the judgments of a court of law|
marshall islands	n|a group of coral islands in eastern Micronesia|
marshall mcluhan	n|Canadian writer noted for his analyses of the mass media (1911-1980)|
marshalling yard	n|a railway yard in which trains are assembled and goods are loaded|
marshalship	n|the post of marshall|
marshland	n|low-lying wet land with grassy vegetation; usually is a transition zone between land and water|thousands of acres of marshland
marshmallow	n|spongy confection made of gelatin and sugar and corn syrup and dusted with powdered sugar|
marshmallow fluff	n|a very sweet white spread resembling marshmallow candy|
marshy	adj|(of soil) soft and watery|the ground was boggy under foot
marsilea	n|clover ferns|
marsilea drummondii	n|Australian clover fern|
marsileaceae	n|clover ferns|
marstan	n|English playwright (1575-1634)|
marston moor	n|a former moor in northern England|	n|a battle in 1644 in which the Parliamentarians under the earl of Manchester defeated the Royalists under Prince Rupert|
marsupial	adj|of or relating to the marsupials|marsupial animals	n|mammals of which the females have a pouch (the marsupium) containing the teats where the young are fed and carried|
marsupial mole	n|small burrowing Australian marsupial that resembles a mole|
marsupial mouse	n|any of numerous small sharp-nosed insectivorous marsupials superficially resembling mice or rats|
marsupial rat	n|any of numerous small sharp-nosed insectivorous marsupials superficially resembling mice or rats|
marsupialia	n|coextensive with the subclass Metatheria|
marsupium	n|an external abdominal pouch in most marsupials where newborn offspring are suckled|
mart	n|an area in a town where a public mercantile establishment is set up|
marta brigit nilsson	n|Swedish operatic soprano who played Wagnerian roles (born in 1918)|
martagon	n|lily with small dull purple flowers of northwestern Europe and northwestern Asia|
martello tower	n|a circular masonry fort for coastal defence|
marten	n|agile slender-bodied arboreal mustelids somewhat larger than weasels|
marten cat	n|agile slender-bodied arboreal mustelids somewhat larger than weasels|
martensite	n|a solid solution of carbon in alpha-iron that is formed when steel is cooled so rapidly that the change from austenite to pearlite is suppressed; responsible for the hardness of quenched steel|
martes	n|martens|
martes americana	n|valued for its fur|
martes foina	n|Eurasian marten having a brown coat with pale breast and throat|
martes martes	n|dark brown marten of northern Eurasian coniferous forests|
martes zibellina	n|marten of northern Asian forests having luxuriant dark brown fur|
martha beatrice potter webb	n|English writer and a central member of the Fabian Society (1858-1943)|
martha's vineyard	n|an island summer resort off of Cape Cod|
marti	n|Cuban poet and revolutionary who fought for Cuban independence from Spain (1853-1895)|
martial	adj|(of persons) befitting a warrior|a military bearing	adj|suggesting war or military life|	adj|of or relating to the armed forces|martial law	n|Roman poet noted for epigrams (first century BC)|
martial art	n|any of several Oriental arts of weaponless self-defense; usually practiced as a sport|he had a black belt in the martial arts
martial law	n|the body of law imposed by the military over civilian affairs (usually in time of war or civil crisis); overrides civil law|
martial music	n|brisk marching music suitable for troops marching in a military parade|
martially	adv|in a martial manner|
martian	adj|of or relating to the planet Mars (or its fictional inhabitants)|	n|imaginary people who live on the planet Mars|
martin	n|French bishop who is a patron saint of France (died in 397)|	n|any of various swallows with squarish or slightly forked tail and long pointed wings; migrate around Martinmas|
martin buber	n|Israeli religious philosopher (born in Austria); as a Zionist he promoted understanding between Jews and Arabs; his writings affected Christian thinkers as well as Jews (1878-1965)|
martin heidegger	n|German philosopher whose views on human existence in a world of objects and on Angst influenced the existential philosophers (1889-1976)|
martin heinrich klaproth	n|German chemist who pioneered analytical chemistry and discovered three new elements (1743-1817)|
martin luther	n|German theologian who led the Reformation; believed that salvation is granted on the basis of faith rather than deeds (1483-1546)|
martin luther king day	n|observed on the Monday closest to January 15|
martin luther king jr's birthday	n|observed on the Monday closest to January 15|
martin v	n|Italian pope from 1417 to 1431 whose election as pope ended the Great Schism (1368-1431)|
martinet	n|someone who demands exact conformity to rules and forms|
martingale	n|a harness strap that connects the nose piece to the girth; prevents the horse from throwing back its head|	n|spar under the bowsprit of a sailboat|
martini	n|a cocktail made of gin (or vodka) with dry vermouth|
martinique	n|an island in the eastern Caribbean in the Windward Islands; administered as an overseas region of France|
martinmas	n|the feast of Saint Martin; a quarter day in Scotland|
martynia	n|sprawling annual or perennial herb of Central America and West Indies having creamy-white to red-purple bell-shaped flowers followed by unusual horned fruit|
martynia annua	n|sprawling annual or perennial herb of Central America and West Indies having creamy-white to red-purple bell-shaped flowers followed by unusual horned fruit|
martynia arenaria	n|alternatively placed in genus Martynia|
martynia fragrans	n|a herbaceous plant of the genus Proboscidea|
martyniaceae	n|in most classifications not considered a separate family but included in the Pedaliaceae|
martyr	n|one who suffers for the sake of principle|	n|one who voluntarily suffers death as the penalty for refusing to renounce their religion|	v|kill as a martyr|Saint Sebastian was martyred	v|torture and torment like a martyr|
martyr operation	n|killing or injuring others while annihilating yourself; usually accomplished with a bomb|
martyrdom	n|death that is imposed because of the person's adherence of a religious faith or cause|	n|any experience that causes intense suffering|
martyrise	v|torture and torment like a martyr|
martyrize	v|torture and torment like a martyr|
martyrs of al-aqsa	n|a militant offshoot of al-Fatah that is the newest and strongest and best equipped faction active in the West Bank; responsible for many deadly attacks in Israel in 2002|
marum	n|Mediterranean germander having small hairy leaves and reddish purple flowers; attractive to cats|
marumi	n|shrub bearing round-fruited kumquats|
marumi kumquat	n|shrub bearing round-fruited kumquats|
marupa	n|tree of the Amazon valley yielding a light brittle timber locally regarded as resistant to insect attack|
marut	n|any of a group of Hindu storm gods; offspring of Rudra|
marvel	v|be amazed at|We marvelled at the child's linguistic abilities	v|express astonishment or surprise about something|	n|something that causes feelings of wonder|the wonders of modern science
marvel-of-peru	n|common garden plant of North America having fragrant red or purple or yellow or white flowers that open in late afternoon|
marvell	n|English poet (1621-1678)|
marveller	n|someone filled with admiration and awe; someone who wonders at something|
marvellous	adj|extraordinarily good or great; used especially as intensifiers|a fantastic trip to the Orient	adj|being or having the character of a miracle|	adj|too improbable to admit of belief|a tall story
marvellously	adv|(used as an intensifier) extremely well|her voice is superbly disciplined
marvelous	adj|extraordinarily good or great; used especially as intensifiers|a fantastic trip to the Orient	adj|too improbable to admit of belief|a tall story	adj|being or having the character of a miracle|
marvelously	adv|(used as an intensifier) extremely well|her voice is superbly disciplined
marx	n|founder of modern communism; wrote the Communist Manifesto with Engels in 1848; wrote Das Kapital in 1867 (1818-1883)|
marxism	n|the economic and political theories of Karl Marx and Friedrich Engels that hold that human actions and institutions are economically determined and that class struggle is needed to create historical change and that capitalism will ultimately be superseded by communism|
marxism-leninism	n|the political and economic theories of Lenin which provided the guiding doctrine of the Soviet Union; the modification of Marxism by Lenin stressed that imperialism is the highest form of capitalism (which shifts the struggle from developed to underdeveloped countries)|
marxist	adj|following the ideas of Marx and Engels|	n|an advocate of Marxism|	n|emotionally charged terms used to refer to extreme radicals or revolutionaries|
marxist-leninist	adj|following the ideas of Marx expanded to include those of Lenin|
mary	n|the mother of Jesus; Christians refer to her as the Virgin Mary; she is especially honored by Roman Catholics|
mary ann evans	n|British writer of novels characterized by realistic analysis of provincial Victorian society (1819-1880)|
mary augusta arnold ward	n|English writer of novels who was an active opponent of the women's suffrage movement (1851-1920)|
mary baker eddy	n|founder of Christian Science in 1866 (1821-1910)|
mary douglas leakey	n|English paleontologist (the wife of Louis Leakey) who discovered the Zinjanthropus skull that was 1,750,000 years old (1913-1996)|
mary godwin wollstonecraft shelley	n|English writer who created Frankenstein's monster and married Percy Bysshe Shelley (1797-1851)|
mary i	n|daughter of Henry VIII and Catherine of Aragon who was Queen of England from 1553 to 1558; she was the wife of Philip II of Spain and when she restored Roman Catholicism to England many Protestants were burned at the stake as heretics (1516-1558)|
mary ii	n|Queen of England and Scotland and Ireland; she was the eldest daughter of James II and ruled jointly with her husband William III (1662-1694)|
mary jane	n|street names for marijuana|
mary leakey	n|English paleontologist (the wife of Louis Leakey) who discovered the Zinjanthropus skull that was 1,750,000 years old (1913-1996)|
mary magdalen	n|sinful woman Jesus healed of evil spirits; she became a follower of Jesus|
mary magdalene	n|sinful woman Jesus healed of evil spirits; she became a follower of Jesus|
mary morse baker eddy	n|founder of Christian Science in 1866 (1821-1910)|
mary queen of scots	n|queen of Scotland from 1542 to 1567; as a Catholic she was forced to abdicate in favor of her son and fled to England where she was imprisoned by Elizabeth I; when Catholic supporters plotted to put her on the English throne she was tried and executed for sedition (1542-1587)|
mary shelley	n|English writer who created Frankenstein's monster and married Percy Bysshe Shelley (1797-1851)|
mary stuart	n|queen of Scotland from 1542 to 1567; as a Catholic she was forced to abdicate in favor of her son and fled to England where she was imprisoned by Elizabeth I; when Catholic supporters plotted to put her on the English throne she was tried and executed for sedition (1542-1587)|
mary tudor	n|daughter of Henry VIII and Catherine of Aragon who was Queen of England from 1553 to 1558; she was the wife of Philip II of Spain and when she restored Roman Catholicism to England many Protestants were burned at the stake as heretics (1516-1558)|
mary wollstonecraft	n|English writer and early feminist who denied male supremacy and advocated equal education for women; mother of Mary Shelley (1759-1797)|
mary wollstonecraft godwin	n|English writer and early feminist who denied male supremacy and advocated equal education for women; mother of Mary Shelley (1759-1797)|
mary wollstonecraft shelley	n|English writer who created Frankenstein's monster and married Percy Bysshe Shelley (1797-1851)|
marya sklodowska	n|French chemist (born in Poland) who won two Nobel prizes; one (with her husband and Henri Becquerel) for research on radioactivity and another for her discovery of radium and polonium (1867-1934)|
maryland	n|a Mid-Atlantic state; one of the original 13 colonies|
maryland chicken	n|chicken fried than oven-baked and served with milk gravy|
marylander	n|a native or resident of Maryland|
marzipan	n|almond paste and egg whites|
masa	n|an independent group of closely related Chadic languages spoken in the area between the Biu-Mandara and East Chadic languages|
masai	n|a Nilotic language|
mascara	n|makeup that is used to darken and thicken the eye lashes|
mascarpone	n|soft mild Italian cream cheese|
mascot	n|a character, animal or object that is adopted by a team or group as a symbolic figure|
masculine	adj|of grammatical gender|	adj|associated with men and not with women|	adj|(music or poetry) ending on an accented beat or syllable|a masculine cadence	n|a gender that refers chiefly (but not exclusively) to males or to objects classified as male|
masculinisation	n|the abnormal development of male sexual characteristics in a female (usually as the result of hormone therapies or adrenal malfunction)|
masculinise	v|produce virilism in or cause to assume masculine characteristics, as through a hormonal imbalance or hormone therapy|the drugs masculinized the teenage girl
masculinity	n|the properties characteristic of the male sex|	n|the trait of behaving in ways considered typical for men|
masculinization	n|the abnormal development of male sexual characteristics in a female (usually as the result of hormone therapies or adrenal malfunction)|
masculinize	v|give a masculine appearance or character to|Fashion designers have masculinized women's looks in the 1990s	v|produce virilism in or cause to assume masculine characteristics, as through a hormonal imbalance or hormone therapy|the drugs masculinized the teenage girl
masdevallia	n|any of numerous orchids of the genus Masdevallia; tufted evergreen often diminutive plants whose flowers in a remarkable range of colors usually resemble a tricorn with sepals fused at the base to form a tube|
masefield	n|English poet (1878-1967)|
maser	n|an acronym for microwave amplification by stimulated emission of radiation; an amplifier that works on the same principle as a laser and emits coherent microwave radiation|
maseru	n|the capital of Lesotho; located in northwestern Lesotho|
mash	v|to compress with violence, out of natural shape or condition|crush an aluminum can	v|talk or behave amorously, without serious intentions|The guys always try to chat up the new secretaries	v|reduce to small pieces or particles by pounding or abrading|grind the spices in a mortar	n|a mixture of mashed malt grains and hot water; used in brewing|
mash bean	n|seed of the mung bean plant; used for food|	n|seed of the mung bean plant used for food|
mashed potato	n|potato that has been peeled and boiled and then mashed|
masher	n|a man who is aggressive in making amorous advances to women|	n|a kitchen utensil used for mashing (e.g. potatoes)|
mashhad	n|the holy city of Shiite Muslims; located in northeastern Iran|
mashi	n|a Bantu language|
mashie	n|middle-distance iron|
mashie niblick	n|iron with a lofted face for hitting high shots to the green|
mashriq	n|Arabic name for the Middle East|
masjid	n|(Islam) a Muslim place of worship|
mask	n|a covering to disguise or conceal the face|	n|activity that tries to conceal something|no mask could conceal his ignorance	n|a party of guests wearing costumes and masks|	n|a protective covering worn over the face|
mask of pregnancy	n|a tan discoloration of a woman's face that is associated with pregnancy or with the use of oral contraceptives|
masked	adj|having its true character concealed with the intent of misleading|hidden agenda	adj|having markings suggestive of a mask|the masked face of a raccoon
masked ball	n|a ball at which guests wear costumes and masks|
masked shrew	n|commonest shrew of moist habitats in North America|
masker	n|a participant in a masquerade|
masking	n|the act of concealing the existence of something by obstructing the view of it|the cover concealed their guns from enemy aircraft	n|the blocking of one sensation resulting from the presence of another sensation|he studied auditory masking by pure tones	n|scenery used to block the audience's view of parts of the stage that should not be seen|
masking paper	n|adhesive tape used to cover the part of a surface that should not be painted|
masking piece	n|scenery used to block the audience's view of parts of the stage that should not be seen|
masking tape	n|adhesive tape used to cover the part of a surface that should not be painted|
masochism	n|sexual pleasure obtained from receiving punishment (physical or psychological)|
masochist	n|someone who obtains pleasure from receiving punishment|
masochistic	adj|deriving pleasure or sexual gratification from being abused or dominated|
masochistically	adv|in a masochistic manner|masochistically he insisted on an even greater workload
mason	n|English film actor (1909-1984)|	n|English writer (1865-1948)|	n|a craftsman who works with stone or brick|	n|a member of a widespread secret fraternal order pledged to mutual assistance and brotherly love|
mason bee	n|any of numerous solitary bees that build nests of hardened mud and sand|
mason city	n|a town in north central Iowa|
mason jar	n|a glass jar with an air-tight screw top; used in home canning|
mason wasp	n|solitary wasp that constructs nests of hardened mud or clay for the young|	n|any of various solitary wasps that construct nests of hardened mud for their young|
mason's level	n|a level longer than a carpenter's level|
mason's trowel	n|a trowel used in masonry|
masonic	adj|of or relating to stonemasons or masonry|masonic tools	adj|of or relating to Freemasons or Freemasonry|Masonic lodge
masonite	n|a type of fiberboard|
masonry	n|structure built of stone or brick by a mason|	n|Freemasons collectively|	n|the craft of a mason|
masora	n|a vast body of textual criticism of the Hebrew Scriptures including notes on features of writing and on the occurrence of certain words and on variant sources and instructions for pronunciation and other comments that were written between AD 600 and 900 by Jewish scribes in the margins or at the end of texts|
masorah	n|a vast body of textual criticism of the Hebrew Scriptures including notes on features of writing and on the occurrence of certain words and on variant sources and instructions for pronunciation and other comments that were written between AD 600 and 900 by Jewish scribes in the margins or at the end of texts|
masorete	n|a scholar who is expert on the Masorah (especially one of the Jewish scribes who contributed to the Masorah)|
masoretic	adj|of or relating to the Masorah|
masorite	n|a scholar who is expert on the Masorah (especially one of the Jewish scribes who contributed to the Masorah)|
masoud	n|Afghan leader of forces opposed to the Taliban; won fame by successfully resisting the Soviets in the 1980s; was assassinated by men posing as journalists (1953-2001)|
masqat	n|a port on the Gulf of Oman and capital of the sultanate of Oman|
masque	n|a party of guests wearing costumes and masks|
masquer	n|a participant in a masquerade|
masquerade	v|take part in a masquerade|	v|pretend to be someone or something that you are not|he is masquerading as an expert on the internet	n|a party of guests wearing costumes and masks|	n|a costume worn as a disguise at a masquerade party|
masquerade ball	n|a ball at which guests wear costumes and masks|
masquerade costume	n|a costume worn as a disguise at a masquerade party|
masquerade party	n|a party of guests wearing costumes and masks|
masquerader	n|a participant in a masquerade|
mass	n|the property of a body that causes it to have weight in a gravitational field|	n|(often followed by `of') a large number or amount or extent|a batch of letters	n|an ill-structured collection of similar things (objects or people)|	n|(Roman Catholic Church and Protestant Churches) the celebration of the Eucharist|
mass action	n|(neurology) the principle that the cortex of the brain operates as a coordinated system with large masses of neural tissue involved in all complex functioning|
mass card	n|(Roman Catholic Church) a card sent to a bereaved family that says the sender has arranged for a Mass to be said in memory of the deceased|
mass culture	n|the culture that is widely disseminated via the mass media|
mass defect	n|the amount by which the mass of an atomic nucleus is less than the sum of the masses of its constituent particles|
mass deficiency	n|the amount by which the mass of an atomic nucleus is less than the sum of the masses of its constituent particles|
mass energy	n|(physics) the mass of a body regarded relativistically as energy|
mass hysteria	n|a condition in which a large group of people exhibit the same state of violent mental agitation|
mass medium	n|(usually plural) transmissions that are disseminated widely to the public|
mass meeting	n|a large gathering of people intended to arouse enthusiasm|
mass murder	n|the savage and excessive killing of many people|
mass murderer	n|a person who is responsible for the deaths of many victims in a single incident|
mass noun	n|a noun that does not form plurals|
mass number	n|the sum of the number of neutrons and protons in an atomic nucleus|
mass production	n|the production of large quantities of a standardized article (often using assembly line techniques)|
mass rapid transit	n|an urban public transit system using underground or elevated trains|
mass spectrograph	n|a mass spectrometer that produces a graphical representation of the mass spectrum|
mass spectrometer	n|spectroscope for obtaining a mass spectrum by deflecting ions into a thin slit and measuring the ion current with an electrometer|
mass spectroscopic	adj|relating to or involving mass spectroscopy|
mass spectroscopy	n|the use of spectroscopy to determine the masses of small electrically charged particles|
mass spectrum	n|a distribution of ions as shown by a mass spectrograph or a mass spectrometer|
mass unit	n|a unit of measurement for mass|
mass-action principle	n|(neurology) the principle that the cortex of the brain operates as a coordinated system with large masses of neural tissue involved in all complex functioning|
mass-energy equivalence	n|(physics) the principle that a measured quantity of mass is equivalent (according to relativity theory) to a measured quantity of energy|
mass-produce	v|produce on a large scale|
mass-produced	adj|produced in quantity often by assembly-line techniques|
mass-spectrometric	adj|relating to or involving a mass spectrometer|
mass.	n|a state in New England; one of the original 13 colonies|
massachuset	n|the Algonquian language of the Massachuset|	n|a member of the Algonquian people who formerly lived around Massachusetts Bay|
massachusetts	n|a state in New England; one of the original 13 colonies|	n|a member of the Algonquian people who formerly lived around Massachusetts Bay|	n|the Algonquian language of the Massachuset|
massachusetts bay	n|an inlet of the Atlantic Ocean off of eastern Massachusetts extending from Cape Ann on the north to Cape Cod on the south|
massachusetts institute of technology	n|an engineering university in Cambridge|
massacre	v|kill a large number of people indiscriminately|The Hutus massacred the Tutsis in Rwanda	n|the savage and excessive killing of many people|
massage	v|manually manipulate (someone's body), usually for medicinal or relaxation purposes|She rubbed down her child with a sponge	v|give a massage to|She massaged his sore back	n|kneading and rubbing parts of the body to increase circulation and promote relaxation|
massage parlor	n|a place where illicit sex is available under the guise of therapeutic massage|	n|a business establishment that offers therapeutic massage|
massager	n|someone who rubs or kneads parts of the body to stimulate circulation and promote relaxation|
massasauga	n|small pygmy rattlesnake|	n|pygmy rattlesnake found in moist areas from the Great Lakes to Mexico; feeds on mice and small amphibians|
massasauga rattler	n|pygmy rattlesnake found in moist areas from the Great Lakes to Mexico; feeds on mice and small amphibians|
massasoit	n|Wampanoag leader who aided the Pilgrims (1580-1661)|
massawa	n|a port town in Eritrea on an inlet of the Red Sea|
masse	n|a shot in billiards made by hitting the cue ball with the cue held nearly vertically; the cue ball spins around another ball before hitting the object ball|
masse shot	n|a shot in billiards made by hitting the cue ball with the cue held nearly vertically; the cue ball spins around another ball before hitting the object ball|
massed fire	n|fire from two or more weapons directed at a single target or area (as fire by batteries of two or more warships)|
massenet	n|French composer best remembered for his pop operas (1842-1912)|
masses	n|the common people generally|separate the warriors from the mass
masseter	n|a large muscle that raises the lower jaw and is used in chewing|
masseur	n|a male massager|
masseuse	n|a female massager|
massicot	n|the mineral form of lead monoxide; in the form of yellow powder it is used as a pigment|
massicotite	n|the mineral form of lead monoxide; in the form of yellow powder it is used as a pigment|
massif	n|a block of the earth's crust bounded by faults and shifted to form peaks of a mountain range|
massif central	n|a mountainous plateau in southern France that covers almost one sixth of the country|
massine	n|French choreographer and ballet dancer (born in Russia) (1895-1979)|
massive	adj|imposing in size or bulk or solidity|massive oak doors	adj|being the same substance throughout|massive silver	adj|imposing in scale or scope or degree or power|massive retaliatory power	adj|consisting of great mass; containing a great quantity of matter|Earth is the most massive of the terrestrial planets
massively	adv|to a massive degree or in a massive manner|tonight the haddock were shoaling massively in three hundred fathoms
massiveness	n|an unwieldy largeness|	n|the property of being large in mass|
massorete	n|a scholar who is expert on the Masorah (especially one of the Jewish scribes who contributed to the Masorah)|
mast	n|a vertical spar for supporting sails|	n|nuts of forest trees (as beechnuts and acorns) accumulated on the ground|	n|nuts of forest trees used as feed for swine|	n|any sturdy upright pole|
mast cell	n|a large connective tissue cell that contains histamine and heparin and serotonin which are released in allergic reactions or in response to injury or inflammation|
mastaba	n|an ancient Egyptian mud-brick tomb with a rectangular base and sloping sides and flat roof|the Egyptian pyramids developed from the mastaba
mastabah	n|an ancient Egyptian mud-brick tomb with a rectangular base and sloping sides and flat roof|the Egyptian pyramids developed from the mastaba
mastalgia	n|pain in the breast|
mastectomy	n|surgical removal of a breast to remove a malignant tumor|
masted	adj|having or furnished with a mast; often used in combination|probably was so masted when she set forth"- S.E.Morrison
master	n|an artist of consummate skill|a master of the violin	n|a person who has general authority over others|	n|a combatant who is able to defeat rivals|	n|directs the work of others|
master bedroom	n|the principal bedroom in a house; usually occupied by the head of the household|
master class	n|a class (especially in music) given to talented students by an expert|
master copy	n|an original creation (i.e., an audio recording) from which copies can be made|
master cylinder	n|a cylinder that contains brake fluid that is compressed by a piston|
master file	n|(computer science) a computer file that is used as the authority in a given job and that is relatively permanent|
master in business	n|a master's degree in business|
master in business administration	n|a master's degree in business|
master in public affairs	n|a master's degree in questions of public concern|
master key	n|key that secures entrance everywhere|
master of architecture	n|a degree granted for the successful completion of advanced study of architecture|
master of arts	n|a master's degree in arts and sciences|
master of arts in library science	n|a master's degree in library science|
master of arts in teaching	n|a master's degree in teaching|
master of ceremonies	n|a person who acts as host at formal occasions (makes an introductory speech and introduces other speakers)|
master of divinity	n|a master's degree in religion|
master of education	n|a master's degree in education|
master of fine arts	n|a master's degree in fine arts|
master of laws	n|an advanced law degree|
master of library science	n|a master's degree in library science|
master of literature	n|a master's degree in literature|
master of science	n|a master's degree in science|
master of science in engineering	n|a master's degree in engineering|
master of theology	n|a master's degree in theology|
master plan	n|a long-term outline of a project or government function|the zoning board adopted a master plan for the new development
master race	n|a race that considers itself superior to all others and fitted to rule the others|
master sergeant	n|a senior noncommissioned officer in the Army or Marines|
master's degree	n|an academic degree higher than a bachelor's degree but lower than a doctor's degree|
master-at-arms	n|the senior petty officer; responsible for discipline aboard ship|
mastered	adj|understood perfectly|had his algebra problems down
masterful	adj|having or revealing supreme mastery or skill|a consummate artist
masterfully	adv|in a skillfully masterful manner; with the skill of a master|the young boy played the violin sonata masterfully
mastering	n|becoming proficient in the use of something; having mastery of|his mastering the art of cooking took a long time	n|the act of making a master recording from which copies can be made|he received a bill for mastering the concert and making 100 copies
masterless	adj|having no lord or master|harsh punishments for sturdy vagabonds and masterless men
masterly	adj|having or revealing supreme mastery or skill|a consummate artist
mastermind	v|plan and direct (a complex undertaking)|he masterminded the robbery	n|someone who creates new things|	n|someone who has exceptional intellectual ability and originality|Mozart was a child genius
masterpiece	n|the most outstanding work of a creative artist or craftsman|	n|an outstanding achievement|
mastership	n|the skill of a master|	n|the position of master|
masterstroke	n|an achievement demonstrating great skill or mastery|
masterwort	n|any plant of the genus Astrantia|
mastery	n|great skillfulness and knowledge of some subject or activity|a good command of French	n|power to dominate or defeat|mastery of the seas	n|the act of mastering or subordinating someone|
masthead	n|a listing printed in all issues of a newspaper or magazine (usually on the editorial page) that gives the name of the publication and the names of the editorial staff, etc.|	n|the title of a newspaper or magazine; usually printed on the front page and on the editorial page|	n|the head or top of a mast|
mastic	n|an aromatic exudate from the mastic tree; used chiefly in varnishes|	n|a pasty cement used as an adhesive or filler|	n|an evergreen shrub of the Mediterranean region that is cultivated for its resin|
mastic tree	n|an evergreen shrub of the Mediterranean region that is cultivated for its resin|
masticate	v|grind and knead|masticate rubber	v|chew (food); to bite and grind with the teeth|He jawed his bubble gum
mastication	n|biting and grinding food in your mouth so it becomes soft enough to swallow|
masticophis	n|whip snakes|
masticophis lateralis	n|a whipsnake of scrublands and rocky hillsides|
mastiff	n|an old breed of powerful deep-chested smooth-coated dog used chiefly as a watchdog and guard dog|
mastiff bat	n|a soft-furred chocolate-brown bat with folded ears and small wings; often runs along the ground|
mastigomycota	n|fungi in which the spores and gametes are motile; in some systems placed in the Phycomycetes group with the Zygomycota|
mastigomycotina	n|fungi in which the spores and gametes are motile; in some systems placed in the Phycomycetes group with the Zygomycota|
mastigophora	n|protozoa having flagella|
mastigophoran	n|a usually nonphotosynthetic free-living protozoan with whiplike appendages; some are pathogens of humans and other animals|
mastigophore	n|a usually nonphotosynthetic free-living protozoan with whiplike appendages; some are pathogens of humans and other animals|
mastigoproctus	n|giant whip scorpions|
mastitis	n|inflammation of a breast (or udder)|
mastocyte	n|a large connective tissue cell that contains histamine and heparin and serotonin which are released in allergic reactions or in response to injury or inflammation|
mastodon	n|extinct elephant-like mammal that flourished worldwide from Miocene through Pleistocene times; differ from mammoths in the form of the molar teeth|
mastodont	n|extinct elephant-like mammal that flourished worldwide from Miocene through Pleistocene times; differ from mammoths in the form of the molar teeth|
mastoid	adj|of or relating to or in the region of the mastoid process|	adj|relating to or resembling a nipple|	n|process of the temporal bone behind the ear at the base of the skull|
mastoid bone	n|process of the temporal bone behind the ear at the base of the skull|
mastoid process	n|process of the temporal bone behind the ear at the base of the skull|
mastoidal	adj|relating to or resembling a nipple|	n|process of the temporal bone behind the ear at the base of the skull|
mastoidale	n|the craniometric point at the lowest point of the mastoid process|
mastoidectomy	n|surgical removal of some or all of the mastoid process|
mastoiditis	n|inflammation of the mastoid|
mastopathy	n|any pathology of the breast|
mastopexy	n|plastic surgery to lift or reshape the breasts|
mastotermes	n|primitive genus of termites; mostly extinct; sometimes considered the most primitive Isoptera|
mastotermes darwiniensis	n|Australian termite; sole living species of Mastotermes; called a living fossil; apparent missing link between cockroaches and termites|
mastotermes electrodominicus	n|extinct termite found in amber in the Dominican Republic|
mastotermes electromexicus	n|an extinct termite found in amber in southern Mexico|
mastotermitidae	n|primitive termites|
masturbate	v|stimulate sexually|The old man wanted to be masturbated by the prostitute	v|get sexual gratification through self-stimulation|
masturbation	n|manual stimulation of the genital organs (of yourself or another) for sexual pleasure|
masturbator	n|a person who practices masturbation|
mat	n|a thick flat pad used as a floor covering|	n|mounting consisting of a border or background for a picture|	n|sports equipment consisting of a piece of thick padding on the floor for gymnastic sports|	n|a mass that is densely tangled or interwoven|a mat of weeds and grass
mat up	v|change texture so as to become matted and felt-like|The fabric felted up after several washes
mata hari	n|Dutch dancer who was executed by the French as a German spy in World War I (1876-1917)|
matabele	n|a Bantu language sometimes considered a dialect of Zulu|
matador	n|the principal bullfighter who is appointed to make the final passes and kill the bull|
matai	n|conifer of Australia and New Zealand|
matakam	n|a Chadic language spoken south of Lake Chad|
matamoros	n|a city in northeastern Mexico opposite Brownsville near the mouth of the Rio Grande|
match	v|be compatible, similar or consistent; coincide in their characteristics|The two stories don't agree in many details	v|provide funds complementary to|The company matched the employees' contributions	v|bring two objects, ideas, or people together|This fact is coupled to the other one	v|be equal to in quality or ability|Nothing can rival cotton for durability
match game	n|an international championship match|
match plane	n|a plane having cutters designed to make the tongues and grooves on the edges of matchboards|
match play	n|golf scoring by holes won|
match point	n|(tennis) the final point needed to win a match (especially in tennis)|
match-up	n|the pairing of people or things as for comparison or competition|it was a good match-up but the home team won
matchboard	n|a board that has a groove cut into one edge and a tongue cut into the other so they fit tightly together (as in a floor)|
matchbook	n|a small folder of paper safety matches|
matchbox	n|a box for holding matches|
matchbush	n|any of several plants of the genus Gutierrezia having tiny flower heads that resemble the heads of matches|
matched	adj|provided with a worthy adversary or competitor|matched teams	adj|going well together; possessing harmonizing qualities|
matched game	n|an international championship match|
matcher	n|someone who arranges (or tries to arrange) marriages for others|
matchet	n|a large heavy knife used in Central and South America as a weapon or for cutting vegetation|
matching	adj|being two identical|	adj|intentionally matched|curtains and walls were color coordinated
matching funds	n|funds that will be supplied in an amount matching the funds available from other sources|
matchless	adj|eminent beyond or above comparison|matchless beauty
matchlock	n|an early style of musket; a slow-burning wick would be lowered into a hole in the breech to ignite the charge|
matchmaker	n|someone who arranges (or tries to arrange) marriages for others|
matchmaking	n|mediation in order to bring about a marriage between others|
matchstick	n|a short thin stick of wood used in making matches|
matchup	n|the pairing of people or things as for comparison or competition|it was a good match-up but the home team won
matchweed	n|any of several plants of the genus Gutierrezia having tiny flower heads that resemble the heads of matches|
matchwood	n|wood in small pieces or splinters|the vessel was beaten to matchwood on the rocks	n|wood suitable for making matchsticks|	n|fragments of wood|it was smashed into matchwood
mate	n|the officer below the master on a commercial ship|	n|a fellow member of a team|it was his first start against his former teammates	n|the partner of an animal (especially a sexual partner)|he loved the mare and all her mates	n|a person's partner in marriage|
mated	adj|mated sexually|	adj|occurring in pairs or as a pair|paired fangs	adj|of or relating to a marriage partner|
mateless	adj|not mated sexually|	adj|of someone who has no marriage partner|
matelote	n|highly seasoned soup or stew made of freshwater fishes (eel, carp, perch) with wine and stock|
mater	n|an informal use of the Latin word for mother; sometimes used by British schoolboys or used facetiously|
mater turrita	n|great nature goddess of ancient Phrygia in Asia Minor; counterpart of Greek Rhea and Roman Ops|
materfamilias	n|a female head of a family or tribe|
materia medica	n|the science or study of drugs: their preparation and properties and uses and effects|
material	adj|concerned with worldly rather than spiritual interests|material possessions	adj|derived from or composed of matter|the material universe	adj|directly relevant to a matter especially a law case|his support made a material difference	adj|concerned with or affecting physical as distinct from intellectual or psychological well-being|material needs
material body	n|alternative names for the body of a human being|Leonardo studied the human body
material breach	n|a breach serious enough to destroy the value of the contract and to give a basis for an action for breach of contract|
material possession	n|property or belongings that are tangible|
material resource	n|assets in the form of material possessions|
material witness	n|a witness whose testimony is both relevant to the matter at issue and required in order to resolve the matter|
materialisation	n|the process of coming into being; becoming reality|the materialization of her dream	n|an appearance in bodily form (as of a disembodied spirit)|	n|something that comes into existence as a result|industrialism prepared the way for acceptance of the French Revolution's various socialistic offspring
materialise	v|come into being; become reality|Her dream really materialized
materialism	n|a desire for wealth and material possessions with little interest in ethical or spiritual matters|	n|(philosophy) the philosophical theory that matter is the only reality|
materialist	n|someone with great regard for material possessions|	n|someone who thinks that nothing exists but physical matter|
materialistic	adj|marked by materialism|	adj|conforming to the standards and conventions of the middle class|a bourgeois mentality
materialistically	adv|in a materialistic manner|one should not approach life materialistically
materiality	n|relevance requiring careful consideration|	n|the quality of being physical; consisting of matter|
materialization	n|the process of coming into being; becoming reality|the materialization of her dream	n|an appearance in bodily form (as of a disembodied spirit)|	n|something that comes into existence as a result|industrialism prepared the way for acceptance of the French Revolution's various socialistic offspring
materialize	v|come into being; become reality|Her dream really materialized
materially	adv|with respect to material aspects|psychologically similar but materially different	adv|to a significant degree|it aided him materially in winning the argument
materials handling	n|act of loading and unloading and moving goods within e.g. a factory especially using mechanical devices|
materiel	n|equipment and supplies of a military force|
maternal	adj|characteristic of a mother|warm maternal affection for her guest"- Dorothy Sayers	adj|relating to or derived from one's mother|maternal genes	adj|relating to or characteristic of or befitting a parent|parental guidance	adj|related on the mother's side|my maternal grandmother
maternal language	n|one's native language; the language learned by children and passed from one generation to the next|
maternal quality	n|the quality of having or showing the tenderness and warmth and affection of or befitting a mother|the girl's motherliness made her invaluable in caring for the children
maternal-infant bonding	n|the attachment that forms between an infant and its mother beginning at birth|maternal-infant bonding influences the child's psychological and physical development
maternalism	n|the quality of having or showing the tenderness and warmth and affection of or befitting a mother|the girl's motherliness made her invaluable in caring for the children	n|motherly care; behavior characteristic of a mother; the practice of acting as a mother does toward her children|
maternalistic	adj|showing maternal instincts|
maternally	adv|in a maternal manner; as a mother|she loved her students almost maternally
maternity	n|the state of being pregnant; the period from conception to birth when a woman carries a developing fetus in her uterus|	n|the kinship relation between an offspring and the mother|	n|the quality of having or showing the tenderness and warmth and affection of or befitting a mother|the girl's motherliness made her invaluable in caring for the children
maternity hospital	n|a hospital that provides care for women during pregnancy and childbirth and for newborn infants|
maternity ward	n|a hospital ward that provides care for women during pregnancy and childbirth and for newborn infants|
mates	n|a pair of people who live together|a married couple from Chicago
matey	adj|(used colloquially) having the relationship of friends or pals|
math	n|a science (or group of related sciences) dealing with the logic of quantity and shape and arrangement|
math teacher	n|someone who teaches mathematics|
mathematical	adj|of or pertaining to or of the nature of mathematics|a mathematical textbook	adj|relating to or having ability to think in or work with numbers|tests for rating numerical aptitude	adj|beyond question|a mathematical certainty	adj|statistically possible though highly improbable|have a mathematical chance of making the playoffs
mathematical function	n|(mathematics) a mathematical relation such that each element of a given set (the domain of the function) is associated with an element of another set (the range of the function)|
mathematical group	n|a set that is closed, associative, has an identity element and every element has an inverse|
mathematical logic	n|any logical system that abstracts the form of statements away from their content in order to establish abstract criteria of consistency and validity|
mathematical notation	n|a notation used by mathematicians|
mathematical operation	n|(mathematics) calculation by mathematical methods|the problems at the end of the chapter demonstrated the mathematical processes involved in the derivation
mathematical process	n|(mathematics) calculation by mathematical methods|the problems at the end of the chapter demonstrated the mathematical processes involved in the derivation
mathematical product	n|a quantity obtained by multiplication|the product of 2 and 3 is 6
mathematical proof	n|proof of a mathematical theorem|
mathematical relation	n|a relation between mathematical expressions (such as equality or inequality)|
mathematical space	n|(mathematics) any set of points that satisfy a set of postulates of some kind|assume that the topological space is finite dimensional
mathematical statement	n|a statement of a mathematical relation|
mathematical statistician	n|a mathematician who specializes in statistics|
mathematical symbol	n|a character that is used to indicates a mathematical relation or operation|
mathematically	adv|with respect to mathematics|mathematically impossible
mathematician	n|a person skilled in mathematics|
mathematics	n|a science (or group of related sciences) dealing with the logic of quantity and shape and arrangement|
mathematics department	n|the academic department responsible for teaching and research in mathematics|
mathematics teacher	n|someone who teaches mathematics|
maths	n|a science (or group of related sciences) dealing with the logic of quantity and shape and arrangement|
matilija poppy	n|tall branching subshrub of California and Mexico often cultivated for its silvery-blue foliage and large fragrant white flowers|
matinee	n|a theatrical performance held during the daytime (especially in the afternoon)|
matinee idol	n|someone who is adored blindly and excessively|
mating	n|the act of pairing a male and female for reproductive purposes|the casual couplings of adolescents
matins	n|the first canonical hour; at daybreak|
matisse	n|French painter and sculptor; leading figure of fauvism (1869-1954)|
matman	n|combatant who tries to throw opponent to the ground|
matoaka	n|a Powhatan woman (the daughter of Powhatan) who befriended the English at Jamestown and is said to have saved Captain John Smith's life (1595-1617)|
matriarch	n|a female head of a family or tribe|	n|a feisty older woman with a big bosom (as drawn in cartoons)|
matriarchal	adj|characteristic of a matriarchy|
matriarchate	n|a form of social organization in which a female is the family head and title is traced through the female line|
matriarchic	adj|(of societies or families) having a female as the family head or having descent traced through the female line|
matriarchy	n|a form of social organization in which a female is the family head and title is traced through the female line|
matric	n|admission to a group (especially a college or university)|
matricaria	n|chiefly Old World strong-smelling weedy herbs; comprises plants sometimes included in other genera: e.g. Tanacetum; Tripleurospermum|
matricaria chamomilla	n|annual Eurasian herb similar in fragrance and medicinal uses to chamomile though taste is more bitter and effect is considered inferior|
matricaria inodorum	n|ubiquitous European annual weed with white flowers and finely divided leaves naturalized and sometimes cultivated in eastern North America; sometimes included in genus Matricaria|
matricaria oreades	n|mat-forming perennial herb of Asia Minor; sometimes included in genus Matricaria|
matricaria recutita	n|annual Eurasian herb similar in fragrance and medicinal uses to chamomile though taste is more bitter and effect is considered inferior|
matricaria tchihatchewii	n|low densely tufted perennial herb of Turkey having small white flowers; used as a ground cover in dry places; sometimes included in genus Matricaria|
matricentric	adj|centered upon the mother|
matricide	n|a person who murders their mother|	n|the murder of your mother|
matriculate	v|enroll as a student|	n|someone who has been admitted to a college or university|
matriculation	n|admission to a group (especially a college or university)|
matrikin	n|one related on the mother's side|
matrilineage	n|line of descent traced through the maternal side of the family|
matrilineal	adj|based on or tracing descent through the female line|matrilineal inheritance
matrilineal kin	n|one related on the mother's side|
matrilineal sib	n|one related on the mother's side|
matrilineally	adv|by descent through the female line|
matrilinear	adj|based on or tracing descent through the female line|matrilineal inheritance
matrimonial	adj|of or relating to the state of marriage|marital status
matrimonial law	n|that branch of jurisprudence that studies the laws governing matrimony|
matrimony	n|the state of being a married couple voluntarily joined for life (or until divorce)|a long and happy marriage	n|the ceremony or sacrament of marriage|
matrimony vine	n|any of various shrubs or vines of the genus Lycium with showy flowers and bright berries|
matrisib	n|one related on the mother's side|
matrix	n|(mathematics) a rectangular array of quantities or expressions set out by rows and columns; treated as a single element and manipulated according to rules|	n|(geology) a mass of fine-grained rock in which fossils, crystals, or gems are embedded|	n|an enclosure within which something originates or develops (from the Latin for womb)|	n|the body substance in which tissue cells are embedded|
matrix addition	n|the addition of matrices|
matrix algebra	n|the part of algebra that deals with the theory of matrices|
matrix inversion	n|determination of a matrix that when multiplied by the given matrix will yield a unit matrix|
matrix multiplication	n|the multiplication of matrices|
matrix operation	n|a mathematical operation involving matrices|
matrix printer	n|a printer that represents each character as a pattern of dots from a dot matrix|
matrix transposition	n|the interchange of each row of a square matrix with the corresponding column|
matron	n|a married woman (usually middle-aged with children) who is staid and dignified|	n|a wardress in a prison|	n|a woman in charge of nursing in a medical institution|
matron of honor	n|a married woman serving as the attendant to the bride at a wedding|
matronly	adj|befitting or characteristic of a fully mature woman|her matronly figure
matronymic	n|a name derived from the name of your mother or a maternal ancestor|
matsyendra	n|(Hinduism) a religious posture|
matt	adj|not reflecting light; not glossy|flat wall paint	n|the property of having little or no contrast; lacking highlights or gloss|
matt-up	v|change texture so as to become matted and felt-like|The fabric felted up after several washes
matte	adj|not reflecting light; not glossy|flat wall paint	n|a mixture of sulfides that forms when sulfide metal ores are smelted|	n|the property of having little or no contrast; lacking highlights or gloss|	v|change texture so as to become matted and felt-like|The fabric felted up after several washes
matte up	v|change texture so as to become matted and felt-like|The fabric felted up after several washes
matted	adj|tangled in a dense mass|tried to push through the matted undergrowth	adj|not reflecting light; not glossy|flat wall paint
matter	n|a vaguely specified concern|several matters to attend to	n|some situation or event that is thought about|he kept drifting off the topic	n|that which has mass and occupies space|physicists study both the nature of matter and the forces which govern it	n|a problem|is anything the matter?
matter of course	n|an inevitable ending|
matter of fact	n|a disputed factual contention that is generally left for a jury to decide|	n|a matter that is an actual fact or is demonstrable as a fact|
matter of law	n|a disputed legal contention that is generally left for a judge to decide|
matter to	v|be of importance or consequence|This matters to me!
matter-of-course	adj|expected or depended upon as a natural or logical outcome|
matter-of-fact	adj|not fanciful or imaginative|local guides describe the history of various places in matter-of-fact tones	adj|concerned with practical matters|a matter-of-fact (or pragmatic) approach to the problem
matterhorn	n|a mountain in the Alps on the border between Switzerland and Italy (14,780 feet high); noted for its distinctive shape|
matteuccia	n|small genus sometimes included in genus Onoclea; in some classifications both genera are placed in Polypodiaceae|
matteuccia struthiopteris	n|tall fern of northern temperate regions having graceful arched fronds and sporophylls resembling ostrich plumes|
matthew	n|(New Testament) disciple of Jesus; traditionally considered to be the author of the first Gospel|	n|one of the Gospels in the New Testament; includes the Sermon on the Mount|
matthew arnold	n|English poet and literary critic (1822-1888)|
matthew flinders	n|British explorer who mapped the Australian coast (1774-1814)|
matthew walker	n|a kind of stopper knot|
matthew walker knot	n|a kind of stopper knot|
matthias schleiden	n|German physiologist and histologist who in 1838 formulated the cell theory (1804-1881)|
matthiola	n|genus of Old World plants grown as ornamentals|
matthiola incana	n|European plant with racemes of sweet-scented flowers; widely cultivated as an ornamental|
matting	n|a covering of coarse fabric (usually of straw or hemp)|	n|mounting consisting of a border or background for a picture|
mattock	n|a kind of pick that is used for digging; has a flat blade set at right angles to the handle|
mattole	n|a member of the Athapaskan people living in northwestern California|	n|the Athapaskan language spoken by the Mattole|
mattress	n|a large thick pad filled with resilient material and often incorporating coiled springs, used as a bed or part of a bed|
mattress cover	n|bedclothes that provide a cover for a mattress|
mattress pad	n|a protective pad over a mattress to protect it|
maturate	v|develop and reach maturity; undergo maturation|He matured fast	v|grow old or older|She aged gracefully	v|ripen and generate pus|her wounds are festering
maturation	n|coming to full development; becoming mature|	n|(biology) the process of an individual organism growing organically; a purely biological unfolding of events involved in an organism changing gradually from a simple to a more complex level|he proposed an indicator of osseous development in children	n|(medicine) the formation of morbific matter in an abscess or a vesicle and the discharge of pus|
maturational	adj|relating to or involved in maturation|maturational process
mature	adj|characteristic of maturity|mature for her age	adj|fully considered and perfected|mature plans	adj|having reached full natural growth or development|a mature cell	adj|fully developed or matured and ready to be eaten or used|ripe peaches
mature-onset diabetes	n|mild form of diabetes mellitus that develops gradually in adults; can be precipitated by obesity or severe stress or menopause or other factors; can usually be controlled by diet and hypoglycemic agents without injections of insulin|
matured	adj|fully ripe; at the height of bloom|a full-blown rose	adj|fully considered and perfected|mature plans
maturely	adv|in a mature manner|she acts very maturely for her age
maturement	n|coming to full development; becoming mature|
matureness	n|state of being mature; full development|
maturity	n|the period of time in your life after your physical growth has stopped and you are fully developed|	n|state of being mature; full development|	n|the date on which an obligation must be repaid|
maturity date	n|the date on which an obligation must be repaid|
maturity-onset diabetes	n|mild form of diabetes mellitus that develops gradually in adults; can be precipitated by obesity or severe stress or menopause or other factors; can usually be controlled by diet and hypoglycemic agents without injections of insulin|
maturity-onset diabetes mellitus	n|mild form of diabetes mellitus that develops gradually in adults; can be precipitated by obesity or severe stress or menopause or other factors; can usually be controlled by diet and hypoglycemic agents without injections of insulin|
matutinal	adj|pertaining to or occurring in the morning|took his matutinal walk
matzah	n|brittle flat bread eaten at Passover|
matzah ball	n|a Jewish dumpling made of matzo meal; usually served in soup|
matzah meal	n|meal made from ground matzos|
matzo	n|brittle flat bread eaten at Passover|
matzo ball	n|a Jewish dumpling made of matzo meal; usually served in soup|
matzo meal	n|meal made from ground matzos|
matzoh	n|brittle flat bread eaten at Passover|
matzoh ball	n|a Jewish dumpling made of matzo meal; usually served in soup|
matzoh meal	n|meal made from ground matzos|
maud gonne	n|Irish patriot and a founder of the Sinn Fein (1865-1953)|
maudlin	adj|effusively or insincerely emotional|a bathetic novel
maugham	n|English writer (born in France) of novels and short stories (1874-1965)|
maui	n|the second largest of the Hawaiian Islands|
maui island	n|the second largest of the Hawaiian Islands|
maul	n|a heavy long-handled hammer used to drive stakes or wedges|	v|split (wood) with a maul and wedges|	v|injure badly by beating|
maule's quince	n|deciduous thorny shrub native to Japan having red blossoms|
mauler	n|a fighter who batters the opponent|Jack Dempsey was called a mauler
maulers	n|large strong hand (as of a fighter)|wait till I get my hooks on him
maulstick	n|a long stick that a painter uses to support the hand holding the brush|
mauna kea	n|an active volcano on north central Hawaii Island; highest peak in the Hawaiian Islands|
mauna loa	n|an active volcano on south central Hawaii Island|
maund	n|a unit of weight used in Asia; has different values in different countries|the official maund in India is 82.6 pounds avoirdupois
maunder	v|wander aimlessly|	v|talk indistinctly; usually in a low voice|	v|speak (about unimportant matters) rapidly and incessantly|
maundy	n|a public ceremony on Maundy Thursday when the monarch distributes Maundy money|
maundy money	n|specially minted silver coins that are distributed by the British sovereign on Maundy Thursday|
maundy thursday	n|the Thursday before Easter; commemorates the Last Supper|
maupassant	n|French writer noted especially for his short stories (1850-1893)|
mauriac	n|French novelist who wrote about the conflict between desire and religious belief (1885-1970)|
maurice chevalier	n|French actor and cabaret singer (1888-1972)|
maurice de vlaminck	n|French painter and exponent of fauvism (1876-1958)|
maurice hugh frederick wilkins	n|English biochemist who helped discover the structure of DNA (1916-2004)|
maurice ravel	n|French composer and exponent of Impressionism (1875-1937)|
maurice utrillo	n|French painter noted for his paintings of Parisian street scenes (1883-1955)|
maurice wilkins	n|English biochemist who helped discover the structure of DNA (1916-2004)|
mauritania	n|a country in northwestern Africa with a provisional military government; achieved independence from France in 1960; largely western Sahara Desert|
mauritanian	adj|of or related to the island or country of Mauritius or its inhabitants|Mauritanian tropical fish	n|a native or inhabitant of Mauritania|
mauritanian monetary unit	n|monetary unit in Mauritania|
mauritanie	n|a country in northwestern Africa with a provisional military government; achieved independence from France in 1960; largely western Sahara Desert|
mauritian	adj|of or related to the island or country of Mauritius or its inhabitants|Mauritanian tropical fish	n|a native or inhabitant of Mauritius|
mauritian monetary unit	n|monetary unit in Mauritius|
mauritian rupee	n|the basic unit of money in Mauritius; equal to 100 cents|
mauritius	n|a parliamentary state on the island of Mauritius|	n|an island in the southwestern Indian Ocean|
maurois	n|French writer best known for his biographies (1885-1967)|
mauser	n|German arms manufacturer and inventor of a repeating rifle and pistol (1838-1914)|	n|trademark for a repeating rifle or pistol|
mausoleum	n|a large burial chamber, usually above ground|
mausoleum at halicarnasus	n|a white marble mausoleum 140 feet high built in 352 BC at Halicarnassus as a memorial to a king; destroyed in 1402|
mauve	adj|of a pale to moderate greyish violet color|	n|a moderate purple|
mauve-blue	adj|of blue tinged with mauve|
mauve-pink	adj|of pink tinged with mauve|
maven	n|someone who is dazzlingly skilled in any field|
maverick	adj|independent in behavior or thought|she led a somewhat irregular private life	n|someone who exhibits great independence in thought and action|	n|an unbranded range animal (especially a stray calf); belongs to the first person who puts a brand on it|
mavik	n|an ACE inhibiting drug (trade name Mavik) used in some patients after a heart attack or to treat hypertension|
mavin	n|someone who is dazzlingly skilled in any field|
mavis	n|common Old World thrush noted for its song|
maw	n|informal terms for the mouth|
mawkish	adj|effusively or insincerely emotional|a bathetic novel
mawkishly	adv|in a mawkish and emotional manner|the violinist played that piece mawkishly
mawkishness	n|insincere pathos|	n|falsely emotional in a maudlin way|
mawlamyine	n|a port city of southern Myanmar on the Gulf of Martaban|
max	n|street names for gamma hydroxybutyrate|
max beerbohm	n|English writer and caricaturist (1872-1956)|
max born	n|British nuclear physicist (born in Germany) honored for his contributions to quantum mechanics (1882-1970)|
max bruch	n|German composer (1838-1920)|
max ferdinand perutz	n|English biochemist (born in Austria); studied the molecular structure of blood (1914-2002)|
max karl ernst ludwig planck	n|German physicist whose explanation of blackbody radiation in the context of quantized energy emissions initiated quantum theory (1858-1947)|
max muller	n|British philologist (born in Germany) who specialized in Sanskrit (1823-1900)|
max out	v|reach a maximum|I maxed out on all my credit cards
max perutz	n|English biochemist (born in Austria); studied the molecular structure of blood (1914-2002)|
max planck	n|German physicist whose explanation of blackbody radiation in the context of quantized energy emissions initiated quantum theory (1858-1947)|
max weber	n|German sociologist and pioneer of the analytic method in sociology (1864-1920)|
maxi	adj|used of women's clothing having a hemline at the ankle|wanted a maxi-length coat	n|a long skirt ending below the calf|
maxilla	n|the jaw in vertebrates that is fused to the cranium|
maxillaria	n|any of numerous orchids of the genus Maxillaria often cultivated for their large brilliantly colored solitary flowers|
maxillary	adj|of or relating to the upper jaw|	n|the jaw in vertebrates that is fused to the cranium|
maxillary artery	n|either of two arteries branching from the external carotid artery and supplying structure of the face|
maxillary sinus	n|one of a pair of sinuses forming a cavity in the maxilla|
maxillary vein	n|posterior continuation of the pterygoid plexus; joins the superficial temporal vein to form the retromandibular vein|
maxillodental	adj|of or relating to the upper jaw and its associated teeth|
maxillofacial	adj|of or relating to the upper jaw and face (particularly with reference to specialized surgery of the maxilla)|maxillofacial surgery
maxillomandibular	adj|relating to the upper and lower jaws|
maxim	n|a saying that is widely accepted on its own merits|
maxim gorki	n|Russian writer of plays and novels and short stories; noted for his depiction of social outcasts|
maxim gun	n|an obsolete water-cooled machine gun having a single barrel|
maximal	adj|the greatest or most complete or best possible|maximal expansion
maximally	adv|to a maximal degree|the cells maximally responsive to lines in this orientation will fire
maximation	n|the act of raising to the highest possible point or condition or position|
maximian	n|Roman Emperor from 286 until he abdicated in 305; when Diocletian divided the Roman Empire in 286 Maximian became emperor in the west (died in 311)|
maximilien paul emile littre	n|French lexicographer (1801-1881)|
maximisation	n|the act of raising to the highest possible point or condition or position|
maximise	v|make the most of|He maximized his role	v|make as big or large as possible|Maximize your profits!
maximising	adj|making as great as possible|
maximization	n|the mathematical process of finding the maximum value of a function|	n|the act of raising to the highest possible point or condition or position|
maximize	v|make as big or large as possible|Maximize your profits!	v|make the most of|He maximized his role
maximizing	adj|making as great as possible|
maximum	n|the largest possible quantity|	n|the greatest possible degree|he tried his utmost	n|the point on a curve where the tangent changes from positive on the left to negative on the right|	adj|the greatest or most complete or best possible|maximal expansion
maximum and minimum thermometer	n|thermometer that records the highest and lowest temperatures reached during a period of time|
maxmilien de bethune	n|French statesman (1560-1641)|
maxmillien marie isidore de robespierre	n|French revolutionary; leader of the Jacobins and architect of the Reign of Terror; was himself executed in a coup d'etat (1758-1794)|
maxostoma	n|a genus of fish in the family Catostomidae|
maxwell	n|a cgs unit of magnetic flux equal to the flux perpendicular to an area of 1 square centimeter in a magnetic field of 1 gauss|	n|Scottish physicist whose equations unified electricity and magnetism and who recognized the electromagnetic nature of light (1831-1879)|
maxwell's demon	n|an imaginary creature that controls a small hole in a partition that divides a chamber filled with gas into two parts and allows fast molecules to move in one direction and slow molecules to move in the other direction through the hole; this would result in one part of the container becoming warmer and the other cooler, thus decreasing entropy and violating the second law of thermodynamics|
maxwell's equations	n|four differential equations that summarize classical properties of electromagnetic fields|
maxwell-boltzmann distribution law	n|(physics) a law expressing the distribution of energy among the molecules of a gas in thermal equilibrium|
maxzide	n|trade name for an antihypertensive drug containing hydrochlorothiazide and another diuretic|
may	n|the month following April and preceding June|	n|thorny Eurasian shrub of small tree having dense clusters of white to scarlet flowers followed by deep red berries; established as an escape in eastern North America|
may 1	n|observed in many countries to celebrate the coming of spring; observed in Russia and related countries in honor of labor|
may 24	n|British, anniversary of Queen Victoria's birth|
may apple	n|edible but insipid fruit of the May apple plant|
may beetle	n|any of various large European beetles destructive to vegetation as both larvae and adult|
may blob	n|swamp plant of Europe and North America having bright yellow flowers resembling buttercups|
may bug	n|any of various large European beetles destructive to vegetation as both larvae and adult|
may day	n|observed in many countries to celebrate the coming of spring; observed in Russia and related countries in honor of labor|
may lily	n|low-growing perennial plant having usually two large oblong lanceolate leaves and a raceme of small fragrant nodding bell-shaped flowers followed by scarlet berries|
may queen	n|the girl chosen queen of a May Day festival|
may wine	n|a punch made of Moselle and sugar and sparkling water or champagne flavored with sweet woodruff|
maya	n|an ethnic minority speaking Mayan languages and living in Yucatan and adjacent areas|
mayaca	n|small genus of delicate mossy bog plants having white or violet flowers|
mayacaceae	n|a monocotyledonous family of bog plants of order Xyridales|
mayakovski	n|Soviet poet; leader of Russian futurism (1893-1930)|
maybe	adv|by chance|perhaps she will call tomorrow
mayday	n|an internationally recognized distress signal via radiotelephone (from the French m'aider)|
mayeng	n|Indian tree having fragrant nocturnal white flowers and yielding a reddish wood used for planking; often grown as an ornamental or shade tree|
mayenne	n|a department of northwestern France in the Pays de la Loire region|
mayetiola	n|a genus of Cecidomyidae|
mayetiola destructor	n|small fly whose larvae damage wheat and other grains|
mayflower	n|the ship in which the Pilgrim Fathers sailed from England to Massachusetts in 1620|	n|low-growing evergreen shrub of eastern North America with leathery leaves and clusters of fragrant pink or white flowers|
mayfly	n|slender insect with delicate membranous wings having an aquatic larval stage and terrestrial adult stage usually lasting less than two days|
mayhap	adv|by chance|perhaps she will call tomorrow
mayhem	n|the willful and unlawful crippling or mutilation of another person|	n|violent and needless disturbance|
mayidism	n|a disease caused by deficiency of niacin or tryptophan (or by a defect in the metabolic conversion of tryptophan to niacin); characterized by gastrointestinal disturbances and erythema and nervous or mental disorders; may be caused by malnutrition or alcoholism or other nutritional impairments|
mayo	n|egg yolks and oil and vinegar|
mayonnaise	n|egg yolks and oil and vinegar|
mayor	n|the head of a city government|
mayoral	adj|of or relating to a mayor or the office of mayor|mayoral elections
mayoralty	n|the position of mayor|
mayoress	n|the wife of a mayor|	n|a woman mayor|
maypole	n|a vertical pole or post decorated with streamers that can be held by dancers celebrating May Day|
mayweed	n|widespread rank-smelling weed having white-rayed flower heads with yellow discs|
mazama	n|brockets|
mazar-i-sharif	n|a city in northern Afghanistan|
mazatlan	n|a port city in western Mexico on the Pacific Ocean; tourist center|
mazdaism	n|system of religion founded in Persia in the 6th century BC by Zoroaster; set forth in the Zend-Avesta; based on concept of struggle between light (good) and dark (evil)|
maze	n|complex system of paths or tunnels in which it is easy to get lost|	n|something jumbled or confused|a tangle of government regulations
mazed	adj|perplexed by many conflicting situations or statements; filled with bewilderment|obviously bemused by his questions
mazer	n|a large hardwood drinking bowl|
mazopathy	n|any pathology of the breast|
mazurka	n|music composed for dancing the mazurka|	n|a Polish national dance in triple time|
mazy	adj|resembling a labyrinth in form or complexity|a labyrinthine network of tortuous footpaths
mazzard	n|wild or seedling sweet cherry used as stock for grafting|
mazzard cherry	n|wild or seedling sweet cherry used as stock for grafting|
mazzini	n|Italian nationalist whose writings spurred the movement for a unified and independent Italy (1805-1872)|
mb	n|a unit of information equal to 1000 kilobits or 10^6 (1,000,000) bits|	n|a unit of information equal to 1000 kilobytes or 10^6 (1,000,000) bytes|	n|a unit of information equal to 1024 kibibytes or 2^20 (1,048,576) bytes|	n|(a British degree) a bachelor's degree in medicine|
mba	n|a master's degree in business|
mbabane	n|capital of Swaziland; located in northwestern Swaziland|
mbd	n|a condition (mostly in boys) characterized by behavioral and learning disorders|
mbeya	n|a city in southwestern Tanzania|
mbit	n|a unit of information equal to 1000 kilobits or 10^6 (1,000,000) bits|
mbundu	n|an ethnic group speaking Umbundu and living in western Angola|
mc	n|one million periods per second|
mcalester	n|a town in southeastern Oklahoma|
mcallen	n|a town in southern Texas on the Rio Grande|
mcardle's disease	n|an inherited disease in which abnormal amounts of glycogen accumulate in skeletal muscle; results in weakness and cramping|
mcburney's point	n|a point one third of the way along a line drawn from the hip to the umbilicus; the point of maximum sensitivity in acute appendicitis|
mccarthyism	n|unscrupulously accusing people of disloyalty (as by saying they were Communists)|
mccartney	n|English rock star and bass guitarist and songwriter who with John Lennon wrote most of the music for the Beatles (born in 1942)|
mcg	n|one millionth (1/1,000,000) gram|
mcguffey eclectic readers	n|readers that combined lessons in reading with moralistic messages|
mcguffin	n|(film) a plot element that catches the viewers' attention or drives the plot|the McGuffin was a key element of Alfred Hitchcock's films
mckinley	n|a mountain in south central Alaska; the highest peak in North America (20,300 feet high)|
mcluhan	n|Canadian writer noted for his analyses of the mass media (1911-1980)|
md	n|a radioactive transuranic element synthesized by bombarding einsteinium with alpha particles (Md is the current symbol for mendelevium but Mv was formerly the symbol)|	n|a licensed medical practitioner|I felt so bad I went to see my doctor	n|a Mid-Atlantic state; one of the original 13 colonies|	n|a doctor's degree in medicine|
md.	n|a Mid-Atlantic state; one of the original 13 colonies|
mdiv	n|a master's degree in religion|
me	n|a state in New England|
me.	n|a state in New England|
mea culpa	n|an acknowledgment of your error or guilt|
mead	n|made of fermented honey and water|
mead's milkweed	n|milkweed of central North America; a threatened species|
meade	n|English economist noted for his studies of international trade and finance (1907-1995)|
meadow	n|a field where grass or alfalfa are grown to be made into hay|
meadow beauty	n|any of several plants of the genus Rhexia usually having pink-purple to magenta flowers; eastern North America|
meadow bright	n|swamp plant of Europe and North America having bright yellow flowers resembling buttercups|
meadow buttercup	n|perennial European buttercup with yellow spring flowers widely naturalized especially in eastern North America|
meadow clary	n|tall perennial Old World salvia with violet-blue flowers; found in open grasslands|
meadow cranesbill	n|tall perennial cranesbill with paired violet-blue axillary flowers; native to northern parts of Old World and naturalized in North America|
meadow cress	n|a bitter cress of Europe and America|
meadow fern	n|fern of northeastern North America|
meadow fescue	n|grass with wide flat leaves cultivated in Europe and America for permanent pasture and hay and for lawns|
meadow foxtail	n|stout erect perennial grass of northern parts of Old World having silky flowering spikes; widely cultivated for pasture and hay; naturalized in North America|
meadow grass	n|any of various grasses that thrive in the presence of abundant moisture|
meadow mushroom	n|common edible mushroom found naturally in moist open soil; the cultivated mushroom of commerce|
meadow pea	n|scrambling perennial Eurasian wild pea having yellowish flowers and compressed seed pods; cultivated for forage|
meadow pipit	n|a common pipit that is brown above and white below; widely distributed in northern and central Europe and in Asia|
meadow rue	n|any of various herbs of the genus Thalictrum; sometimes rhizomatous or tuberous perennials found in damp shady places and meadows or stream banks; have lacy foliage and clouds of small purple or yellow flowers|
meadow saffron	n|bulbous autumn-flowering herb with white, purple or lavender-and-white flowers; native to western and central Europe|
meadow saxifrage	n|rosette-forming perennial having compact panicles of white flowers; Europe|
meadow spikemoss	n|spikemoss forming dense mats; eastern North America|
meadow-beauty family	n|a family of trees and bushes and herbs of order Myrtales; many are cultivated as ornamentals|
meadowgrass	n|any of various grasses that thrive in the presence of abundant moisture|
meager	adj|deficient in amount or quality or extent|meager resources
meagerly	adj|deficient in amount or quality or extent|meager resources	adv|to a meager degree or in a meager manner|these voices are meagerly represented at the conference
meagerness	n|the quality of being meager|an exiguity of cloth that would only allow of miniature capes"-George Eliot
meagre	adj|deficient in amount or quality or extent|meager resources
meagrely	adv|to a meager degree or in a meager manner|these voices are meagerly represented at the conference
meagreness	n|the quality of being meager|an exiguity of cloth that would only allow of miniature capes"-George Eliot
meal	n|the food served and eaten at one time|	n|any of the occasions for eating food that occur by custom or habit at more or less fixed times|	n|coarsely ground foodstuff; especially seeds of various cereal grasses or pulse|
meal plan	n|a plan and a room rate for providing a room and meals to guests at a hotel|
meal ticket	n|a source of income or livelihood|	n|coupon redeemable at a restaurant and entitling the holder to a meal|
mealberry	n|evergreen mat-forming shrub of North America and northern Eurasia having small white flowers and red berries; leaves turn red in autumn|
mealie	n|an ear of corn|
mealtime	n|the hour at which a meal is habitually or customarily eaten|
mealworm	n|the larva of beetles of the family Tenebrionidae|
mealy	adj|containing meal or made of meal|	adj|composed of or covered with particles resembling meal in texture or consistency|granular sugar
mealy bug	n|scalelike plant-eating insect coated with a powdery waxy secretion; destructive especially of fruit trees|
mealy sage	n|Texas sage having intensely blue flowers|
mealy-mouthed	adj|hesitant to state facts or opinions simply and directly as from e.g. timidity or hypocrisy|a mealymouthed politician
mealybug	n|scalelike plant-eating insect coated with a powdery waxy secretion; destructive especially of fruit trees|
mealymouthed	adj|hesitant to state facts or opinions simply and directly as from e.g. timidity or hypocrisy|a mealymouthed politician
mean	v|mean or intend to express or convey|You never understand what I mean!	v|have as a logical consequence|The water shortage means that we have to stop taking long showers	v|denote or connote|`maison' means `house' in French	v|have in mind as a purpose|I mean no harm
mean deviation	n|the arithmetic mean of the absolute values of deviations from the mean of a distribution|
mean deviation from the mean	n|the arithmetic mean of the absolute values of deviations from the mean of a distribution|
mean distance	n|the arithmetic mean of the maximum and minimum distances of a celestial body (satellite or secondary star) from its primary|
mean solar day	n|time for Earth to make a complete rotation on its axis|two days later they left
mean solar time	n|(astronomy) time based on the motion of the mean sun (an imaginary sun moving uniformly along the celestial equator)|
mean sun	n|a theoretical sun that moves along the celestial equator at a constant speed and completes its annual course in the same amount of time the real sun takes at variable speeds|
mean time	n|(astronomy) time based on the motion of the mean sun (an imaginary sun moving uniformly along the celestial equator)|
mean value	n|an average of n numbers computed by adding some function of the numbers and dividing by some function of n|
meander	v|to move or cause to move in a sinuous, spiral, or circular course|the river winds through the hills	n|a bend or curve, as in a stream or river|	n|an aimless amble on a winding course|
meandering	adj|of a path e.g.|meandering streams
meanderingly	adv|in a meandering manner|the river ran meanderingly through the valley
meanie	n|a person of mean disposition|
meaning	n|the message that is intended or expressed or signified|what is the meaning of this sentence	n|the idea that is intended|What is the meaning of this proverb?	adj|rich in significance or implication|a meaning look
meaningful	adj|having a meaning or purpose|a meaningful explanation
meaningfully	adv|in a meaningful manner; so as to be meaningful|He glanced at her meaningfully
meaningfulness	n|the quality of having great value or significance|
meaningless	adj|having no meaning or direction or purpose|a meaningless endeavor	adj|producing no result or effect|a futile effort
meaninglessness	n|a message that seems to convey no meaning|	n|the quality of having no value or significance|he resented the meaninglessness of the tasks they assigned him
meanly	adv|in a nasty ill-tempered manner|`Don't expect me to help you,' he added nastily	adv|in a despicable, ignoble manner|this new leader meanly threatens the deepest values of our society	adv|poorly or in an inferior manner|troops meanly equipped	adv|in a miserly manner|they lived meanly and without ostentation
meanness	n|the quality of being deliberately mean|	n|extreme stinginess|
means	n|thing or person that acts to produce a particular effect or achieve an end|a means of control	n|an instrumentality for accomplishing some end|	n|considerable capital (wealth or income)|he is a man of means
means test	n|an inquiry into the financial position of someone applying for financial aid|
meanspirited	adj|lacking in magnanimity|it seems ungenerous to end this review of a splendid work of scholarship on a critical note"- Times Litt. Sup.	adj|having or showing an ignoble lack of honor or morality|that liberal obedience without which your army would be a base rabble"- Edmund Burke
meanspiritedly	adv|in a meanspirited manner|
meantime	adv|during the intervening time|meanwhile I will not think about the problem	n|the time between one event, process, or period and another|meanwhile the socialists are running the government
meanwhile	adv|at the same time but in another place|meanwhile, back at the ranch...	adv|during the intervening time|meanwhile I will not think about the problem	n|the time between one event, process, or period and another|meanwhile the socialists are running the government
meany	n|a person of mean disposition|
mearstone	n|an old term for a landmark that consisted of a pile of stones surmounted by an upright slab|
measles	n|an acute and highly contagious viral disease marked by distinct red spots followed by a rash; occurs primarily in children|
measly	adj|contemptibly small in amount|a measly tip
measurability	n|the quality of being measurable|
measurable	adj|capable of being measured|measurable depths	adj|of distinguished importance|a measurable figure in literature
measurably	adv|to a measurable degree|the difference is measurably large
measure	n|any maneuver made as part of progress toward a goal|the situation called for strong measures	n|how much there is or how many there are of something that you can quantify|	n|a statute in draft before it becomes law|they held a public hearing on the bill	n|the act or process of assigning numbers to phenomena according to a rule|the measurements were carefully done
measure out	v|determine the measurements of something or somebody, take measurements of|Measure the length of the wall
measure up	v|prove capable or fit; meet requirements|
measured	adj|having notes of fixed rhythmic value|	adj|the rhythmic arrangement of syllables|	adj|carefully thought out in advance|a calculated insult	adj|unhurried and with care and dignity|walking at the same measured pace
measuredly	adv|in a deliberate unhurried manner|she was working deliberately
measureless	adj|without limits in extent or size or quantity|limitless vastness of our solar system
measurement	n|the act or process of assigning numbers to phenomena according to a rule|the measurements were carefully done
measurer	n|a person who makes measurements|
measuring	n|the act or process of assigning numbers to phenomena according to a rule|the measurements were carefully done
measuring block	n|a unit of measurement|
measuring cup	n|graduated cup used to measure liquid or granular ingredients|
measuring device	n|instrument that shows the extent or amount or quantity or degree of something|
measuring instrument	n|instrument that shows the extent or amount or quantity or degree of something|
measuring rod	n|measuring instrument having a sequence of marks at regular intervals; used as a reference in making measurements|
measuring stick	n|measuring instrument having a sequence of marks at regular intervals; used as a reference in making measurements|
measuring system	n|instrument that shows the extent or amount or quantity or degree of something|
measuring unit	n|a unit of measurement|
measuring worm	n|small hairless caterpillar having legs on only its front and rear segments; mostly larvae of moths of the family Geometridae|
meat	n|the flesh of animals (including fishes and birds and snails) used as food|	n|the inner and usually edible part of a seed or grain or nut or fruit stone|black walnut kernels are difficult to get out of the shell	n|the choicest or most essential or most vital part of some idea or experience|the gist of the prosecutor's argument
meat and potatoes	n|the fundamental part|successful negotiation is the meat and potatoes of arbitration
meat cleaver	n|a butcher's knife having a large square blade|
meat counter	n|counter where meats are displayed for sale|
meat grinder	n|a mill for grinding meat|	n|any action resulting in injury or destruction|the meat grinder of politics destroyed his reputation
meat hook	n|a strong pointed hook from which the carcasses of animals are hung|
meat hooks	n|large strong hand (as of a fighter)|wait till I get my hooks on him
meat house	n|a small house where smoke is used to cure meat or fish|	n|a small house (on a farm) where meat is stored|
meat loaf	n|a baked loaf of ground meat|
meat market	n|a shop in which meat and poultry (and sometimes fish) are sold|
meat packer	n|a wholesaler in the meat-packing business|
meat packing	n|wholesale packaging of meat for future sale (including slaughtering and processing and distribution to retailers)|
meat pie	n|pie made with meat or fowl enclosed in pastry or covered with pastry or biscuit dough|
meat safe	n|a safe for storing meat|
meat thermometer	n|a thermometer that is inserted into the center of a roast (with the top away from the heat source); used to measure how well done the meat is|
meat-eating	adj|(of animals) carnivorous|
meat-packing business	n|wholesale packaging of meat for future sale (including slaughtering and processing and distribution to retailers)|
meatball	n|ground meat formed into a ball and fried or simmered in broth|
meatless	adj|lacking meat|meatless days
meatloaf	n|a baked loaf of ground meat|
meatman	n|a retailer of meat|
meatpacking	n|wholesale packaging of meat for future sale (including slaughtering and processing and distribution to retailers)|
meatus	n|a natural body passageway|
meaty	adj|like or containing meat; let's have a meaty meal"|enough of vegetarianism	adj|being on topic and prompting thought|a meaty discussion
mebaral	n|a long-acting crystalline barbiturate (trade name Mebaral) used as a sedative and as an anticonvulsant in the treatment of epilepsy|
mebendazole	n|an anthelmintic used to treat hookworm and pinworm and roundworm infestations|
mebibit	n|a unit of information equal to 1024 kibibits or 2^20 (1,048,576) bits|
mebibyte	n|a unit of information equal to 1024 kibibytes or 2^20 (1,048,576) bytes|
mecca	n|joint capital (with Riyadh) of Saudi Arabia; located in western Saudi Arabia; as the birthplace of Muhammad it is the holiest city of Islam|	n|a place that attracts many visitors|New York is a mecca for young artists
meccano	n|a child's construction set for making mechanical models|
meccano set	n|a child's construction set for making mechanical models|
mechanic	n|a craftsman skilled in operating machine tools|	n|someone whose occupation is repairing and maintaining automobiles|	adj|resembling the action of a machine|from blank to blank a threadless way I pushed mechanic feet"- Emily Dickenson
mechanic's lien	n|lien to secure payment for work and materials in erecting or repairing a building or other structure|
mechanical	adj|using (or as if using) mechanisms or tools or devices|a mechanical process	adj|relating to or concerned with machinery or tools|mechanical arts	adj|relating to or governed by or in accordance with mechanics|a belief that the universe is a mechanical contrivance
mechanical advantage	n|the ratio of the force exerted by a machine to the force applied to it|
mechanical device	n|mechanism consisting of a device that works on mechanical principles|
mechanical drawing	n|scale drawing of a machine or architectural plan etc,|	n|the craft of drawing blueprints|
mechanical energy	n|energy in a mechanical form|
mechanical engineer	n|a person trained to design and construct machines|
mechanical engineering	n|the branch of engineering that deals with the design and construction and operation of machinery|
mechanical man	n|an automaton that resembles a human being|
mechanical mixture	n|a mixture whose components can be separated by mechanical means|
mechanical phenomenon	n|a physical phenomenon associated with the equilibrium or motion of objects|
mechanical piano	n|a mechanically operated piano that uses a roll of perforated paper to activate the keys|
mechanical press	n|any machine that exerts pressure to form or shape or cut materials or extract liquids or compress solids|
mechanical system	n|a system of elements that interact on mechanical principles|
mechanically	adv|in a mechanical manner; by a mechanism|this door opens mechanically	adv|in a machinelike manner; without feeling|he smiled mechanically
mechanically skillful	adj|relating to or concerned with machinery or tools|mechanical arts
mechanics	n|the branch of physics concerned with the motion of bodies in a frame of reference|	n|the technical aspects of doing something|a mechanism of social control
mechanisation	n|the condition of having a highly technical implementation|	n|the act of implementing the control of equipment with advanced technology; usually involving electronic hardware|automation replaces human workers by machines
mechanise	v|equip with armed and armored motor vehicles|mechanize armies	v|make monotonous; make automatic or routine|If your work becomes too mechanized, change jobs!	v|make mechanical|mechanize the procedure
mechanised	adj|using vehicles|motorized warfare	adj|equipped with machinery|a mechanized factory
mechanism	n|the atomic process that occurs during a chemical reaction|he determined unique mechanisms for the photochemical reactions	n|the technical aspects of doing something|a mechanism of social control	n|a natural object resembling a machine in structure or function|the mechanism of the ear	n|(philosophy) the philosophical theory that all phenomena can be explained in terms of physical or biological causes|
mechanist	n|a philosopher who subscribes to the doctrine of mechanism|
mechanistic	adj|explained in terms of physical forces|a mechanistic universe	adj|of or relating to the philosophical theory of mechanism|
mechanistically	adv|in a mechanistic manner|Handel achieves a huge breadth of musical thought when composing almost mechanistically in the least weighty of styles
mechanization	n|the condition of having a highly technical implementation|	n|the act of implementing the control of equipment with advanced technology; usually involving electronic hardware|automation replaces human workers by machines
mechanize	v|equip with armed and armored motor vehicles|mechanize armies	v|make monotonous; make automatic or routine|If your work becomes too mechanized, change jobs!	v|make mechanical|mechanize the procedure
mechanized	adj|equipped with machinery|a mechanized factory	adj|using vehicles|motorized warfare
mechanized cavalry	n|an armored unit of a modern army equipped with motor vehicles|
mecholyl	n|parasympathomimetic drug (trademark Mecholyl) that stimulates secretions and smooth muscle activity|
meckel's diverticulum	n|a congenital diverticulum in the ileum resulting from incomplete closure of the yolk sac|
meclizine	n|an antihistamine (trade name Antivert) used to treat or prevent motion sickness|
meclizine hydrochloride	n|an antihistamine (trade name Antivert) used to treat or prevent motion sickness|
meclofenamate	n|a nonsteroidal anti-inflammatory (trade name Meclomen) used to treat arthritis|
meclofenamate sodium	n|a nonsteroidal anti-inflammatory (trade name Meclomen) used to treat arthritis|
meclomen	n|a nonsteroidal anti-inflammatory (trade name Meclomen) used to treat arthritis|
meconium	n|thick dark green mucoid material that is the first feces of a newborn child|
meconopsis	n|herbs almost entirely of mountains of China and Tibet; often monocarpic|
meconopsis betonicifolia	n|Chinese perennial having mauve-pink to bright sky blue flowers in drooping cymes|
meconopsis cambrica	n|widely cultivated west European plant with showy pale yellow flowers|
mecoptera	n|an order of carnivorous insects usually having long membranous wings and long beaklike heads with chewing mouths at the tip|
mecopteran	n|any of various carnivorous insects of the order Mecoptera|
mecopterous	adj|of or relating to mecopterans|
med	n|a master's degree in education|
medaille militaire	n|a French military decoration|
medal	n|an award for winning a championship or commemorating some other event|
medal play	n|golf scoring by total strokes taken|
medal winner	n|(golf) the winner at medal play of a tournament|
medalist	n|someone who has won a medal|	n|(golf) the winner at medal play of a tournament|
medallion	n|any of various large ancient Greek coins|	n|a circular helping of food (especially a boneless cut of meat)|medallions of veal	n|an emblem indicating that a taxicab is registered|	n|an award for winning a championship or commemorating some other event|
medallist	n|someone who has won a medal|	n|(golf) the winner at medal play of a tournament|
medan	n|a city in Indonesia; located in northeastern Sumatra|
medawar	n|British immunologist (born in Brazil) who studied tissue transplants and discovered that the rejection of grafts was an immune response (1915-1987)|
meddle	v|intrude in other people's affairs or business; interfere unwantedly|Don't meddle in my affairs!
meddler	n|an officious annoying person who interferes with others|
meddlesome	adj|intrusive in a meddling or offensive manner|an interfering old woman
meddlesomeness	n|aggressiveness as evidenced by intruding; by advancing yourself or your ideas without invitation|
meddling	adj|intrusive in a meddling or offensive manner|an interfering old woman	n|the act of altering something secretly or improperly|
medea	n|(Greek mythology) a princess of Colchis who aided Jason in taking the Golden Fleece from her father|
medellin	n|city in western Colombia; important coffee center|
medellin cartel	n|a drug cartel in Colombia; controlled the production of cocaine from the 1970s until 1993 when the leader was killed|
medevac	n|the evacuation of persons (usually by air transportation) to a place where they can receive medical care|
medfly	n|small black-and-white fly that damages citrus and other fruits by implanting eggs that hatch inside the fruit|
medford	n|a town in southwestern Oregon; a summer resort|	n|town in northeastern Massachusetts; residential suburb of Boston|
media consultant	n|someone who advises about the use of communication media|
media guru	n|someone who advises about the use of communication media|
mediacy	n|the quality of being mediate|
mediaeval	adj|relating to or belonging to the Middle Ages|Medieval scholars	adj|as if belonging to the Middle Ages; old-fashioned and unenlightened|a medieval attitude toward dating
medial	adj|dividing an animal into right and left halves|	adj|relating to or situated in or extending toward the middle|
medial condyle	n|a condyle on the inner side of the lower extremity of the femur|
medial geniculate	n|a neural structure that serves as the last of a series of processing centers along the auditory pathway from the cochlea to the temporal lobe of the cerebral cortex|
medial geniculate body	n|a neural structure that serves as the last of a series of processing centers along the auditory pathway from the cochlea to the temporal lobe of the cerebral cortex|
medial rectus	n|the ocular muscle whose contraction turns the eyeball medially|
medial rectus muscle	n|the ocular muscle whose contraction turns the eyeball medially|
medially	adv|in a medial position|this consonant always occurs medially
median	adj|relating to or constituting the middle value of an ordered set of values (or the average of the middle two in a set with an even number of values)|the median value of 17, 20, and 36 is 20	adj|dividing an animal into right and left halves|	adj|relating to or situated in or extending toward the middle|	n|the number midway between the two middle numbers in a series containing an even or odd number of items|
median value	n|the number midway between the two middle numbers in a series containing an even or odd number of items|
mediant	n|(music) the third note of a diatonic scale; midway between the tonic and the dominant|
mediastinum	n|the part of the thoracic cavity between the lungs that contains the heart and aorta and esophagus and trachea and thymus|
mediate	v|act between parties with a view to reconciling differences|He interceded in the family dispute	v|occupy an intermediate or middle position or form a connecting link or stage between two others|mediate between the old and the new	adj|acting through or dependent on an intervening agency|the disease spread by mediate as well as direct contact	adj|being neither at the beginning nor at the end in a series|adolescence is an awkward in-between age
mediated	adj|acting or brought about through an intervening agency|the mediated settlement brought satisfaction to both sides
mediateness	n|the quality of being mediate|
mediation	n|a negotiation to resolve differences that is conducted by some impartial party|	n|the act of intervening for the purpose of bringing about a settlement|
mediator	n|a negotiator who acts as a link between parties|
mediatorial	adj|of or relating to a mediator or the duties of a mediator|
mediatory	adj|of or related to or directed toward mediation|
mediatrix	n|a woman who is a mediator|
medic	n|any of several Old World herbs of the genus Medicago having small flowers and trifoliate compound leaves|	n|a medical practitioner in the armed forces|
medicago	n|a genus of herbs that resemble clover|
medicago arborea	n|evergreen shrub of southern European highlands having downy foliage and a succession of yellow flowers throughout the summer followed by curious snail-shaped pods|
medicago echinus	n|an annual of the Mediterranean area having spiny seed pods and leaves with dark spots|
medicago falcata	n|European medic naturalized in North America having yellow flowers and sickle-shaped pods|
medicago intertexta	n|an annual of the Mediterranean area having spiny seed pods and leaves with dark spots|
medicago lupulina	n|prostrate European herb with small yellow flowers and curved black pods; naturalized in North America|
medicago sativa	n|important European leguminous forage plant with trifoliate leaves and blue-violet flowers grown widely as a pasture and hay crop|
medicaid	n|health care for the needy; a federally and state-funded program|
medicaid funds	n|public funds used to pay for Medicaid|
medical	adj|relating to the study or practice of medicine|the medical profession	adj|requiring or amenable to treatment by medicine especially as opposed to surgery|medical treatment	adj|of or belonging to Aesculapius or the healing art|	n|a thorough physical examination; includes a variety of tests depending on the age and sex and health of the person|
medical aid	n|professional treatment for illness or injury|
medical assistant	n|a person trained to assist medical professionals|
medical bill	n|statement of charges for medical services|
medical building	n|building where medicine is practiced|
medical care	n|professional treatment for illness or injury|
medical center	n|the part of a city where medical facilities are centered|
medical checkup	n|a thorough physical examination; includes a variety of tests depending on the age and sex and health of the person|
medical community	n|the body of individuals who are qualified to practice medicine|
medical diagnosis	n|identification of a disease from its symptoms|
medical dressing	n|a cloth covering for a wound or sore|
medical evacuation	n|the evacuation of persons (usually by air transportation) to a place where they can receive medical care|
medical exam	n|a thorough physical examination; includes a variety of tests depending on the age and sex and health of the person|
medical examination	n|a thorough physical examination; includes a variety of tests depending on the age and sex and health of the person|
medical examiner	n|a public official who investigates by inquest any death not due to natural causes|
medical expense	n|amount spent for diagnosis or treatment or prevention of medical problems|
medical extern	n|a nonresident doctor or medical student; connected with a hospital but not living there|
medical history	n|the case history of a medical patient as recalled by the patient|
medical institution	n|an institution created for the practice of medicine|
medical instrument	n|instrument used in the practice of medicine|
medical intern	n|an advanced student or graduate in medicine gaining supervised practical experience (`houseman' is a British term)|
medical man	n|someone who practices medicine|
medical officer	n|a medical practitioner in the armed forces|
medical practice	n|the practice of medicine|
medical practitioner	n|someone who practices medicine|
medical procedure	n|a procedure employed by medical or dental practitioners|
medical profession	n|the body of individuals who are qualified to practice medicine|
medical prognosis	n|a prediction of the course of a disease|
medical record	n|the case history of a medical patient as recalled by the patient|
medical relation	n|the professional relation between a health care professional and a patient|
medical report	n|a report of the results of a medical examination of a patient|
medical school	n|a graduate school offering study leading to a medical degree|
medical science	n|the science of dealing with the maintenance of health and the prevention and treatment of disease|
medical scientist	n|a scientist who studies disease processes|
medical social worker	n|an official in a British hospital who looks after the social and material needs of the patients|
medical specialist	n|practices one branch of medicine|
medical specialty	n|the branches of medical science that deal with nonsurgical techniques|
medical student	n|a student in medical school|
medically	adv|involving medical practice|medically trained nurses
medicament	n|(medicine) something that treats or prevents or alleviates the symptoms of disease|
medicare	n|health care for the aged; a federally administered system of health insurance available to persons aged 65 and over|
medicare check	n|a check reimbursing an aged person for the expenses of health care|
medicare payment	n|a check reimbursing an aged person for the expenses of health care|
medicate	v|impregnate with a medicinal substance|	v|treat medicinally, treat with medicine|
medication	n|(medicine) something that treats or prevents or alleviates the symptoms of disease|	n|the act of treating with medicines or remedies|
medicative	adj|having the properties of medicine|medicative drugs
medici	n|aristocratic Italian family of powerful merchants and bankers who ruled Florence in the 15th century|
medicinal	adj|having the properties of medicine|medicative drugs
medicinal drug	n|(medicine) something that treats or prevents or alleviates the symptoms of disease|
medicinal leech	n|large European freshwater leech formerly used for bloodletting|
medicinally	adv|in a medicinal manner|
medicine	n|the branches of medical science that deal with nonsurgical techniques|	n|(medicine) something that treats or prevents or alleviates the symptoms of disease|	n|the learned profession that is mastered by graduate training in a medical school and that is devoted to preventing or alleviating or curing diseases and injuries|he studied medicine at Harvard	n|punishment for one's actions|you have to face the music
medicine ball	n|heavy ball used in physical training|
medicine cabinet	n|cabinet that holds medicines and toiletries|
medicine chest	n|cabinet that holds medicines and toiletries|
medick	n|any of several Old World herbs of the genus Medicago having small flowers and trifoliate compound leaves|
medico	n|a student in medical school|	n|a licensed medical practitioner|I felt so bad I went to see my doctor
medicolegal	adj|pertaining to legal aspects of the practice of medicine (as malpractice or patient consent for operations or patient information)|
mediety	n|one of two (approximately) equal parts|
medieval	adj|relating to or belonging to the Middle Ages|Medieval scholars	adj|as if belonging to the Middle Ages; old-fashioned and unenlightened|a medieval attitude toward dating	adj|characteristic of the time of chivalry and knighthood in the Middle Ages|chivalric rites
medieval greek	n|the Greek language from about 600 to 1200 AD|
medieval latin	n|Latin used for liturgical purposes during the Middle Ages|
medieval mode	n|any of a system of modes used in Gregorian chants up until 1600; derived historically from the Greek mode|
medieval schoolman	n|a scholar in one of the universities of the Middle Ages; versed in scholasticism|
medina	n|a city in western Saudi Arabia; site of the tomb of Muhammad; the second most holy city of Islam|	n|the ancient quarter of many cities in northern Africa|
medinilla	n|tropical Old World ornamental evergreen shrubs having fleshy leaves and large panicles of white pink flowers|
medinilla magnifica	n|a beautiful tropical evergreen epiphytic shrub grown for its lush foliage and huge panicles of pink flowers; Philippines|
mediocre	adj|moderate to inferior in quality|they improved the quality from mediocre to above average	adj|lacking exceptional quality or ability|a novel of average merit	adj|poor to middling in quality|there have been good and mediocre and bad artists
mediocrity	n|ordinariness as a consequence of being average and not outstanding|	n|a person of second-rate ability or value|a team of aging second-raters
meditate	v|reflect deeply on a subject|I mulled over the events of the afternoon	v|think intently and at length, as for spiritual purposes|He is meditating in his study
meditation	n|continuous and profound contemplation or musing on a subject or series of subjects of a deep or abstruse nature|the habit of meditation is the basis for all real knowledge	n|(religion) contemplation of spiritual matters (usually on religious or philosophical subjects)|
meditative	adj|deeply or seriously thoughtful|Byron lives on not only in his poetry, but also in his creation of the `Byronic hero' - the persona of a brooding melancholy young man
meditatively	adv|in a meditative manner|round and round, while meditatively, as a cow chewing the cud, he let his eyes rest on the flat water ahead of him
meditativeness	n|deep serious thoughtfulness|
mediterranean	n|the largest inland sea; between Europe and Africa and Asia|	adj|of or relating to or characteristic of or located near the Mediterranean Sea|Mediterranean countries
mediterranean anaemia	n|an inherited form of anemia caused by faulty synthesis of hemoglobin|
mediterranean anchovy	n|esteemed for its flavor; usually preserved or used for sauces and relishes|
mediterranean anemia	n|an inherited form of anemia caused by faulty synthesis of hemoglobin|
mediterranean cypress	n|tall Eurasian cypress with thin grey bark and ascending branches|
mediterranean fever	n|infectious bacterial disease of human beings transmitted by contact with infected animals or infected meat or milk products; characterized by fever and headache|
mediterranean flour moth	n|small moth whose larvae damage stored grain and flour|
mediterranean fruit fly	n|small black-and-white fly that damages citrus and other fruits by implanting eggs that hatch inside the fruit|
mediterranean hackberry	n|bright green deciduous shade tree of southern Europe|
mediterranean sea	n|the largest inland sea; between Europe and Africa and Asia|
mediterranean snapdragon	n|perennial native to the Mediterranean but widely cultivated for its purple or pink flowers|
mediterranean water shrew	n|a type of water shrew|
medium	n|a means or instrumentality for storing or communicating information|	n|the surrounding environment|fish require an aqueous medium	n|an intervening substance through which signals can travel as a means for communication|	n|(bacteriology) a nutrient substance (solid or liquid) that is used to cultivate micro-organisms|
medium frequency	n|300 to 3000 kilohertz|
medium of exchange	n|anything that is generally accepted as a standard of value and a measure of wealth in a particular country or region|
medium steel	n|steel with 0.15-0.3% carbon|
medium wave	n|a radio wave with a wavelength between 100 and 1000 meters (a frequency between 300 kilohertz and 3000 kilohertz)|
medium-dry	adj|of a wine that is dry but not extremely dry|
medium-large	adj|of anything that is large but not the largest|
medium-size	adj|intermediate in size|
medium-sized	adj|intermediate in size|
medivac	n|the evacuation of persons (usually by air transportation) to a place where they can receive medical care|
medlar	n|small deciduous tree of southern Africa having edible fruit|	n|small deciduous Eurasian tree cultivated for its fruit that resemble crab apples|	n|a South African globular fruit with brown leathery skin and pithy flesh having a sweet-acid taste|	n|crabapple-like fruit used for preserves|
medlar tree	n|small deciduous Eurasian tree cultivated for its fruit that resemble crab apples|
medley	n|a musical composition consisting of a series of songs or other musical pieces from various sources|
medoc	n|red Bordeaux wine from the Medoc district of southwestern France|
medroxyprogesterone	n|a progestin compound (trade name Provera) used to treat menstrual disorders|
medulla	n|a white fatty substance that forms a medullary sheath around the axis cylinder of some nerve fibers|	n|lower or hindmost part of the brain; continuous with spinal cord; (`bulb' is an old term for medulla oblongata)|the medulla oblongata is the most vital part of the brain because it contains centers controlling breathing and heart functioning	n|the inner part of an organ or structure in plant or animal|
medulla oblongata	n|lower or hindmost part of the brain; continuous with spinal cord; (`bulb' is an old term for medulla oblongata)|the medulla oblongata is the most vital part of the brain because it contains centers controlling breathing and heart functioning
medulla spinalis	n|a major part of the central nervous system which conducts sensory and motor nerve impulses to and from the brain; a long tubelike structure extending from the base of the brain through the vertebral canal to the upper lumbar region|
medullary	adj|containing or consisting of or resembling bone marrow|	adj|of or relating to the medulla oblongata|	adj|of or relating to the medulla of any body part|
medullary ray	n|a sheet of vascular tissue separating the vascular bundles|
medullary sheath	n|a layer of myelin encasing (and insulating) the axons of medullated nerve fibers|
medullated	adj|(of neurons) covered with a layer of myelin|
medullated nerve fiber	n|a nerve fiber encased in a sheath of myelin|
medusa	n|(Greek mythology) a woman transformed into a Gorgon by Athena; she was slain by Perseus|	n|one of two forms that coelenterates take: it is the free-swimming sexual phase in the life cycle of a coelenterate; in this phase it has a gelatinous umbrella-shaped body and tentacles|
medusa's head	n|African dwarf succulent perennial shrub with numerous slender drooping branches|	n|weedy rye grass having long bristling awns|
medusan	n|one of two forms that coelenterates take: it is the free-swimming sexual phase in the life cycle of a coelenterate; in this phase it has a gelatinous umbrella-shaped body and tentacles|
medusoid	adj|relating to or resembling a medusa|	n|one of two forms that coelenterates take: it is the free-swimming sexual phase in the life cycle of a coelenterate; in this phase it has a gelatinous umbrella-shaped body and tentacles|
meed	n|a fitting reward|
meek	adj|humble in spirit or manner; suggesting retiring mildness or even cowed submissiveness|meek and self-effacing	adj|very docile|tame obedience	adj|evidencing little spirit or courage; overly submissive or compliant|compliant and anxious to suit his opinions of those of others
meekly	adv|in a submissive or spiritless manner|meekly bowed to his wishes	adv|in a humble manner|he humbly lowered his head
meekness	n|the feeling of patient, submissive humbleness|	n|a disposition to be patient and long suffering|
meerestone	n|an old term for a landmark that consisted of a pile of stones surmounted by an upright slab|
meerkat	n|a mongoose-like viverrine of South Africa having a face like a lemur and only four toes|
meerschaum	n|a white clayey mineral|	n|a pipe having a bowl made of meerschaum|
meet	v|come together|I'll probably see you at the meeting	v|get together socially or for a specific purpose|	v|be adjacent or come together|The lines converge at this point	v|fill, satisfy or meet a want or need or condtion ro restriction|does this paper meet the requirements for the degree?
meet up with	v|meet with by appointment|She met up with her former lover
meeter	n|a person who is present and participates in a meeting|he was a regular attender at department meetings
meeting	n|a formally arranged gathering|next year the meeting will be in Chicago	n|a small informal social gathering|there was an informal meeting in my living room	n|a casual or unexpected convergence|he still remembers their meeting in Paris	n|the social act of assembling for some common purpose|his meeting with the salesmen was the high point of his day
meeting house	n|columbine of eastern North America having long-spurred red flowers|
meeting of minds	n|a state of cooperation|
meeting place	n|a public facility to meet for open discussion|
meetinghouse	n|a building for religious assembly (especially Nonconformists, e.g., Quakers)|
mefenamic acid	n|a nonsteroidal anti-inflammatory and analgesic drug (trade name Ponstel) used to treat mild pain (especially menstrual cramps)|
mefloquine	n|an antimalarial drug (trade name Larium and Mephaquine) that is effective in cases that do not respond to chloroquine; said to produce harmful neuropsychiatric effects on some people|
mefloquine hydrochloride	n|an antimalarial drug (trade name Larium and Mephaquine) that is effective in cases that do not respond to chloroquine; said to produce harmful neuropsychiatric effects on some people|
mefoxin	n|one of several broad spectrum antibiotic substances obtained from fungi and related to penicillin (trade names Mefoxin); addition of side chains has produced semisynthetic antibiotics with greater antibacterial activity|
meg	n|the number that is represented as a one followed by 6 zeros|
megabat	n|large Old World bat of warm and tropical regions that feeds on fruit|
megabit	n|a unit of information equal to 1000 kilobits or 10^6 (1,000,000) bits|
megabucks	n|a large sum of money (especially as pay or profit)|she made a bundle selling real estate
megabyte	n|a unit of information equal to 1000 kilobytes or 10^6 (1,000,000) bytes|	n|a unit of information equal to 1024 kibibytes or 2^20 (1,048,576) bytes|
megacardia	n|an abnormal enlargement of the heart|mild cardiomegaly is common in athletes
megacephaly	n|an abnormally large head; differs from hydrocephalus because there is no increased intracranial pressure and the overgrowth is symmetrical|
megachile	n|type genus of the Megachilidae: leaf-cutting bees|
megachilidae	n|leaf-cutting and mason bees|
megachiroptera	n|fruit bats|
megacolon	n|an abnormal enlargement of the colon; can be congenital (as in Hirschsprung's disease) or acquired (as when children refuse to defecate)|
megacycle	n|one million periods per second|
megacycle per second	n|one million periods per second|
megadeath	n|the death of a million people|they calibrate the effects of atom bombs in megadeaths
megaderma	n|type genus of the Megadermatidae|
megaderma lyra	n|large carnivorous Old World bat with very large ears|
megadermatidae	n|Old World false vampire bats|
megaera	n|one of the three Furies|
megaflop	n|(computer science) a unit for measuring the speed of a computer system|
megagametophyte	n|the female gametophyte produced by the megaspore of a plant that produces both microspore and megaspores|
megahertz	n|one million periods per second|
megahit	n|an unusually successful hit with widespread popularity and huge sales (especially a movie or play or recording or novel)|
megakaryocyte	n|a large bone marrow cell; regarded as the source of blood platelets|
megakaryocytic	adj|of or pertaining to large bone marrow cells|
megalith	n|memorial consisting of a very large stone forming part of a prehistoric structure (especially in western Europe)|
megalithic	adj|of or relating to megaliths or the people who erected megaliths|megalithic monuments like Stonehenge
megalithic structure	n|memorial consisting of a very large stone forming part of a prehistoric structure (especially in western Europe)|
megalobatrachus	n|giant salamanders; in some classifications included in the genus Cryptobranchus|
megalobatrachus maximus	n|large (up to more than three feet) edible salamander of Asia|
megaloblast	n|abnormally large red blood cell present in pernicious anemia and folic acid deficiency|
megaloblastic	adj|of or relating to megaloblasts|
megaloblastic anaemia	n|anemia characterized by many large immature and dysfunctional red blood cells (megaloblasts) in the bone marrow; associated with pernicious anemia|
megaloblastic anemia	n|anemia characterized by many large immature and dysfunctional red blood cells (megaloblasts) in the bone marrow; associated with pernicious anemia|
megalocardia	n|an abnormal enlargement of the heart|mild cardiomegaly is common in athletes
megalocephaly	n|an abnormally large head; differs from hydrocephalus because there is no increased intracranial pressure and the overgrowth is symmetrical|
megalocyte	n|abnormally large red blood cell (associated with pernicious anemia)|
megalohepatia	n|abnormal enlargement of the liver|
megalomania	n|a psychological state characterized by delusions of grandeur|
megalomaniac	n|a pathological egotist|
megalomaniacal	adj|suffering from megalomania|
megalomanic	adj|suffering from megalomania|
megalonychidae	n|mammal family consisting of the two-toed sloths|
megalopolis	n|a very large urban complex (usually involving several cities and towns)|
megaloptera	n|in some classifications considered a separate order: alderflies; dobsonflies; snake flies|
megalosaur	n|gigantic carnivorous bipedal dinosaur of the Jurassic or early Cretaceous in Europe|
megalosauridae	n|megalosaurs|
megalosaurus	n|gigantic carnivorous bipedal dinosaur of the Jurassic or early Cretaceous in Europe|
megaphone	n|a cone-shaped acoustic device held to the mouth to intensify and direct the human voice|
megapode	n|large-footed short-winged birds of Australasia; build mounds of decaying vegetation to incubate eggs|
megapodiidae	n|megapodes|
megapodius	n|type genus of the Megapodiidae|
megaptera	n|humpback whales|
megaptera novaeangliae	n|large whalebone whale with long flippers noted for arching or humping its back as it dives|
megascopic	adj|visible to the naked eye (especially of rocks and anatomical features)|
megasporangium	n|a plant structure that produces megaspores|
megaspore	n|larger of the two types of spore produced in heterosporous plants; develops in ovule into a female gametophyte|
megasporophyll	n|in non-flowering plants, a sporophyll that bears only megasporangia|
megathere	n|gigantic extinct terrestrial sloth-like mammal of the Pliocene and Pleistocene in America|
megatherian	n|a large extinct ground sloth|
megatherian mammal	n|a large extinct ground sloth|
megatheriid	n|a large extinct ground sloth|
megatheriidae	n|extinct ground sloths|
megatherium	n|type genus of the Megatheriidae|
megaton	n|a measure of explosive power (of an atomic weapon) equal to that of one million tons of TNT|	n|one million tons|
megaton bomb	n|a nuclear weapon with an explosive power equivalent to one million tons of TNT|
megavitamin therapy	n|therapy based on a theory that taking very large doses of vitamins will prevent or cure physical or psychological disorders|
megawatt	n|a unit of power equal to one million watts|
megestrol	n|a synthetic progestational compound used to treat endometrial carcinoma|
megestrol acetate	n|a synthetic progestational compound used to treat endometrial carcinoma|
megillah	n|(Yiddish) a long boring tediously detailed account|he insisted on giving us the whole megillah	n|(Judaism) the scroll of parchment that contains the biblical story of Esther; traditionally read in synagogues to celebrate Purim|
megilp	n|a medium for oil-paints; linseed oil mixed with mastic varnish or turpentine|
megohm	n|a unit of resistance equal to one million ohms|
megrim	n|a severe recurring vascular headache; occurs more frequently in women than men|
megrims	n|a state of depression|he had a bad case of the blues
mehemet ali	n|Albanian soldier in the service of Turkey who was made viceroy of Egypt and took control away from the Ottoman Empire and established Egypt as a modern state (1769-1849)|
mei	n|Japanese ornamental tree with fragrant white or pink blossoms and small yellow fruits|
meibomian cyst	n|a small sebaceous cyst of the eyelid resulting when a Meibomian gland is blocked|
meibomian gland	n|a long sebaceous gland that lubricates the eyelids|bacterial infection of a Meibomian gland produces a stye
meiji tenno	n|emperor of Japan who encouraged the modernization of Japan (1852-1912)|
meiosis	n|(genetics) cell division that produces reproductive cells in sexually reproducing organisms; the nucleus divides into four nuclei each containing half the chromosome number (leading to gametes in animals and spores in plants)|	n|understatement for rhetorical effect (especially when expressing an affirmative by negating its contrary)|saying `I was not a little upset' when you mean `I was very upset' is an example of litotes
meiotic	adj|of or relating to meiosis|
meir	n|Israeli statesman (born in Russia) (1898-1978)|
meissner	n|German anatomist (1829-1905)|	n|German physicist (1882-1974)|
meister eckhart	n|German Roman Catholic theologian and mystic (1260-1327)|
meitner	n|Swedish physicist (born in Austria) who worked in the field of radiochemistry with Otto Hahn and formulated the concept of nuclear fission with Otto Frisch (1878-1968)|
meitnerium	n|a radioactive transuranic element|
mek	n|a terrorist organization formed in the 1960s by children of Iranian merchants; sought to counter the Shah of Iran's pro-western policies of modernization and opposition to communism; following a philosophy that mixes Marxism and Islam it now attacks the Islamic fundamentalists who deposed the Shah|
mekong	n|an Asian river; flows through a large delta in southern Vietnam into the South China Sea|
mekong river	n|an Asian river; flows through a large delta in southern Vietnam into the South China Sea|
melaena	n|abnormally dark tarry feces containing blood (usually from gastrointestinal bleeding)|
melagra	n|rheumatic or myalgic pains in the arms or legs|
melagueta pepper	n|West African plant bearing pungent peppery seeds|
melamine	n|a white crystalline organic base; used mainly in making melamine resins|
melamine resin	n|a thermosetting resin formed from melamine and an aldehyde; used in molded products, adhesives, and coatings|
melampodium	n|herbs and subshrubs of warm North America|
melampodium leucanthum	n|bushy subshrub having flower heads that resemble asters with broad white rays; found in desert areas of Arizona east to Kansas and south to Mexico|
melampsora	n|rusts having sessile one-celled teliospores in a single layer|
melampsora lini	n|fungus causing flax rust|
melampsoraceae	n|rust fungi|
melancholia	n|extreme depression characterized by tearful sadness and irrational fears|
melancholiac	n|someone subject to melancholia|
melancholic	adj|characterized by or causing or expressing sadness|growing more melancholy every hour	n|someone subject to melancholia|
melancholy	adj|characterized by or causing or expressing sadness|growing more melancholy every hour	adj|grave or even gloomy in character|solemn and mournful music	n|a feeling of thoughtful sadness|	n|a constitutional tendency to be gloomy and depressed|
melancholy thistle	n|perennial stoloniferous thistle of northern Europe with lanceolate basal leaves and usually solitary heads of reddish-purple flowers|
melanchthon	n|German theologian and Luther's successor as leader of the Reformation in Germany (1497-1560)|
melanerpes	n|a genus of Picidae|
melanesia	n|the islands in the southwestern part of Oceania|
melanesian	adj|of or relating to Melanesia or its people or culture|
melange	n|a motley assortment of things|
melanin	n|insoluble pigments that account for the color of e.g. skin and scales and feathers|
melanise	v|convert into, or infiltrate with melanin|	v|make or become black|The smoke blackened the ceiling
melanism	n|a condition characterized by abnormal deposits of melanin (especially in the skin)|
melanitta	n|scoters|
melanitta nigra	n|a variety of scoter|
melanize	v|convert into, or infiltrate with melanin|	v|make or become black|The smoke blackened the ceiling
melanoblast	n|an epidermal cell that is a precursor of a melanocyte|
melanocyte	n|a cell in the basal layer of the epidermis that produces melanin under the control of the melanocyte-stimulating hormone|
melanocyte-stimulating hormone	n|a hormone secreted by the anterior pituitary gland that controls the degree of pigmentation in melanocytes|
melanoderma	n|abnormally dark skin caused by increased deposits of melatonin|
melanogrammus	n|haddock|
melanogrammus aeglefinus	n|important food fish on both sides of the Atlantic; related to cod but usually smaller|
melanoma	n|any of several malignant neoplasms (usually of the skin) consisting of melanocytes|
melanosis	n|a condition characterized by abnormal deposits of melanin (especially in the skin)|
melanotis	n|a genus of Mimidae|
melanotis caerulescens	n|mockingbird of Mexico|
melanthiaceae	n|one of many subfamilies into which some classification systems subdivide the Liliaceae but not widely accepted: includes Aletris; Narthecium; Veratrum|
melasma	n|a tan discoloration of a woman's face that is associated with pregnancy or with the use of oral contraceptives|
melastoma	n|type genus of Melastomataceae; Asiatic shrubs with leathery leaves and large purple flowers followed by edible fleshy black berries|
melastoma malabathricum	n|evergreen spreading shrub of India and southeastern Asia having large purple flowers|
melastomaceae	n|a family of trees and bushes and herbs of order Myrtales; many are cultivated as ornamentals|
melastomataceae	n|a family of trees and bushes and herbs of order Myrtales; many are cultivated as ornamentals|
melatonin	n|hormone secreted by the pineal gland|
melba	n|Australian operatic soprano (1861-1931)|
melba toast	n|very thin crisp brown toast|
melbourne	n|a resort town in east central Florida|	n|the capital of Victoria state and 2nd largest Australian city; a financial and commercial center|
melchior	n|(New Testament) one of the three sages from the east who came bearing gifts for the infant Jesus; usually represented as a king of Nubia|
melchite	n|an eastern Christian in Egypt or Syria who adheres to the Orthodox faith as defined by the council of Chalcedon in 451 and as accepted by the Byzantine emperor|	n|an Orthodox Christian or Uniate Christian belonging to the patriarchate of Alexandria or Antioch or Jerusalem|
meld	n|a form of rummy using two decks of cards and four jokers; jokers and deuces are wild; the object is to form groups of the same rank|	v|announce for a score; of cards in a card game|	v|lose its distinct outline or shape; blend gradually|Hundreds of actors were melting into the scene	v|mix together different elements|The colors blend well
meleagrididae	n|turkeys and some extinct forms|
meleagris	n|type genus of the Meleagrididae: wild and domestic turkeys|
meleagris gallopavo	n|large gallinaceous bird with fan-shaped tail; widely domesticated for food|
melee	n|a noisy riotous fight|
melena	n|abnormally dark tarry feces containing blood (usually from gastrointestinal bleeding)|
meles	n|in some classifications: type genus of the subfamily Melinae|
meles meles	n|a variety of badger native to Europe and Asia|
melia	n|type genus of the Meliaceae: East Indian and Australian deciduous trees with leaves resembling those of the ash|
melia azadirachta	n|large semi-evergreen tree of the East Indies; trunk exudes a tenacious gum; bitter bark used as a tonic; seeds yield an aromatic oil; sometimes placed in genus Melia|
meliaceae	n|tropical trees and shrubs including many important timber and ornamental trees|
melicytus	n|a genus of deciduous shrubs or trees; fruit is a berry; grow in New Zealand and Fiji and Solomon Islands|
melilot	n|erect annual or biennial plant grown extensively especially for hay and soil improvement|
melilotus	n|erect annual or biennial plant grown extensively especially for hay and soil improvement|
melilotus alba	n|biennial plant; valuable honey plant|
melilotus officinalis	n|biennial yellow-flowered Eurasian plant having aromatic leaves used as carminative or flavoring agent; widely cultivated especially as green manure or cover crop|
melina mercouri	n|Greek film actress (1925-1994)|
melinae	n|subdivision not used in some classifications: badgers|
meliorate	v|to make better|The editor improved the manuscript with his changes	v|get better|The weather improved toward evening
melioration	n|the act of relieving ills and changing for the better|	n|a condition superior to an earlier condition|the new school represents a great improvement	n|the linguistic process in which over a period of time a word grows more positive in connotation or more elevated in meaning|
meliorative	adj|tending to ameliorate|
meliorism	n|the belief that the world can be made better by human effort|
meliorist	n|a disputant who advocates reform|
meliphagidae	n|honey eaters|
melissa	n|a genus of Old World mints of the family Labiatae|
melissa officinalis	n|bushy perennial Old World mint having small white or yellowish flowers and fragrant lemon-flavored leaves; a garden escapee in northern Europe and North America|
melkite	n|an eastern Christian in Egypt or Syria who adheres to the Orthodox faith as defined by the council of Chalcedon in 451 and as accepted by the Byzantine emperor|	n|an Orthodox Christian or Uniate Christian belonging to the patriarchate of Alexandria or Antioch or Jerusalem|
mellaril	n|a tranquilizer (trade name Mellaril) used to treat schizophrenia and other psychotic disorders|
mellifluous	adj|pleasing to the ear|the dulcet tones of the cello
mellisonant	adj|pleasing to the ear|the dulcet tones of the cello
mellivora	n|ratels|
mellivora capensis	n|nocturnal badger-like carnivore of wooded regions of Africa and southern Asia|
mellow	adj|unhurried and relaxed|a mellow conversation	adj|having a full and pleasing flavor through proper aging|a mellow port	adj|softened through age or experience|mellow wisdom	adj|slightly and pleasantly intoxicated from alcohol or a drug (especially marijuana)|
mellow out	v|become more relaxed, easygoing, or genial|With age, he mellowed
mellowed	adj|having a full and pleasing flavor through proper aging|a mellow port	adj|softened through age or experience|mellow wisdom
mellowing	n|the process of becoming mellow|
mellowingly	adv|so as to mellow|the rays of the sun struck the earth mellowingly
mellowly	adv|in a mellow manner|
mellowness	n|a feeling of good humor and sympathy through maturity or intoxication or a relaxed state|	n|a taste (especially of fruit) that is ripe and of full flavor|	n|the property of a sensation that is rich and pleasing|the music had a fullness that echoed through the hall	n|a soft shade of a color|a mellowness of light and shade not attainable in marble
melocactus	n|genus of strongly ribbed globose or spheroid cacti of tropical South and Central America and the Caribbean|
melodic	adj|containing or constituting or characterized by pleasing melody|the melodious song of a meadowlark	adj|of or relating to melody|melodic harmony
melodic line	n|a succession of notes forming a distinctive sequence|she was humming an air from Beethoven
melodic phrase	n|a succession of notes forming a distinctive sequence|she was humming an air from Beethoven
melodic theme	n|(music) melodic subject of a musical composition|the theme is announced in the first measures
melodically	adv|with respect to melody|melodically interesting themes
melodious	adj|having a musical sound; especially a pleasing tune|	adj|containing or constituting or characterized by pleasing melody|the melodious song of a meadowlark
melodiously	adv|in a melodious manner|she sang melodiously
melodiousness	n|the property of having a melody|
melodise	v|supply a melody for|
melodize	v|supply a melody for|
melodrama	n|an extravagant comedy in which action is more salient than characterization|
melodramatic	adj|having the excitement and emotional appeal of melodrama|a melodramatic account of two perilous days at sea	adj|characteristic of acting or a stage performance; often affected|histrionic gestures
melodramatically	adv|as in a melodrama|here, the hero is melodramatically reunited with the heroine	adv|in an overly emotional manner|she acted melodramatically when she called for help
melody	n|a succession of notes forming a distinctive sequence|she was humming an air from Beethoven	n|the perception of pleasant arrangements of musical notes|
melody pipe	n|reed pipe with finger holes on which the melody is played|
melogale	n|a genus of Mustelidae|
meloid	n|beetle that produces a secretion that blisters the skin|
meloidae	n|blister beetles|
melolontha	n|a genus of Melolonthidae|
melolontha melolontha	n|any of various large European beetles destructive to vegetation as both larvae and adult|
melolonthid beetle	n|any of various beetles of the family (or subfamily) Melolonthidae|
melolonthidae	n|considered a separate family in some classification systems|
melon	n|any of numerous fruits of the gourd family having a hard rind and sweet juicy flesh|	n|any of various fruit of cucurbitaceous vines including: muskmelons; watermelons; cantaloupes; cucumbers|
melon ball	n|a bite of melon cut as a sphere|
melon vine	n|any of various fruit of cucurbitaceous vines including: muskmelons; watermelons; cantaloupes; cucumbers|
melophagus	n|an arthropod genus of wingless flies including the sheep ked|
melophagus ovinus	n|wingless fly that is an external parasite on sheep and cattle|
melopsittacus	n|a genus of Psittacidae|
melopsittacus undulatus	n|small Australian parakeet usually light green with black and yellow markings in the wild but bred in many colors|
melospiza melodia	n|small songbird common in North America|
melphalan	n|antineoplastic drug (trade name Alkeran) used to treat multiple myeloma and some other malignancies|
melpomene	n|(Greek mythology) the Muse of tragedy|
melt	v|reduce or cause to be reduced from a solid to a liquid state, usually by heating|melt butter	v|become or cause to become soft or liquid|The sun melted the ice	v|become more relaxed, easygoing, or genial|With age, he mellowed	v|lose its distinct outline or shape; blend gradually|Hundreds of actors were melting into the scene
melt down	v|reduce or cause to be reduced from a solid to a liquid state, usually by heating|melt butter
melt off	v|take off weight|
meltable	adj|capable of melting|
meltdown	n|severe overheating of the core of a nuclear reactor resulting in the core melting and radiation escaping|
melted	adj|changed from a solid to a liquid state|rivers filled to overflowing by melted snow
melter	n|a worker who melts substances (metal or wax etc.)|
melting	adj|becoming liquid|	n|the process whereby heat changes something from a solid to a liquid|the power failure caused a refrigerator melt that was a disaster
melting point	n|the temperature below which a liquid turns into a solid|
melting pot	n|an environment in which many ideas and races are socially assimilated|	n|a vessel made of material that does not melt easily; used for high temperature chemical reactions|
meltwater	n|melted snow or ice|
melursus	n|sloth bears; in some classifications not a separate genus from Ursus|
melursus ursinus	n|common coarse-haired long-snouted bear of south-central Asia|
melville bell	n|a phonetician and father of Alexander Graham Bell (1819-1905)|
mem	n|the 13th letter of the Hebrew alphabet|
member	n|one of the persons who compose a social group (especially individuals who have joined and participate in a group organization)|only members will be admitted	n|anything that belongs to a set or class|snakes are members of the class Reptilia	n|an external body part that projects from the body|it is important to keep the extremities warm	n|an organization that is a member of another organization (especially a state that belongs to a group of nations)|the library was a member of the interlibrary loan association
member bank	n|a bank that is a member of the Federal Reserve System|
member of parliament	n|an elected member of the British Parliament: a member of the House of Commons|
membered	adj|having members; normally used in chemistry in combination with a number|
memberless	adj|of a group or set having no members|
membership	n|the body of members of an organization or group|they polled their membership	n|the state of being a member|
membership card	n|a card certifying membership in an organization|
membracidae	n|plant hoppers: treehoppers|
membrane	n|a thin pliable sheet of material|	n|a pliable sheet of tissue that covers or lines or connects the organs or cells of animals or plants|
membrane bone	n|any bone that develops within membranous tissue without previous cartilage formation; e.g. the clavicle and bones of the skull|
membrane-forming	adj|characterized by formation of a membrane (or something resembling a membrane)|membranous gastritis
membranophone	n|a musical percussion instrument; usually consists of a hollow cylinder with a membrane stretched across each end|
membranous	adj|relating to or made of or similar to a membrane|membranous lining	adj|characterized by formation of a membrane (or something resembling a membrane)|membranous gastritis
membranous labyrinth	n|the sensory structures of the inner ear including the labyrinthine receptors and the cochlea; contained within the bony labyrinth|
meme	n|a cultural unit (an idea or value or pattern of behavior) that is passed from one person to another by non-genetic means (as by imitation)|memes are the cultural counterpart of genes
memel	n|a city in western Lithuania on the Baltic Sea; formerly an important trading town of the Hanseatic League|
memento	n|a reminder of past events|
memento mori	n|a reminder (as a death's head) of your mortality|
memo	n|a written proposal or reminder|
memoir	n|an account of the author's personal experiences|	n|an essay on a scientific or scholarly topic|
memorabilia	n|a record of things worth remembering|
memorability	n|the quality of being worth remembering|continuous change results in lack of memorability
memorable	adj|worth remembering|
memorably	adv|in a memorable manner|Horowitz could play Chopin memorably
memoranda	n|a written proposal or reminder|
memorandum	n|a written proposal or reminder|
memorial	n|a recognition of meritorious service|	n|a written statement of facts submitted in conjunction with a petition to an authority|	n|a structure erected to commemorate persons or events|
memorial park	n|a tract of land used for burials|
memorial tablet	n|a memorial made of brass|
memorialisation	n|a ceremony to honor the memory of someone or something|
memorialise	v|address in a memorial|The President memorialized the heroes of the battle	v|be or provide a memorial to a person or an event|This sculpture commemorates the victims of the concentration camps
memorialization	n|a ceremony to honor the memory of someone or something|
memorialize	v|address in a memorial|The President memorialized the heroes of the battle	v|be or provide a memorial to a person or an event|This sculpture commemorates the victims of the concentration camps
memorisation	n|learning so as to be able to remember verbatim|the actor's memorization of his lines
memorise	v|commit to memory; learn by heart|Have you memorized your lines for the play yet?
memoriser	n|a person who learns by rote|
memorization	n|learning so as to be able to remember verbatim|the actor's memorization of his lines
memorize	v|commit to memory; learn by heart|Have you memorized your lines for the play yet?
memorizer	n|a person who learns by rote|
memory	n|something that is remembered|search as he would, the memory was lost	n|the cognitive processes whereby past experience is remembered|he can do it from memory	n|the power of retaining and recalling past experience|he had a good memory when he was younger	n|an electronic memory device|a memory and the CPU form the central part of a computer to which peripherals are attached
memory access	n|(computer science) the operation of reading or writing stored information|
memory board	n|an electronic memory device|a memory and the CPU form the central part of a computer to which peripherals are attached
memory cache	n|(computer science) RAM memory that is set aside as a specialized buffer storage that is continually updated; used to optimize data transfers between system elements with different characteristics|
memory chip	n|a RAM microchip that can be plugged into a computer to provide additional memory|
memory device	n|a device that preserves information for retrieval|
memory image	n|a mental image of something previously experienced|
memory loss	n|partial or total loss of memory|he has a total blackout for events of the evening
memory picture	n|a memory image that is similar to a visual perception|
memory trace	n|a postulated biochemical change (presumably in neural tissue) that represents a memory|
memphis	n|largest city of Tennessee; located in southwestern Tennessee on bluffs overlooking the Mississippi River|	n|an ancient city of Egypt on the Nile (south of Cairo)|
memsahib	n|a woman sahib|
men	n|the force of workers available|
men's	n|a public toilet for men|
men's furnishings	n|the drygoods sold by a haberdasher|
men's room	n|a public toilet for men|
menace	n|something that is a source of danger|earthquakes are a constant threat in Japan	n|a threat or the act of threatening|he spoke with desperate menace	v|pose a threat to; present a danger to|The pollution is endangering the crops	v|express a threat either by an utterance or a gesture|he menaced the bank manager with a stick
menachem begin	n|Israeli statesman (born in Russia) who (as prime minister of Israel) negotiated a peace treaty with Anwar Sadat (then the president of Egypt) (1913-1992)|
menacing	adj|threatening or foreshadowing evil or tragic developments|a baleful look
menacingly	adv|in a menacing manner|the voice at the other end of the line dropped menacingly
menadione	n|a form of vitamin K|
menage	n|a social unit living together|he moved his family to Virginia
menage a trois	n|household for three; an arrangement where a married couple and a lover of one of them live together while sharing sexual relations|
menagerie	n|a collection of live animals for study or display|	n|the facility where wild animals are housed for exhibition|
menai strait	n|a strait in northern Wales between Anglesey Island and the mainland|
menander	n|comic dramatist of ancient Greece (342-292 BC)|
menarche	n|the first occurrence of menstruation in a woman|
mend	v|restore by replacing a part or putting together what is torn or broken|She repaired her TV set	v|heal or recover|My broken leg is mending	n|sewing that repairs a worn or torn hole (especially in a garment)|her stockings had several mends	n|the act of putting something in working order again|
mendacious	adj|given to lying|a mendacious child	adj|intentionally untrue|a mendacious statement
mendaciously	adv|in a mendacious and untruthful manner|I told him, quite untruthfully, that I had just returned from leave
mendacity	n|the tendency to be untruthful|
mendel	n|Augustinian monk and botanist whose experiments in breeding garden peas led to his eventual recognition as founder of the science of genetics (1822-1884)|
mendel's law	n|(genetics) one of two principles of heredity formulated by Gregor Mendel on the basis of his experiments with plants; the principles were limited and modified by subsequent genetic research|
mendeleev	n|Russian chemist who developed a periodic table of the chemical elements and predicted the discovery of several new elements (1834-1907)|
mendeleev's law	n|(chemistry) the principle that chemical properties of the elements are periodic functions of their atomic numbers|
mendelevium	n|a radioactive transuranic element synthesized by bombarding einsteinium with alpha particles (Md is the current symbol for mendelevium but Mv was formerly the symbol)|
mendeleyev	n|Russian chemist who developed a periodic table of the chemical elements and predicted the discovery of several new elements (1834-1907)|
mendelian	adj|of or relating to Gregor Mendel or in accord with Mendel's laws|Mendelian inheritance	n|a follower of Mendelism|
mendelianism	n|the theory of inheritance based on Mendel's laws|
mendelism	n|the theory of inheritance based on Mendel's laws|
mendelsohn	n|German architect who migrated to Palestine in 1937 (1887-1953)|
mendelssohn	n|German musician and romantic composer of orchestral and choral works (1809-1847)|
mendenhall glacier	n|a glacier of the Piedmont type near Juneau in Alaska|
mender	n|a skilled worker who mends or repairs things|
mendicancy	n|the state of being a beggar or mendicant|they were reduced to mendicancy	n|a solicitation for money or food (especially in the street by an apparently penniless person)|
mendicant	adj|practicing beggary|mendicant friars	n|a male member of a religious order that originally relied solely on alms|	n|a pauper who lives by begging|
mendicity	n|the state of being a beggar or mendicant|they were reduced to mendicancy
mending	n|garments that must be repaired|	n|the act of putting something in working order again|
menelaus	n|(Greek mythology) the king of Sparta at the time of the Trojan War; brother of Agamemnon; husband of Helen|
menhaden oil	n|a fatty oil obtained from the menhaden fish and used in paint and ink and in treating leather|
menhir	n|a tall upright megalith; found primarily in England and northern France|
menial	adj|used of unskilled work (especially domestic work)|	n|a domestic servant|
menially	adv|in a menial manner|
meniere	n|French otologist who first described a form of vertigo now known as Meniere's disease and identified the semicircular canals as the site of the lesion (1799-1862)|
meniere's disease	n|a disease of the inner ear characterized by episodes of dizziness and tinnitus and progressive hearing loss (usually unilateral)|
meningeal	adj|relating to the meninges|
meningeal artery	n|any of three arteries supplying the meninges of the brain and neighboring structures|
meningeal veins	n|veins at accompany the meningeal arteries|
meninges	n|a membrane (one of 3) that envelops the brain and spinal cord|
meningioma	n|a tumor arising in the meninges which surround the brain and spinal cord; usually slow growing and sometimes malignant|
meningism	n|symptoms that mimic those of meningitis but without inflammation of the meninges|
meningitis	n|infectious disease characterized by inflammation of the meninges (the tissues that surround the brain or spinal cord) usually caused by a bacterial infection; symptoms include headache and stiff neck and fever and nausea|
meningocele	n|a congenital anomaly of the central nervous system in which a sac protruding from the brain or the spinal meninges contains cerebrospinal fluid (but no nerve tissue)|
meningoencephalitis	n|inflammation of the brain and spinal cord and their meninges|
meninx	n|a membrane (one of 3) that envelops the brain and spinal cord|
menippe	n|stone crabs|
meniscectomy	n|surgical removal of the meniscus of the knee|
meniscium	n|terrestrial ferns of tropical Americas|
meniscus	n|(anatomy) a disk of cartilage that serves as a cushion between the ends of bones that meet at a joint|	n|(optics) a lens that is concave on one side and convex on the other|	n|(physics) the curved upper surface of a nonturbulent liquid in a vertical tube|
menispermaceae	n|herbaceous or woody climbers|
menispermum	n|climbing herbs|
menispermum canadense	n|a woody vine of eastern North America having large oval leaves and small white flowers and purple to blue-black fruits|
mennonite	n|a member of an Anabaptist movement in Holland noted for its simplicity of life|
mennonite church	n|formed from the Anabaptist movement in the 16th century; noted for its simplicity of life|
mennonitism	n|system of beliefs and practices including belief in scriptural authority; plain dress; adult baptism; foot washing; restriction of marriage to members of the group|
meno mosso	n|played at reduced speed; less rapid|
menominee	n|a member of the federally recognized tribe of Algonquian people living on a reservation in central Wisconsin|	n|the Algonquian language spoken by the Menomini|
menominee whitefish	n|a whitefish with a bronze back; of northern North America and Siberia|
menomini	n|a member of the federally recognized tribe of Algonquian people living on a reservation in central Wisconsin|	n|the Algonquian language spoken by the Menomini|
menopausal	adj|of or relating to the menopause|
menopause	n|the time in a woman's life in which the menstrual cycle ends|
menopon	n|chicken lice|
menopon gallinae	n|a louse parasitic on poultry|
menopon palladum	n|a louse parasitic on poultry|
menorah	n|(Judaism) a candelabrum with seven branches used in ceremonies to symbolize the seven days of Creation|	n|(Judaism) a candelabrum with nine branches; used during the Hanukkah festival|
menorrhagia	n|abnormally heavy or prolonged menstruation; can be a symptom of uterine tumors and can lead to anemia if prolonged|
menorrhea	n|flow of blood from the uterus; occurs at roughly monthly intervals during a woman's reproductive years|
menotyphla	n|elephant shrews; tree shrews|
mens rea	n|(law) criminal intent; the thoughts and intentions behind a wrongful act (including knowledge that the act is illegal); often at issue in murder trials|
mens store	n|a store where men's clothes are sold|
mensa	n|a faint constellation in the polar region of the southern hemisphere and containing part of the Large Magellanic Cloud|
mensal	adj|pertaining to or used at the dining table|
mensal line	n|a crease on the palm; palmists say it indicates your emotional nature|
mensch	n|a decent responsible person with admirable characteristics|
menses	n|the monthly discharge of blood from the uterus of nonpregnant women from puberty to menopause|the women were sickly and subject to excessive menstruation
mensh	n|a decent responsible person with admirable characteristics|
menshevik	n|a Russian member of the liberal minority group that advocated gradual reform and opposed the Bolsheviks before and during the Russian Revolution|
menstrual	adj|of or relating to menstruation or the menses|menstrual period
menstrual blood	n|flow of blood from the uterus; occurs at roughly monthly intervals during a woman's reproductive years|
menstrual cycle	n|a recurring cycle (beginning at menarche and ending at menopause) in which the endometrial lining of the uterus prepares for pregnancy; if pregnancy does not occur the lining is shed at menstruation|the average menstrual cycle is 28 days
menstrual flow	n|flow of blood from the uterus; occurs at roughly monthly intervals during a woman's reproductive years|
menstrual phase	n|the phase of the menstrual cycle during which the lining of the uterus is shed (the first day of menstrual flow is considered day 1 of the menstrual cycle)|
menstruate	v|undergo menstruation|She started menstruating at the age of 11
menstruation	n|the monthly discharge of blood from the uterus of nonpregnant women from puberty to menopause|the women were sickly and subject to excessive menstruation
menstruum	n|(archaic) a solvent|	n|the monthly discharge of blood from the uterus of nonpregnant women from puberty to menopause|the women were sickly and subject to excessive menstruation
mensurable	adj|having notes of fixed rhythmic value|	adj|capable of being measured|measurable depths
mensural	adj|of or relating to measure|	adj|having notes of fixed rhythmic value|
mensurate	v|determine the measurements of something or somebody, take measurements of|Measure the length of the wall
mensuration	n|the act or process of assigning numbers to phenomena according to a rule|the measurements were carefully done
mental	adj|involving the mind or an intellectual process|mental images of happy times	adj|of or relating to the mind|mental powers	adj|of or relating to the chin- or liplike structure in insects and certain mollusks|	adj|of or relating to the chin or median part of the lower jaw|
mental ability	n|the power to learn or retain knowledge; in law, the ability to understand the facts and significance of your behavior|
mental abnormality	n|any abnormality of mental function|
mental age	n|the level of intellectual development as measured by an intelligence test|
mental anguish	n|sustained dull painful emotion|
mental attitude	n|a complex mental state involving beliefs and feelings and values and dispositions to act in certain ways|he had the attitude that work was fun
mental balance	n|the healthy psychological state of someone with good judgment|
mental block	n|an inability to remember or think of something you normally can do; often caused by emotional tension|I knew his name perfectly well but I had a temporary block
mental capacity	n|mental ability|he's got plenty of brains but no common sense
mental case	n|a person suffering from neurosis|
mental condition	n|(psychology) a mental condition in which the qualities of a state are relatively constant even though the state itself may be dynamic|a manic state
mental confusion	n|a mental state characterized by a lack of clear and orderly thought and behavior|a confusion of impressions
mental defectiveness	n|retardation sufficient to fall outside the normal range of intelligence|
mental deficiency	n|mild mental retardation|
mental dexterity	n|intelligence as revealed by quickness and alertness of mind|nimbleness of wit and imagination
mental disease	n|any disease of the mind; the psychological state of someone who has emotional or behavioral problems serious enough to require psychiatric intervention|
mental disorder	n|(psychiatry) a psychological disorder of thought or emotion; a more neutral term than mental illness|
mental disturbance	n|(psychiatry) a psychological disorder of thought or emotion; a more neutral term than mental illness|
mental energy	n|an actuating force or factor|
mental exhaustion	n|exhaustion that affects mental keenness|
mental faculty	n|one of the inherent cognitive or perceptual powers of the mind|
mental health	n|the psychological state of someone who is functioning at a satisfactory level of emotional and behavioral adjustment|
mental home	n|a hospital for mentally incompetent or unbalanced person|
mental hospital	n|a hospital for mentally incompetent or unbalanced person|
mental hygiene	n|the branch of psychiatry concerned with psychological methods|
mental illness	n|any disease of the mind; the psychological state of someone who has emotional or behavioral problems serious enough to require psychiatric intervention|
mental image	n|an iconic mental representation|her imagination forced images upon her too awful to contemplate
mental imagery	n|the ability to form mental images of things or events|he could still hear her in his imagination
mental institution	n|a hospital for mentally incompetent or unbalanced person|
mental lexicon	n|a language user's knowledge of words|
mental measurement	n|a generic term used to cover any application of measurement techniques to the quantification of mental functions|
mental note	n|special attention with intent to remember|he made a mental note to send her flowers
mental object	n|the sum or range of what has been perceived, discovered, or learned|
mental picture	n|a clear and telling mental image|he described his mental picture of his assailant
mental process	n|(psychology) the performance of some composite cognitive activity; an operation that affects mental contents|the process of thinking
mental quickness	n|intelligence as revealed by an ability to give correct responses without delay|
mental rejection	n|doubt about the truth of something|
mental representation	n|a presentation to the mind in the form of an idea or image|
mental reservation	n|an unstated doubt that prevents you from accepting something wholeheartedly|
mental retardation	n|lack of normal development of intellectual capacities|
mental soundness	n|the healthy psychological state of someone with good judgment|
mental state	n|(psychology) a mental condition in which the qualities of a state are relatively constant even though the state itself may be dynamic|a manic state
mental strain	n|(psychology) nervousness resulting from mental stress|his responsibilities were a constant strain
mental synthesis	n|the creation of a construct; the process of combining ideas into a congruous object of thought|
mental telepathist	n|someone with the power of communicating thoughts directly|
mental test	n|any standardized procedure for measuring sensitivity or memory or intelligence or aptitude or personality etc|the test was standardized on a large sample of students
mental testing	n|any standardized procedure for measuring sensitivity or memory or intelligence or aptitude or personality etc|the test was standardized on a large sample of students
mental unsoundness	n|a state of mental disturbance and disorientation|
mentalism	n|(philosophy) a doctrine that mind is the true reality and that objects exist only as aspects of the mind's awareness|
mentality	n|a habitual or characteristic mental attitude that determines how you will interpret and respond to situations|	n|mental ability|he's got plenty of brains but no common sense
mentally	adv|in your mind|he suffered mentally
mentally ill	adj|suffering from severe mental illness|of unsound mind
mentally retarded	n|people collectively who are mentally retarded|he started a school for the retarded
mentation	n|the process of using your mind to consider something carefully|thinking always made him frown
mentha	n|mint plants|
mentha aquatica	n|a European mint that thrives in wet places; has a perfume like that of the bergamot orange; naturalized in eastern North America|
mentha citrata	n|mint with leaves having perfume like that of the bergamot orange|
mentha piperita	n|herb with downy leaves and small purple or white flowers that yields a pungent oil used as a flavoring|
mentha pulegium	n|Eurasian perennial mint have small lilac-blue flowers and ovate leaves; yields an aromatic oil|
mentha spicata	n|common garden herb having clusters of small purplish flowers and yielding an oil used as a flavoring|
menthol	n|a crystalline compound that has the cool and minty taste and odor that occurs naturally in peppermint oil; used as a flavoring and in medicine to relieve itching, pain, and nasal congestion|	n|a lotion containing menthol which gives it the smell of mint|
mentholated	adj|containing, or impregnated with, menthol|mentholated cough syrup
mentholated salve	n|a salve containing menthol|
menticirrhus	n|kingfishes; whiting|
menticirrhus americanus	n|whiting of the southeastern coast of North America|
menticirrhus undulatus	n|bluish-grey whiting of California coast|
mention	v|make reference to|His name was mentioned in connection with the invention	v|make mention of|She observed that his presentation took up too much time	v|commend|he was cited for his outstanding achievements	n|a remark that calls attention to something or someone|she made frequent mention of her promotion
mentioner	n|a speaker who refers to something briefly or incidentally|
mentor	n|a wise and trusted guide and advisor|	v|serve as a teacher or trusted counselor|The famous professor mentored him during his years in graduate school
mentum	n|a projection like a chin formed by the sepals and base of the column in some orchids|	n|the protruding part of the lower jaw|	n|a projection below the mouth of certain mollusks that resembles a chin|
mentzelia	n|genus of bristly herbs or subshrubs of western America lacking stinging hairs|
mentzelia lindleyi	n|annual grown especially for its fragrant golden nocturnal flowers|
menu	n|a list of dishes available at a restaurant|the menu was in French	n|the dishes making up a meal|	n|(computer science) a list of options available to a computer user|	n|an agenda of things to do|they worked rapidly down the menu of reports
menura	n|type and sole genus of the family Menuridae|
menurae	n|lyrebirds and scrubbirds|
menuridae	n|lyrebirds|
menyanthaceae	n|a dicotyledonous family of marsh plants of order Gentianales|
menyanthes	n|the type genus of the Menyanthaceae; one species: bogbeans|
menyanthes trifoliata	n|perennial plant of Europe and America having racemes of white or purplish flowers and intensely bitter trifoliate leaves; often rooting at water margin and spreading across the surface|
menziesia	n|deciduous shrubs of North America and eastern Asia|
menziesia ferruginea	n|straggling shrub of northwestern North America having foliage with a bluish tinge and umbels of small bell-shaped flowers|
meow	n|the sound made by a cat (or any sound resembling this)|	v|cry like a cat|the cat meowed
mepacrine	n|a drug (trade name Atabrine) used to treat certain worm infestations and once used to treat malaria|
meperidine	n|a synthetic narcotic drug (trade name Demerol) used to treat pain|
meperidine hydrochloride	n|a synthetic narcotic drug (trade name Demerol) used to treat pain|
mephaquine	n|an antimalarial drug (trade name Larium and Mephaquine) that is effective in cases that do not respond to chloroquine; said to produce harmful neuropsychiatric effects on some people|
mephenytoin	n|a toxic anticonvulsant drug (trade name Mesantoin) used in the treatment of epilepsy when less toxic anticonvulsants have been ineffective|
mephistophelean	adj|showing the cunning or ingenuity or wickedness typical of a devil|devilish schemes
mephistopheles	n|evil spirit to whom Faust sold his soul|
mephistophelian	adj|showing the cunning or ingenuity or wickedness typical of a devil|devilish schemes
mephitic	adj|of noxious stench from atmospheric pollution|
mephitinae	n|subdivision not used in some classifications: skunks|
mephitis	n|a poisonous or foul smelling gas emitted from the earth|	n|a distinctive odor that is offensively unpleasant|	n|in some classifications: type genus of the subfamily Mephitinae|
mephobarbital	n|a long-acting crystalline barbiturate (trade name Mebaral) used as a sedative and as an anticonvulsant in the treatment of epilepsy|
meprin	n|a sedative and tranquilizer (trade name Miltown and Equanil and Meprin) used to treat muscle tension and anxiety|
meprobamate	n|a sedative and tranquilizer (trade name Miltown and Equanil and Meprin) used to treat muscle tension and anxiety|
meq	n|one-thousandth of an equivalent|
meralgia	n|pain in the thigh|
merbromine	n|a mercurial compound applied topically as an antiseptic; Mercurochrome is the trademark|
mercalli scale	n|a scale formerly used to describe the magnitude of an earthquake; an earthquake detected only by seismographs is a I and an earthquake that destroys all buildings is a XII|
mercantile	adj|of or relating to the economic system of mercantilism|mercantile theories	adj|profit oriented|a commercial book	adj|relating to or characteristic of trade or traders|the mercantile North was forging ahead"- Van Wyck Brooks
mercantile establishment	n|a place of business for retailing goods|
mercantile law	n|the body of rules applied to commercial transactions; derived from the practices of traders rather than from jurisprudence|
mercantile system	n|an economic system (Europe in 18th century) to increase a nation's wealth by government regulation of all of the nation's commercial interests|
mercantilism	n|an economic system (Europe in 18th century) to increase a nation's wealth by government regulation of all of the nation's commercial interests|	n|transactions (sales and purchases) having the objective of supplying commodities (goods and services)|
mercaptopurine	n|a drug (trade name Purinethol) that interferes with the metabolism of purine and is used to treat acute lymphocytic leukemia|
mercator	n|Flemish geographer who lived in Germany; he invented the Mercator projection of maps of the globe (1512-1594)|
mercator projection	n|a map projection of the earth onto a cylinder; areas appear greater the farther they are from the equator|
mercator's projection	n|a map projection of the earth onto a cylinder; areas appear greater the farther they are from the equator|
mercedario	n|a mountain in the Andes in Argentina (22,210 feet high)|
mercenaria	n|a genus of Veneridae|
mercenary	n|a person hired to fight for another country than their own|	adj|marked by materialism|	adj|serving for wages in a foreign army|mercenary killers	adj|profit oriented|a commercial book
mercer	n|a dealer in textiles (especially silks)|	n|British maker of printed calico cloth who invented mercerizing (1791-1866)|
mercerise	v|treat to strengthen and improve the luster|mercerize cotton
mercerised	adj|of cotton thread that has been treated with sodium hydroxide to shrink it and increase its luster and affinity for dye|mercerized cotton
mercerize	v|treat to strengthen and improve the luster|mercerize cotton
mercerized	adj|of cotton thread that has been treated with sodium hydroxide to shrink it and increase its luster and affinity for dye|mercerized cotton
merchandise	n|commodities offered for sale|good business depends on having good merchandise	v|engage in the trade of|he is merchandising telephone sets
merchandiser	n|a businessperson engaged in retail trade|
merchandising	n|the exchange of goods for an agreed sum of money|
merchant	n|a businessperson engaged in retail trade|
merchant bank	n|a credit card processing bank; merchants receive credit for credit card receipts less a processing fee|
merchant marine	n|the crew of a merchant vessel|	n|conveyance provided by the ships belonging to one country or industry|
merchant ship	n|a cargo ship|they did much of their overseas trade in foreign bottoms
merchant vessels	n|conveyance provided by the ships belonging to one country or industry|
merchant-venturer	n|a merchant who undertakes a trading venture (especially a venture that sends goods overseas)|
merchantability	n|the state of being fit for market; ready to be bought or sold|
merchantable	adj|fit to be offered for sale|marketable produce
merchantman	n|a cargo ship|they did much of their overseas trade in foreign bottoms
merciful	adj|showing or giving mercy|sought merciful treatment for the captives	adj|(used conventionally of royalty and high nobility) gracious|our merciful king
mercifully	adv|in a compassionate manner|he dealt with the thief mercifully
mercifulness	n|the feeling that motivates compassion|	n|a disposition to be kind and forgiving|in those days a wife had to depend on the mercifulness of her husband	n|leniency and compassion shown toward offenders by a person or agency charged with administering justice|he threw himself on the mercy of the court
merciless	adj|having or showing no mercy|the merciless enemy
mercilessly	adv|without pity; in a merciless manner|he was mercilessly trounced by his opponent in the House
mercilessness	n|feelings of extreme heartlessness|	n|inhumaneness evidenced by an unwillingness to be kind or forgiving|
merckx	n|Belgian racing cyclist who won the Tour de France five times (born in 1945)|
mercouri	n|Greek film actress (1925-1994)|
mercurial	adj|liable to sudden unpredictable change|erratic behavior	adj|relating to or under the (astrological) influence of the planet Mercury|the Mercurial canals	adj|relating to or having characteristics (eloquence, shrewdness, swiftness, thievishness) attributed to the god Mercury|more than Mercurial thievishness	adj|relating to or containing or caused by mercury|mercurial preparations
mercurial ointment	n|an ointment containing mercury|
mercurialis	n|a genus of slender herbs belonging to the family Euphorbiaceae|
mercurialis annua	n|Eurafrican annual naturalized in America as a weed; formerly dried for use as a purgative, diuretic or antisyphilitic|
mercurialis perennis	n|European perennial weedy plant with greenish flowers|
mercuric	adj|of or containing mercury|
mercuric chloride	n|a white poisonous soluble crystalline sublimate of mercury; used as a pesticide or antiseptic or wood preservative|
mercurochrome	n|a mercurial compound applied topically as an antiseptic; Mercurochrome is the trademark|
mercurous	adj|of or containing mercury|
mercurous chloride	n|a tasteless colorless powder used medicinally as a cathartic|
mercury	n|a heavy silvery toxic univalent and bivalent metallic element; the only metal that is liquid at ordinary temperatures|	n|(Roman mythology) messenger of Jupiter and god of commerce; counterpart of Greek Hermes|	n|the smallest planet and the nearest to the sun|	n|temperature measured by a mercury thermometer|the mercury was falling rapidly
mercury barometer	n|barometer that shows pressure by the height of a column of mercury|
mercury cell	n|a primary cell consisting of a zinc anode and a cathode of mercury oxide and an electrolyte of potassium hydroxide|
mercury chloride	n|a white poisonous soluble crystalline sublimate of mercury; used as a pesticide or antiseptic or wood preservative|
mercury fulminate	n|a fulminate that when dry explodes violently if struck or heated; used in detonators and blasting caps and percussion caps|
mercury poisoning	n|a toxic condition caused by ingesting or inhaling mercury; acute mercury poisoning causes a metallic taste and vomiting and diarrhea and kidney problems that may lead to death|
mercury thermometer	n|thermometer consisting of mercury contained in a bulb at the bottom of a graduated sealed glass capillary tube marked in degrees Celsius or Fahrenheit; mercury expands with a rise in temperature causing a thin thread of mercury to rise in the tube|
mercury-contaminated	adj|contaminated by mercury|
mercury-in-glass clinical thermometer	n|a mercury thermometer designed to measure the temperature of the human body; graduated to cover a range a few degrees on either side of the normal body temperature|
mercury-in-glass thermometer	n|thermometer consisting of mercury contained in a bulb at the bottom of a graduated sealed glass capillary tube marked in degrees Celsius or Fahrenheit; mercury expands with a rise in temperature causing a thin thread of mercury to rise in the tube|
mercury-vapor lamp	n|ultraviolet lamp that emits a strong bluish light (rich in ultraviolet radiation) as electric current passes through mercury vapor|
mercy	n|leniency and compassion shown toward offenders by a person or agency charged with administering justice|he threw himself on the mercy of the court	n|a disposition to be kind and forgiving|in those days a wife had to depend on the mercifulness of her husband	n|the feeling that motivates compassion|	n|something for which to be thankful|it was a mercy we got out alive
mercy killing	n|the act of killing someone painlessly (especially someone suffering from an incurable illness)|
mercy seat	n|the throne of God|	n|the golden covering of the ark of the covenant|
mere	adj|being nothing more than specified|a mere child	adj|apart from anything else; without additions or modifications|only the bare facts	n|a small pond of standing water|
meredith	n|English novelist and poet (1828-1909)|
merely	adv|and nothing more|I was merely asking
merestone	n|an old term for a landmark that consisted of a pile of stones surmounted by an upright slab|
meretricious	adj|like or relating to a prostitute|meretricious relationships	adj|tastelessly showy|a flash car	adj|based on pretense; deceptively pleasing|the gilded and perfumed but inwardly rotten nobility
meretriciously	adv|in a meretricious manner|the boat is meretriciously decorated
meretriciousness	n|an appearance of truth that is false or deceptive; seeming plausibility|the speciousness of his argument	n|tasteless showiness|
merganser	n|large crested fish-eating diving duck having a slender hooked bill with serrated edges|
merge	v|become one|Germany unified officially in 1990	v|mix together different elements|The colors blend well	v|join or combine|We merged our resources
merged	adj|formed or united into a whole|
merger	n|the combination of two or more commercial companies|	n|an occurrence that involves the production of a union|
merger agreement	n|contract governing the merger of two or more companies|
merginae	n|mergansers and closely related diving birds|
merging	n|the act of joining together as one|the merging of the two groups occurred quickly	n|a flowing together|	adj|flowing together|
mergus	n|mergansers|
mergus albellus	n|smallest merganser and most expert diver; found in northern Eurasia|
mergus merganser	n|common merganser of Europe and North America|
mergus serrator	n|widely distributed merganser of America and Europe|
mericarp	n|a carpel with one seed; one of a pair split apart at maturity|
merida	n|the capital of the Mexican state of Yucatan|
meridian	adj|of or happening at noon|meridian hour	adj|being at the best stage of development|our manhood's prime vigor"- Robert Browning	n|the highest level or degree attainable; the highest stage of development|his landscapes were deemed the acme of beauty	n|a town in eastern Mississippi|
meridional	adj|of or relating to a meridian|	adj|located in the south or characteristic of southern people or places|
meringue	n|sweet topping especially for pies made of beaten egg whites and sugar|
meringue kiss	n|a kiss made of sugar and egg white and baked slowly|
merino	n|white sheep originating in Spain and producing a heavy fleece of exceptional quality|
merino sheep	n|white sheep originating in Spain and producing a heavy fleece of exceptional quality|
meriones	n|a genus of Cricetidae|
meriones longifrons	n|southern European gerbil|
meriones unguiculatus	n|a gerbil that is popular as a pet|
meristem	n|undifferentiated tissue from which new cells are formed, as at the tip of a stem or root|
merit	n|any admirable quality or attribute|work of great merit	n|the quality of being deserving (e.g., deserving assistance)|there were many children whose deservingness he recognized and rewarded	v|be worthy or deserving|You deserve a promotion after all the hard work you have done
merit badge	n|a badge award to Boy Scouts in recognition of special projects|
merit pay	n|extra pay awarded to an employee on the basis of merit (especially to school teachers)|
merit system	n|the system of employing and promoting civil servants on the basis of ability|
meritable	adj|deserving reward or praise|a lifetime of meritorious service
merited	adj|properly deserved|a merited success
meritless	adj|without merit; of little or no value or use|a sorry horse
meritocracy	n|a form of social system in which power goes to those with superior intellects|	n|the belief that rulers should be chosen for their superior abilities and not because of their wealth or birth|
meritocratic	adj|relating to or characteristic of a meritocracy|meritocratic society
meritorious	adj|deserving reward or praise|a lifetime of meritorious service
meritoriously	adv|in a meritorious manner|he served his country meritoriously
meritoriousness	n|the quality of being deserving (e.g., deserving assistance)|there were many children whose deservingness he recognized and rewarded
merl	n|common black European thrush|
merlangus	n|whitings|
merlangus merlangus	n|a food fish of the Atlantic waters of Europe resembling the cod; sometimes placed in genus Gadus|
merle	n|common black European thrush|
merlin	n|(Arthurian legend) the magician who acted as King Arthur's advisor|	n|small falcon of Europe and America having dark plumage with black-barred tail; used in falconry|
merlon	n|a solid section between two crenels in a crenelated battlement|
merlot	n|black wine grape originally from the region of Bordeaux|	n|dry red wine made from a grape grown widely in Bordeaux and California|
merluccius	n|hakes|
merluccius bilinearis	n|found off Atlantic coast of North America|
mermaid	n|half woman and half fish; lives in the sea|
merman	n|half man and half fish; lives in the sea|
merodach	n|the chief Babylonian god; his consort was Sarpanitu|
meromelia	n|congenital absence of part of an arm or leg|
meronym	n|a word that names a part of a larger whole|`brim' and `crown' are meronyms of `hat'
meronymy	n|the semantic relation that holds between a part and the whole|
meropidae	n|bee-eaters|
merops	n|type genus of the Meropidae|
merostomata	n|used in some classifications; includes the orders Xiphosura and Eurypterida|
merovingian	adj|of or relating to the Merovingian dynasty or its members|	n|a member of the Merovingian dynasty|	n|a Frankish dynasty founded by Clovis I that reigned in Gaul and Germany from about 500 to 750|
merovingian dynasty	n|a Frankish dynasty founded by Clovis I that reigned in Gaul and Germany from about 500 to 750|
merozoite	n|a cell that arises from the asexual division of a parent sporozoan during its life cycle|
merrily	adv|in a joyous manner|they shouted happily
merrimack	n|a river that rises in south central New Hampshire and flows through Concord and Manchester into Massachusetts and empties into the Atlantic Ocean|
merrimack river	n|a river that rises in south central New Hampshire and flows through Concord and Manchester into Massachusetts and empties into the Atlantic Ocean|
merriment	n|a gay feeling|	n|activities that are enjoyable or amusing|I do it for the fun of it
merriness	n|the trait of merry joking|
merry	adj|full of or showing high-spirited merriment|when hearts were young and gay	adj|offering fun and gaiety|a festive (or festal) occasion	adj|quick and energetic|a brisk walk in the park
merry andrew	n|a person who amuses others by ridiculous behavior|
merry bells	n|any of various plants of the genus Uvularia having yellowish drooping bell-shaped flowers|
merry-go-round	n|a never-ending cycle of activities and events (especially when they seem to have little purpose)|if we lose the election the whole legislative merry-go-round will have to start over	n|a large, rotating machine with seats for children to ride or amusement|
merrymaker	n|a celebrant who shares in a noisy party|the clubs attract revelers as young as thirteen
merrymaking	n|a boisterous celebration; a merry festivity|
mertensia	n|a genus of herbs belonging to the family Boraginaceae that grow in temperate regions and have blue or purple flowers shaped like funnels|
mertensia virginica	n|smooth erect herb of eastern North America having entire leaves and showy blue flowers that are pink in bud|
merthiolate	n|a light-colored crystalline powder (trade name Merthiolate) used as a surgical antiseptic|
meryta	n|small to medium evergreen dioecious trees of oceanic climates: puka|
meryta sinclairii	n|small roundheaded New Zealand tree having large resinous leaves and panicles of green-white flowers|
mesa	n|flat tableland with steep edges|the tribe was relatively safe on the mesa but they had to descend into the valley for water	n|a city in Arizona just to the east of Phoenix; originally a suburb of Phoenix|
mesa verde national park	n|a national park in Colorado containing prehistoric cliff dwellings; semiarid landscape|
mesabi range	n|a range of hills in northeastern Minnesota where rich iron ore deposits were discovered in 1887|
mesalliance	n|a marriage with a person of inferior social status|
mesantoin	n|a toxic anticonvulsant drug (trade name Mesantoin) used in the treatment of epilepsy when less toxic anticonvulsants have been ineffective|
mesasamkranti	n|Hindu solar holiday at the beginning of the new astrological year when the sun enters the constellation Aries|
mescal	n|a small spineless globe-shaped cactus; source of mescal buttons|	n|a colorless Mexican liquor distilled from fermented juices of certain desert plants of the genus Agavaceae (especially the century plant)|
mescal bean	n|shrub or small tree having pinnate leaves poisonous to livestock and dense racemes of intensely fragrant blue flowers and red beans|
mescal button	n|the button-shaped top of the mescal cactus; a source of psilocybin|
mescaline	n|the hallucinatory alkaloid that is the active agent in mescal buttons|
mesembryanthemum	n|South African annual or biennial plants having flowers that open only in bright sunlight|
mesembryanthemum crystallinum	n|Old World annual widely naturalized in warm regions having white flowers and fleshy foliage covered with hairs that resemble ice|
mesembryanthemum edule	n|low-growing South African succulent plant having a capsular fruit containing edible pulp|
mesencephalon	n|the middle portion of the brain|
mesenchyme	n|mesodermal tissue that forms connective tissue and blood and smooth muscles|
mesenteric	adj|of or relating to or located in a mesentery|
mesenteric artery	n|one of two branches of the aorta that pass between the two layers of the mesentery to the intestines|
mesenteric plexus	n|a plexus of autonomic nerves|
mesenteric vein	n|a tributary of the portal vein passing from the intestine between the two layers of mesentery|
mesentery	n|a double layer of peritoneum that attaches to the back wall of the abdominal cavity and supports the small intestines|
mesh	v|keep engaged|engaged the gears	v|coordinate in such a way that all parts work together effectively|	v|work together in harmony|	v|entangle or catch in (or as if in) a mesh|
mesh topology	n|the topology of a network whose components are all connected directly to every other component|
meshed	adj|resembling a network|a meshed road system	adj|(used of toothed parts or gears) interlocked and interacting|the gears are engaged	n|the holy city of Shiite Muslims; located in northeastern Iran|
meshing	n|contact by fitting together|the engagement of the clutch	n|an open fabric of string or rope or wire woven together at regular intervals|	n|the act of interlocking or meshing|an interlocking of arms by the police held the crowd in check
meshuga	adj|senseless; crazy|
meshugaas	n|(Yiddish) craziness; senseless behavior or activity|
meshugga	adj|senseless; crazy|
meshugge	adj|senseless; crazy|
meshuggeneh	adj|senseless; crazy|	n|(Yiddish) a crazy fool|
meshuggener	adj|senseless; crazy|	n|(Yiddish) a crazy fool|
meshwork	n|an open fabric of string or rope or wire woven together at regular intervals|
mesial	adj|being in or directed toward the midline or mesial plane of the body|
mesic	adj|of or pertaining to a meson|the radii of the mesic orbits"- Lawrence Wilets	adj|having or characterized by moderate or a well-balanced supply of moisture|mesic habitats
mesmer	n|Austrian physician who tried to treat diseases with a form of hypnotism (1734-1815)|
mesmeric	adj|attracting and holding interest as if by a spell|read the bedtime story in a hypnotic voice
mesmerise	v|attract strongly, as if with a magnet|She magnetized the audience with her tricks	v|induce hypnosis in|
mesmerised	adj|having your attention fixated as though by a spell|
mesmerism	n|the act of inducing hypnosis|
mesmerist	n|a person who induces hypnosis|
mesmerize	v|attract strongly, as if with a magnet|She magnetized the audience with her tricks	v|induce hypnosis in|
mesmerized	adj|having your attention fixated as though by a spell|
mesmerizer	n|a person who induces hypnosis|
mesmerizing	adj|attracting and holding interest as if by a spell|read the bedtime story in a hypnotic voice
mesne lord	n|a feudal lord who was lord to his own tenants on land held from a superior lord|
mesoamerica	n|Mexico and Central America|
mesoamerican	adj|of or relating to the people of Mesoamerica or their languages or cultures|	n|a member of one of the various peoples inhabiting Mesoamerica|
mesoblast	n|the middle germ layer that develops into muscle and bone and cartilage and blood and connective tissue|
mesoblastic	adj|relating to or derived from the mesoderm|
mesocarp	n|the middle layer of a pericarp|
mesocolon	n|mesentery that holds the lower colon to the dorsal abdominal wall|
mesocricetus	n|golden hamsters|
mesocricetus auratus	n|small light-colored hamster often kept as a pet|
mesoderm	n|the middle germ layer that develops into muscle and bone and cartilage and blood and connective tissue|
mesodermal	adj|relating to or derived from the mesoderm|
mesolithic	adj|of or relating to a middle period of the Stone Age (following the paleolithic)|	n|middle part of the Stone Age beginning about 15,000 years ago|
mesolithic age	n|middle part of the Stone Age beginning about 15,000 years ago|
mesomorph	n|a person with a well-developed muscular body|
mesomorphic	adj|having a robust muscular body-build characterized by predominance of structures (bone and muscle and connective tissue) developed from the embryonic mesodermal layer|
mesomorphy	n|muscular and big-boned|
meson	n|an elementary particle responsible for the forces in the atomic nucleus; a hadron with a baryon number of 0|
mesonic	adj|of or pertaining to a meson|the radii of the mesic orbits"- Lawrence Wilets
mesophyron	n|a smooth prominence of the frontal bone between and above the eyebrows; the most forward projecting point of the forehead in the midline at the level of the supraorbital ridges|
mesophyte	n|land plant growing in surroundings having an average supply of water; compare xerophyte and hydrophyte|
mesophytic	adj|being or growing in or adapted to a moderately moist environment|mesophytic habitats
mesophytic plant	n|land plant growing in surroundings having an average supply of water; compare xerophyte and hydrophyte|
mesopotamia	n|the land between the Tigris and Euphrates; site of several ancient civilizations; part of what is now known as Iraq|
mesosphere	n|the atmospheric layer between the stratosphere and the thermosphere|
mesothelioma	n|a form of carcinoma of the mesothelium lining lungs or abdomen or heart; usually associated with exposure to asbestos dust|
mesothelium	n|epithelium originating in the embryonic mesoderm; lines the primordial body cavity|
mesotron	n|an elementary particle responsible for the forces in the atomic nucleus; a hadron with a baryon number of 0|
mesozoic	adj|of or relating to or denoting the Mesozoic era|	n|from 230 million to 63 million years ago|
mesozoic era	n|from 230 million to 63 million years ago|
mespilus	n|medlars|
mespilus germanica	n|small deciduous Eurasian tree cultivated for its fruit that resemble crab apples|
mesquit	n|any of several small spiny trees or shrubs of the genus Prosopis having small flowers in axillary cylindrical spikes followed by large pods rich in sugar|
mesquite	n|any of several small spiny trees or shrubs of the genus Prosopis having small flowers in axillary cylindrical spikes followed by large pods rich in sugar|
mesquite gum	n|a gum obtained from mesquite pods; resembles gum arabic|
mess	n|a state of confusion and disorderliness|the house was a mess	n|informal terms for a difficult situation|he got into a terrible fix	n|soft semiliquid food|a mess of porridge	n|a meal eaten in a mess hall by service personnel|
mess about	v|be about|The high school students like to loiter in the Central Square
mess around	v|do random, unplanned work or activities or spend time idly|The old lady is usually mucking about in her little house
mess hall	n|a (large) military dining room where service personnel eat or relax|
mess jacket	n|waist-length jacket tapering to a point at the back; worn by officers in the mess for formal dinners|
mess kit	n|kit containing a metal dish and eating utensils; used by soldiers and campers|
mess of pottage	n|anything of trivial value|Esau sold his birthright to Jacob for a mess of pottage
mess up	v|make a mess of, destroy or ruin|I botched the dinner and we had to eat out	v|disturb the smoothness of|ruffle the surface of the water	v|make a mess of or create disorder in|He messed up his room
mess-up	n|something badly botched or muddled|
message	n|a communication (usually brief) that is written or spoken or signaled|he sent a three-word message	n|what a communication that is about something is about|	v|send a message to|She messaged the committee	v|send as a message|She messaged the final report by fax
message pad	n|a pad of paper on which messages can be written|
messaging	n|the sending and processing of e-mail by computer|
messenger	n|a person who carries a message|
messenger boy	n|a boy who earns money by running errands|
messenger rna	n|the template for protein synthesis; the form of RNA that carries information from DNA in the nucleus to the ribosome sites of protein synthesis in the cell|
messiah	n|any expected deliverer|	n|Jesus Christ; considered by Christians to be the promised deliverer|	n|the awaited king of the Jews; the promised and expected deliverer of the Jewish people|	n|an oratorio composed by Handel in 1742|
messiahship	n|the position of messiah|
messianic	adj|of or relating to a messiah promising deliverance|messianic cult
messidor	n|tenth month of the Revolutionary calendar (June and July); the month of harvest|
messily	adv|in a messy, untidy manner|Rossi spat very deliberately, and very messily, upon Durieux's party card
messina	n|a port city in northeastern Sicily on the Strait of Messina|
messiness	n|a state of confusion and disorderliness|the house was a mess	n|the trait of being untidy and messy|
messmate	n|(nautical) an associate with whom you share meals in the same mess (as on a ship)|
messuage	n|(law) a dwelling house and its adjacent buildings and the adjacent land used by the household|
messy	adj|dirty and disorderly|a mussy fussy bedroom
mestranol	n|a synthetic form of estrogen used in combination with a progestin in oral contraceptives|
mesua	n|genus of tropical Asiatic trees having large solitary flowers|
mesua ferrea	n|handsome East Indian evergreen tree often planted as an ornamental for its fragrant white flowers that yield a perfume; source of very heavy hardwood used for railroad ties|
metabola	n|insects that undergo complete metamorphosis|
metabolic	adj|of or relating to metabolism|metabolic rate	adj|undergoing metamorphosis|
metabolic acidosis	n|acidosis and bicarbonate concentration in the body fluids resulting either from the accumulation of acids or the abnormal loss of bases from the body (as in diarrhea or renal disease)|
metabolic alkalosis	n|alkalosis resulting from hydrogen-ion loss or excessive intake of alkaline substances|
metabolic disorder	n|a disorder or defect of metabolism|
metabolic process	n|the organic processes (in a cell or organism) that are necessary for life|
metabolic rate	n|rate of metabolism; the amount of energy expended in a give period|
metabolically	adv|involving metabolism|metabolically important substances
metabolise	v|produce by metabolism|
metabolism	n|the marked and rapid transformation of a larva into an adult that occurs in some animals|	n|the organic processes (in a cell or organism) that are necessary for life|
metabolite	n|any substance involved in metabolism (either as a product of metabolism or as necessary for metabolism)|
metabolize	v|produce by metabolism|
metabolous	adj|undergoing metamorphosis|
metacarpal	adj|of or relating to the metacarpus|metacarpal bones	n|any bone of the hand between the wrist and fingers|
metacarpal artery	n|dorsal and palmar arteries of the hand|
metacarpal bone	n|any bone of the hand between the wrist and fingers|
metacarpal vein	n|dorsal and palmar veins of the hand|
metacarpophalangeal joint	n|a joint of a finger when the fist is closed|
metacarpus	n|the part of the hand between the carpus and phalanges|
metacenter	n|(shipbuilding) the point of intersection between two vertical lines, one line through the center of buoyancy of the hull of a ship in equilibrium and the other line through the center of buoyancy of the hull when the ship is inclined to one side; the distance of this intersection above the center of gravity is an indication of the stability of the ship|
metacentre	n|(shipbuilding) the point of intersection between two vertical lines, one line through the center of buoyancy of the hull of a ship in equilibrium and the other line through the center of buoyancy of the hull when the ship is inclined to one side; the distance of this intersection above the center of gravity is an indication of the stability of the ship|
metacentric	adj|of or relating to the metacenter|	adj|having two equal arms because of the median position of the centromere|a metacentric chromosome
metacentric chromosome	n|a chromosome having two equal arms because the centromere is in median position|
metacyesis	n|pregnancy resulting from gestation elsewhere than in the uterus|
metadata	n|data about data|a library catalog is metadata because it describes publications
metagenesis	n|alternation of sexual and asexual generations|
metagrabolised	adj|totally perplexed and mixed up|all this duncical nonsense has my brains metagrobolized"- Wall Street Journal
metagrabolized	adj|totally perplexed and mixed up|all this duncical nonsense has my brains metagrobolized"- Wall Street Journal
metagrobolised	adj|totally perplexed and mixed up|all this duncical nonsense has my brains metagrobolized"- Wall Street Journal
metagrobolized	adj|totally perplexed and mixed up|all this duncical nonsense has my brains metagrobolized"- Wall Street Journal
metaknowledge	n|knowledge about knowledge|
metal	adj|containing or made of or resembling or characteristic of a metal|a metallic compound	n|any of several chemical elements that are usually shiny solids that conduct heat or electricity and can be formed into sheets etc.|	n|a mixture containing two or more metallic elements or metallic and nonmetallic elements usually fused together or dissolving into each other when molten|brass is an alloy of zinc and copper	v|cover with metal|
metal detector	n|detector that gives a signal when it detects the presence of metal; used to detect the presence of stray bits of metal in food products or to find buried metal|
metal drum	n|a cylindrical metal container used for shipping or storage of liquids|
metal filing	n|a fragment of metal rubbed off by the use of a file|
metal glove	n|a glove of armored leather; protects the hand|
metal money	n|coins collectively|
metal plating	n|a thin coating of metal deposited on a surface|
metal saw	n|saw used with one hand for cutting metal|
metal screw	n|screw made of metal|
metal wood	n|golf wood with a metal head instead of the traditional wooden head|
metal-colored	adj|having a metallic color|
metal-coloured	adj|having a metallic color|
metal-cutting	adj|hard and sharp enough to cut metal|metal-cutting tools
metal-looking	adj|resembling metal|
metalanguage	n|a language that can be used to describe languages|
metalepsis	n|substituting metonymy of one figurative sense for another|
metalhead	n|a fan of heavy metal music|
metalize	v|coat with metal|
metallic	adj|containing or made of or resembling or characteristic of a metal|a metallic compound	n|a fabric made of a yarn that is partly or entirely of metal|	n|a yarn made partly or entirely of metal|
metallic bond	n|a chemical bond in which electrons are shared over many nuclei and electronic conduction occurs|
metallic element	n|any of several chemical elements that are usually shiny solids that conduct heat or electricity and can be formed into sheets etc.|
metallic-colored	adj|having a metallic color|
metallic-coloured	adj|having a metallic color|
metallic-looking	adj|resembling metal|
metallike	adj|resembling metal|
metallize	v|coat with metal|
metallized dye	n|acid dye in which the negative ion contains a chelated metal atom|
metalloid	adj|of or being a nonmetallic element that has some of the properties of metal|arsenic is a metalloid element
metallurgic	adj|of or relating to metallurgy|metallurgical engineer
metallurgical	adj|of or relating to metallurgy|metallurgical engineer
metallurgical engineer	n|an engineer trained in the extraction and refining and alloying and fabrication of metals|
metallurgist	n|an engineer trained in the extraction and refining and alloying and fabrication of metals|
metallurgy	n|the science and technology of metals|
metalware	n|household articles made of metal (especially for use at table)|
metalwork	n|the metal parts of something|there were bullet holes in the metalwork	n|the activity of making things out of metal in a skillful manner|
metalworker	n|someone who works metal (especially by hammering it when it is hot and malleable)|
metalworking	n|the activity of making things out of metal in a skillful manner|
metalworking vise	n|a vise with two parallel iron jaws and a wide opening below|
metalworks	n|factory where metal castings are produced|
metamathematics	n|the logical analysis of mathematical reasoning|
metamere	n|one of a series of similar body segments into which some animals are divided longitudinally|
metameric	adj|having the body divided into successive metameres or segments, as in earthworms or lobsters|
metamorphic	adj|of or relating to metamorphosis (especially of rocks)|metamorphic stage	adj|characterized by metamorphosis or change in physical form or substance|
metamorphic rock	n|rock altered by pressure and heat|
metamorphism	n|change in the structure of rock by natural agencies such as pressure or heat or introduction of new chemical substances|
metamorphopsia	n|a defect of vision in which objects appear to be distorted; usually due to a defect in the retina|
metamorphose	v|change completely the nature or appearance of|In Kafka's story, a person metamorphoses into a bug	v|change in outward structure or looks|He transformed into a monster
metamorphosis	n|the marked and rapid transformation of a larva into an adult that occurs in some animals|	n|a striking change in appearance or character or circumstances|the metamorphosis of the old house into something new and exciting	n|a complete change of physical form or substance especially as by magic or witchcraft|
metamorphous	adj|of or relating to metamorphosis (especially of rocks)|metamorphic stage	adj|produced by metamorphosis|most insects are metamorphic as witness the stages as a butterfly develops from a caterpillar
metaphase	n|the second stage of meiosis|	n|the second stage of mitosis|
metaphor	n|a figure of speech in which an expression is used to refer to something that it does not literally denote in order to suggest a similarity|
metaphoric	adj|expressing one thing in terms normally denoting another|a metaphorical expression
metaphorical	adj|expressing one thing in terms normally denoting another|a metaphorical expression
metaphorically	adv|in a metaphorical manner|she expressed herself metaphorically
metaphosphoric acid	n|a glassy solid acid ([HPO3]n) often used as a dehydrating agent|
metaphysical	adj|pertaining to or of the nature of metaphysics|metaphysical philosophy	adj|transcending physical matter or the laws of nature|metaphysical forces	adj|highly abstract and overly theoretical|metaphysical reasoning
metaphysically	adv|in a metaphysical manner|he thinks metaphysically
metaphysics	n|the philosophical study of being and knowing|
metaphysis	n|the growing part of a long bone between the diaphysis and the epiphysis|
metaplastic anaemia	n|pernicious anemia in which the various formed elements in the blood are changed|
metaplastic anemia	n|pernicious anemia in which the various formed elements in the blood are changed|
metaproterenol	n|a bronchodilator (trade name Alupent) used to treat asthma and emphysema and other lung conditions; available in oral or inhalant forms; side effects include tachycardia and shakiness|
metarule	n|a rule that describes how other rules should be used (as in AI)|
metastability	n|the quality of a physical system that persists in its existing equilibrium when undisturbed (or only slightly disturbed) but able to pass to a more stable equilibrium when sufficiently disturbed|
metastable	adj|(of physical systems) continuing in its present state of equilibrium unless sufficiently disturbed to pass to a more stable state of equilibrium|
metastasis	n|the spreading of a disease (especially cancer) to another part of the body|
metastasise	v|spread throughout the body|the cancer had metastasized and the patient could not be saved
metastasize	v|spread throughout the body|the cancer had metastasized and the patient could not be saved
metastatic	adj|relating to or affected by metastasis|metastatic growth
metastatic tumor	n|a tumor that is malignant and tends to spread to other parts of the body|
metatarsal	adj|of or relating to the metatarsus|metatarsal bones	n|any bone of the foot between the ankle and the toes|
metatarsal arch	n|the short lateral arch formed by the heads of the metatarsals|
metatarsal artery	n|dorsal and plantar arteries to the metatarsal region of the foot|
metatarsal vein	n|dorsal and plantar branches of veins serving the metatarsal region of the foot|
metatarsus	n|the skeleton of the human foot between the toes and the tarsus; the corresponding part of the foot in birds or of the hind foot in quadrupeds|
metatheria	n|pouched animals|
metatherian	n|primitive pouched mammals found mainly in Australia and the Americas|
metathesis	n|a linguistic process of transposition of sounds or syllables within a word or words within a sentence|	n|a chemical reaction between two compounds in which parts of each are interchanged to form two new compounds (AB+CD=AD+CB)|
metaurus river	n|a battle during the second Punic War (207 BC); Hannibal's brother Hasdrubal was defeated by the Romans which ended Hannibal's hopes for success in Italy|
metazoa	n|multicellular animals having cells differentiated into tissues and organs and usually a digestive cavity and nervous system|
metazoan	n|any animal of the subkingdom Metazoa; all animals except protozoans and sponges|
metchnikoff	n|Russian bacteriologist in France who formulated the theory of phagocytosis (1845-1916)|
metchnikov	n|Russian bacteriologist in France who formulated the theory of phagocytosis (1845-1916)|
mete	n|a line that indicates a boundary|
mete out	v|administer or bestow, as in small portions|administer critical remarks to everyone present
meted out	adj|given out in portions|
metempsychosis	n|after death the soul begins a new cycle of existence in another human body|
metencephalon	n|the part of the hindbrain that develops into the pons and the cerebellum|
meteor	n|(astronomy) any of the small solid extraterrestrial bodies that hits the earth's atmosphere|	n|a streak of light in the sky at night that results when a meteoroid hits the earth's atmosphere and air friction causes the meteoroid to melt or vaporize or explode|
meteor shower	n|a transient shower of meteors when a meteor swarm enters the earth's atmosphere|
meteor stream	n|a transient shower of meteors when a meteor swarm enters the earth's atmosphere|
meteor swarm	n|a group of meteoroids with similar paths|
meteoric	adj|of or pertaining to atmospheric phenomena, especially weather and weather conditions|meteorological factors	adj|pertaining to or consisting of meteors or meteoroids|meteoric shower	adj|like a meteor in speed or brilliance or transience|a meteoric rise to fame
meteorite	n|stony or metallic object that is the remains of a meteoroid that has reached the earth's surface|
meteoritic	adj|of or relating to or caused by meteorites|
meteoritical	adj|of or relating to or caused by meteorites|
meteoroid	n|(astronomy) any of the small solid extraterrestrial bodies that hits the earth's atmosphere|
meteorologic	adj|of or pertaining to atmospheric phenomena, especially weather and weather conditions|meteorological factors
meteorological	adj|of or pertaining to atmospheric phenomena, especially weather and weather conditions|meteorological factors
meteorological balloon	n|a small unmanned balloon set aloft to observe atmospheric conditions|
meteorological conditions	n|the prevailing environmental conditions as they influence the prediction of weather|
meteorological observation post	n|one of a network of observation posts where meteorological data is recorded|
meteorological satellite	n|a satellite that transmits frequent picture of the earth below|
meteorologically	adv|with respect to the weather|meteorologically bad conditions
meteorologist	n|a specialist who studies processes in the earth's atmosphere that cause weather conditions|
meteorology	n|predicting what the weather will be|	n|the earth science dealing with phenomena of the atmosphere (especially weather)|
meteortropism	n|an effect of climate on biological processes (as the effect on joint pains etc.)|
meter	n|the basic unit of length adopted under the Systeme International d'Unites (approximately 1.094 yards)|	n|any of various measuring instruments for measuring a quantity|	n|(prosody) the accent in a metrical foot of verse|	n|rhythm as given by division into parts of equal duration|
meter maid	n|policewoman who is assigned to write parking tickets|
meter reading	n|a datum about some physical state that is presented to a user by a meter or similar instrument|he could not believe the meter reading	n|the act of measuring with meters or similar instruments|he has a job meter reading for the gas company
meterstick	n|a rule one meter long (usually marked off in centimeters and millimeters)|
metformin	n|an antidiabetic drug (trade name Glucophage) prescribed to treat type II diabetes|
meth	n|an amphetamine derivative (trade name Methedrine) used in the form of a crystalline hydrochloride; used as a stimulant to the nervous system and as an appetite suppressant|
methacholine	n|parasympathomimetic drug (trademark Mecholyl) that stimulates secretions and smooth muscle activity|
methacrylic acid	n|an unsaturated acid (C4H6O2) used to make resins and plastics|
methadon	n|synthetic narcotic drug similar to morphine but less habit-forming; used in narcotic detoxification and maintenance of heroin addiction|
methadone	n|synthetic narcotic drug similar to morphine but less habit-forming; used in narcotic detoxification and maintenance of heroin addiction|
methadone hydrochloride	n|synthetic narcotic drug similar to morphine but less habit-forming; used in narcotic detoxification and maintenance of heroin addiction|
methamphetamine	n|an amphetamine derivative (trade name Methedrine) used in the form of a crystalline hydrochloride; used as a stimulant to the nervous system and as an appetite suppressant|
methamphetamine hydrochloride	n|an amphetamine derivative (trade name Methedrine) used in the form of a crystalline hydrochloride; used as a stimulant to the nervous system and as an appetite suppressant|
methanal	n|a colorless poisonous gas; made by the oxidation of methanol|
methane	n|a colorless odorless gas used as a fuel|
methane series	n|a series of non-aromatic saturated hydrocarbons with the general formula CnH(2n+2)|
methanogen	n|archaebacteria found in anaerobic environments such as animal intestinal tracts or sediments or sewage and capable of producing methane; a source of natural gas|
methanol	n|a light volatile flammable poisonous liquid alcohol; used as an antifreeze and solvent and fuel and as a denaturant for ethyl alcohol|
methapyrilene	n|antihistamine used to treat allergic responses (as rhinitis or dermatitis or pruritus)|
methaqualone	n|sedative-hypnotic drug (trade name Quaalude) that is a drug of abuse|
metharbital	n|anticonvulsant drug (trade name Gemonil) used in the treatment of epilepsy|
methedrine	n|an amphetamine derivative (trade name Methedrine) used in the form of a crystalline hydrochloride; used as a stimulant to the nervous system and as an appetite suppressant|
metheglin	n|spiced or medicated mead|
methenamine	n|antibacterial agent (trade names Mandelamine and Urex) that is contained in many products that are used to treat urinary infections|
methicillin	n|antibiotic drug of the penicillin family used in the treatment of certain staphylococcal infections|
methionine	n|a crystalline amino acid containing sulfur; found in most proteins and essential for nutrition|
methocarbamol	n|muscle relaxant for skeletal muscles (trade name Robaxin) used to treat spasms|
method	n|a way of doing something, especially a systematic way; implies an orderly logical arrangement (usually in steps)|	n|an acting technique introduced by Stanislavsky in which the actor recalls emotions or reactions from his or her own life and uses them to identify with the character being portrayed|
method acting	n|an acting technique introduced by Stanislavsky in which the actor recalls emotions or reactions from his or her own life and uses them to identify with the character being portrayed|
method of accounting	n|a bookkeeper's chronological list of related debits and credits of a business; forms part of a ledger of accounts|
method of choice	n|the best method to achieve a desired result|
method of fluxions	n|the part of calculus that deals with the variation of a function with respect to changes in the independent variable (or variables) by means of the concepts of derivative and differential|
method of least squares	n|a method of fitting a curve to data points so as to minimize the sum of the squares of the distances of the points from the curve|
methodical	adj|characterized by method and orderliness|a methodical scholar
methodically	adv|in a methodical manner|she worked methodically
methodicalness	n|the quality of appreciating method and system|
methodism	n|the religious beliefs and practices of Methodists characterized by concern with social welfare and public morals|
methodist	adj|of or pertaining to or characteristic of the branch of Protestantism adhering to the views of Wesley|Methodist theology	n|a follower of Wesleyanism as practiced by the Methodist Church|
methodist church	n|a Protestant denomination founded on the principles of John Wesley and Charles Wesley|
methodist denomination	n|group of Methodist congregations|
methodists	n|a Protestant denomination founded on the principles of John Wesley and Charles Wesley|
methodological	adj|relating to the methodology of some discipline|methodological errors
methodological analysis	n|the branch of philosophy that analyzes the principles and procedures of inquiry in a particular discipline|
methodologically	adv|in a methodical manner|let us proceed methodologically
methodology	n|the branch of philosophy that analyzes the principles and procedures of inquiry in a particular discipline|	n|the system of methods followed in a particular discipline|
methotrexate	n|toxic antimetabolite that limits cellular reproduction by acting as an antagonist to folic acid; used to treat certain cancers and psoriasis and rheumatoid arthritis|
methotrexate sodium	n|toxic antimetabolite that limits cellular reproduction by acting as an antagonist to folic acid; used to treat certain cancers and psoriasis and rheumatoid arthritis|
methuselah	n|(Old Testament) a patriarch (grandfather of Noah) who is said to have lived 969 years|	n|a man who is very old|
methyl	n|the univalent radical CH3- derived from methane|
methyl alcohol	n|a light volatile flammable poisonous liquid alcohol; used as an antifreeze and solvent and fuel and as a denaturant for ethyl alcohol|
methyl bromide	n|a poisonous gas or liquid (CH3Br) used to fumigate rodents, worms, etc.|
methyl ethyl ketone	n|colorless soluble flammable liquid ketone used as a solvent for resins and as a paint remover and in lacquers and cements and adhesives and cleaning fluids and celluloid|
methyl group	n|the univalent radical CH3- derived from methane|
methyl orange	n|an azo dye used as an acid-base indicator; used for titrations involving weak bases|
methyl phenol	n|any of three poisonous colorless isomeric phenols; derived from coal or wood tar; used as a disinfectant|
methyl radical	n|the univalent radical CH3- derived from methane|
methyl salicylate	n|a liquid ester with a strong odor of wintergreen; applied externally for minor muscle and joint pain|
methylated	adj|having received a methyl group|methylated alcohol
methylated spirit	n|ethyl alcohol denatured with methyl alcohol to prevent its use as an alcoholic beverage|
methylbenzene	n|a colorless flammable liquid obtained from petroleum or coal tar; used as a solvent for gums and lacquers and in high-octane fuels|
methyldopa	n|antihypertensive drug (trade name Aldomet) used in the treatment of high blood pressure|
methylene	n|the bivalent radical CH2 derived from methane|
methylene blue	n|a dark green dye used as a stain, an antiseptic, a chemical indicator, and an antidote in cyanide poisoning|
methylene chloride	n|a nonflammable liquid used as a solvent and paint remover and refrigerant|
methylene group	n|the bivalent radical CH2 derived from methane|
methylene radical	n|the bivalent radical CH2 derived from methane|
methylphenidate	n|central nervous system stimulant (trade name Ritalin) used in the treatment of narcolepsy in adults and attention deficit disorder in children|
methyltestosterone	n|an androgenic compound contained in drugs that are used to treat testosterone deficiency and female breast cancer and to stimulate growth and weight gain|
methylthionine chloride	n|a dark green dye used as a stain, an antiseptic, a chemical indicator, and an antidote in cyanide poisoning|
metic	n|an alien who paid a fee to reside in an ancient Greek city|
metical	n|the basic unit of money in Mozambique; equal to 100 centavos|
meticorten	n|a dehydrogenated analogue of cortisol (trade names Orasone or Deltasone or Liquid Pred or Meticorten); used as an anti-inflammatory drug in the treatment of arthritis and as an immunosuppressant|
meticulosity	n|strict attention to minute details|
meticulous	adj|marked by precise accordance with details|meticulous research	adj|marked by extreme care in treatment of details|a meticulous craftsman
meticulously	adv|in a meticulous manner|the set was meticulously authentic
meticulousness	n|strict attention to minute details|
metier	n|an asset of special worth or utility|cooking is his forte	n|an occupation for which you are especially well suited|in law he found his true metier
metonymic	adj|using the name of one thing for that of another with which it is closely associated|to say `he spent the evening reading Shakespeare' is metonymic because it substitutes the author himself for the author's works
metonymical	adj|using the name of one thing for that of another with which it is closely associated|to say `he spent the evening reading Shakespeare' is metonymic because it substitutes the author himself for the author's works
metonymically	adv|in a metonymic manner|
metonymy	n|substituting the name of an attribute or feature for the name of the thing itself (as in `they counted heads')|
metopion	n|the craniometric point midway between the frontal eminences of the skull|
metoprolol	n|beta blocker (trade name Lopressor) used in treating hypertension and angina and arrhythmia and acute myocardial infarction; has adverse side effects (depression and exacerbation of congestive heart failure etc.)|
metralgia	n|pain in the uterus|
metrazol	n|a drug used as a circulatory and respiratory stimulant; larger doses cause convulsions in shock therapy; Metrazol is a trademark|
metrazol shock	n|the administration of sufficient Metrazol to induce convulsions and coma|
metrazol shock therapy	n|the administration of sufficient Metrazol to induce convulsions and coma|
metrazol shock treatment	n|the administration of sufficient Metrazol to induce convulsions and coma|
metre	n|the basic unit of length adopted under the Systeme International d'Unites (approximately 1.094 yards)|	n|(prosody) the accent in a metrical foot of verse|	n|rhythm as given by division into parts of equal duration|
metrestick	n|a rule one meter long (usually marked off in centimeters and millimeters)|
metric	adj|based on the meter as a standard of measurement|the metric system	adj|the rhythmic arrangement of syllables|	n|a function of a topological space that gives, for any two points in the space, a value equal to the distance between them|	n|a decimal unit of measurement of the metric system (based on meters and kilograms and seconds)|convert all the measurements to metric units
metric capacity unit	n|a capacity unit defined in metric terms|
metric function	n|a function of a topological space that gives, for any two points in the space, a value equal to the distance between them|
metric grain	n|a weight unit used for pearls or diamonds: 50 mg or 1/4 carat|
metric hundredweight	n|a unit of weight equal to 100 kilograms|
metric linear unit	n|a linear unit of distance in metric terms|
metric space	n|a set of points such that for every pair of points there is a nonnegative real number called their distance that is symmetric and satisfies the triangle inequality|
metric system	n|a decimal system of weights and measures based on the meter and the kilogram and the second|
metric ton	n|a unit of weight equivalent to 1000 kilograms|
metric unit	n|a decimal unit of measurement of the metric system (based on meters and kilograms and seconds)|convert all the measurements to metric units
metric weight unit	n|a decimal unit of weight based on the gram|
metrical	adj|based on the meter as a standard of measurement|the metric system	adj|the rhythmic arrangement of syllables|
metrical foot	n|(prosody) a group of 2 or 3 syllables forming the basic unit of poetic rhythm|
metrical unit	n|(prosody) a group of 2 or 3 syllables forming the basic unit of poetic rhythm|
metrically	adv|with regard to meter|metrically, these poems are matched
metricate	v|convert from a non-metric to the metric system|
metrication	n|the act of changing from imperial units of measurement to metric units: meters, grams, seconds|
metricise	v|express in the metric system|	v|convert from a non-metric to the metric system|
metricize	v|express in the metric system|	v|convert from a non-metric to the metric system|
metrics	n|the study of poetic meter and the art of versification|
metrification	n|writing a metrical composition (or the metrical structure of a composition)|	n|the act of changing from imperial units of measurement to metric units: meters, grams, seconds|
metrify	v|compose in poetic meter|The bard metrified his poems very precisely	v|convert from a non-metric to the metric system|
metritis	n|inflammation of the lining of the uterus (of the endometrium)|
metro	n|an electric railway operating below the surface of the ground (usually in a city)|in Paris the subway system is called the `metro' and in London it is called the `tube' or the `underground'
metrological	adj|of or relating to metrology|
metrology	n|the scientific study of measurement|
metronidazole	n|antiprotozoal medication (trade name Flagyl) used to treat trichomoniasis and giardiasis|
metronome	n|clicking pendulum indicates the exact tempo of a piece of music|
metronome marking	n|the pace of music measured by the number of beats occurring in 60 seconds|
metronymic	n|a name derived from the name of your mother or a maternal ancestor|
metropolis	n|a large and densely populated urban area; may include several independent administrative districts|Ancient Troy was a great city	n|people living in a large densely populated municipality|the city voted for Republicans in 1994
metropolitan	adj|relating to or characteristic of a metropolis|metropolitan area	n|in the Eastern Orthodox Church this title is given to a position between bishop and patriarch; equivalent to archbishop in western Christianity|	n|a person who lives in a metropolis|
metroptosis	n|prolapse of the uterus|
metrorrhagia	n|bleeding from the uterus that is not due to menstruation; usually indicative of disease (as cervical cancer)|
metroxylon	n|a genus of Malayan pinnate-leaved palm trees that flower and fruit once and then die|
metroxylon sagu	n|Malaysian palm whose pithy trunk yields sago--a starch used as a food thickener and fabric stiffener; Malaya to Fiji|
metternich	n|Austrian statesman (1773-1859)|
mettle	n|the courage to carry on|he kept fighting on pure spunk
mettlesome	adj|having a proud and unbroken spirit|	adj|willing to face danger|
mettlesomeness	n|courageous high-spiritedness|
metycaine	n|a compound used in the form of its hydrochloride as a local or spinal anesthetic|
meuniere butter	n|clarified butter browned slowly and seasoned with lemon juice and parsley|
meuse	n|a European river; flows into the North Sea|
meuse river	n|a European river; flows into the North Sea|
mevacor	n|an oral drug (trade name Mevacor) to reduce blood cholesterol levels; used when dietary changes have proved inadequate|
mew	v|cry like a cat|the cat meowed	v|utter a high-pitched cry, as of seagulls|	n|the sound made by a cat (or any sound resembling this)|	n|the common gull of Eurasia and northeastern North America|
mew gull	n|the common gull of Eurasia and northeastern North America|
mewl	v|cry weakly or softly|she wailed with pain
mews	n|street lined with buildings that were originally private stables but have been remodeled as dwellings|she lives in a Chelsea mews
mexicali	n|a city in northwestern Mexico near the California border|
mexican	adj|of or relating to Mexico or its inhabitants|Mexican food is hot	n|a native or inhabitant of Mexico|
mexican beaded lizard	n|lizard with black and yellowish beadlike scales; of western Mexico|
mexican black cherry	n|Mexican black cherry|
mexican capital	n|the capital and largest city of Mexico is a political and cultural and commercial and industrial center; one of the world's largest cities|
mexican cypress	n|tall spreading evergreen found in Mexico having drooping branches; believed to have been introduced into Portugal from Goa|
mexican green	n|a particularly potent variety of marijuana|
mexican hairless	n|any of an old breed of small nearly hairless dogs of Mexico|
mexican hat	n|coneflower with flower heads resembling a Mexican hat with a tall red-brown disk and drooping yellow or yellow and red-brown rays; grows in the great plains along base of Rocky Mountains|
mexican husk tomato	n|small edible yellow to purple tomato-like fruit enclosed in a bladderlike husk|
mexican hyssop	n|erect perennial of Mexico having rose to crimson flowers|
mexican jumping bean	n|seed of Mexican shrubs of the genus Sebastiana containing the larva of a moth whose movements cause the bean to jerk or tumble|
mexican juniper	n|small tree of western Texas and mountains of Mexico having spreading branches with drooping branchlets|
mexican mint	n|an herb from Oaxaca that has a powerful hallucinogenic effect; the active ingredient is salvinorin|
mexican monetary unit	n|monetary unit in Mexico|
mexican nut pine	n|a small two-needled or three-needled pinon of Mexico and southern Texas|
mexican onyx	n|a hard compact kind of calcite|
mexican peso	n|the basic unit of money in Mexico; equal to 100 centavos|
mexican pocket mouse	n|large pocket mouse of Mexico|
mexican revolution	n|a revolution for agrarian reforms led in northern Mexico by Pancho Villa and in southern Mexico by Emiliano Zapata (1910-1911)|
mexican spanish	n|the dialect of Spanish spoken in Mexico|
mexican standoff	n|a situation in which no one can emerge as a clear winner|
mexican sunflower	n|any plant of the genus Tithonia; tall coarse herbs or shrubs of Mexico to Panama having large flower heads resembling sunflowers with yellow disc florets and golden-yellow to orange-scarlet rays|
mexican swamp cypress	n|cypress of river valleys of Mexican highlands|
mexican tea	n|Eurasian aromatic oak-leaved goosefoot with many yellow-green flowers; naturalized North America|
mexican tulip poppy	n|native of Mexican highlands grown for its glossy clear yellow flowers and blue-grey finely dissected foliage|
mexican valium	n|street names for flunitrazepan|
mexico	n|a republic in southern North America; became independent from Spain in 1810|
mexico city	n|the capital and largest city of Mexico is a political and cultural and commercial and industrial center; one of the world's largest cities|
mexiletine	n|antiarrhythmic drug (trade name Mexitil) used to treat ventricular arrhythmias|
mexitil	n|antiarrhythmic drug (trade name Mexitil) used to treat ventricular arrhythmias|
meyerbeer	n|German composer of operas in a style that influenced Richard Wagner (1791-1864)|
mezcal	n|a small spineless globe-shaped cactus; source of mescal buttons|
mezereon	n|small European deciduous shrub with fragrant lilac-colored flowers followed by red berries on highly toxic twigs|
mezereum	n|the dried bark of the shrub mezereon|
mezuza	n|religious texts from Deuteronomy inscribed on parchment and rolled up in a case that is attached to the doorframe of many Jewish households in accordance with Jewish law|
mezuzah	n|religious texts from Deuteronomy inscribed on parchment and rolled up in a case that is attached to the doorframe of many Jewish households in accordance with Jewish law|
mezzanine	n|first or lowest balcony|	n|intermediate floor just above the ground floor|
mezzanine floor	n|intermediate floor just above the ground floor|
mezzo	n|a soprano with a voice between soprano and contralto|	n|the female singing voice between contralto and soprano|
mezzo-relievo	n|a sculptural relief between low relief and high relief|
mezzo-rilievo	n|a sculptural relief between low relief and high relief|
mezzo-soprano	n|a soprano with a voice between soprano and contralto|	n|the female singing voice between contralto and soprano|
mezzotint	n|print produced by an engraving that has been scraped to represent light or shade|
mf	n|300 to 3000 kilohertz|
mfa	n|a master's degree in fine arts|
mflop	n|(computer science) a unit for measuring the speed of a computer system|
mg	n|one thousandth (1/1,000) gram|	n|a light silver-white ductile bivalent metallic element; in pure form it burns with brilliant white flame; occurs naturally only in combination (as in magnesite and dolomite and carnallite and spinel and olivine)|
mho	n|a unit of conductance equal to the reciprocal of an ohm|
mhz	n|one million periods per second|
mi	n|destruction of heart tissue resulting from obstruction of the blood supply to the heart muscle|	n|a former British unit of length equivalent to 6,080 feet (1,853.184 meters); 800 feet longer than a statute mile|	n|a unit of length used in navigation; exactly 1,852 meters; historically based on the distance spanned by one minute of arc in latitude|	n|a unit of length equal to 1,760 yards or 5,280 feet; exactly 1609.344 meters|
miami	n|a member of the extinct Algonquian people formerly living in northern Indiana and southern Michigan|	n|a city and resort in southeastern Florida on Biscayne Bay; the best known city in Florida; a haven for retirees and a refuge for Cubans fleeing Castro|
miami beach	n|a city in southeastern Florida on an island between Biscayne Bay and the Atlantic Ocean; known for fashionable resort hotels|
miao	n|a language of uncertain affiliation spoken by the Hmong|
miaou	n|the sound made by a cat (or any sound resembling this)|	v|make a cat-like sound|
miaow	n|the sound made by a cat (or any sound resembling this)|	v|make a cat-like sound|
miasm	n|an unwholesome atmosphere|the novel spun a miasma of death and decay	n|unhealthy vapors rising from the ground or other sources|the miasma of the marshes
miasma	n|an unwholesome atmosphere|the novel spun a miasma of death and decay	n|unhealthy vapors rising from the ground or other sources|the miasma of the marshes
miasmal	adj|filled with vapor|miasmic jungles
miasmic	adj|of noxious stench from atmospheric pollution|	adj|filled with vapor|miasmic jungles
miaul	n|the sound made by a cat (or any sound resembling this)|
mib	n|a unit of information equal to 1024 kibibytes or 2^20 (1,048,576) bytes|
mibit	n|a unit of information equal to 1024 kibibits or 2^20 (1,048,576) bits|
mic	n|device for converting sound waves into electrical energy|
mica	n|any of various minerals consisting of hydrous silicates of aluminum or potassium etc. that crystallize in forms that allow perfect cleavage into very thin leaves; used as dielectrics because of their resistance to electricity|
micaceous	adj|hydrous silicates of or relating to or resembling mica|
micah	n|a minor Hebrew prophet (8th century BC)|	n|an Old Testament book telling the prophecies of Micah foretelling the destruction of Jerusalem|
micawber	n|fictional character created by Charles Dickens; an eternal optimist|
micelle	n|an electrically charged particle built up from polymeric molecules or ions and occurring in certain colloidal electrolytic solutions like soaps and detergents|
michael	n|(Old Testament) the guardian archangel of the Jews|
michael assat	n|Venezuelan master terrorist raised by a Marxist-Leninist father; trained and worked with many terrorist groups (born in 1949)|
michael faraday	n|the English physicist and chemist who discovered electromagnetic induction (1791-1867)|
michael ondaatje	n|Canadian writer (born in Sri Lanka in 1943)|
michael philip jagger	n|English rock star (born in 1943)|
michaelmas	n|honoring the archangel Michael; a quarter day in England, Wales, and Ireland|
michaelmas day	n|honoring the archangel Michael; a quarter day in England, Wales, and Ireland|
michaelmastide	n|the season of Michaelmas|
micheas	n|a minor Hebrew prophet (8th century BC)|	n|an Old Testament book telling the prophecies of Micah foretelling the destruction of Jerusalem|
michel de notredame	n|French astrologer who wrote cryptic predictions whose interpretations are still being debated (1503-1566)|
michel eyquem montaigne	n|French writer regarded as the originator of the modern essay (1533-1592)|
michel montaigne	n|French writer regarded as the originator of the modern essay (1533-1592)|
michel ney	n|French marshal in the Napoleonic Wars (1769-1815)|
michelangelesque	adj|in the manner of Michelangelo|
michelangelo	n|Florentine sculptor and painter and architect; one of the outstanding figures of the Renaissance (1475-1564)|
michelangelo buonarroti	n|Florentine sculptor and painter and architect; one of the outstanding figures of the Renaissance (1475-1564)|
michelangelo merisi da caravaggio	n|Italian painter noted for his realistic depiction of religious subjects and his novel use of light (1573-1610)|
michelson-morley experiment	n|a celebrated experiment conducted by Albert Michelson and Edward Morley; their failure to detect any influence of the earth's motion on the velocity of light was the starting point for Einstein's theory of relativity|
michigan	n|a gambling card game in which chips are placed on the ace and king and queen and jack of separate suits (taken from a separate deck); a player plays the lowest card of a suit in his hand and successively higher cards are played until the sequence stops; the player who plays a card matching one in the layout wins all the chips on that card|
michigan lily	n|lily of central North America having recurved orange-red flowers with deep crimson spots|
michigander	n|a native or resident of Michigan|
michinomiya hirohito	n|emperor of Japan who renounced his divinity and became a constitutional monarch after Japan surrendered at the end of World War II (1901-1989)|
mick	n|(ethnic slur) offensive term for a person of Irish descent|
mick jagger	n|English rock star (born in 1943)|
mickey	n|(ethnic slur) offensive term for a person of Irish descent|
mickey finn	n|slang term for knockout drops|
mickey mouse	n|a fictional mouse created in animated film strips by Walt Disney|
mickle	n|(often followed by `of') a large number or amount or extent|a batch of letters
micmac	n|a member of the Algonquian people inhabiting the Maritime Provinces of Canada|	n|the Algonquian language of the Micmac|
miconazole	n|an antifungal agent usually administered in the form of a nitrate (trade name Monistat)|
micro	adj|extremely small in scale or scope or capability|
micro chip	n|electronic equipment consisting of a small crystal of a silicon semiconductor fabricated to carry out a number of electronic functions in an integrated circuit|
micro-cook	v|cook or heat in a microwave oven|You can microwave the leftovers
micro-organism	n|any organism of microscopic size|
microbalance	n|balance for weighing very small objects|
microbar	n|the absolute unit of pressure equal to one dyne per square centimeter|
microbat	n|typically having large ears and feeding primarily on insects; worldwide in distribution|
microbe	n|a minute life form (especially a disease-causing bacterium); the term is not in technical use|
microbial	adj|of or involving or caused by or being microbes|microbial warfare
microbic	adj|of or involving or caused by or being microbes|microbial warfare
microbiologist	n|a specialist in microbiology|
microbiology	n|the branch of biology that studies microorganisms and their effects on humans|
microbrachia	n|abnormally small arms|
microbrewery	n|a small brewery; consumption of the product is mainly elsewhere|
microcentrum	n|katydids|
microcephalic	adj|having an abnormally small head and underdeveloped brain|a nanocephalic dwarf
microcephalous	adj|having an abnormally small head and underdeveloped brain|a nanocephalic dwarf
microcephalus	n|an abnormally small head and underdeveloped brain|
microcephaly	n|an abnormally small head and underdeveloped brain|
microchip	n|electronic equipment consisting of a small crystal of a silicon semiconductor fabricated to carry out a number of electronic functions in an integrated circuit|
microchiroptera	n|most of the bats in the world; all bats except fruit bats insectivorous bats|
microcircuit	n|a microelectronic computer circuit incorporated into a chip or semiconductor; a whole system rather than a single component|
micrococcaceae	n|spherical or elliptical usually aerobic eubacteria that produce yellow or orange or red pigment; includes toxin-producing forms as well as harmless commensals and saprophytes|
micrococcus	n|type genus of the family Micrococcaceae|
microcode	n|(computer science) coded instructions that are stored permanently in read-only memory|
microcomputer	n|a small digital computer based on a microprocessor and designed to be used by one person at a time|
microcopy	v|photocopy printed or other graphic matter so that it is reduced in size|
microcosm	n|a miniature model of something|
microcosmic	adj|relating to or characteristic of a microcosm|the microcosmic world of business
microcosmic salt	n|a white salt present in urine and used to test for metal oxides|
microcrystalline	adj|containing crystals that are visible only under a microscope|
microcyte	n|an abnormally small red blood cell (less than 5 microns in diameter)|
microcytic anaemia	n|anemia in which the average size of erythrocytes is smaller than normal|
microcytic anemia	n|anemia in which the average size of erythrocytes is smaller than normal|
microcytosis	n|a blood disorder characterized by the presence of microcytes (abnormally small red blood cells) in the blood; often associated with anemia|
microdesmidae	n|worm fish|
microdipodops	n|kangaroo mice|
microdot	n|photograph reduced to the size of a dot (usually for purposes of security)|
microeconomic	adj|of or relating to microeconomics|
microeconomic expert	n|an economist who specializes in microeconomics|
microeconomics	n|the branch of economics that studies the economy of consumers or households or individual firms|
microeconomist	n|an economist who specializes in microeconomics|
microelectronic	adj|of or relating to or consisting of miniature electronic components|
microelectronics	n|the branch of electronics that deals with miniature components|
microevolution	n|evolution resulting from small specific genetic changes that can lead to a new subspecies|
microfarad	n|a unit of capacitance equal to one millionth of a farad|
microfiche	n|small sheet of microfilm on which many pages of material have been photographed; a magnification system is used to read the material|
microfilm	n|film on which materials are photographed at greatly reduced size; useful for storage; a magnification system is used to read the material|	v|record on microfilm|
microflora	n|microscopic plants; bacteria are often considered to be microflora|
microfossil	n|a fossil that must be studied microscopically|
microgametophyte	n|the male gametophyte produced by a microspore|
microgauss	n|a unit of magnetic flux density equal to one millionth of a gauss|
microglia	n|neuroglial tissue of mesodermal origin that can become phagocytic|
microgliacyte	n|a cell of the microglia that may become phagocytic and collect waste products of nerve tissue|
microgram	n|one millionth (1/1,000,000) gram|
microgramma	n|epiphytic ferns of tropical America and Africa|
microgramma-piloselloides	n|epiphytic ferns with long rhizomes; tropical America|
microhylidae	n|narrow-mouthed toads and sheep frogs; some burrow and some are arboreal; found worldwide|
micromeria	n|large genus of fragrant chiefly Old World herbs|
micromeria juliana	n|dwarf aromatic shrub of Mediterranean regions|
micrometeor	n|a meteorite or meteoroid so small that it drifts down to earth without becoming intensely heated in the atmosphere|
micrometeoric	adj|of or relating to micrometeorites|
micrometeorite	n|a meteorite or meteoroid so small that it drifts down to earth without becoming intensely heated in the atmosphere|
micrometeoritic	adj|of or relating to micrometeorites|
micrometeoroid	n|a meteorite or meteoroid so small that it drifts down to earth without becoming intensely heated in the atmosphere|
micrometer	n|a metric unit of length equal to one millionth of a meter|	n|caliper for measuring small distances|
micrometer caliper	n|caliper for measuring small distances|
micrometer gauge	n|caliper for measuring small distances|
micrometry	n|measuring with a micrometer|
micromicron	n|a metric unit of length equal to one trillionth of a meter|
micromillimeter	n|a metric unit of length equal to one billionth of a meter|
micromillimetre	n|a metric unit of length equal to one billionth of a meter|
micromyx	n|Old World harvest mice|
micromyx minutus	n|small reddish-brown Eurasian mouse inhabiting e.g. cornfields|
micron	n|a metric unit of length equal to one millionth of a meter|
micronase	n|an oral antidiabetic drug (trade names DiaBeta and Micronase) that stimulates the release of insulin from the pancreas|
micronesia	n|the islands in the northwestern part of Oceania|
micronor	n|trade name for and oral contraceptive containing the progestin compound norethindrone|
micronutrient	n|a substance needed only in small amounts for normal body function (e.g., vitamins or minerals)|
microorganism	n|any organism of microscopic size|
micropaleontology	n|the paleontology of microfossils|
micropenis	n|an abnormally small penis|
microphage	n|a neutrophil that ingests small things (as bacteria)|
microphallus	n|an abnormally small penis|
microphone	n|device for converting sound waves into electrical energy|
microphone boom	n|a pole carrying an overhead microphone projected over a film or tv set|
microphoning	n|the transduction of sound waves into electrical waves (by a microphone)|
microphotometer	n|special kind of densitometer that measures density variations over a very small area|
micropogonias	n|croakers|
micropogonias undulatus	n|a silvery-bodied croaker with dark markings and tiny barbels|
microprocessor	n|integrated circuit semiconductor chip that performs the bulk of the processing and controls the parts of a system|a microprocessor functions as the central processing unit of a microcomputer
microprocessor chip	n|electronic equipment consisting of a small crystal of a silicon semiconductor fabricated to carry out a number of electronic functions in an integrated circuit|
micropterus dolomieu	n|a variety of black bass; the angle of the jaw falls below the eye|
micropterus pseudoplites	n|a variety of black bass|
micropterus salmoides	n|a large black bass; the angle of the jaw falls behind the eye|
micropylar	adj|of or relating to a micropyle|
micropyle	n|minute opening in the wall of an ovule through which the pollen tube enters|
microradian	n|a unit of angular distance equal to one thousandth of a milliradian|
microscope	n|magnifier of the image of small objects|the invention of the microscope led to the discovery of the cell
microscope slide	n|a small flat rectangular piece of glass on which specimens can be mounted for microscopic study|
microscope stage	n|a small platform on a microscope where the specimen is mounted for examination|
microscopic	adj|of or relating to or used in microscopy|microscopic analysis	adj|visible under a microscope; using a microscope|	adj|extremely precise with great attention to details|examined it with microscopic care	adj|so small as to be invisible without a microscope|differences were microscopic
microscopic anatomy	n|the study of microscopic structures of tissues and organs|
microscopic field	n|the areas that is visible through a microscope|
microscopical	adj|of or relating to or used in microscopy|microscopic analysis	adj|visible under a microscope; using a microscope|	adj|so small as to be invisible without a microscope|differences were microscopic
microscopically	adv|by using a microscope; so as to be visible only with a microscope; as seen with a microscope|the blood was examined microscopically	adv|as if by using a microscope; with extreme precision and attention to detail; in minute detail|every manuscript was edited microscopically
microscopist	n|a scientist who specializes in research with the use of microscopes|
microscopium	n|a faint constellation in the southern hemisphere near Sagittarius and Capricornus|
microscopy	n|research with the use of microscopes|
microsecond	n|one millionth (10^-6) of a second; one thousandth of a millisecond|
microseism	n|a small earthquake|
microsoft disk operating system	n|an operating system developed by Bill Gates for personal computers|
microsomal	adj|of or relating to microsomes|
microsome	n|a tiny granule in the cytoplasm that is where protein synthesis takes place under the direction of mRNA|
microsorium	n|tropical usually epiphytic ferns; Africa to Asia and Polynesia to Australia|
microsorium punctatum	n|tropical Africa to Australasia and Polynesia|
microsporangium	n|a plant structure that produces microspores|
microspore	n|smaller of the two types of spore produced in heterosporous plants; develops in the pollen sac into a male gametophyte|
microsporidian	n|parasite of arthropods and fishes that invade and destroy host cells|
microsporophyll	n|in non-flowering plants, a sporophyll that bears only microsporangia|
microsporum	n|a genus of fungus of the family Moniliaceae; causes ringworm|
microstomus	n|a genus of Pleuronectidae|
microstomus kitt	n|European flatfish highly valued as food|
microstrobos	n|2 species of small evergreen shrubs of Australia and Tasmania|
microstrobos niphophilus	n|small shrub or Tasmania having short stiff branches|
microsurgery	n|surgery using operating microscopes and miniaturized precision instruments to perform intricate procedures on very small structures|
microtaggant	n|(trademark) a microscopic and traceable identification particle used to trace explosives or other hazardous materials or to prevent counterfeiting|
microtome	n|scientific instrument that cuts thin slices of something for microscopic examination|
microtubule	n|a microscopically small tubule|
microtus	n|voles of the northern hemisphere|
microtus richardsoni	n|of western North America|
microvolt	n|a unit of potential equal to one millionth of a volt|
microwave	n|a short electromagnetic wave (longer than infrared but shorter than radio waves); used for radar and microwave ovens and for transmitting telephone, facsimile, video and data|	n|kitchen appliance that cooks food by passing an electromagnetic wave through it; heat results from the absorption of energy by the water molecules in the food|	v|cook or heat in a microwave oven|You can microwave the leftovers
microwave bomb	n|a bomb that explodes in midair and releases a massive burst of electromagnetic energy sufficient to disable computers and telecommunications without killing people or damaging buildings|
microwave diathermy machine	n|diathermy machine that uses microwave radiation as the source of heat|
microwave linear accelerator	n|linear accelerator that uses microwaves|
microwave oven	n|kitchen appliance that cooks food by passing an electromagnetic wave through it; heat results from the absorption of energy by the water molecules in the food|
microwave radar	n|measuring instrument in which the echo of a pulse of microwave radiation is used to detect and locate distant objects|
microwave spectroscopy	n|the use of spectroscopy to study atomic or molecular resonances in the microwave spectrum|
microwave spectrum	n|the part of the electromagnetic spectrum corresponding to microwaves|
microzide	n|a diuretic drug (trade name Microzide, Esidrix, and HydroDIURIL) used in the treatment of hypertension|
micruroides	n|coral snakes|
micrurus	n|coral snakes|
micturate	v|eliminate urine|Again, the cat had made on the expensive rug
micturition	n|the discharge of urine|
micturition reflex	n|relaxation of the urethral sphincter in response to increased pressure in the bladder|
mid	adj|used in combination to denote the middle|midmorning
mid-april	n|the middle part of April|
mid-atlantic ridge	n|a very long narrow elevation on the ocean floor that runs all the way from Iceland in the North Atlantic to Bouvet Island in the South Atlantic|
mid-august	n|the middle part of August|
mid-calf	n|the middle of the calf; half way between the knee and ankle|
mid-december	n|the middle part of December|
mid-eighties	n|the time of life between 80 and 90|
mid-february	n|the middle part of February|
mid-fifties	n|the time of life between 50 and 60|
mid-forties	n|the time of life between 40 and 50|
mid-january	n|the middle part of January|
mid-july	n|the middle part of July|
mid-june	n|the middle part of June|
mid-march	n|the middle part of March|
mid-may	n|the middle part of May|
mid-nineties	n|the time of life between 90 and 100|
mid-november	n|the middle part of November|
mid-october	n|the middle part of October|
mid-off	n|the fielding position in cricket closest to the bowler on the off side|
mid-on	n|the fielding position in cricket closest to the bowler on the on side|
mid-september	n|the middle part of September|
mid-seventies	n|the time of life between 70 and 80|
mid-sixties	n|the time of life between 60 and 70|
mid-thirties	n|the time of life between 30 and 40|
mid-twenties	n|the time of life between 20 and 30|
mid-water	n|the water that is well below the surface but also well above the bottom|many marine fishes inhabit the mid-waters
midafternoon	n|the middle part of the afternoon|
midair	n|some point in the air; above ground level|the planes collided in midair
midas	n|(Greek legend) the greedy king of Phrygia who Dionysus gave the power to turn everything he touched into gold|
midas touch	n|an ability to make and manage large amounts of money|
midazolam	n|an injectable form of benzodiazepine (trade name Versed) useful for sedation and for reducing pain during uncomfortable medical procedures|
midbrain	n|the middle portion of the brain|
midday	n|the middle of the day|
midden	n|(archeology) a mound of domestic refuse containing shells and animal bones marking the site of a prehistoric settlement|	n|a heap of dung or refuse|
middle	adj|being neither at the beginning nor at the end in a series|adolescence is an awkward in-between age	adj|equally distant from the extremes|	adj|of a stage in the development of a language or literature between earlier and later stages|Middle English is the English language from about 1100 to 1500	adj|between an earlier and a later period of time|in the middle years
middle age	n|the time of life between youth and old age (e.g., between 40 and 60 years of age)|
middle ages	n|the period of history between classical antiquity and the Italian Renaissance|
middle buster	n|moldboard plow with a double moldboard designed to move dirt to either side of a central furrow|
middle c	n|the note designated by the first ledger line below the treble staff; 261.63 hertz|
middle cerebral artery	n|one of two branches of the internal carotid artery; divides into three branches|
middle cerebral vein	n|either of two cerebral veins|
middle class	n|the social class between the lower and upper classes|
middle distance	n|the part of a scene between the foreground and the background|
middle ear	n|the main cavity of the ear; between the eardrum and the inner ear|
middle east	n|the area around the eastern Mediterranean; from Turkey to northern Africa and eastward to Iran; the site of such ancient civilizations as Phoenicia and Babylon and Egypt and the birthplace of Judaism and Christianity and Islam; had continuous economic and political turmoil in the 20th century|the Middle East is the cradle of Western civilization
middle eastern	adj|of or relating to or located in the Middle East|
middle english	n|English from about 1100 to 1450|
middle finger	n|the second finger; between the index finger and the ring finger|
middle greek	n|the Greek language from about 600 to 1200 AD|
middle high german	n|High German from 1100 to 1500|
middle irish	n|Irish Gaelic from 1100 to 1500|
middle low german	n|Low German from 1100 to 1500|
middle meningeal artery	n|branch of the maxillary artery; its branches supply meninges|
middle name	n|a name between your first name and your surname|
middle of the roader	n|a person who takes a position in the political center|
middle paleolithic	n|the time period of Neanderthal man; ended about 35,000 years BC|
middle school	n|a school for students intermediate between elementary school and college; usually grades 9 to 12|
middle temporal vein	n|arises near the eye; joins the superficial temporal veins to form the retromandibular vein|
middle term	n|the term in a syllogism that is common to both premises and excluded from the conclusion|
middle thyroid vein	n|a vein on each side that drains the lateral part of the thyroid and empties into the internal jugular vein|
middle watch	n|a watch during the night (as from midnight to 8 a.m.)|
middle-aged	adj|being roughly between 45 and 65 years old|
middle-aged man	n|a man who is roughly between 45 and 65 years old|
middle-class	adj|occupying a socioeconomic position intermediate between those of the lower classes and the wealthy|
middle-ear deafness	n|hearing loss due to problems with the bones of the middle ear|
middle-level	adj|intermediate in rank or position|middle-level management
middle-of-the-road	adj|supporting or pursuing a course of action that is neither liberal nor conservative|	adj|not extreme, especially in political views|
middlebreaker	n|moldboard plow with a double moldboard designed to move dirt to either side of a central furrow|
middlebrow	n|someone who is neither a highbrow nor a lowbrow|
middleman	n|someone who buys large quantities of goods and resells to merchants rather than to the ultimate customers|	n|the performer in the middle of a minstrel line who engages the others in talk|	n|a person who is in a position to give you special assistance|he used his business contacts to get an introduction to the governor
middlemost	adj|being in the exact middle|
middleton	n|English playwright and pamphleteer (1570-1627)|
middleweight	n|an amateur boxer who weighs no more than 165 pounds|	n|a wrestler who weighs 172-192 pounds|	n|a professional boxer who weighs between 155 and 160 pounds|
middling	adj|lacking exceptional quality or ability|a novel of average merit	adv|to certain extent or degree|pretty big	n|any commodity of intermediate quality or size (especially when coarse particles of ground wheat are mixed with bran)|
middy	n|blouse with a sailor collar|
middy blouse	n|blouse with a sailor collar|
mideast	n|the area around the eastern Mediterranean; from Turkey to northern Africa and eastward to Iran; the site of such ancient civilizations as Phoenicia and Babylon and Egypt and the birthplace of Judaism and Christianity and Islam; had continuous economic and political turmoil in the 20th century|the Middle East is the cradle of Western civilization
midfield	n|(sports) the middle part of a playing field (as in football or lacrosse)|
midgard	n|(Norse mythology) the abode of humans in Norse mythology|
midge	n|minute two-winged mosquito-like fly lacking biting mouthparts; appear in dancing swarms especially near water|
midget	adj|very small|diminutive in stature	n|a person who is markedly small|
midi	adj|used of women's clothing having a hemline at mid-calf|midiskirts	n|the southern part of France|	n|a standard protocol for communication between electronic musical instruments and computers|
midi-pyrenees	n|a region in southwestern France|
midinette	n|a Parisian salesgirl|
midiron	n|long iron with a nearly vertical face|
midland	adj|of or coming from the middle of a region or country|upcountry districts	n|a town in west central Texas|	n|the interior part of a country|
midline	n|the median plane of the body (or some part of the body)|
midmost	adj|being in the exact middle|	adv|the middle or central part or point|in the midst of the forest
midnight	n|12 o'clock at night; the middle of the night|young children should not be allowed to stay up until midnight
midnight sun	n|the sun visible at midnight (inside the Arctic or Antarctic Circles)|
midplane	n|the median plane of the body (or some part of the body)|
midpoint	n|a point equidistant from the ends of a line or the extremities of a figure|
midrash	n|(Judaism) an ancient commentary on part of the Hebrew scriptures that is based on Jewish methods of interpretation and attached to the biblical text|
midrib	n|the vein in the center of a leaf|
midriff	n|(anatomy) a muscular partition separating the abdominal and thoracic cavities; functions in respiration|
midshipman	n|a temporary rank held by young naval officers in training|
midships	adv|at or near or toward the center of a ship|in the late 19th century, engines were placed in front, amidships, and at the rear
midst	n|the location of something surrounded by other things|in the midst of the crowd
midstream	n|the middle of a stream|
midsummer	n|June 21, when the sun is at its northernmost point|
midsummer day	n|a quarter day in England, Wales, and Ireland|
midsummer eve	n|the night before Midsummer Day|
midsummer night	n|the night before Midsummer Day|
midsummer's day	n|a quarter day in England, Wales, and Ireland|
midsummer-men	n|Eurasian mountain plant with fleshy pink-tipped leaves and a cluster of yellow flowers|
midterm	n|the middle of the gestation period|	n|middle of an academic term or a political term in office|	n|an examination administered in the middle of an academic term|
midterm exam	n|an examination administered in the middle of an academic term|
midterm examination	n|an examination administered in the middle of an academic term|
midvein	n|the vein in the center of a leaf|
midwatch	n|a watch during the night (as from midnight to 8 a.m.)|
midway	adj|equally distant from the extremes|	adv|at half the distance; at the middle|he was halfway down the ladder when he fell	n|the place at a fair or carnival where sideshows and similar amusements are located|
midweek	adv|in the middle of the week|	n|the fourth day of the week; the third working day|	n|the middle of a week|
midweekly	adj|occurring during the middle of the week|midweekly prayer meetings
midwife	n|a woman skilled in aiding the delivery of babies|
midwife toad	n|similar in habit to Alytes obstetricians|	n|European toad whose male carries the fertilized eggs wrapped around its hind legs until they hatch|
midwifery	n|the branch of medicine dealing with childbirth and care of the mother|	n|assisting women at childbirth|
midwinter	n|the middle of winter|
mien	n|dignified manner or conduct|
mierkat	n|a mongoose-like viverrine of South Africa having a face like a lemur and only four toes|
mifepristone	n|an abortion-inducing drug (trade name RU 486) developed in France; when taken during the first five weeks of pregnancy it blocks the action of progesterone so that the uterus sloughs off the embryo|
miff	n|a state of irritation or annoyance|	v|cause to be annoyed|His behavior really miffed me
miffed	adj|aroused to impatience or anger|made an irritated gesture
might	n|physical strength|
might-have-been	n|an event that could have occurred but never did|
mightily	adv|powerfully or vigorously|he strove mightily to achieve a better position in life	adv|(Southern regional intensive) very; to a great degree|the baby is mighty cute
mightiness	n|physical strength|
mighty	adj|having or showing great strength or force or intensity|struck a mighty blow	adv|(Southern regional intensive) very; to a great degree|the baby is mighty cute
mighty mouse	n|a fictional mouse endowed with great strength and courage|
mignonette	n|Mediterranean woody annual widely cultivated for its dense terminal spikelike clusters greenish or yellowish white flowers having an intense spicy fragrance|
mignonette family	n|mainly Mediterranean herbs: mignonette|
migraine	n|a severe recurring vascular headache; occurs more frequently in women than men|
migrant	adj|habitually moving from place to place especially in search of seasonal work|appalled by the social conditions of migrant life	n|traveler who moves from one region or country to another|
migrant shrike	n|a shrike of central North America; winters in Texas and the southern Mississippi valley|
migrant worker	n|a worker who moves around and works temporarily in different places|
migrate	v|move from one country or region to another and settle there|Many Germans migrated to South America in the mid-19th century	v|move periodically or seasonally|birds migrate in the Winter
migration	n|the movement of persons from one country or locality to another|	n|a group of people migrating together (especially in some given time period)|	n|(chemistry) the nonrandom movement of an atom or radical from one place to another within a molecule|	n|the periodic passage of groups of animals (especially birds or fishes) from one region to another for feeding or breeding|
migration route	n|the geographic route along which birds customarily migrate|
migrational	adj|of or related to migration|
migrator	n|traveler who moves from one region or country to another|	n|an animal (especially birds and fish) that travels between different habitats at particular times of the year|
migratory	adj|used of animals that move seasonally|migratory birds	adj|habitually moving from place to place especially in search of seasonal work|appalled by the social conditions of migrant life
migratory locust	n|Old World locust that travels in vast swarms stripping large areas of vegetation|
migratory quail	n|the typical Old World quail|
miguel de cervantes	n|Spanish writer best remembered for `Don Quixote' which satirizes chivalry and influenced the development of the novel form (1547-1616)|
miguel de cervantes saavedra	n|Spanish writer best remembered for `Don Quixote' which satirizes chivalry and influenced the development of the novel form (1547-1616)|
miguel jose serra	n|Spanish missionary who founded Franciscan missions in California (1713-1784)|
mihrab	n|(Islam) a design in the shape of niche in a Muslim prayer rug; during worship the niche must be pointed toward Mecca|	n|(Islam) a niche in the wall of a mosque that indicates the direction of Mecca|
mikado	n|the emperor of Japan; when regarded as a religious leader the emperor is called tenno|
mikania	n|large genus of evergreen lianas of tropical America|
mikania scandens	n|herb of tropical America having vanilla-scented flowers; climbs up trees|
mike	n|device for converting sound waves into electrical energy|
mikhail aleksandrovich bakunin	n|Russian anarchist; ally and later opponent of Karl Marx (1814-1876)|
mikhail bakunin	n|Russian anarchist; ally and later opponent of Karl Marx (1814-1876)|
mikhail glinka	n|Russian composer (1804-1857)|
mikhail gorbachev	n|Soviet statesman whose foreign policy brought an end to the Cold War and whose domestic policy introduced major reforms (born in 1931)|
mikhail ilarionovich kutuzov	n|Russian field marshal who commanded the Russian opposition to Napoleon (1745-1813)|
mikhail ivanovich glinka	n|Russian composer (1804-1857)|
mikhail ivanovich kalinin	n|soviet statesman and head of state of the USSR (1875-1946)|
mikhail kalinin	n|soviet statesman and head of state of the USSR (1875-1946)|
mikhail sergeyevich gorbachev	n|Soviet statesman whose foreign policy brought an end to the Cold War and whose domestic policy introduced major reforms (born in 1931)|
mikhail yurievich lermontov	n|Russian writer (1814-1841)|
mikir-meithei	n|Kamarupan languages spoken in the states of Manipur and Assam in northeastern India|
mikmaq	n|a member of the Algonquian people inhabiting the Maritime Provinces of Canada|
mikolaj kopernik	n|Polish astronomer who produced a workable model of the solar system with the sun in the center (1473-1543)|
mikvah	n|(Hebrew) a ritual purification and cleansing bath that Orthodox Jews take on certain occasions (as before Sabbath or after menstruation)|
mil	n|a Cypriot monetary unit equal to one thousandth of a pound|	n|a Swedish unit of length equivalent to 10 km|	n|a unit of length equal to one thousandth of an inch; used to specify thickness (e.g., of sheets or wire)|	n|a metric unit of volume equal to one thousandth of a liter|
milady	n|an English noblewoman|
milage	n|distance measured in miles|
milan	n|the capital of Lombardy in northern Italy; has been an international center of trade and industry since the Middle Ages|
milanese	adj|of or relating to or characteristic of Milan or its people|	n|a native or inhabitant of Milan|
milano	n|the capital of Lombardy in northern Italy; has been an international center of trade and industry since the Middle Ages|
milch	adj|giving milk; bred or suitable primarily for milk production|milch goats, milch camels
milch cow	n|cattle that are reared for their milk|
milcher	n|cattle that are reared for their milk|
mild	adj|moderate in type or degree or effect or force; far from extreme|a mild winter storm	adj|humble in spirit or manner; suggesting retiring mildness or even cowed submissiveness|meek and self-effacing	adj|mild and pleasant|balmy days and nights
mild silver protein	n|antiseptic consisting of a compound of protein and silver (trade name Argyrol)|
mild steel	n|steel with less than 0.15% carbon|
mild-mannered	adj|behaving in or having a mild or gentle manner|
mild-tasting	adj|having a mild taste|
mildew	n|the process of becoming mildewed|	n|a fungus that produces a superficial (usually white) growth on organic matter|	v|become moldy; spoil due to humidity|The furniture molded in the old house
mildly	adv|to a moderate degree|he was mildly interested	adv|in a gentle manner|he talked gently to the injured animal
mildness	n|good weather with comfortable temperatures|	n|acting in a manner that is gentle and mild and even-tempered|his fingers have learned gentleness	n|mercifulness as a consequence of being lenient or tolerant|
mile	n|a unit of length equal to 1,760 yards or 5,280 feet; exactly 1609.344 meters|	n|a unit of length used in navigation; exactly 1,852 meters; historically based on the distance spanned by one minute of arc in latitude|	n|a large distance|he missed by a mile	n|a former British unit of length once used in navigation; equivalent to 6,000 feet (1828.8 meters)|
mile-high city	n|the state capital and largest city of Colorado; located in central Colorado on the South Platte river|
mileage	n|distance measured in miles|	n|the ratio of the number of miles traveled to the number of gallons of gasoline burned|	n|a travel allowance at a given rate per mile traveled|
mileometer	n|a meter that shows mileage traversed|
milepost	n|stone post at side of a road to show distances|
miler	n|(used only in combinations) the length of something in miles|the race was a 30-miler	n|a runner in a one-mile race|
miles gloriosus	n|a braggart soldier (a stock figure in comedy)|
miles per gallon	n|the distance traveled in a vehicle powered by one gallon of gasoline or diesel fuel|
miles per hour	n|the ratio of the distance traveled (in miles) to the time spent traveling (in hours)|	n|a speedometer reading for the momentary rate of travel|
miles standish	n|English colonist in America; leader of the Pilgrims in the early days of the Plymouth Colony (1584-1656)|
milestone	n|stone post at side of a road to show distances|	n|a significant event in your life (or in a project)|
milfoil	n|ubiquitous strong-scented mat-forming Eurasian herb of wasteland, hedgerow or pasture having narrow serrate leaves and small usually white florets; widely naturalized in North America|
milhaud	n|French composer of works that combine jazz and polytonality and Brazilian music (1892-1974)|
miliaria	n|obstruction of the sweat ducts during high heat and humidity|
miliary fever	n|epidemic in the 15th and 16th centuries and characterized by profuse sweating and high mortality|
miliary tuberculosis	n|acute tuberculosis characterized by the appearance of tiny tubercles on one or more organs of the body (presumably resulting from tubercle bacilli being spread in the bloodstream)|
milieu	n|the environmental condition|
militainment	n|entertainment with military themes in which the Department of Defense is celebrated|
militance	n|a militant aggressiveness|
militancy	n|a militant aggressiveness|
militant	adj|disposed to warfare or hard-line policies|militant nations	adj|showing a fighting disposition|highly competitive sales representative	adj|engaged in war|belligerent (or warring) nations	n|a militant reformer|
militant tendency	n|a Trotskyist political organization in Great Britain set up in 1964 inside the Labour Party|
militarily	adv|with respect to the military|on a militarily significant scale
militarisation	n|act of assembling and putting into readiness for war or other emergency: "mobilization of the troops"|
militarise	v|lend a military character to (a country), as by building up a military force|militarize Germany again after the war	v|adopt for military use|militarize the Civil Service
militarised	adj|issued military arms|
militarism	n|a political orientation of a people or a government to maintain a strong military force and to be prepared to use it aggressively to defend or promote national interests|
militarist	n|a person who advocates war or warlike policies|
militaristic	adj|imbued with militarism|
militarization	n|act of assembling and putting into readiness for war or other emergency: "mobilization of the troops"|
militarize	v|lend a military character to (a country), as by building up a military force|militarize Germany again after the war	v|adopt for military use|militarize the Civil Service
militarized	adj|issued military arms|
military	adj|of or relating to the study of the principles of warfare|military law	adj|characteristic of or associated with soldiers or the military|military uniforms	adj|associated with or performed by members of the armed services as contrasted with civilians|military police	n|the military forces of a nation|their military is the largest in the region
military academy	n|an academy for training military officers|
military action	n|a military engagement|he saw action in Korea
military adviser	n|a military officer who serves as an adviser to the troops of an allied nation|
military advisor	n|a military officer who serves as an adviser to the troops of an allied nation|
military attache	n|an attache who is a specialist in military matters|
military band	n|a group of musicians playing brass and woodwind and percussion instruments|
military blockade	n|the action of an armed force that surrounds a fortified place and isolates it while continuing to attack|
military campaign	n|several related operations aimed at achieving a particular goal (usually within geographical and temporal constraints)|
military capability	n|capability in terms of personnel and materiel that affect the capacity to fight a war|we faced an army of great strength
military censorship	n|all types of censorship conducted by personnel of the armed forces|
military ceremony	n|a formal ceremony performed by military personnel|	n|a military custom performed in observance of some event or anniversary|
military chaplain	n|a chaplain in one of the military services|
military commission	n|an official document issued by a government and conferring on the recipient the rank of an officer in the armed forces|
military control	n|the control of a country by military forces of a foreign power|
military court	n|a judicial court of commissioned officers for the discipline and punishment of military personnel|
military drill	n|training in marching and the use of weapons|
military engineer	n|a member of the military who is trained in engineering and construction work|
military expedition	n|a military campaign designed to achieve a specific objective in a foreign country|
military force	n|a unit that is part of some military service|he sent Caesar a force of six thousand men
military formation	n|a formation of troops|
military government	n|government by the military and an army|
military governor	n|the head of a government established by the military (as in a defeated country)|
military greeting	n|a formal military gesture of respect|
military group	n|a unit that is part of some military service|he sent Caesar a force of six thousand men
military headquarters	n|the military installation from which a commander performs the functions of command|the general's headquarters were a couple of large tents
military hospital	n|hospital for soldiers and other military personnel|
military installation	n|any facility servicing military forces|
military intelligence	n|an agency of the armed forces that obtains and analyzes and uses information of strategic or tactical military value|	n|information about the armed forces of another country that is useful in planning and conducting military policy or military operations|
military intelligence agency	n|an agency of the armed forces that obtains and analyzes and uses information of strategic or tactical military value|
military intelligence section 5	n|the government agency in the United Kingdom that is responsible for internal security and counterintelligence on British territory|
military intelligence section 6	n|the government agency in the United Kingdom that is responsible for internal security and counterintelligence overseas|
military issue	n|supplies (as food or clothing or ammunition) issued by the government|
military junta	n|a group of military officers who rule a country after seizing power|
military law	n|the body of laws and rules of conduct administered by military courts for the discipline, trial, and punishment of military personnel|
military leader	n|a leader of military forces|
military machine	n|the military forces of a nation|their military is the largest in the region
military man	n|someone who serves in the armed forces; a member of a military force|two men stood sentry duty
military march	n|brisk marching music suitable for troops marching in a military parade|
military mission	n|an operation that is assigned by a higher headquarters|the planes were on a bombing mission
military music	n|brisk marching music suitable for troops marching in a military parade|
military officer	n|any person in the armed services who holds a position of authority or command|an officer is responsible for the lives of his men
military operation	n|activity by a military or naval force (as a maneuver or campaign)|it was a joint operation of the navy and air force
military pace	n|the length of a single step in marching (taken to be 30 inches for quick time or 36 inches for double time)|
military personnel	n|soldiers collectively|	n|someone who serves in the armed forces; a member of a military force|two men stood sentry duty
military plane	n|an aircraft designed and used for combat|
military police	n|a military corps that enforces discipline and guards prisoners|
military policeman	n|a member of the military police who polices soldiers and guards prisoners|
military position	n|a point occupied by troops for tactical reasons|
military post	n|military installation at which a body of troops is stationed|this military post provides an important source of income for the town nearby
military posture	n|capability in terms of personnel and materiel that affect the capacity to fight a war|we faced an army of great strength
military press	n|a weightlift in which the barbell is lifted to shoulder height and then smoothly lifted overhead|
military quarters	n|living quarters for personnel on a military post|
military rank	n|rank in a military organization|
military rating	n|rank in a military organization|
military recruit	n|a recently enlisted soldier|
military reserve	n|armed forces that are not on active duty but can be called in an emergency|
military science	n|the discipline dealing with the principles of warfare|
military service	n|a force that is a branch of the armed forces|	n|land tenure by service in the lord's army|
military strength	n|capability in terms of personnel and materiel that affect the capacity to fight a war|we faced an army of great strength
military training	n|training soldiers in military procedures|
military uniform	n|prescribed identifying uniform for soldiers|
military unit	n|a unit that is part of some military service|he sent Caesar a force of six thousand men
military vehicle	n|vehicle used by the armed forces|
military volunteer	n|(military) a person who freely enlists for service|
military-industrial complex	n|a country's military establishment and the industries that produce arms and other military equipment|we must guard against the acquisition of unwarranted influence, whether sought or unsought, by the military-industrial complex"--Dwight David Eisenhower
militate	v|have force or influence; bring about an effect or change|Politeness militated against this opinion being expressed
militia	n|civilians trained as soldiers but not part of the regular army|	n|the entire body of physically fit civilians eligible by law for military service|their troops were untrained militia
militiaman	n|a member of the militia; serves only during emergencies|
milium	n|a small whitish lump in the skin due to a clogged sebaceous gland|
milk	n|a white nutritious liquid secreted by mammals and used as food by human beings|	n|produced by mammary glands of female mammals for feeding their young|	n|a river that rises in the Rockies in northwestern Montana and flows eastward to become a tributary of the Missouri River|	n|any of several nutritive milklike liquids|
milk adder	n|nonvenomous tan and brown king snake with an arrow-shaped occipital spot; southeastern ones have red stripes like coral snakes|
milk bar	n|snack bar that sells milk drinks and light refreshments (such as ice cream)|
milk can	n|large can for transporting milk|
milk chocolate	n|chocolate made from chocolate liquor with sugar and cocoa butter and powdered milk solids and vanilla and (usually) lecithin; the most common form of chocolate for eating; used in chocolate candy and baking and coatings|
milk cow	n|cattle that are reared for their milk|
milk float	n|a van (typically powered by electricity) with an open side that is used to deliver milk to houses|
milk glass	n|a milky white translucent or opaque glass|
milk intolerance	n|congenital disorder consisting of an inability to digest milk and milk products; absence or deficiency of lactase results in an inability to hydrolyze lactose|
milk leg	n|painful thrombosis of the femoral vein in the leg following childbirth|
milk of magnesia	n|purgative consisting of a milky white liquid suspension of magnesium hydroxide; used as a laxative and (in smaller doses) as an antacid|
milk powder	n|dehydrated milk|
milk pox	n|a mild form of smallpox caused by a less virulent form of the virus|
milk punch	n|a punch made of spirits and milk and sugar and spices|
milk river	n|a river that rises in the Rockies in northwestern Montana and flows eastward to become a tributary of the Missouri River|
milk shake	n|frothy drink of milk and flavoring and sometimes fruit or ice cream|
milk sickness	n|disease of livestock and especially cattle poisoned by eating certain kinds of snakeroot|	n|caused by consuming milk from cattle suffering from trembles|
milk snake	n|nonvenomous tan and brown king snake with an arrow-shaped occipital spot; southeastern ones have red stripes like coral snakes|
milk sugar	n|a sugar comprising one glucose molecule linked to a galactose molecule; occurs only in milk|cow's milk contains about 4.7% lactose
milk thistle	n|any of several Old World coarse prickly-leaved shrubs and subshrubs having milky juice and yellow flowers; widely naturalized; often noxious weeds in cultivated soil|	n|tall Old World biennial thistle with large clasping white-blotched leaves and purple flower heads; naturalized in California and South America|
milk tooth	n|one of the first temporary teeth of a young mammal (one of 20 in children)|
milk vetch	n|any of various plants of the genus Astragalus|
milk wagon	n|wagon for delivering milk|
milk whey	n|the serum or watery part of milk that is separated from the curd in making cheese|
milk-sick	adj|affected with or related to milk sickness|
milk-vetch	n|any of various plants of the genus Astragalus|
milk-white	adj|of a white the color of fresh milk|
milkcap	n|edible mushroom|
milker	n|cattle that are reared for their milk|
milking machine	n|machine consisting of a suction apparatus for milking cows mechanically|
milking shorthorn	n|breed evolved from shorthorn beef cattle|
milking stool	n|low three-legged stool with a half round seat; used to sit on while milking a cow|
milkless	adj|having no milk|milkless breasts
milklike	adj|resembling milk in color; not clear|milky glass
milkmaid	n|a woman who works in a dairy|
milkman	n|someone who delivers milk|
milkshake	n|frothy drink of milk and flavoring and sometimes fruit or ice cream|
milksop	n|a timid man or boy considered childish or unassertive|
milkwagon	n|wagon for delivering milk|
milkweed	n|any of numerous plants of the genus Asclepias having milky juice and pods that split open releasing seeds with downy tufts|	n|annual Eurasian sow thistle with soft spiny leaves and rayed yellow flower heads|
milkweed family	n|widely distributed family of herbs and shrubs of the order Gentianales; most with milky juice|
milkwort	n|any of various plants of the genus Polygala|
milkwort family	n|trees, shrubs, and herbs widely distributed throughout both hemispheres|
milky	adj|resembling milk in color; not clear|milky glass
milky way	n|the galaxy containing the solar system; consists of millions of stars that can be seen as a diffuse band of light stretching across the night sky|
milky way galaxy	n|the galaxy containing the solar system; consists of millions of stars that can be seen as a diffuse band of light stretching across the night sky|
milky way system	n|the galaxy containing the solar system; consists of millions of stars that can be seen as a diffuse band of light stretching across the night sky|
mill	v|move about in a confused manner|	v|grind with a mill|mill grain	v|produce a ridge around the edge of|mill a coin	v|roll out (metal) with a rolling machine|
mill about	v|be about|The high school students like to loiter in the Central Square	v|move about in a confused manner|
mill agent	n|the responsible official at a mill that is under absentee ownership|
mill around	v|be about|The high school students like to loiter in the Central Square	v|move about in a confused manner|
mill wheel	n|water wheel that is used to drive machinery in a mill|
mill-girl	n|a girl who works in a mill|
mill-hand	n|a workman in a mill or factory|
millais	n|Englishman and Pre-Raphaelite painter (1829-1896)|
millboard	n|stout pasteboard used to bind books|
milldam	n|dam to make a millpond to provide power for a water mill|
milled	adj|(of grains especially rice) having the husk or outer layers removed|polished rice
millenarian	adj|relating to or believing in the millennium of peace and happiness|	n|a person who believes in the coming of the millennium (a time of great peace and prosperity)|
millenarianism	n|belief in the Christian doctrine of the millennium mentioned in the Book of Revelations|
millenarism	n|belief in the Christian doctrine of the millennium mentioned in the Book of Revelations|
millenarist	n|a person who believes in the coming of the millennium (a time of great peace and prosperity)|
millenary	adj|of or relating to the doctrine of the millennium|	adj|relating to or consisting of 1000|	n|the 1000th anniversary (or the celebration of it)|	n|a span of 1000 years|
millennial	adj|relating to a millennium or span of a thousand years|
millennian	adj|relating to a millennium or span of a thousand years|
millennium	n|a span of 1000 years|	n|(New Testament) in Revelations it is foretold that those faithful to Jesus will reign with Jesus over the earth for a thousand years; the meaning of these words have been much debated; some denominations (e.g. Jehovah's Witnesses) expect it to be a thousand years of justice and peace and happiness|	n|the 1000th anniversary (or the celebration of it)|
millenniumism	n|belief in the Christian doctrine of the millennium mentioned in the Book of Revelations|
millepede	n|any of numerous herbivorous nonpoisonous arthropods having a cylindrical body of 20 to 100 or more segments most with two pairs of legs|
miller	n|someone who works in a mill (especially a grain mill)|	n|machine tool in which metal that is secured to a carriage is fed against rotating cutters that shape it|	n|any of various moths that have powdery wings|
miller's-thumb	n|small freshwater sculpin of Europe and North America|
millerite	n|a yellow mineral consisting of nickel sulfide; a minor source of nickel|
millet	n|any of various small-grained annual cereal and forage grasses of the genera Panicum, Echinochloa, Setaria, Sorghum, and Eleusine|	n|French painter of rural scenes (1814-1875)|	n|small seed of any of various annual cereal grasses especially Setaria italica|
millettia	n|any of several tropical trees or shrubs yielding showy streaked dark reddish or chocolate-colored wood|
milliammeter	n|a sensitive ammeter graduated in milliamperes|
milliampere	n|one thousandth of an ampere|
milliard	n|a billion|in England they call one thousand million a milliard
millibar	n|a unit of atmospheric pressure equal to one thousandth of a bar|atmospheric pressure at sea level is 1013 millibars
millicurie	n|a unit of radioactivity equal to one thousandth of a curie|
millidegree	n|a unit of temperature equal to one-thousandth of a degree|
milliequivalent	n|one-thousandth of an equivalent|
millifarad	n|a unit of capacitance equal to one thousandth of a farad|
milligram	n|one thousandth (1/1,000) gram|
millihenry	n|a unit of inductance equal to one thousandth of a henry|
milliliter	n|a metric unit of volume equal to one thousandth of a liter|
millilitre	n|a metric unit of volume equal to one thousandth of a liter|
millime	n|1,000 millimes equal 1 dinar in Tunisia|
millimeter	n|a metric unit of length equal to one thousandth of a meter|
millimeter of mercury	n|a unit of pressure equal to 0.001316 atmosphere; named after Torricelli|
millimetre	n|a metric unit of length equal to one thousandth of a meter|
millimicron	n|a metric unit of length equal to one billionth of a meter|
milline	n|an advertising measure; one agate line appearing in one million copies of a publication|
milliner	n|someone who makes and sells hats|
millinery	n|shop selling women's hats|	n|hats for women; the wares sold by a milliner|
milling	n|corrugated edge of a coin|
milling machine	n|machine tool in which metal that is secured to a carriage is fed against rotating cutters that shape it|
milling machinery	n|machinery that processes materials by grinding or crushing|
million	adj|(in Roman numerals, M written with a macron over it) denoting a quantity consisting of 1,000,000 items or units|	n|the number that is represented as a one followed by 6 zeros|	n|a very large indefinite number (usually hyperbole)|there were millions of flies
million floating point operations per second	n|(computer science) a unit for measuring the speed of a computer system|
million instructions per second	n|(computer science) a unit for measuring the execution speed of a computer's CPU (but not the whole system)|4 MIPS is 4,000,000 instructions per second
millionaire	n|a person whose material wealth is valued at more than a million dollars|
millionairess	n|a woman millionaire|
millionfold	adv|by a factor of a million|it increased a millionfold
millionth	adj|the ordinal number of one million in counting order|	n|position 1,000,000 in a countable series of things|	n|one part in a million equal parts|
milliped	n|any of numerous herbivorous nonpoisonous arthropods having a cylindrical body of 20 to 100 or more segments most with two pairs of legs|
millipede	n|any of numerous herbivorous nonpoisonous arthropods having a cylindrical body of 20 to 100 or more segments most with two pairs of legs|
milliradian	n|a unit of angular distance equal to one thousandth of a radian|
millirem	n|a dosage of ionizing radiation equivalent to one thousandth (1/1000) of a rem|
millisecond	n|one thousandth (10^-3) of a second|
millivolt	n|a unit of potential equal to one thousandth of a volt|
millivoltmeter	n|sensitive voltmeter that can measure voltage in millivolts|
milliwatt	n|a unit of power equal to one thousandth of a watt|
millpond	n|a pond formed by damming a stream to provide a head of water to turn a mill wheel|
millrace	n|a channel for the water current that turns a millwheel|
millrun	n|a channel for the water current that turns a millwheel|
millstone	n|(figurative) something that hinders or handicaps|she was an albatross around his neck	n|any load that is difficult to carry|	n|one of a pair of heavy flat disk-shaped stones that are rotated against one another to grind the grain|
millwheel	n|water wheel that is used to drive machinery in a mill|
millwork	n|woodwork that has been machined at a mill|
millwright	n|a workman who designs or erects mills and milling machinery|
milne	n|English writer of stories for children (1882-1956)|
milo	n|small drought-resistant sorghums having large yellow or whitish grains|
milo maize	n|small drought-resistant sorghums having large yellow or whitish grains|
milometer	n|a meter that shows mileage traversed|
milontin	n|anticonvulsant (trade name Milontin) used to treat petit mal|
milord	n|a term of address for an English lord|
milquetoast	n|a timid man or boy considered childish or unassertive|
milt	n|fish sperm or sperm-filled reproductive gland; having a creamy texture|	n|seminal fluid produced by male fish|
miltiades	n|Athenian general who defeated the Persians at Marathon (540-489)|
miltomate	n|Mexican annual naturalized in eastern North America having yellow to purple edible fruit resembling small tomatoes|
milton	n|English poet; remembered primarily as the author of an epic poem describing humanity's fall from grace (1608-1674)|
miltown	n|a sedative and tranquilizer (trade name Miltown and Equanil and Meprin) used to treat muscle tension and anxiety|
milvus	n|a genus including the common European kits|
milvus migrans	n|dark Old World kite feeding chiefly on carrion|
milwaukee	n|largest city of Wisconsin; located in southeastern Wisconsin on the western shore of Lake Michigan; a flourishing agricultural center known for its breweries|
mimamsa	n|(from the Sanskrit word for `reflection' or `interpretation') one of six orthodox philosophical systems or viewpoints on ritual traditions rooted in the Vedas and the Brahmanas as opposed to Vedanta which relies mostly on the Upanishads|
mime	n|an actor who communicates entirely by gesture and facial expression|	n|a performance using gestures and body movements without words|	v|imitate (a person or manner), especially for satirical effect|The actor mimicked the President very accurately	v|act out without words but with gestures and bodily movements only|The acting students mimed eating an apple
mimeo	n|a rotary duplicator that uses a stencil through which ink is pressed (trade mark Roneo)|	v|print copies from (a prepared stencil) using a mimeograph|She mimeographed the syllabus
mimeograph	n|a rotary duplicator that uses a stencil through which ink is pressed (trade mark Roneo)|	v|print copies from (a prepared stencil) using a mimeograph|She mimeographed the syllabus
mimeograph machine	n|a rotary duplicator that uses a stencil through which ink is pressed (trade mark Roneo)|
mimer	n|an actor who communicates entirely by gesture and facial expression|
mimesis	n|the imitative representation of nature and human behavior in art and literature|	n|any disease that shows symptoms characteristic of another disease|	n|the representation of another person's words in a speech|
mimetic	adj|characterized by or of the nature of or using mimesis|a mimetic dance	adj|exhibiting mimicry|mimetic coloring of a butterfly
mimic	adj|constituting an imitation|the mimic warfare of the opera stage"- Archibald Alison	n|someone who mimics (especially an actor or actress)|	v|imitate (a person or manner), especially for satirical effect|The actor mimicked the President very accurately
mimicker	n|someone who mimics (especially an actor or actress)|
mimicry	n|the act of mimicking; imitative behavior|	n|the resemblance of an animal species to another species or to natural objects; provides concealment and protection from predators|
mimidae	n|sometimes considered a subfamily of Troglodytidae: mockingbirds; catbirds; thrashers|
mimir	n|(Norse mythology) giant who lives in the roots of Yggdrasil and guards the well of wisdom|
mimosa	n|evergreen Australasian tree having white or silvery bark and young leaves and yellow flowers|	n|any of various tropical shrubs or trees of the genus Mimosa having usually yellow flowers and compound leaves|	n|a mixed drink containing champagne and orange juice|
mimosa pudica	n|prostrate or semi-erect subshrub of tropical America, and Australia; heavily armed with recurved thorns and having sensitive soft grey-green leaflets that fold and droop at night or when touched or cooled|
mimosa sensitiva	n|semi-climbing prickly evergreen shrub of tropical America having compound leaves sensitive to light and touch|
mimosaceae	n|family of spiny woody plants (usually shrubs or small trees) whose leaves mimic animals in sensitivity to touch; commonly included in the family Leguminosae|
mimosoideae	n|alternative name used in some classification systems for the family Mimosaceae|
mimus	n|type genus of the family Mimidae: mockingbirds|
min	n|a unit of time equal to 60 seconds or 1/60th of an hour|he ran a 4 minute mile	n|any of the forms of Chinese spoken in Fukien province|	n|an Egyptian god of procreation|
min dialect	n|any of the forms of Chinese spoken in Fukien province|
mina	n|tropical Asian starlings|
minacious	adj|threatening or foreshadowing evil or tragic developments|a baleful look
minah	n|tropical Asian starlings|
minamata bay	n|a bay on the west coast of Kyushu; in the 1950s industrial wastes caused mercury poisoning among the Japanese people who ate fish from Minamata Bay|
minamata disease	n|a form of mercury poisoning among people who ate fish from mercury-contaminated waters of Minamata Bay off Japan in the 1950s; characterized by severe neurological degeneration|
minaret	n|slender tower with balconies|
minato ohashi bridge	n|cantilever bridge at Osaka, Japan|
minatory	adj|threatening or foreshadowing evil or tragic developments|a baleful look
mince	v|make less severe or harsh|He moderated his tone when the students burst out in tears	v|walk daintily|She minced down the street	v|cut into small pieces|mince the garlic	n|food chopped into small bits|a mince of mushrooms
mince pie	n|pie containing mincemeat|
mincemeat	n|spiced mixture of chopped raisins and apples and other ingredients with or without meat|
mincer	n|a kitchen utensil that cuts or chops food (especially meat) into small pieces|
mincing	adj|affectedly dainty or refined|
mincing machine	n|a kitchen utensil that cuts or chops food (especially meat) into small pieces|
mincingly	adv|in a mincing manner|she stepped mincingly over the puddles
mind	n|that which is responsible for one's thoughts, feelings, and conscious brain functions; the seat of the faculty of reason|his mind wandered	n|recall or remembrance|it came to mind	n|an opinion formed by judging something|he was reluctant to make his judgment known	n|an important intellectual|the great minds of the 17th century
mind game	n|any game designed to exercise the intellect|	n|deliberate actions of calculated psychological manipulation intended to intimidate or confuse (usually for competitive advantage)|football players try to play mind games with the opposition
mind reader	n|someone with the power of communicating thoughts directly|	n|a magician who seems to discern the thoughts of another person (usually by clever signals from an accomplice)|
mind's eye	n|the imaging of remembered or invented scenes|I could see her clearly in my mind's eye
mind-altering	adj|producing mood changes or distorted perception|hallucinogenic drugs are mind-altering substances
mind-altering drug	n|a drug that can produce mood changes and distorted perceptions|
mind-bending	adj|intensely affecting the mind especially in producing hallucinations|
mind-blowing	adj|intensely affecting the mind especially in producing hallucinations|	adj|intensely affecting the mind or emotions|spending a week in the jungle was a mind-blowing experience
mind-boggling	adj|intellectually or emotionally overwhelming|a mind-boggling display
mind-expanding	adj|(of hallucinogenic drugs) giving a sense of heightened or broader awareness|
mind-set	n|a habitual or characteristic mental attitude that determines how you will interpret and respond to situations|
mindanao	n|the second largest island of the Philippines at the southern end of the archipelago; mountainous and volcanic|
minded	adj|(used in combination) mentally oriented toward something specified|civic-minded	adj|(usually followed by `to') naturally disposed toward|he is apt to ignore matters he considers unimportant
minden	n|a battle in the Seven Years' War (1759) in which the English forces and their allies defeated the French|
minder	n|someone (usually in totalitarian countries) who is assigned to watch over foreign visitors|I turned around and there, a few hundred feet away, was our government minder, Li Wong Su, huffing and puffing toward us	n|a person who looks after babies (usually in the person's own home) while the babys' parents are working|
mindful	adj|bearing in mind; attentive to|ever mindful of her health
mindfully	adv|in a careful deliberate manner|
mindfulness	n|the trait of staying aware of (paying close attention to) your responsibilities|
mindless	adj|lacking the thinking capacity characteristic of a conscious being|the shrieking of the mindless wind	adj|requiring little mental effort|mindless tasks	adj|not mindful or attentive|while thus unmindful of his steps he stumbled"- G.B.Shaw	adj|devoid of intelligence or thought|a vacuous mind
mindlessly	adv|without intellectual involvement|all day long, he mindlessly filled out forms	adv|in an unreasonably senseless manner|these temples were mindlessly destroyed by the Red Guards
mindlessness	n|total lack of meaning or ideas|	n|the trait of acting rashly and without prudence|
mindoro	n|a mountainous island in the central Philippines|
mindset	n|a habitual or characteristic mental attitude that determines how you will interpret and respond to situations|
mine	n|excavation in the earth from which ores and minerals are extracted|	n|explosive device that explodes on contact; designed to destroy vehicles or ships or to kill or maim personnel|	v|get from the earth by excavation|mine ores and metals	v|lay mines|The Vietnamese mined Cambodia
mine detector	n|detector consisting of an electromagnetic device; used to locate explosive mines|
mine disposal	n|the disposal of explosive mines|
mine field	n|a tract of land containing explosive mines|
mine pig	n|pig iron made entirely from ore|
mine run	adj|not special in any way; lacking distinction|run-of-the-mill boxing
mined	adj|extracted from a source of supply as of minerals from the earth|
minefield	n|a region in which explosives mines have been placed|
minelayer	n|ship equipped for laying marine mines|
minelaying	n|laying explosive mines in concealed places to destroy enemy personnel and equipment|
miner	n|laborer who works in a mine|
miner's lettuce	n|succulent herb sometimes grown as a salad or pot herb; grows on dunes and waste ground of Pacific coast of North America|
mineral	n|solid homogeneous inorganic substances occurring in nature having a definite chemical composition|	adj|relating to minerals|mineral elements	adj|composed of matter other than plant or animal|the inorganic mineral world
mineral deficiency	n|lack of a mineral micronutrient that is essential for normal nutrition or metabolism|
mineral dressing	n|crushing and separating ore into valuable substances or waste by any of a variety of techniques|
mineral extraction	n|crushing and separating ore into valuable substances or waste by any of a variety of techniques|
mineral jelly	n|a semisolid mixture of hydrocarbons obtained from petroleum; used in medicinal ointments and for lubrication|
mineral kingdom	n|all inorganic objects; contrasts with animal and plant kingdoms|
mineral oil	n|a distillate of petroleum (especially one used medicinally as a laxative or stool softener)|
mineral pitch	n|a dark bituminous substance found in natural beds and as residue from petroleum distillation; consists mainly of hydrocarbons|
mineral processing	n|crushing and separating ore into valuable substances or waste by any of a variety of techniques|
mineral resources	n|natural resources in the form of minerals|
mineral tar	n|a thick black tar intermediate between petroleum and asphalt|
mineral vein	n|a layer of ore between layers of rock|
mineral water	n|water naturally or artificially impregnated with mineral salts or gasses; often effervescent; often used therapeutically|
mineral wax	n|a waxy mineral that is a mixture of hydrocarbons and occurs in association with petroleum; some varieties are used in making ceresin and candles|
mineral wool	n|a light fibrous material used as an insulator|
mineralize	v|convert into a mineral substance|	v|transform (a metal) into an ore|
mineralocorticoid	n|hormone that is one of the steroids of the adrenal cortex that influences the metabolism of sodium and potassium|
mineralogist	n|a scientist trained in mineralogy|
mineralogy	n|the branch of geology that studies minerals: their structure and properties and the ways of distinguishing them|
minerva	n|(Roman mythology) goddess of wisdom; counterpart of Greek Athena|
mineshaft	n|excavation consisting of a vertical or sloping passageway for finding or mining ore or for ventilating a mine|
minestrone	n|soup made with a variety of vegetables|
minesweeper	n|ship equipped to detect and then destroy or neutralize or remove marine mines|
minesweeping	n|the activity of detecting and disposing of marine mines|
mineworker	n|laborer who works in a mine|
ming	n|the imperial dynasty of China from 1368 to 1644|
ming dynasty	n|the imperial dynasty of China from 1368 to 1644|
ming tree	n|an artificial plant resembling a bonsai|	n|a dwarfed evergreen conifer or shrub shaped to have flat-topped asymmetrical branches and grown in a container|
minge	n|vulgar term for a woman's pubic hair or genitals|
minginess	n|extreme stinginess|
mingle	v|to bring or combine together or with something else|resourcefully he mingled music and dance	v|get involved or mixed-up with|He was about to mingle in an unpleasant affair	v|be all mixed up or jumbled together|His words jumbled
mingle-mangle	n|a motley assortment of things|
mingling	n|the action of people mingling and coming into contact|all the random mingling and idle talk made him hate literary parties
mingy	adj|(used of persons or behavior) characterized by or indicative of lack of generosity|a mean person
mini	adj|used of women's clothing; very short with hemline above the knee|a mini dress	n|a very short skirt|
miniate	v|paint with red lead or vermilion|	v|decorate (manuscripts) with letters painted red|In this beautiful book, all the place names are rubricated
miniature	n|painting or drawing included in a book (especially in illuminated medieval manuscripts)|	n|a copy that reproduces a person or thing in greatly reduced size|	adj|being on a very small scale|a miniature camera
miniature fan palm	n|small graceful palm with reedlike stems and leaf bases clothed with loose coarse fibers|
miniature golf	n|a novelty version of golf played with golf balls and putters on a miniature course featuring many obstacles|
miniature pinscher	n|small German version of a Doberman pinscher|
miniature poodle	n|a breed of small poodles|
miniature schnauzer	n|a small schnauzer|
miniaturisation	n|act of making on a greatly reduced scale|
miniaturise	v|design or construct on a smaller scale|
miniaturist	n|someone who paints tiny pictures in great detail|
miniaturization	n|act of making on a greatly reduced scale|
miniaturize	v|design or construct on a smaller scale|
minibar	n|sideboard with compartments for holding bottles|
minibike	n|small motorcycle with a low frame and small wheels and elevated handlebars|
minibus	n|a light bus (4 to 10 passengers)|
minicab	n|a minicar used as a taxicab|
minicar	n|a car that is even smaller than a subcompact car|
minicomputer	n|a digital computer of medium size|
miniconju	n|a member of a group of Siouan people who constituted a division of the Teton Sioux|
minify	v|make smaller|He decreased his staff
minim	n|a British imperial capacity measure (liquid or dry) equal to 1/60th fluid dram or 0.059194 cubic centimeters|	n|a musical note having the time value of half a whole note|
minimal	adj|the least possible|needed to enforce minimal standards
minimal art	n|an art movement in sculpture and painting that began in the 1950s and emphasized extreme simplification of form and color|
minimal brain damage	n|a condition (mostly in boys) characterized by behavioral and learning disorders|
minimal brain dysfunction	n|a condition (mostly in boys) characterized by behavioral and learning disorders|
minimalism	n|an art movement in sculpture and painting that began in the 1950s and emphasized extreme simplification of form and color|
minimalist	adj|of or relating to artistic minimalism|	adj|advocating minimal reforms (as in government or politics)|	n|a conservative who advocates only minor reforms in government or politics|	n|a practitioner or advocate of artistic minimalism|
minimally	adv|to a minimal degree|the cells minimally responsive to lines in this orientation will not fire
minimally invasive coronary bypass surgery	n|heart surgery in which a coronary bypass is performed on the beating heart by the use of small instruments and cameras threaded through small incisions|
minimisation	n|the act of reducing something to the least possible amount or degree or position|
minimise	v|represent as less significant or important|	v|make small or insignificant|Let's minimize the risk
minimization	n|the act of reducing something to the least possible amount or degree or position|
minimize	v|make small or insignificant|Let's minimize the risk	v|represent as less significant or important|	v|cause to seem less serious; play down|Don't belittle his influence
minimized	adj|reduced to the smallest possible size or amount or degree|
minimum	adj|the least possible|needed to enforce minimal standards	n|the smallest possible quantity|	n|the point on a curve where the tangent changes from negative on the left to positive on the right|
minimum wage	n|the lowest wage that an employer is allowed to pay; determined by contract or by law|
minimus	n|the fifth digit; the little finger or little toe|
mining	n|the act of extracting ores or coal etc from the earth|	n|laying explosive mines in concealed places to destroy enemy personnel and equipment|
mining bee	n|a bee that is a member of the genus Andrena|
mining company	n|a company that owns and manages mines|
mining engineer	n|an engineer concerned with the construction and operation of mines|
mining geology	n|the branch of economic geology that deals with the applications of geology to mining|
minion	n|a servile or fawning dependant|
minipress	n|antihypertensive drug (trade name Minipress)|
miniscule	adj|extremely small|a minuscule kitchen
miniskirt	n|a very short skirt|
minister	n|a person authorized to conduct religious worship|clergymen are usually called ministers in Protestant churches	n|a person appointed to a high office in the government|Minister of Finance	n|a diplomat representing one government to another; ranks below ambassador|	n|the job of a head of a government department|
minister of finance	n|the minister responsible for state finances|
minister of religion	n|a person authorized to conduct religious worship|clergymen are usually called ministers in Protestant churches
minister plenipotentiary	n|a diplomat having less authority than an ambassador|
ministerial	adj|of or relating to a minister of religion or the minister's office|ministerial duties	adj|of or relating to a government minister or ministry|ministerial decree
ministerially	adv|in the manner of a minister or clergyman|he was called on to visit ministerially on the dying man
ministrant	adj|giving practical help to|a ministering angel	n|someone who serves as a minister|
ministration	n|assistance in time of difficulty|the contributions provided some relief for the victims
ministry	n|religious ministers collectively (especially Presbyterian)|	n|building where the business of a government ministry is transacted|	n|a government department under the direction of a minister of state|	n|the work of a minister of religion|he is studying for the ministry
ministry of transportation test	n|a compulsory annual test of older motor vehicles for safety and exhaust fumes|
minisub	n|submersible vessel for one or two persons; for naval operations or underwater exploration|
minisubmarine	n|submersible vessel for one or two persons; for naval operations or underwater exploration|
minium	n|a reddish oxide of lead (Pb3O4) used as a pigment in paints and in glass and ceramics|
minivan	n|a small box-shaped passenger van; usually has removable seats; used as a family car|
miniver	n|trimming on ceremonial robes consisting of white or light grey fur|
mink	n|the expensive fur of a mink|	n|fur coat made from the soft lustrous fur of minks|	n|slender-bodied semiaquatic mammal having partially webbed feet; valued for its fur|
mink coat	n|fur coat made from the soft lustrous fur of minks|
minke whale	n|small finback of coastal waters of Atlantic and Pacific|
minkowski	n|German mathematician (born in Russia) who suggested the concept of four-dimensional space-time (1864-1909)|
minn.	n|a midwestern state|
minneapolis	n|largest city in Minnesota; located in southeastern Minnesota on the Mississippi river; noted for flour mills; one of the Twin Cities|
minnesota	n|a midwestern state|
minnesota multiphasic personality inventory	n|a self-report personality inventory consisting of 550 items that describe feelings or actions which the person is asked to agree with or disagree with; many scales estimating traits and qualities of personality have been developed using MMPI items|
minnesotan	n|a native or resident of Minnesota|
minnie mouse	n|the partner of Mickey Mouse|
minnow	n|very small European freshwater fish common in gravelly streams|
minoan	adj|of or relating to or characteristic of the Bronze Age culture of Crete|the Minoan palace at Knossos	n|a Cretan who lived in the bronze-age culture of Crete about 3000-1100 BC|
minoan civilisation	n|the bronze-age culture of Crete that flourished 3000-1100 BC|
minoan civilization	n|the bronze-age culture of Crete that flourished 3000-1100 BC|
minoan culture	n|the bronze-age culture of Crete that flourished 3000-1100 BC|
minocin	n|tetracycline antibiotic (trade name Minocin) used to treat a variety of bacterial and rickettsial infections|
minocycline	n|tetracycline antibiotic (trade name Minocin) used to treat a variety of bacterial and rickettsial infections|
minor	adj|of lesser importance or stature or rank|a minor poet	adj|lesser in scope or effect|had minor differences	adj|inferior in number or size or amount|a minor share of the profits	adj|(of a scale or mode) having half steps between the second and third degrees, and (usually) the fifth and sixth degrees, and the seventh and eighth degrees|the minor keys
minor axis	n|the shorter or shortest axis of an ellipse or ellipsoid|
minor diatonic scale	n|a diatonic scale with notes separated by whole tones except for the 2nd and 3rd and 5th and 6th|
minor expense	n|(frequently plural) an expense not budgeted or not specified|he requested reimbursement of $7 for incidental expenses
minor fast day	n|one of five minor fast days on the Jewish calendar|
minor key	n|a key based on the minor scale|
minor league	n|a league of teams that do not belong to a major league (especially baseball)|
minor leaguer	n|a player on a minor-league baseball team|
minor mode	n|a key based on the minor scale|
minor planet	n|any of numerous small celestial bodies that move around the sun|
minor premise	n|the premise of a syllogism that contains the minor term (which is the subject of the conclusion)|
minor premiss	n|the premise of a syllogism that contains the minor term (which is the subject of the conclusion)|
minor role	n|a small role|
minor scale	n|a diatonic scale with notes separated by whole tones except for the 2nd and 3rd and 5th and 6th|
minor suit	n|( bridge) a suit of inferior scoring value, either diamonds or clubs|
minor surgery	n|any surgical procedure that does not involve anesthesia or respiratory assistance|
minor term	n|the term in a syllogism that is the subject of the conclusion|
minor tranquilizer	n|a tranquilizer used to relieve anxiety and reduce tension and irritability|
minor tranquilliser	n|a tranquilizer used to relieve anxiety and reduce tension and irritability|
minor tranquillizer	n|a tranquilizer used to relieve anxiety and reduce tension and irritability|
minor-league club	n|a team that plays in a minor league|
minor-league team	n|a team that plays in a minor league|
minority	n|a group of people who differ racially or politically from a larger group of which it is a part|	n|being or relating to the smaller in number of two parts|when the vote was taken they were in the minority	n|any age prior to the legal age|
minority leader	n|leader of the minority party in a legislature|
minors	n|a league of teams that do not belong to a major league (especially baseball)|
minos	n|son of Zeus and Europa; king of ancient Crete; ordered Daedalus to build the labyrinth; after death Minos became a judge in the underworld|
minotaur	n|(Greek mythology) a mythical monster with the head of a bull and the body of a man; slain by Theseus|
minoxidil	n|a vasodilator (trade name Loniten) used to treat severe hypertension; one side effect is hirsutism so it is also sold (trade name Rogaine) as a treatment for male-patterned baldness|
minsk	n|the capital of Belarus and of the Commonwealth of Independent States|
minster	n|any of certain cathedrals and large churches; originally connected to a monastery|
minstrel	n|a singer of folk songs|	n|a performer in a minstrel show|	v|celebrate by singing, in the style of minstrels|
minstrel show	n|a troupe of performers in blackface typically giving a comic program of negro songs and jokes|	n|a variety show in which the performers are made up in blackface|
minstrelsy	n|a troupe of minstrels|	n|ballads sung by minstrels|	n|the art of a minstrel|
mint	n|(often followed by `of') a large number or amount or extent|a batch of letters	n|any north temperate plant of the genus Mentha with aromatic leaves and small mauve flowers|	n|any member of the mint family of plants|	n|the leaves of a mint plant used fresh or candied|
mint candy	n|a candy that is flavored with a mint oil|
mint family	n|a large family of aromatic herbs and shrubs having flowers resembling the lips of a mouth and four-lobed ovaries yielding four one-seeded nutlets and including mint; thyme; sage; rosemary|
mint geranium	n|tansy-scented Eurasian perennial herb with buttonlike yellow flowers; used as potherb or salad green and sometimes for potpourri or tea or flavoring; sometimes placed in genus Chrysanthemum|
mint julep	n|bourbon and sugar and mint over crushed ice|
mint sauce	n|sweetened diluted vinegar with chopped mint leaves|
mint-scented	adj|smelling of mint|
mintage	n|coins collectively|	n|fee paid to a mint by the government for minting a coin|	n|act or process of minting coins|
minter	n|a skilled worker who coins or stamps money|
mintmark	n|a mark on a coin that identifies the mint where it was produced|
minty	adj|relating to or suggestive of mint|	adj|of the flavor of mint, particularly peppermint|
minuartia	n|mostly perennial herbs of northern hemisphere often with mat-forming habit; most often placed in genus Arenaria: sandworts|
minuend	n|the number from which the subtrahend is subtracted|
minuet	n|a stately court dance in the 17th century|	n|a stately piece of music composed for dancing the minuet; often incorporated into a sonata or suite|
minus	adj|on the negative side or lower end of a scale|minus 5 degrees	adj|involving disadvantage or harm|minus (or negative) factors	n|an arithmetic operation in which the difference between two numbers is calculated|the subtraction of three from four leaves one
minus sign	n|a sign indicating the operation of subtraction|
minuscular	adj|of or relating to a small cursive script developed from uncial; 7th to 9th centuries|
minuscule	adj|of or relating to a small cursive script developed from uncial; 7th to 9th centuries|	adj|lowercase|little a	adj|extremely small|a minuscule kitchen	n|the characters that were once kept in bottom half of a compositor's type case|
minute	n|a unit of time equal to 60 seconds or 1/60th of an hour|he ran a 4 minute mile	n|an indefinitely short time|wait just a moment	n|a particular point in time|the moment he arrived the party began	n|a unit of angular distance equal to a 60th of a degree|
minute book	n|a book in which minutes have been written|
minute gun	n|(military) gun that is discharged once every minute (usually as part of a military funeral)|
minute hand	n|points to the minutes|
minute of arc	n|a unit of angular distance equal to a 60th of a degree|
minute steak	n|a thin steak that can be cooked quickly|
minutely	adv|in minute detail|our inability to see everything minutely and clearly is due merely to the infirmity of our senses
minuteman	n|a strategic weapon system using a guided missile of intercontinental range; missiles are equipped with nuclear warheads and dispersed in hardened silos|
minuteness	n|the property of being very small in size|hence the minuteness of detail in the painting	n|great precision; painstaking attention to details|he examined the essay with the greatest minuteness
minutes	n|a written account of what transpired at a meeting|
minutia	n|a small or minor detail|he had memorized the many minutiae of the legal code
minx	n|a seductive woman who uses her sex appeal to exploit men|
minyan	n|the quorum required by Jewish law to be present for public worship (at least ten males over thirteen years of age)|
miocene	n|from 25 million to 13 million years ago; appearance of grazing mammals|
miocene epoch	n|from 25 million to 13 million years ago; appearance of grazing mammals|
miosis	n|(genetics) cell division that produces reproductive cells in sexually reproducing organisms; the nucleus divides into four nuclei each containing half the chromosome number (leading to gametes in animals and spores in plants)|	n|reflex contraction of the sphincter muscle of the iris in response to a bright light (or certain drugs) causing the pupil to become smaller|
miotic	adj|of or relating to or causing constriction of the pupil of the eye|a miotic drug	n|a drug that causes miosis (constriction of the pupil of the eye)|
miotic drug	n|a drug that causes miosis (constriction of the pupil of the eye)|
miotic eyedrop	n|a treatment for glaucoma; the eyedrops increase the outflow of aqueous humor by constricting the pupil|
mips	n|(computer science) a unit for measuring the execution speed of a computer's CPU (but not the whole system)|4 MIPS is 4,000,000 instructions per second
mirabeau	n|French revolutionary who was prominent in the early days of the French Revolution (1749-1791)|
mirabilis	n|four o'clocks|
mirabilis californica	n|California four o'clock with purple-red flowers|
mirabilis jalapa	n|common garden plant of North America having fragrant red or purple or yellow or white flowers that open in late afternoon|
mirabilis laevis	n|California four o'clock with purple-red flowers|
mirabilis multiflora	n|wildflower having vibrant deep pink tubular evening-blooming flowers; found in sandy and desert areas from southern California to southern Colorado and into Mexico|
mirabilis oblongifolia	n|leafy wildflower with lavender-pink flowers that open in the evening and remain through cool part of the next day; found in open woods or brush in mountains of southern Colorado to Arizona and into Mexico|
mirabilis uniflora	n|common garden plant of North America having fragrant red or purple or yellow or white flowers that open in late afternoon|
miracle	n|any amazing or wonderful occurrence|	n|a marvellous event manifesting a supernatural act of a divine agent|
miracle man	n|a person who claims or is alleged to perform miracles|
miracle play	n|a medieval play representing episodes from the life of a saint or martyr|
miracle worker	n|a person who claims or is alleged to perform miracles|
miracle-worship	n|the worship of miracles|
miraculous	adj|being or having the character of a miracle|	adj|peculiarly fortunate or appropriate; as if by divine intervention|a heaven-sent rain saved the crops
miraculous food	n|(Old Testament) food that God gave the Israelites during the Exodus|
miraculously	adv|in a miraculous manner|my hand grasped the gun that was, miraculously, lying on the ground beside my finger tips
mirage	n|an optical illusion in which atmospheric refraction by a layer of hot air distorts or inverts reflections of distant objects|	n|something illusory and unattainable|
miranda rule	n|the rule that police (when interrogating you after an arrest) are obliged to warn you that anything you say may be used as evidence and to read you your constitutional rights (the right to a lawyer and the right to remain silent until advised by a lawyer)|
mire	n|a soft wet area of low-lying land that sinks underfoot|	n|deep soft mud in water or slush|they waded through the slop	n|a difficulty or embarrassment that is hard to extricate yourself from|the country is still trying to climb out of the mire left by its previous president	v|entrap|Our people should not be mired in the past
mired	adj|entangled or hindered as if e.g. in mire|the difficulties in which the question is involved
miri	n|little known Kamarupan languages|
mirid	n|a variety of leaf bug|
mirid bug	n|a variety of leaf bug|
miridae	n|leaf bugs|
mirish	n|little known Kamarupan languages|
mirky	adj|(of liquids) clouded as with sediment|a cloudy liquid	adj|dark or gloomy|a murky dungeon
miro	n|New Zealand conifer used for lumber; the dark wood is used for interior carpentry|	n|Spanish surrealist painter (1893-1983)|
mirounga	n|elephant seals|
mirror	n|polished surface that forms images by reflecting light|	n|a faithful depiction or reflection|the best mirror is an old friend	v|reflect as if in a mirror|The smallest pond at night mirrors the firmament above	v|reflect or resemble|The plane crash in Milan mirrored the attack in the World Trade Center
mirror carp	n|domestic carp with some large shining scales|
mirror image	n|a likeness in which left and right are reversed|
mirror symmetry	n|(physics) parity is conserved in a universe in which the laws of physics are the same in a right-handed system of coordinates as in a left-handed system|
mirror-image relation	n|the relation of opposition between crystals or molecules that are reflections of one another|
mirrored	adj|like or characteristic of a mirror image|
mirrorlike	adj|capable of reflecting light like a mirror|mirrorlike surface of the lake
mirth	n|great merriment|
mirthful	adj|full of or showing high-spirited merriment|when hearts were young and gay	adj|arousing or provoking laughter|an amusing film with a steady stream of pranks and pratfalls
mirthfully	adv|in a joyous manner|they shouted happily
mirthfulness	n|great merriment|
mirthless	adj|lacking mirth|
miry	adj|(of soil) soft and watery|the ground was boggy under foot
misaddress	v|put a wrong address on|misdirect the letter
misadventure	n|an instance of misfortune|
misadvise	v|give bad advice to|
misalign	v|align imperfectly or badly|the elements of the turbine were misaligned
misalignment	n|the spatial property of things that are not properly aligned|
misalliance	n|an unsuitable alliance (especially with regard to marriage)|
misally	v|make a bad alliance; ally inappropriately|The two countries are misallied
misanthrope	n|someone who dislikes people in general|
misanthropic	adj|believing the worst of human nature and motives; having a sneering disbelief in e.g. selflessness of others|	adj|hating mankind in general|
misanthropical	adj|believing the worst of human nature and motives; having a sneering disbelief in e.g. selflessness of others|	adj|hating mankind in general|
misanthropist	n|someone who dislikes people in general|
misanthropy	n|hatred of mankind|	n|a disposition to dislike and mistrust other people|
misapplication	n|wrong use or application|	n|the fraudulent appropriation of funds or property entrusted to your care but actually owned by someone else|
misapply	v|apply to a wrong thing or person; apply badly or incorrectly|The words are misapplied in this context
misapprehend	v|interpret in the wrong way|Don't misinterpret my comments as criticism
misapprehension	n|an understanding of something that is not correct|he wasn't going to admit his mistake
misappropriate	v|appropriate (as property entrusted to one's care) fraudulently to one's own use|The accountant embezzled thousands of dollars while working for the wealthy family
misappropriated	adj|taken for your own use in violation of a trust|the banker absconded with embezzled funds
misappropriation	n|the fraudulent appropriation of funds or property entrusted to your care but actually owned by someone else|	n|wrongful borrowing|his explanation was a misappropriation of sociological theory
misbegot	adj|born out of wedlock|the dominions of both rulers passed away to their spurious or doubtful offspring"- E.A.Freeman
misbegotten	adj|born out of wedlock|the dominions of both rulers passed away to their spurious or doubtful offspring"- E.A.Freeman
misbehave	v|behave badly|The children misbehaved all morning
misbehavior	n|improper or wicked or immoral behavior|
misbehaviour	n|improper or wicked or immoral behavior|
misbelieve	v|hold a false or unorthodox belief|
misbeliever	n|a person who holds religious beliefs in conflict with the dogma of the Roman Catholic Church|
misbranded	adj|branded or labeled falsely and in violation of statutory requirements|confiscated the misbranded drugs
miscalculate	v|judge incorrectly|I had misestimated his determination	v|calculate incorrectly|I miscalculated the number of guests at the wedding
miscalculation	n|a mistake in calculating|
miscall	v|assign in incorrect name to|These misnamed philanthropists
miscarriage	n|failure of a plan|	n|a natural loss of the products of conception|
miscarry	v|be unsuccessful|Where do today's public schools fail?	v|suffer a miscarriage|
miscast	v|cast an actor, singer, or dancer in an unsuitable role|
miscegenate	v|marry or cohabit with a person of another race|
miscegenation	n|reproduction by parents of different races (especially by white and non-white persons)|
miscellanea	n|a collection containing a variety of sorts of things|a great assortment of cars was on display
miscellaneous	adj|consisting of a haphazard assortment of different kinds|an arrangement of assorted spring flowers	adj|having many aspects or qualities|a many-sided subject
miscellany	n|a collection containing a variety of sorts of things|a great assortment of cars was on display	n|an anthology of short literary pieces and poems and ballads etc.|
misch metal	n|a pyrophoric alloy made from a mixture of rare-earth metals|
mischance	n|an unpredictable outcome that is unfortunate|if I didn't have bad luck I wouldn't have any luck at all	n|an instance of misfortune|
mischief	n|reckless or malicious behavior that causes discomfort or annoyance in others|	n|the quality or nature of being harmful or evil|
mischief-maker	n|someone who deliberately stirs up trouble|
mischief-making	n|reckless or malicious behavior that causes discomfort or annoyance in others|
mischievous	adj|naughtily or annoyingly playful|teasing and worrying with impish laughter	adj|deliberately causing harm or damage|mischievous rumors and falsehoods
mischievously	adv|in a disobedient or naughty way|he behaved badly in school
mischievousness	n|an attribute of mischievous children|	n|the trait of behaving like an imp|	n|reckless or malicious behavior that causes discomfort or annoyance in others|
miscible	adj|(chemistry, physics) capable of being mixed|
misconceive	v|interpret in the wrong way|Don't misinterpret my comments as criticism
misconception	n|an incorrect conception|
misconduct	n|bad or dishonest management by persons supposed to act on another's behalf|	n|activity that transgresses moral or civil law|he denied any wrongdoing	v|behave badly|The children misbehaved all morning	v|manage badly or incompetently|The funds were mismanaged
misconstrual	n|a kind of misinterpretation resulting from putting a wrong construction on words or actions (often deliberately)|
misconstruction	n|a kind of misinterpretation resulting from putting a wrong construction on words or actions (often deliberately)|	n|an ungrammatical constituent|
misconstrue	v|interpret in the wrong way|Don't misinterpret my comments as criticism
miscount	n|an inaccurate count|	v|count wrongly|
miscreant	n|a person without moral scruples|
miscreate	v|shape or form or make badly|Our miscreated fantasies
miscreation	n|something abnormal or anomalous|
miscue	n|a faulty shot in billiards; the cue tip slips off the cue ball|	n|a minor inadvertent mistake usually observed in speech or writing or in small accidents or memory lapses etc.|
misdate	v|assign the wrong date to|
misdating	n|something located at a time when it could not have existed or occurred|
misdeal	n|an incorrect deal|	v|deal cards wrongly|
misdeed	n|improper or wicked or immoral behavior|
misdeliver	v|deliver to the wrong address|
misdemean	v|behave badly|The children misbehaved all morning
misdemeanor	n|a crime less serious than a felony|
misdemeanour	n|a crime less serious than a felony|
misdirect	v|corrupt morally or by intemperance or sensuality|debauch the young people with wine and women	v|lead someone in the wrong direction or give someone wrong directions|The pedestrian misdirected the out-of-town driver	v|put a wrong address on|misdirect the letter
misdirection	n|an incorrect charge to a jury given by a judge|	n|incorrect directions or instructions|	n|management that is careless or inefficient|he accomplished little due to the mismanagement of his energies	n|the act of distracting; drawing someone's attention away from something|conjurers are experts at misdirection
misdo	v|do wrongly or improperly|misdo one's job
mise en scene	n|arrangement of scenery and properties to represent the place where a play or movie is enacted|
miser	n|a stingy hoarder of money and possessions (often living miserably)|
miserable	adj|very unhappy; full of misery|he felt depressed and miserable	adj|deserving or inciting pity|a hapless victim	adj|of the most contemptible kind|abject cowardice	adj|of very poor quality or condition|deplorable housing conditions in the inner city
miserableness	n|a state of ill-being due to affliction or misfortune|the misery and wretchedness of those slums is intolerable
miserably	adv|in a miserable manner|I bit my lip miserably and nodded
miserliness	n|total lack of generosity with money|
miserly	adj|(used of persons or behavior) characterized by or indicative of lack of generosity|a mean person
misery	n|a state of ill-being due to affliction or misfortune|the misery and wretchedness of those slums is intolerable	n|a feeling of intense unhappiness|she was exhausted by her misery and grief
misestimate	v|judge incorrectly|I had misestimated his determination	v|calculate incorrectly|I miscalculated the number of guests at the wedding
misestimation	n|a mistake in calculating|
misfeasance	n|doing a proper act in a wrongful or injurious manner|
misfire	v|fail to fire or detonate|The guns misfired	n|an explosion that fails to occur|	n|a failure to hit (or meet or find etc)|
misfit	n|someone unable to adapt to their circumstances|
misfortunate	adj|deserving or inciting pity|a hapless victim
misfortune	n|unnecessary and unforeseen trouble resulting from an unfortunate event|	n|an unfortunate state resulting from unfavorable outcomes|
misfunction	v|fail to function or function improperly|the coffee maker malfunctioned
misgauge	v|gauge something incorrectly or improperly|
misgive	v|suggest fear or doubt|Her heart misgave her that she had acted inexcusably
misgiving	n|uneasiness about the fitness of an action|	n|painful expectation|	n|doubt about someone's honesty|
misgovern	v|govern badly|
misgovernment	n|government that is inefficient or dishonest|
misguide	v|lead someone in the wrong direction or give someone wrong directions|The pedestrian misdirected the out-of-town driver	v|give bad advice to|
misguided	adj|poorly conceived or thought out|an ill-conceived plan to take over the company	adj|wrong in e.g. opinion or judgment|well-meaning but misguided teachers
mishandle	v|make a mess of, destroy or ruin|I botched the dinner and we had to eat out	v|manage badly or incompetently|The funds were mismanaged
mishap	n|an unpredictable outcome that is unfortunate|if I didn't have bad luck I wouldn't have any luck at all	n|an instance of misfortune|
mishegaas	n|(Yiddish) craziness; senseless behavior or activity|
mishegoss	n|(Yiddish) craziness; senseless behavior or activity|
mishmash	n|a motley assortment of things|
mishna	n|the first part of the Talmud; a collection of early oral interpretations of the scriptures that was compiled about AD 200|
mishnah	n|the first part of the Talmud; a collection of early oral interpretations of the scriptures that was compiled about AD 200|
mishnaic	adj|of or relating to the Mishna (the first part of the Talmud)|
mishpachah	n|(Yiddish) the entire family network of relatives by blood or marriage (and sometimes close friends)|she invited the whole mishpocha
mishpocha	n|(Yiddish) the entire family network of relatives by blood or marriage (and sometimes close friends)|she invited the whole mishpocha
misidentify	v|identify incorrectly|Don't mistake her for her twin sister
misinform	v|give false or misleading information to|
misinformation	n|information that is incorrect|
misinterpret	v|interpret falsely|	v|interpret wrongly|I misread Hamlet all my life!	v|interpret in the wrong way|Don't misinterpret my comments as criticism
misinterpretation	n|putting the wrong interpretation on|his misinterpretation of the question caused his error
misjudge	v|judge incorrectly|
mislabeled	adj|branded or labeled falsely and in violation of statutory requirements|confiscated the misbranded drugs
mislaid	adj|lost temporarily; as especially put in an unaccustomed or forgotten place|the mislaid hat turned up eventually
mislay	v|place (something) where one cannot find it again|I misplaced my eyeglasses
mislead	v|lead someone in the wrong direction or give someone wrong directions|The pedestrian misdirected the out-of-town driver	v|give false or misleading information to|
misleader	n|someone who leads astray (often deliberately)|
misleading	adj|designed to deceive or mislead either deliberately or inadvertently|the deceptive calm in the eye of the storm
misleadingly	adv|in a misleading way|the exam looked deceptively easy
mismanage	v|manage badly or incompetently|The funds were mismanaged
mismanagement	n|management that is careless or inefficient|he accomplished little due to the mismanagement of his energies
mismarry	v|marry an unsuitable partner|
mismatch	n|a bad or unsuitable match|	v|match badly; match two objects or people that do not go together|
mismatched	adj|either not matched or unsuitably matched|	adj|(of a contest or contestants) not fairly matched as opponents|vaudeville...waged an uneven battle against the church
mismate	v|provide with an unsuitable mate|
mismated	adj|not easy to combine harmoniously|
misname	v|assign in incorrect name to|These misnamed philanthropists
misnomer	n|an incorrect or unsuitable name|
miso	n|a thick paste made from fermented soybeans and barley or rice malt; used in Japanese cooking to make soups or sauces|
misocainea	n|hatred of new ideas|
misogamist	n|a person who hates marriage|
misogamy	n|hatred of marriage|
misogynic	adj|(used of men) having deep-seated distrust of women|
misogynism	n|hatred of women|
misogynist	n|a misanthrope who dislikes women in particular|
misogynistic	adj|hating women in particular|
misogynous	adj|hating women in particular|
misogyny	n|hatred of women|
misology	n|hatred of reasoning|
misoneism	n|hatred of change or innovation|
misopedia	n|hatred of children|
misperceive	v|perceive incorrectly|
mispickel	n|a silver-white or grey ore of arsenic|
misplace	v|place (something) where one cannot find it again|I misplaced my eyeglasses	v|place or position wrongly; put in the wrong position|misplaced modifiers
misplaced	adj|put in the wrong place or position|She was penalized for a spelling mistake or a misplaced accent	adj|lost temporarily; as especially put in an unaccustomed or forgotten place|the mislaid hat turned up eventually
misplaced modifier	n|a word or phrase apparently modifying an unintended word because of its placement in a sentence: e.g., `when young' in `when young, circuses appeal to all of us'|
misplacement	n|faulty position|
misplay	n|(baseball) a failure of a defensive player to make an out when normal play would have sufficed|	v|play incorrectly, e.g., play a wrong note|	v|play wrong or in an unskillful manner|
misprint	n|a mistake in printed matter resulting from mechanical failures of some kind|	v|print incorrectly|
mispronounce	v|pronounce a word incorrectly|She mispronounces many Latinate words
mispronunciation	n|incorrect pronunciation|
misquotation	n|an incorrect quotation|
misquote	v|quote incorrectly|He had misquoted the politician	n|an incorrect quotation|
misread	v|read or interpret wrongly|He misread the data	v|interpret wrongly|I misread Hamlet all my life!
misreading	n|misinterpretation caused by inaccurate reading|
misreckoning	n|a mistake in calculating|
misrelated	adj|mistakenly related|
misremember	v|remember incorrectly|I misremembered the date
misrepresent	v|represent falsely|This statement misrepresents my intentions	v|tamper, with the purpose of deception|Fudge the figures
misrepresentation	n|a misleading falsehood|	n|a willful perversion of facts|
misrepresented	adj|having an intended meaning altered or misrepresented|many of the facts seemed twisted out of any semblance to reality
misrule	n|government that is inefficient or dishonest|
miss	v|fail to perceive or to catch with the senses or the mind|I missed that remark	v|feel or suffer from the lack of|He misses his mother	v|fail to attend an event or activity|I missed the concert	v|leave undone or leave out|How could I miss that typo?
missal	n|(Roman Catholic Church) a book containing all the prayers and responses needed to celebrate Mass throughout the year|
missed	adj|not caught with the senses or the mind|words lost in the din
missel thrush	n|large European thrush that feeds on mistletoe berries|
misshapen	adj|so badly formed or out of shape as to be ugly|deformed thalidomide babies
misshapenness	n|an affliction in which some part of the body is misshapen or malformed|
missile	n|a rocket carrying a warhead of conventional or nuclear explosives; may be ballistic or directed by remote control|	n|a weapon that is forcibly thrown or projected at a targets but is not self-propelled|
missile defence system	n|naval weaponry providing a defense system|
missile defense system	n|naval weaponry providing a defense system|
missing	adj|not able to be found|missing in action	adj|nonexistent|the thumb is absent
missing link	n|hypothetical organism formerly thought to be intermediate between apes and human beings|
mission	n|an organization of missionaries in a foreign land sent to carry on religious work|	n|an operation that is assigned by a higher headquarters|the planes were on a bombing mission	n|a special assignment that is given to a person or group|a confidential mission to London	n|the organized work of a religious missionary|
mission bells	n|herb of northwestern America having green-and-purple bell-shaped flowers|
mission impossible	n|an extremely dangerous or difficult mission|
missional	adj|relating to or connected to a religious mission|
missionary	n|someone who attempts to convert others to a particular doctrine or program|	n|someone sent on a mission--especially a religious or charitable mission to a foreign country|	adj|relating to or connected to a religious mission|
missionary position	n|a position for sexual intercourse; a man and woman lie facing each other with the man on top; so-called because missionaries thought it the proper position for primitive peoples|
missionary post	n|an organization of missionaries in a foreign land sent to carry on religious work|
missionary station	n|an organization of missionaries in a foreign land sent to carry on religious work|
missionary work	n|the organized work of a religious missionary|
missioner	n|someone sent on a mission--especially a religious or charitable mission to a foreign country|
missippian period	n|from 345 million to 310 million years ago; increase of land areas; primitive ammonites; winged insects|
missis	n|informal term of address for someone's wife|
mississippian	n|from 345 million to 310 million years ago; increase of land areas; primitive ammonites; winged insects|	n|a native or resident of Mississippi|
missive	n|a written message addressed to a person or organization|mailed an indignant letter to the editor
missoula	n|a university town in western Montana|
missouri	n|a member of the Siouan people formerly inhabiting the valley of the Missouri river in Missouri|	n|a dialect of the Chiwere language spoken by the Missouri|
missouri goldenrod	n|similar to meadow goldenrod but usually smaller|
missourian	n|a native or resident of Missouri|
misspeak	v|pronounce a word incorrectly|She mispronounces many Latinate words
misspell	v|spell incorrectly|
misspelling	n|a spelling that is incorrect|
misspend	v|spend time badly or unwisely|He misspent his youth	v|spend (money or other resources) unwisely|
misstate	v|state something incorrectly|You misstated my position
misstatement	n|a statement that contains a mistake|
misstep	n|an unintentional but embarrassing blunder|he recited the whole poem without a single trip
missus	n|informal term of address for someone's wife|
missy	n|a young female|a young lady of 18
mist	n|a thin fog with condensation near the ground|	v|become covered with mist|The windshield misted over	v|make less visible or unclear|The stars are obscured by the clouds	v|spray finely or cover with mist|
mist over	v|become covered with mist|The windshield misted over
mistakable	adj|so similar as to be easily identified for another thing|potentially confusable senses of words
mistake	n|a wrong action attributable to bad judgment or ignorance or inattention|he made a bad mistake	n|an understanding of something that is not correct|he wasn't going to admit his mistake	n|part of a statement that is not correct|the book was full of errors	v|identify incorrectly|Don't mistake her for her twin sister
mistaken	adj|wrong in e.g. opinion or judgment|well-meaning but misguided teachers	adj|arising from error|a false assumption
mistakenly	adv|in a mistaken or erroneous manner|he mistakenly believed it
mistaking	n|putting the wrong interpretation on|his misinterpretation of the question caused his error
mister	n|a form of address for a man|
mistily	adv|in a misty manner|the summits of the mountains were mistily purple	adv|in a vague way|he looked vaguely familiar
mistime	v|time incorrectly|She mistimed the marathon runner
mistiming	n|something located at a time when it could not have existed or occurred|
mistiness	n|cloudiness resulting from haze or mist or vapor|
mistle thrush	n|large European thrush that feeds on mistletoe berries|
mistletoe	n|Old World parasitic shrub having branching greenish stems with leathery leaves and waxy white glutinous berries; the traditional mistletoe of Christmas|	n|shrub of central and southeastern Europe; partially parasitic on beeches, chestnuts and oaks|
mistletoe cactus	n|a plant of the genus Rhipsalis|
mistletoe family	n|in some classifications considered a subfamily of Loranthaceae|	n|in some classification includes Viscaceae: parasitic or hemiparasitic shrublets or shrubs or small trees of tropical and temperate regions; attach to hosts by haustoria|
mistletoe fig	n|shrub or small tree often grown as a houseplant having foliage like mistletoe|
mistletoe rubber plant	n|shrub or small tree often grown as a houseplant having foliage like mistletoe|
mistletoe thrush	n|large European thrush that feeds on mistletoe berries|
mistral	n|a strong north wind that blows in France during the winter|
mistranslate	v|translate incorrectly|
mistranslation	n|an incorrect translation|
mistreat	v|treat badly|This boss abuses his workers
mistreated	adj|subjected to cruel treatment|an abused wife
mistreatment	n|the practice of treating (someone or something) badly|he should be punished for his mistreatment of his mother
mistress	n|an adulterous woman; a woman who has an ongoing extramarital sexual relationship with a man|	n|a woman schoolteacher (especially one regarded as strict)|	n|a woman master who directs the work of others|
mistrial	n|a trial that is invalid or inconclusive|
mistrust	v|regard as untrustworthy; regard with suspicion; have no faith or confidence in|	n|doubt about someone's honesty|	n|the trait of not trusting others|
mistrustful	adj|openly distrustful and unwilling to confide|
mistrustfully	adv|with distrust|she looked at him distrustfully
misty	adj|filled or abounding with fog or mist|a brumous October morning	adj|wet with mist|the misty evening
misty-eyed	adj|having eyes blurred as with tears|sad and misty-eyed
misunderstand	v|interpret in the wrong way|Don't misinterpret my comments as criticism
misunderstanding	n|putting the wrong interpretation on|his misinterpretation of the question caused his error	n|an understanding of something that is not correct|he wasn't going to admit his mistake
misunderstood	adj|wrongly understood|a misunderstood criticism
misuse	n|improper or excessive use|alcohol abuse	v|apply to a wrong thing or person; apply badly or incorrectly|The words are misapplied in this context	v|change the inherent purpose or function of something|Don't abuse the system
misused	adj|used incorrectly or carelessly or for an improper purpose|misused words are often laughable but one weeps for misused talents
mit	n|an engineering university in Cambridge|
mitchell	n|English aeronautical engineer (1895-1937)|
mitchella	n|creeping evergreen herbs of North America|
mitchella repens	n|creeping woody plant of eastern North America with shiny evergreen leaves and scarlet berries|
mite	n|a slight but appreciable amount|this dish could use a touch of garlic	n|any of numerous very small to minute arachnids often infesting animals or plants or stored foods|
mite box	n|box for collecting alms, especially one in a church|
mitella	n|genus of low slender herbs of North America and northeastern Asia having flowers with trifid or pinnatifid petals|
mitella diphylla	n|miterwort of northeastern North America usually with two opposite leaves on erect flowering stems that terminate in erect racemes of white flowers|
mitella pentandra	n|small plant with leaves in a basal cluster and tiny greenish flowers in slender racemes; northwestern North America to California and Colorado|
miter	v|bevel the edges of, to make a miter joint|	v|confer a miter on (a bishop)|	v|fit together in a miter joint|	n|joint that forms a corner; usually both sides are bevelled at a 45-degree angle to form a 90-degree corner|
miter box	n|hand tool for guiding handsaws in making crosscuts or miter joints|
miter joint	n|joint that forms a corner; usually both sides are bevelled at a 45-degree angle to form a 90-degree corner|
miter mushroom	n|a helvella with a saddle-shaped fertile part and creamy color; the stalk is fluted and pitted|
miterwort	n|any of various rhizomatous perennial herbs of the genus Mitella having a capsule resembling a bishop's miter|
mitford	n|English writer of comic novels (1904-1973)|
mithan	n|ox of southeast Asia sometimes considered a domesticated breed of the gaur|
mithra	n|ancient Persian god of light and truth; sun god|
mithracin	n|an antineoplastic drug (trade name Mithracin) used to treat cancer of the testes|
mithraic	adj|of or relating to Mithraism or its god|
mithraicism	n|ancient Persian religion; popular among Romans during first three centuries a.d.|
mithraism	n|ancient Persian religion; popular among Romans during first three centuries a.d.|
mithraist	n|adherent of Mithraism|
mithraistic	adj|of or relating to Mithraism or its god|
mithramycin	n|an antineoplastic drug (trade name Mithracin) used to treat cancer of the testes|
mithras	n|ancient Persian god of light and truth; sun god|
mithridate mustard	n|foetid Eurasian weed having round flat pods; naturalized throughout North America|
mithridates	n|ancient king of Pontus who expanded his kingdom by defeating the Romans but was later driven out by Pompey (132-63 BC)|
mithridates the great	n|ancient king of Pontus who expanded his kingdom by defeating the Romans but was later driven out by Pompey (132-63 BC)|
mithridates vi	n|ancient king of Pontus who expanded his kingdom by defeating the Romans but was later driven out by Pompey (132-63 BC)|
mitigable	adj|capable of being alleviated|
mitigate	v|lessen or to try to lessen the seriousness or extent of|The circumstances extenuate the crime	v|make less severe or harsh|mitigating circumstances
mitigated	adj|made less severe or intense|he gladly accepted the mitigated penalty
mitigating circumstance	n|(law) a circumstance that does not exonerate a person but which reduces the penalty associated with the offense|
mitigation	n|to act in such a way as to cause an offense to seem less serious|	n|a partial excuse to mitigate censure; an attempt to represent an offense as less serious than it appears by showing mitigating circumstances|	n|the action of lessening in severity or intensity|the object being control or moderation of economic depressions
mitigative	adj|moderating pain or sorrow by making it easier to bear|
mitigatory	adj|moderating pain or sorrow by making it easier to bear|
mitochondrion	n|an organelle containing enzymes responsible for producing energy|
mitogen	n|an agent that triggers mitosis|
mitomycin	n|a complex of antibiotic substances obtained from a streptomyces bacterium; one form (trade name Mutamycin) shows promise as an anticancer drug|
mitosis	n|cell division in which the nucleus divides into nuclei containing the same number of chromosomes|
mitotic	adj|of or relating to or undergoing mitosis|
mitra	n|Hindu god of friendship and alliances; usually invoked together with Varuna as a supporter of heaven and earth|
mitral	adj|of or relating to or located in or near the mitral valve|mitral insufficiency	adj|relating to or resembling the miter worn by some clerics|
mitral stenosis	n|obstruction or narrowing of the mitral valve (as by scarring from rheumatic fever)|
mitral valve	n|valve with two cusps; situated between the left atrium and the left ventricle|
mitral valve prolapse	n|cardiopathy resulting from the mitral valve not regulating the flow of blood between the left atrium and left ventricle of the heart|
mitral valve stenosis	n|obstruction or narrowing of the mitral valve (as by scarring from rheumatic fever)|
mitre	n|joint that forms a corner; usually both sides are bevelled at a 45-degree angle to form a 90-degree corner|	n|the surface of a beveled end of a piece where a miter joint is made|he covered the miter with glue before making the joint	n|a liturgical headdress worn by bishops on formal occasions|
mitre box	n|hand tool for guiding handsaws in making crosscuts or miter joints|
mitre joint	n|joint that forms a corner; usually both sides are bevelled at a 45-degree angle to form a 90-degree corner|
mitrewort	n|any of various rhizomatous perennial herbs of the genus Mitella having a capsule resembling a bishop's miter|
mitrula elegans	n|a discomycete that is 3-8 cm high with an orange to yellow fertile portion and white or pinkish stalks often half in and half out of the water|
mitsvah	n|(Judaism) a precept or commandment of the Jewish law|	n|(Judaism) a good deed performed out of religious duty|
mitt	n|the (prehensile) extremity of the superior limb|he had the hands of a surgeon	n|the handwear used by fielders in playing baseball|
mittelschmerz	n|pain in the area of the ovary that is felt at the time of ovulation (usually midway through the menstrual cycle)|
mitten	n|glove that encases the thumb separately and the other four fingers together|
mitterrand	n|French statesman and president of France from 1981 to 1985 (1916-1996)|
mitzvah	n|(Judaism) a precept or commandment of the Jewish law|	n|(Judaism) a good deed performed out of religious duty|
miwok	n|a Penutian language spoken by the Miwok|
mix	v|mix together different elements|The colors blend well	v|open (a place) to members of all races and ethnic groups|This school is completely desegregated	v|combine (electronic signals)|mixing sounds	v|add as an additional element or part|mix water into the drink
mix in	v|cause (something) to be mixed with (something else)|At this stage of making the cake, blend in the nuts	v|add as an additional element or part|mix water into the drink
mix up	v|assemble without order or sense|She jumbles the words when she is supposed to write a sentence	v|cause to be perplexed or confounded|This problem stumped her
mix-up	n|a mistake that results from taking one thing to be another|he changed his name in order to avoid confusion with the notorious outlaw
mixable	adj|(chemistry, physics) capable of being mixed|
mixed	adj|consisting of a haphazard assortment of different kinds|an arrangement of assorted spring flowers	adj|involving or composed of different races|interracial schools
mixed bag	n|a collection containing a variety of sorts of things|a great assortment of cars was on display
mixed bud	n|a bud yielding both leaves and flowers|
mixed drink	n|made of two or more ingredients|
mixed economy	n|an economic system that combines private and state enterprises|
mixed farming	n|growing crops and feed and livestock all on the same farm|
mixed marriage	n|marriage of two people from different races or different religions or different cultures|the families of both partners in a mixed marriage often disapprove
mixed metaphor	n|a combination of two or more metaphors that together produce a ridiculous effect|
mixed nuisance	n|a nuisance that is both a public nuisance and a private nuisance at the same time|
mixed-blood	n|a person whose ancestors belonged to two or more racial groups|
mixed-up	adj|perplexed by many conflicting situations or statements; filled with bewilderment|obviously bemused by his questions
mixer	n|a party of people assembled to promote sociability and communal activity|	n|club soda or fruit juice used to mix with alcohol|	n|electronic equipment that mixes two or more input signals to give a single output signal|	n|a kitchen utensil that is used for mixing foods|
mixing	n|the act of mixing together|paste made by a mix of flour and water
mixing bowl	n|bowl used with an electric mixer|
mixing faucet	n|single faucet for separate hot and cold water pipes|
mixologist	n|an employee who mixes and serves alcoholic drinks at a bar|
mixology	n|skill in preparing mixed drinks|
mixture	n|(chemistry) a substance consisting of two or more substances mixed together (not in fixed proportions and not with chemical bonding)|	n|any foodstuff made by combining different ingredients|he volunteered to taste her latest concoction	n|a collection containing a variety of sorts of things|a great assortment of cars was on display	n|an event that combines things in a mixture|a gradual mixture of cultures
mizen	n|third mast from the bow in a vessel having three or more masts; the after and shorter mast of a yawl, ketch, or dandy|	n|fore-and-aft sail set on the mizzenmast|
mizenmast	n|third mast from the bow in a vessel having three or more masts; the after and shorter mast of a yawl, ketch, or dandy|
mizzen	n|third mast from the bow in a vessel having three or more masts; the after and shorter mast of a yawl, ketch, or dandy|	n|fore-and-aft sail set on the mizzenmast|
mizzen course	n|the lowermost sail on a mizzenmast|
mizzenmast	n|third mast from the bow in a vessel having three or more masts; the after and shorter mast of a yawl, ketch, or dandy|
mizzle	n|very light rain; stronger than mist but less than a shower|	v|rain lightly|When it drizzles in summer, hiking can be pleasant
mko	n|a terrorist organization formed in the 1960s by children of Iranian merchants; sought to counter the Shah of Iran's pro-western policies of modernization and opposition to communism; following a philosophy that mixes Marxism and Islam it now attacks the Islamic fundamentalists who deposed the Shah|
ml	n|a metric unit of volume equal to one thousandth of a liter|
mlitt	n|a master's degree in literature|
mls	n|a master's degree in library science|
mm	n|a metric unit of length equal to one thousandth of a meter|
mm hg	n|a unit of pressure equal to 0.001316 atmosphere; named after Torricelli|
mmpi	n|a self-report personality inventory consisting of 550 items that describe feelings or actions which the person is asked to agree with or disagree with; many scales estimating traits and qualities of personality have been developed using MMPI items|
mn	n|a hard brittle grey polyvalent metallic element that resembles iron but is not magnetic; used in making steel; occurs in many minerals|	n|a midwestern state|
mnemonic	adj|of or relating to or involved the practice of aiding the memory|mnemonic device	n|a device (such as a rhyme or acronym) used to aid recall|
mnemonics	n|a method or system for improving the memory|
mnemonist	n|an expert in the use of mnemonics; someone able to perform unusual feats of memory|
mnemosyne	n|(Greek mythology) the Titaness who was goddess of memory; mother of the Muses|
mnemotechnic	adj|of or relating to or involved the practice of aiding the memory|mnemonic device
mnemotechnical	adj|of or relating to or involved the practice of aiding the memory|mnemonic device
mniaceae	n|family of erect mosses with club-shaped paraphyses and the hexagonal cells of the upper leaf surface; sometimes treated as a subfamily of Bryaceae|
mnium	n|mosses similar to those of genus Bryum but larger|
mo	n|an indefinitely short time|wait just a moment	n|a polyvalent metallic element that resembles chromium and tungsten in its properties; used to strengthen and harden steel|
moa	n|extinct flightless bird of New Zealand|
moan	n|an utterance expressing pain or disapproval|	v|indicate pain, discomfort, or displeasure|The students groaned when the professor got out the exam booklets
moaner	n|a person given to excessive complaints and crying and whining|
moat	n|ditch dug as a fortification and usually filled with water|
moated	adj|protected by a deep wide ditch usually filled with water|
mob	n|a disorderly crowd of people|	n|a loose affiliation of gangsters in charge of organized criminal activities|	n|an association of criminals|police tried to break up the gang	v|press tightly together or cram|The crowd packed the auditorium
moban	n|antipsychotic drug (trade name Moban) used in the treatment of schizophrenia|
mobbish	adj|characteristic of a mob; disorderly or lawless|fanned mounting tension into mobbish terrorizing
mobcap	n|large high frilly cap with a full crown; formerly worn indoors by women|
mobile	adj|migratory|a restless mobile society	adj|moving or capable of moving readily (especially from place to place)|a mobile missile system	adj|having transportation available|	adj|capable of changing quickly from one state or condition to another|a highly mobile face
mobile bay	n|a bay of the Gulf of Mexico; fed by the Mobile River|
mobile canteen	n|a restaurant outside; often for soldiers or policemen|
mobile home	n|a large house trailer that can be connected to utilities and can be parked in one place and used as permanent housing|
mobile phone	n|a hand-held mobile radiotelephone for use in an area divided into small sections, each with its own short-range transmitter/receiver|
mobile river	n|a river in southwestern Alabama; flows into Mobile Bay|
mobilisation	n|act of marshaling and organizing and making ready for use or action|mobilization of the country's economic resources	n|act of assembling and putting into readiness for war or other emergency: "mobilization of the troops"|
mobilise	v|call to arms; of military personnel|	v|get ready for war|	v|make ready for action or use|marshal resources	v|cause to move around|
mobility	n|the quality of moving freely|
mobilization	n|act of assembling and putting into readiness for war or other emergency: "mobilization of the troops"|	n|act of marshaling and organizing and making ready for use or action|mobilization of the country's economic resources
mobilize	v|make ready for action or use|marshal resources	v|call to arms; of military personnel|	v|get ready for war|	v|cause to move around|
mobius	n|German mathematician responsible for the Mobius strip (1790-1868)|
mobius strip	n|a continuous closed surface with only one side; formed from a rectangular strip by rotating one end 180 degrees and joining it with the other end|
moblike	adj|characteristic of a mob; disorderly or lawless|fanned mounting tension into mobbish terrorizing
mobocracy	n|a political system in which a mob is the source of control; government by the masses|
mobster	n|a criminal who is a member of gang|
mobula	n|type genus of the Mobulidae|
mobula hypostoma	n|small manta (to 4 feet) that travels in schools|
mobulidae	n|large rays lacking venomous spines: mantas|
mobuto lake	n|a shallow lake on the border between Uganda and Congo in the Great Rift Valley|
mocambique	n|a republic on the southeastern coast of Africa on the Mozambique Channel; became independent from Portugal in 1975|
moccasin flower	n|once common rose pink woodland orchid of eastern North America|
mocha	n|soft suede glove leather from goatskin|	n|a flavoring made from coffee mixed with chocolate|	n|a superior dark coffee made from beans from Arabia|	n|a dark brown color|
mocha coffee	n|a superior dark coffee made from beans from Arabia|
mock	adj|constituting a copy or imitation of something|boys in mock battle	v|treat with contempt|The new constitution mocks all democratic principles	v|imitate with mockery and derision|The children mocked their handicapped classmate	n|the act of mocking or ridiculing|they made a mock of him
mock azalia	n|South African shrub having a swollen succulent stem and bearing showy pink and white flowers after the leaves fall; popular as an ornamental in tropics|
mock orange	n|large hardy shrub with showy and strongly fragrant creamy-white flowers in short terminal racemes|
mock privet	n|evergreen shrub with white flowers and olivelike fruits|
mock sun	n|a bright spot on the parhelic circle; caused by diffraction by ice crystals|two or more parhelia are usually seen at once
mock turtle soup	n|soup made from a calf's head or other meat in imitation of green turtle soup|
mock up	v|construct a model of|model an airplane
mock-heroic	n|a satirical imitation of heroic verse|
mock-up	n|full-scale working model of something built for study or testing or display|
mocker	n|someone who jeers or mocks or treats something with contempt or calls out in derision|
mockery	n|showing your contempt by derision|	n|a composition that imitates or misrepresents somebody's style, usually in a humorous way|	n|humorous or satirical mimicry|
mocking	adj|abusing vocally; expressing contempt or ridicule|derisive laughter	adj|playfully vexing (especially by ridicule)|his face wore a somewhat quizzical almost impertinent air"- Lawrence Durrell
mockingly	adv|in a disrespectful jeering manner|	adv|in a disrespectful and mocking manner|`Sorry,' she repeated derisively
mod	adj|relating to a recently developed fashion or style|their offices are in a modern skyscraper	n|a British teenager or young adult in the 1960s; noted for their clothes consciousness and opposition to the rockers|
mod con	n|modern convenience; the appliances and conveniences characteristic of a modern house|
modal	adj|of or relating to a musical mode; especially written in an ecclesiastical mode|	adj|relating to or expressing the mood of a verb|modal auxiliary	n|an auxiliary verb (such as `can' or `will') that is used to express modality|
modal auxiliary	n|an auxiliary verb (such as `can' or `will') that is used to express modality|
modal auxiliary verb	n|an auxiliary verb (such as `can' or `will') that is used to express modality|
modal logic	n|the logical study of necessity and possibility|	n|a system of logic whose formal properties resemble certain moral and epistemological concepts|
modal value	n|the most frequent value of a random variable|
modal verb	n|an auxiliary verb (such as `can' or `will') that is used to express modality|
modality	n|a classification of propositions on the basis of whether they claim necessity or possibility or impossibility|	n|verb inflections that express how the action or state is conceived by the speaker|	n|a particular sense|	n|a method of therapy that involves physical or electrical therapeutic treatment|
mode	n|how something is done or how it happens|her dignified manner	n|a particular functioning condition or arrangement|switched from keyboard to voice mode	n|a classification of propositions on the basis of whether they claim necessity or possibility or impossibility|	n|verb inflections that express how the action or state is conceived by the speaker|
model	n|a hypothetical description of a complex entity or process|the computer program was based on a model of the circulatory and respiratory systems	n|a type of product|his car was an old model	n|a person who poses for a photographer or painter or sculptor|the president didn't have time to be a model so the artist worked from photos	n|representation of something (sometimes on a smaller scale)|
model t	n|the first widely available automobile powered by a gasoline engine; mass-produced by Henry Ford from 1908 to 1927|
modeled	adj|resembling sculpture|her finely modeled features
modeler	n|a person who creates models|
modeling	n|sculpture produced by molding|	n|a preliminary sculpture in wax or clay from which a finished work can be copied|	n|the act of representing something (usually on a smaller scale)|
modeller	n|a person who creates models|
modelling	n|a preliminary sculpture in wax or clay from which a finished work can be copied|	n|the act of representing something (usually on a smaller scale)|
modem	n|(from a combination of MOdulate and DEModulate) electronic equipment consisting of a device used to connect computers by a telephone line|
moderate	adj|being within reasonable or average limits; not excessive or extreme|moderate prices	adj|not extreme|a moderate penalty	adj|marked by avoidance of extravagance or extremes|moderate in his demands	v|preside over|John moderated the discussion
moderate breeze	n|wind moving 13-18 knots; 4 on the Beaufort scale|
moderate gale	n|wind moving 32-38 knots; 7 on the Beaufort scale|
moderate-size	adj|intermediate in size|
moderate-sized	adj|intermediate in size|
moderately	adv|to certain extent or degree|pretty big	adv|with moderation; in a moderate manner|he drinks moderately
moderateness	n|the property of being moderate in price or expenditures|the store is famous for the reasonableness of its prices	n|quality of being moderate and avoiding extremes|
moderating	adj|lessening in intensity or strength|
moderation	n|quality of being moderate and avoiding extremes|	n|a change for the better|	n|the trait of avoiding excesses|	n|the action of lessening in severity or intensity|the object being control or moderation of economic depressions
moderationism	n|the policy of being moderate or acting with moderation|
moderationist	n|a moderate drinker (as opposed to a total abstainer)|	n|a person who takes a position in the political center|
moderatism	n|a political philosophy of avoiding the extremes of left and right by taking a moderate position or course of action|
moderato	adj|(of tempo) moderate|
moderator	n|any substance used to slow down neutrons in nuclear reactors|	n|in the Presbyterian church, the officer who presides over a synod or general assembly|	n|someone who presides over a forum or debate|	n|someone who mediates disputes and attempts to avoid violence|
moderatorship	n|the position of moderator|
modern	adj|belonging to the modern era; since the Middle Ages|modern art	adj|relating to a recently developed fashion or style|their offices are in a modern skyscraper	adj|characteristic of present-day art and music and literature and architecture|	adj|ahead of the times|the advanced teaching methods
modern ballet	n|a style of ballet that admits a wider variety of movements|
modern dance	n|a style of theatrical dancing that is not as restricted as classical ballet; movements are expressive of feelings|
modern english	n|English since about 1450|
modern era	n|the present or recent times|
modern font	n|a typeface (based on an 18th century design by Gianbattista Bodoni) distinguished by regular shape and hairline serifs and heavy downstrokes|
modern greek	n|the Greek language as spoken and written today|
modern hebrew	n|Hebrew used in Israel today; revived from ancient Hebrew|
modern jazz	n|any of various styles of jazz that appeared after 1940|
modern man	n|subspecies of Homo sapiens; includes all modern races|
modern times	n|the circumstances and ideas of the present age|in modern times like these
modern world	n|the circumstances and ideas of the present age|in modern times like these
modern-day	adj|characteristic of the present|contemporary trends in design
moderne	adj|of or relating to a popularization of art deco that used bright colors and rectangular shapes|
modernisation	n|making modern in appearance or behavior|the modernization of Nigeria will be a long process
modernise	v|become technologically advanced|Many countries in Asia are now developing at a very fast pace	v|make repairs, renovations, revisions or adjustments to|You should overhaul your car engine
modernised	adj|brought up to date|modernized methods
modernism	n|genre of art and literature that makes a self-conscious break with previous genres|	n|the quality of being current or of the present|a shopping mall would instill a spirit of modernity into this village	n|practices typical of contemporary life or thought|
modernist	n|an artist who makes a deliberate break with previous styles|
modernistic	adj|relating to a recently developed fashion or style|their offices are in a modern skyscraper
modernity	n|the quality of being current or of the present|a shopping mall would instill a spirit of modernity into this village
modernization	n|making modern in appearance or behavior|the modernization of Nigeria will be a long process	n|a modernized version (as of a play)|
modernize	v|make repairs, renovations, revisions or adjustments to|You should overhaul your car engine	v|become technologically advanced|Many countries in Asia are now developing at a very fast pace
modernized	adj|brought up to date|modernized methods
modernness	n|the quality of being current or of the present|a shopping mall would instill a spirit of modernity into this village
modest	adj|marked by simplicity; having a humble opinion of yourself|a modest apartment	adj|not large but sufficient in size or amount|a modest salary	adj|free from pomp or affectation|comfortable but modest cottages	adj|not offensive to sexual mores in conduct or appearance|a modest neckline in her dress covered her up to her collarbone
modest moussorgsky	n|Russian composer of operas and orchestral works (1839-1881)|
modest mussorgsky	n|Russian composer of operas and orchestral works (1839-1881)|
modest petrovich moussorgsky	n|Russian composer of operas and orchestral works (1839-1881)|
modest petrovich mussorgsky	n|Russian composer of operas and orchestral works (1839-1881)|
modestly	adv|with modesty; in a modest manner|the dissertation was entitled, modestly, `Remarks about a play by Shakespeare'
modestness	n|the property of being moderate in price or expenditures|the store is famous for the reasonableness of its prices	n|freedom from vanity or conceit|
modesty	n|freedom from vanity or conceit|	n|formality and propriety of manner|
modicon	n|trade name for an oral contraceptive containing estradiol and norethindrone|
modicum	n|a small or moderate or token amount|England still expects a modicum of eccentricity in its artists"- Ian Jack
modifiable	adj|capable of being modified in form or character or strength (especially by making less extreme)|the rhythm of physiological time is not modifiable except by interference with certain fundamental processes" - Alexis Carrel
modification	n|the act of making something different (as e.g. the size of a garment)|	n|slightly modified copy; not an exact copy|a modification of last year's model	n|the grammatical relation that exists when a word qualifies the meaning of the phrase|	n|an event that occurs when something passes from one state or phase to another|the change was intended to increase sales
modified	adj|changed in form or character|their modified stand made the issue more acceptable	adj|mediocre|
modified american plan	n|a hotel plan that includes breakfast and dinner (but not lunch)|
modified radical mastectomy	n|removal of a breast and the pectoralis minor and some lymph nodes in the adjacent armpit|
modifier	n|a content word that qualifies the meaning of a noun or verb|	n|a moderator who makes less extreme or uncompromising|	n|a person who changes something|an inveterate changer of the menu	n|a gene that modifies the effect produced by another gene|
modifier gene	n|a gene that modifies the effect produced by another gene|
modify	v|make less severe or harsh or extreme|please modify this letter to make it more polite	v|add a modifier to a constituent|	v|cause to change; make different; cause a transformation|The advent of the automobile may have altered the growth pattern of the city
modigliani	n|Italian painter and sculptor (1884-1920)|
modillion	n|(architecture) one of a set of ornamental brackets under a cornice|
modiolus	n|the central conical bony pillar of the cochlea|
modish	adj|in the current fashion or style|
modishly	adv|in a stylish manner|He was smartly dressed
modishness	n|elegance by virtue of being fashionable|
modiste	n|someone who makes and sells hats|	n|someone who makes or mends dresses|
mods	n|a youth subculture that began in London in the early 1960s; a working-class movement with highly stylized dress and short hair; listened to rhythm and blues music and travelled on motor scooters|
modular	adj|constructed with standardized units or dimensions allowing flexibility and variety in use|modular furniture
modulate	v|change the key of, in music|modulate the melody	v|vary the pitch of one's speech|	v|fix or adjust the time, amount, degree, or rate of|regulate the temperature	v|adjust the pitch, tone, or volume of|
modulated	adj|changed or adjusted in pitch, tone, or volume|	adj|altered in volume as well as tone or pitch|
modulation	n|a musical passage moving from one key to another|	n|(electronics) the transmission of a signal by using it to vary a carrier wave; changing the carrier's amplitude or frequency or phase|	n|rise and fall of the voice pitch|	n|a manner of speaking in which the loudness or pitch or tone of the voice is modified|
module	n|one of the inherent cognitive or perceptual powers of the mind|	n|detachable compartment of a spacecraft|	n|computer circuit consisting of an assembly of electronic components (as of computer hardware)|	n|a self-contained component (unit or item) that is used in combination with other components|
modulus	n|an integer that can be divided without remainder into the difference between two other integers|2 is a modulus of 5 and 9	n|the absolute value of a complex number|	n|(physics) a coefficient that expresses how much of a specified property is possessed by a specified substance|
modulus of elasticity	n|(physics) the ratio of the applied stress to the change in shape of an elastic body|
modulus of rigidity	n|the coefficient of elasticity for a shearing force|
modus operandi	n|an unvarying or habitual method or procedure|
modus vivendi	n|a temporary accommodation of a disagreement between parties pending a permanent settlement|	n|a manner of living that reflects the person's values and attitudes|
moehringia	n|low-growing herbs widely distributed in temperate and Arctic northern hemisphere: sandworts; distinguished from members of the genus Arenaria mainly by having four-petaled rather than five-petaled flowers|
moehringia lateriflora	n|low-growing herb having clusters of small white four-petaled flowers|
moehringia mucosa	n|loosely matted plant with moss-like foliage studded with tiny starry four-petaled white blossoms; mountains of central and southern Europe|
moeller's glossitis	n|a superficial form of glossitis marked by irregular red patches on the tongue and sensitivity to hot or spicy food|
mogadiscio	n|the capital and largest city of Somalia; a port on the Indian Ocean|
mogadishu	n|the capital and largest city of Somalia; a port on the Indian Ocean|
mogdad coffee	n|very leafy malodorous tropical weedy shrub whose seeds have been used as an adulterant for coffee; sometimes classified in genus Cassia|
mogen david	n|a six-pointed star formed from two equilateral triangles; an emblem symbolizing Judaism|
moghul	n|a member of the Muslim dynasty that ruled India until 1857|
mogul	n|a bump on a ski slope|	n|a member of the Muslim dynasty that ruled India until 1857|	n|a very wealthy or powerful businessman|an oil baron
mogul empire	n|an empire established by the Mogul conquerors of India that reigned from 1526 to 1857|
mohair	n|fabric made with yarn made from the silky hair of the Angora goat|
mohammad	n|the Arab prophet who, according to Islam, was the last messenger of Allah (570-632)|
mohammed	n|the Arab prophet who, according to Islam, was the last messenger of Allah (570-632)|
mohammed ali	n|Albanian soldier in the service of Turkey who was made viceroy of Egypt and took control away from the Ottoman Empire and established Egypt as a modern state (1769-1849)|
mohammed reza pahlavi	n|Shah of Iran who was deposed in 1979 by Islamic fundamentalists (1919-1980)|
mohammed reza pahlevi	n|Shah of Iran who was deposed in 1979 by Islamic fundamentalists (1919-1980)|
mohammedan	adj|of or relating to the Arabian prophet Muhammad or to the religion he founded|	n|a follower of Mohammed|
mohammedan calendar	n|the lunar calendar used by Muslims; dates from 622 AD (the year of the Hegira); the beginning of the Muslim year retrogresses through the solar year completing the cycle every 32 years|
mohammedanism	n|the monotheistic religious system of Muslims founded in Arabia in the 7th century and based on the teachings of Muhammad as laid down in the Koran|Islam is a complete way of life, not a Sunday religion
mohandas karamchand gandhi	n|political and spiritual leader during India's struggle with Great Britain for home rule; an advocate of passive resistance (1869-1948)|
moharram	n|the first month of the Islamic calendar|
mohave	n|a desert area in southern California and western Arizona|	n|the Yuman language spoken by the Mohave|
mohave desert	n|a desert area in southern California and western Arizona|
mohawk	n|a member of the Iroquoian people formerly living along the Mohawk River in New York State|	n|the Iroquoian language spoken by the Mohawk|	n|haircut in which the head is shaved except for a band of hair down the middle of the scalp|
mohawk haircut	n|haircut in which the head is shaved except for a band of hair down the middle of the scalp|
mohawk river	n|a river of central New York that flows southeastward to the Hudson River|
mohican	n|a member of the Algonquian people formerly living in the Hudson valley and eastward to the Housatonic|	n|the Algonquian language spoken by the Mohican|
moho	n|the boundary between the Earth's crust and the underlying mantle|the Mohorovicic discontinuity averages 5 miles down under oceans and 20 miles down under continents
mohorovicic	n|Yugoslav geophysicist for whom the Mohorovicic discontinuity was named (1857-1936)|
mohorovicic discontinuity	n|the boundary between the Earth's crust and the underlying mantle|the Mohorovicic discontinuity averages 5 miles down under oceans and 20 miles down under continents
mohria	n|African terrestrial ferns|
mohria caffrorum	n|sweetly scented African fern with narrow bipinnate fronds|
mohs scale	n|a scale of hardness of solids; talc is 0 and diamond is 10; ordering is determined by which substance can scratch another substance|
moiety	n|one of two (approximately) equal parts|	n|one of two basic subdivisions of a tribe|
moil	v|work hard|She was digging away at her math homework	v|be agitated|the sea was churning in the storm	v|moisten or soil|Her tears moiled the letter
moira shearer	n|Scottish ballet dancer and actress (born in 1926)|
moirae	n|any of the three Greek goddesses of fate or destiny; identified with the Roman Parcae and similar to the Norse Norns|
moirai	n|any of the three Greek goddesses of fate or destiny; identified with the Roman Parcae and similar to the Norse Norns|
moire	n|silk fabric with a wavy surface pattern|	adj|(of silk fabric) having a wavelike pattern|
moist	adj|slightly wet|clothes damp with perspiration
moisten	v|make moist|The dew moistened the meadows	v|moisten with fine drops|drizzle the meat with melted butter
moistener	n|a device that dampens or moistens something|he used a dampener to moisten the shirts before he ironed them
moistening	n|the act of making something slightly wet|
moistly	adv|in a damp manner|a scarf was tied round her head but the rebellious curl had escaped and hung damply over her left eye
moistness	n|a slight wetness|
moisture	n|wetness caused by water|drops of wet gleamed on the window
moisturise	v|make (more) humid|We have a machine that humidifies the air in the house
moisturize	v|make (more) humid|We have a machine that humidifies the air in the house
mojarra	n|small silvery schooling fishes with protrusible mouths found in warm coastal waters|
mojave	n|a desert area in southern California and western Arizona|	n|the Yuman language spoken by the Mohave|
mojave aster	n|wild aster having greyish leafy stems and flower heads with narrow pale lavender or violet rays; of rocky desert slopes California to Arizona and Utah|
mojave desert	n|a desert area in southern California and western Arizona|
mojave rattlesnake	n|extremely dangerous; most common in areas of scattered scrubby growth; from Mojave Desert to western Texas and into Mexico|
mojo	n|a magic power or magic spell|
moke	n|British informal for donkey|
moksa	n|(Hinduism) release from the cycle of rebirth|
mokulu	n|a Chadic language spoken in Chad|
mol	n|the molecular weight of a substance expressed in grams; the basic unit of amount of substance adopted under the Systeme International d'Unites|
mola	n|among the largest bony fish; pelagic fish having an oval compressed body with high dorsal and anal fins and caudal fin reduced to a rudder-like lobe; worldwide in warm waters|
mola lanceolata	n|caudal fin has a central projection|
molal	adj|designating a solution containing one mole of solute per kilogram of solvent|
molal concentration	n|concentration measured by the number of moles of solute per kilogram of solvent|
molality	n|concentration measured by the number of moles of solute per kilogram of solvent|
molar	adj|of or pertaining to the grinding teeth in the back of a mammal's mouth|molar teeth	adj|designating a solution containing one mole of solute per liter of solution|	adj|containing one mole of a substance|molar weight	adj|pertaining to large units of behavior|such molar problems of personality as the ego functions"--R.R. Hunt
molar concentration	n|concentration measured by the number of moles of solute per liter of solution|
molar pregnancy	n|an abnormality during pregnancy; chorionic villi around the fetus degenerate and form clusters of fluid-filled sacs; usually associated with the death of the fetus|
molarity	n|concentration measured by the number of moles of solute per liter of solution|
molasses	n|thick dark syrup produced by boiling down juice from sugar cane; especially during sugar refining|
molasses cookie	n|very spicy cookies sweetened partially with molasses|
molasses kiss	n|a candy kiss that resembles toffee|
molasses taffy	n|taffy made of molasses|
mold	n|the distinctive form in which a thing is made|pottery of this cast was found throughout the region	n|container into which liquid is poured to create a given shape when it hardens|	n|loose soil rich in organic matter|	n|the process of becoming mildewed|
moldable	adj|capable of being molded or modeled (especially of earth or clay or other soft material)|plastic substances such as wax or clay
moldavia	n|a landlocked republic in eastern Europe; formerly a European soviet but achieved independence in 1991|
moldboard	n|wedge formed by the curved part of a steel plow blade that turns the furrow|
moldboard plow	n|plow that has a moldboard|
molded	adj|shaped to fit by or as if by altering the contours of a pliable mass (as by work or effort)|a shaped handgrip
molded salad	n|salad of meats or vegetables in gelatin|
molder	v|break down|The bodies decomposed in the heat
moldiness	n|the quality of smelling or tasting old or stale or mouldy|
molding	n|the act of creating something by casting it in a mold|	n|a decorative strip used for ornamentation or finishing|	n|a decorative recessed or relieved surface on an edge|	n|sculpture produced by molding|
moldova	n|a landlocked republic in eastern Europe; formerly a European soviet but achieved independence in 1991|
moldovan	adj|of or relating to or characteristic of Moldova or its people or culture|
moldovan monetary unit	n|monetary unit in Moldova|
moldy	adj|covered with or smelling of mold|moldy bread
mole	n|the molecular weight of a substance expressed in grams; the basic unit of amount of substance adopted under the Systeme International d'Unites|	n|a spy who works against enemy espionage|	n|spicy sauce often containing chocolate|	n|a small congenital pigmented spot on the skin|
mole cricket	n|digs in moist soil and feeds on plant roots|
mole plant	n|poisonous Old World spurge; adventive in America; seeds yield a purgative oil|
mole rat	n|African rodent resembling a mole in habits and appearance|	n|furry short-limbed tailless rodent resembling a true mole in habits and appearance; of eastern Europe and Middle East|	n|burrowing scaly-tailed rat of India and Ceylon|
molech	n|god of the Canaanites and Phoenicians to whom parents sacrificed their children|
molecular	adj|relating to or produced by or consisting of molecules|molecular structure	adj|relating to simple or elementary organization|proceed by more and more detailed analysis to the molecular facts of perception"--G.A. Miller
molecular biologist	n|a biologist who studies the structure and activity of macromolecules essential to life|
molecular biology	n|the branch of biology that studies the structure and activity of macromolecules essential to life (and especially with their genetic role)|
molecular formula	n|a chemical formula based on analysis and molecular weight|
molecular genetics	n|the branch of genetics concerned with the structure and activity of genetic material at the molecular level|
molecular weight	n|(chemistry) the sum of the relative atomic masses of the constituent atoms of a molecule|
molecule	n|(physics and chemistry) the simplest structural unit of an element or compound|	n|(nontechnical usage) a tiny piece of anything|
molehill	n|a mound of earth made by moles while burrowing|
moleskin	n|a durable cotton fabric with a velvety nap|
molest	v|harass or assault sexually; make indecent advances to|	v|annoy continually or chronically|He is known to harry his staff when he is overworked
molestation	n|the act of subjecting someone to unwanted or improper sexual advances or activity (especially women or children)|	n|the act of tormenting by continued persistent attacks and criticism|
molester	n|someone who subjects others to unwanted or improper sexual activities|
molidae	n|ocean sunfishes|
moliere	n|French author of sophisticated comedies (1622-1673)|
molindone	n|antipsychotic drug (trade name Moban) used in the treatment of schizophrenia|
moline	n|a town in northwest Illinois on the Mississippi River|
molisch reaction	n|biochemical indicator of the presence of carbohydrates in a solution; if carbohydrates are present a violet ring is formed by reaction with alpha-naphthol in the presence of sulfuric acid|
molisch test	n|biochemical indicator of the presence of carbohydrates in a solution; if carbohydrates are present a violet ring is formed by reaction with alpha-naphthol in the presence of sulfuric acid|
molisch's test	n|biochemical indicator of the presence of carbohydrates in a solution; if carbohydrates are present a violet ring is formed by reaction with alpha-naphthol in the presence of sulfuric acid|
molise	n|a region of south central Italy|
moll	n|the girlfriend of a gangster|
mollah	n|a Muslim trained in the doctrine and law of Islam; the head of a mosque|
molle	n|small Peruvian evergreen with broad rounded head and slender pendant branches with attractive clusters of greenish flowers followed by clusters of rose-pink fruits|
mollie	n|popular aquarium fish|
mollienesia	n|mollies|
mollification	n|a state of being appeased or ameliorated or tempered|	n|the act of appeasing someone or causing someone to be more favorably inclined|a wonderful skill in the pacification of crying infants
mollify	v|cause to be more favorably inclined; gain the good will of|She managed to mollify the angry customer	v|make more temperate, acceptable, or suitable by adding something else|she tempered her criticism	v|make less rigid or softer|
molluga	n|carpetweeds|
molluga verticillata	n|annual prostrate mat-forming weed having whorled leaves and small greenish-white flowers; widespread throughout North America|
mollusc	n|invertebrate having a soft unsegmented body usually enclosed in a shell|
mollusca	n|gastropods; bivalves; cephalopods; chitons|
molluscum	n|any skin disease characterized by soft pulpy nodules|
molluscum contagiosum	n|a virus disease of the skin marked by round white swellings; transmitted from person to person (most often in children or in adults with impaired immune function)|
mollusk	n|invertebrate having a soft unsegmented body usually enclosed in a shell|
mollusk family	n|a family of mollusks|
mollusk genus	n|a genus of mollusks|
molly	n|popular aquarium fish|
molly miller	n|inhabits both coasts of tropical Atlantic|
mollycoddle	n|a pampered darling; an effeminate man|	v|treat with excessive indulgence|grandparents often pamper the children
mollycoddler	n|someone who pampers or spoils by excessive indulgence|
mollymawk	n|large web-footed birds of the southern hemisphere having long narrow wings; noted for powerful gliding flight|
molnar	n|Hungarian playwright (1878-1952)|
moloch	n|a tyrannical power to be propitiated by human subservience or sacrifice|the great Moloch of war	n|god of the Canaanites and Phoenicians to whom parents sacrificed their children|	n|any lizard of the genus Moloch|
moloch horridus	n|desert lizard that feeds on ants|
molokai	n|an island of central Hawaii (between Maui and Oahu)|
molokai island	n|an island of central Hawaii (between Maui and Oahu)|
molossidae	n|mastiff bats; freetail bats|
molothrus	n|cowbirds|
molotov	n|Soviet statesman (1890-1986)|	n|a city in the European part of Russia|
molotov cocktail	n|a crude incendiary bomb made of a bottle filled with flammable liquid and fitted with a rag wick|
molt	n|periodic shedding of the cuticle in arthropods or the outer skin in reptiles|	v|cast off hair, skin, horn, or feathers|our dog sheds every Spring
molten	adj|reduced to liquid form by heating|a mass of molten rock
molter	n|an animal (especially birds and arthropods and reptiles) that periodically shed their outer layer (feathers or cuticle or skin or hair)|
molting	n|periodic shedding of the cuticle in arthropods or the outer skin in reptiles|
molto	adv|much|allegro molto
molucca balm	n|aromatic annual with a tall stems of small whitish flowers enclosed in a greatly enlarged saucer-shaped or bell-shaped calyx|
moluccas	n|a group of island in eastern Indonesia between Celebes and New Guinea; settled by the Portuguese but taken by the Dutch who made them the center for a spice monopoly, at which time they were known as Spice Islands|
molucella	n|small genus of aromatic herbs of Mediterranean regions; widely cultivated|
molucella laevis	n|aromatic annual with a tall stems of small whitish flowers enclosed in a greatly enlarged saucer-shaped or bell-shaped calyx|
molva	n|ling|
molva molva	n|elongated marine food fish of Greenland and northern Europe; often salted and dried|
molybdenite	n|a mineral resembling graphite that is valued as the chief source of molybdenum and its compounds|
molybdenum	n|a polyvalent metallic element that resembles chromium and tungsten in its properties; used to strengthen and harden steel|
molybdenum steel	n|steel containing 10-15% molybdenum; properties are similar to tungsten steel|
mom	n|informal terms for a mother|
mombasa	n|a port city in southern Kenya on a coral island in a bay of the Indian Ocean|
mombin	n|purplish tropical fruit|
moment	n|a particular point in time|the moment he arrived the party began	n|an indefinitely short time|wait just a moment	n|at this time|the disappointments of the here and now	n|having important effects or influence|decisions of great consequence are made by the president himself
moment magnitude scale	n|a logarithmic scale of 1 to 10 (a successor to the Richter scale) that enables seismologists to compare the energy released by different earthquakes on the basis of the area of the geological fault that ruptured in the quake|
moment of a couple	n|given two equal and opposite forces, the product of the force and the distance between them|
moment of a magnet	n|the torque exerted on a magnet or dipole when it is placed in a magnetic field|
moment of inertia	n|the tendency of a body to resist angular acceleration|
moment of truth	n|the moment in a bullfight when the matador kills the bull|	n|a crucial moment on which much depends|
momentaneous	adj|lasting for a markedly brief time|a fleeting glance
momentarily	adv|for an instant or moment|we paused momentarily before proceeding	adv|at any moment|she will be with you momently
momentary	adj|lasting for a markedly brief time|a fleeting glance
momently	adv|for an instant or moment|we paused momentarily before proceeding	adv|at any moment|she will be with you momently
momentous	adj|of very great significance|deciding to drop the atom bomb was a very big decision
momentously	adv|in a momentous way|
momentousness	n|utmost importance|
momentum	n|an impelling force or strength|the car's momentum carried it off the road	n|the product of a body's mass and its velocity|the momentum of the particles was deduced from meteoritic velocities
momism	n|excessive protection|
momma	n|informal terms for a mother|
mommsen	n|German historian noted for his history of Rome (1817-1903)|
mommy	n|informal terms for a mother|
momordica	n|Old World tropical vine|
momordica balsamina	n|a tropical Old World flowering vine with red or orange warty fruit|
momordica charantia	n|tropical Old World vine with yellow-orange fruit|
momos	n|god of blame and mockery|
momotidae	n|a family of birds of the order Coraciiformes|
momotus	n|type genus of the Momotidae|
momus	n|god of blame and mockery|
mon	n|the second day of the week; the first working day|	n|a member of a Buddhist people living in Myanmar and adjacent parts of Thailand|	n|the Mon-Khmer language spoken by the Mon|
mon-khmer	n|a branch of the Austro-Asiatic languages|
mona	n|an island to the northwest of Wales|
monacan	adj|of or relating to or characteristic of Monaco or its people|	n|a native or inhabitant of Monaco|
monaco	n|a constitutional monarchy in a tiny enclave on the French Riviera|
monaco-ville	n|the capital of Monaco|
monad	n|(chemistry) an atom having a valence of one|	n|a singular metaphysical entity from which material properties are said to derive|	n|(biology) a single-celled microorganism (especially a flagellate protozoan)|
monadic operation	n|an operation with exactly one operand|
monal	n|brilliantly colored pheasant of southern Asia|
monandrous	adj|having only one husband at a time|
monandry	n|the state of having only one husband at a time|
monarch	n|a nation's ruler or head of state usually by hereditary right|
monarchal	adj|having the characteristics of or befitting or worthy of a monarch|monarchical gestures	adj|ruled by or having the supreme power resting with a monarch|monarchal government
monarchic	adj|ruled by or having the supreme power resting with a monarch|monarchal government
monarchical	adj|having the characteristics of or befitting or worthy of a monarch|monarchical gestures	adj|ruled by or having the supreme power resting with a monarch|monarchal government
monarchism	n|a belief in and advocacy of monarchy as a political system|
monarchist	n|an advocate of the principles of monarchy|
monarchy	n|an autocracy governed by a monarch who usually inherits the authority|
monarda	n|any of various aromatic herbs of the genus Monarda|
monarda clinopodia	n|perennial herb of North America (New York to Illinois and mountains of Alaska) having aromatic leaves and clusters of yellowish-pink balls|
monarda didyma	n|perennial aromatic herb of eastern North America having variously colored tubular flowers in dense showy heads|
monarda fistulosa	n|perennial herb of North America|
monardella lanceolata	n|fragrant California annual herb having lanceolate leaves and clusters of rose-purple flowers|
monario	n|an artificial language|
monas	n|a singular metaphysical entity from which material properties are said to derive|
monastery	n|the residence of a religious community|
monastic	adj|of communal life sequestered from the world under religious vows|	n|a male religious living in a cloister and devoting himself to contemplation and prayer and work|
monastic habit	n|a long loose habit worn by monks in a monastery|
monastic order	n|a group of person living under a religious rule|the order of Saint Benedict
monastical	adj|of communal life sequestered from the world under religious vows|
monasticism	n|asceticism as a form of religious life; usually conducted in a community under a common rule and characterized by celibacy and poverty and obedience|
monatomic	adj|of or relating to an element consisting of a single atom|helium and argon are monatomic gases
monaul	n|brilliantly colored pheasant of southern Asia|
monaural	adj|relating to or having or hearing with only one ear|monaural deafness
monaurally	adv|in a monaural manner|the stimuli were presented monaurally
monazite	n|a reddish-brown mineral containing rare earth metals; an important source of thorium and cerium|
monday	n|the second day of the week; the first working day|
mondrian	n|Dutch painter whose work (intersecting lines at right angles and planes in primary colors) influenced the development of abstract art (1872-1944)|
monecious	adj|having male and female reproductive organs in the same plant or animal|
monegasque	adj|of or relating to or characteristic of Monaco or its people|	n|a native or inhabitant of Monaco|
monel metal	n|an alloy of nickel and copper and other metals (such as iron and/or manganese and/or aluminum)|
monell metal	n|an alloy of nickel and copper and other metals (such as iron and/or manganese and/or aluminum)|
monera	n|prokaryotic bacteria and blue-green algae and various primitive pathogens; because of lack of consensus on how to divide the organisms into phyla informal names are used for the major divisions|
moneran	adj|of or relating to the Monera|	n|organisms that typically reproduce by asexual budding or fission and whose nutritional mode is absorption or photosynthesis or chemosynthesis|
moneron	n|organisms that typically reproduce by asexual budding or fission and whose nutritional mode is absorption or photosynthesis or chemosynthesis|
moneses	n|one species: one-flowered wintergreen; sometimes included in genus Pyrola|
moneses uniflora	n|delicate evergreen dwarf herb of north temperate regions having a solitary white terminal flower; sometimes placed in genus Pyrola|
monestrous	adj|having one estrous cycle per year|
monet	n|French impressionist painter (1840-1926)|
monetarism	n|an economic theory holding that variations in unemployment and the rate of inflation are usually caused by changes in the supply of money|
monetarist	n|an advocate of the theory that economic fluctuations are caused by increases or decreases in the supply of money|
monetary	adj|relating to or involving money|monetary rewards
monetary fund	n|a reserve of money set aside for some purpose|
monetary resource	n|assets in the form of money|
monetary standard	n|the value behind the money in a monetary system|
monetary system	n|anything that is generally accepted as a standard of value and a measure of wealth in a particular country or region|
monetary unit	n|a unit of money|
monetary value	n|the property of having material worth (often indicated by the amount of money something would bring if sold)|the fluctuating monetary value of gold and silver
monetisation	n|establishing something (e.g. gold or silver) as the legal tender of a country|
monetise	v|give legal value to or establish as the legal tender of a country|They monetized the lira
monetization	n|establishing something (e.g. gold or silver) as the legal tender of a country|
monetize	v|give legal value to or establish as the legal tender of a country|They monetized the lira
money	n|the most common medium of exchange; functions as legal tender|we tried to collect the money he owed us	n|wealth reckoned in terms of money|all his money is in real estate	n|the official currency issued by a government or national bank|he changed his money into francs
money belt	n|belt with a concealed section for holding money|
money box	n|a container (usually with a slot in the top) for keeping money at home|the coin bank was empty	n|a strongbox for holding cash|
money changer	n|one whose business is to exchange the money of one country for that of another country|
money cowrie	n|cowrie whose shell is used for money in parts of the southern Pacific and in parts of Africa|
money dealer	n|a person who receives or invests or pays out money|
money handler	n|a person who receives or invests or pays out money|
money laundering	n|concealing the source of illegally gotten money|
money market	n|a market for short-term debt instruments|
money order	n|a written order for the payment of a sum to a named individual; obtainable and payable at a post office|
money plant	n|southeastern European plant cultivated for its fragrant purplish flowers and round flat papery silver-white seedpods that are used for indoor decoration|
money supply	n|the total stock of money in the economy; currency held by the public plus money in accounts in banks|
money-spinner	n|a project that generates a continuous flow of money|
moneybag	n|a drawstring bag for holding money|
moneyed	adj|based on or arising from the possession of money or wealth|moneyed interests	adj|having an abundant supply of money or possessions of value|an affluent banker
moneyer	n|a skilled worker who coins or stamps money|
moneygrubber	n|someone whose main interest in life is moneymaking|
moneylender	n|someone who lends money at excessive rates of interest|
moneyless	adj|not based on the possession of money|a moneyless economy	adj|having no money|virtually moneyless rural regions
moneymaker	n|someone who is successful in accumulating wealth|	n|a project that generates a continuous flow of money|
moneymaking	n|the act of making money (and accumulating wealth)|	adj|producing a sizeable profit|a remunerative business	adj|profit oriented|a commercial book
moneyman	n|a person skilled in large scale financial transactions|
moneywort	n|a loosestrife vine|
monger	n|someone who purchases and maintains an inventory of goods to be sold|	v|sell or offer for sale from place to place|
monggo	n|seed of the mung bean plant; used for food|	n|seed of the mung bean plant used for food|
mongo	n|100 mongo equal 1 tugrik in Mongolia|
mongol	adj|of or relating to the region of Mongolia or its people or their languages or cultures|the Mongol invaders	n|a member of the nomadic peoples of Mongolia|
mongol dynasty	n|the imperial dynasty of China from 1279 to 1368|
mongol tatar	n|a member of the Mongolian people of central Asia who invaded Russia in the 13th century|
mongolia	n|a landlocked socialist republic in central Asia|	n|a vast region in Asia including the Mongolian People's Republic and China's Inner Mongolia|
mongolian	adj|of or relating to the modern Mongolian People's Republic|the Mongolian embassy	adj|of or relating to the region of Mongolia or its people or their languages or cultures|the Mongol invaders	n|a member of the nomadic peoples of Mongolia|	n|a family of Altaic language spoken in Mongolia|
mongolian monetary unit	n|monetary unit in Mongolia|
mongolian people's republic	n|a landlocked socialist republic in central Asia|
mongolianism	n|a congenital disorder caused by having an extra 21st chromosome; results in a flat face and short stature and mental retardation|
mongolic	n|a family of Altaic language spoken in Mongolia|
mongolic language	n|a family of Altaic language spoken in Mongolia|
mongolism	n|a congenital disorder caused by having an extra 21st chromosome; results in a flat face and short stature and mental retardation|
mongoloid	adj|characteristic of or resembling a Mongol|the mongoloid epicanthic fold	adj|of or pertaining to or characteristic of one of the traditional racial division of humankind including especially peoples of central and eastern Asia|	adj|(offensive) of or relating to or suffering from Down syndrome|	n|a member of the Mongoloid family|
mongoose	n|agile grizzled Old World viverrine; preys on snakes and rodents|
mongrel	n|derogatory term for a variation that is not genuine; something irregular or inferior or of dubious origin|the architecture was a kind of bastard suggesting Gothic but not true Gothic	n|an inferior dog or one of mixed breed|
mongrelise	v|cause to become a mongrel|mongrelized dogs
mongrelize	v|cause to become a mongrel|mongrelized dogs
monic polynomial	n|a polynomial in one variable|
monied	adj|based on or arising from the possession of money or wealth|moneyed interests
moniker	n|a familiar name for a person (often a shortened version of a person's given name)|Joe's mother would not use his nickname and always called him Joseph
monilia	n|any of the yeastlike imperfect fungi of the genus Monilia|
monilia albicans	n|a parasitic fungus that can infect the mouth or the skin or the intestines or the vagina|
monilia disease	n|an infection caused by fungi of the genus Monilia or Candida (especially Candida albicans)|
moniliaceae	n|family of imperfect fungi having white or brightly colored hyphae and spores that are produced directly on the mycelium and not aggregated in fruiting bodies|
moniliales	n|order of imperfect fungi lacking conidiophores of having conidiophores that are superficial and not enclosed in a pycnidium|
moniliasis	n|an infection caused by fungi of the genus Monilia or Candida (especially Candida albicans)|
monish	v|warn strongly; put on guard|	v|advise or counsel in terms of someone's behavior|I warned him not to go too far
monism	n|the doctrine that reality consists of a single basic substance or element|
monistat	n|an antifungal agent usually administered in the form of a nitrate (trade name Monistat)|
monistic	adj|of or relating to the philosophical doctrine of monism|the monistic school would regard national law and international law as an integrated whole"- J.S.Roucek
monition	n|a firm rebuke|	n|cautionary advice about something imminent (especially imminent danger or other unpleasantness)|a letter of admonition about the dangers of immorality	n|a summons issued after the filing of a libel or claim directing all parties concerned to show cause why the judgment asked for should not be granted|
monitor	v|keep tabs on; keep an eye on; keep under surveillance|we are monitoring the air quality	v|check, track, or observe by means of a receiver|	n|someone who supervises (an examination)|	n|someone who gives a warning so that a mistake can be avoided|
monitor lizard	n|any of various large tropical carnivorous lizards of Africa and Asia and Australia; fabled to warn of crocodiles|
monitor program	n|a program that observes and regulates and controls or verifies the operations of a data-processing system|
monitoring	n|the act of observing something (and sometimes keeping a record of it)|the monitoring of enemy communications plays an important role in war times
monitoring device	n|display produced by a device that takes signals and displays them on a television screen or a computer monitor|
monitoring program	n|a program that observes and regulates and controls or verifies the operations of a data-processing system|
monitory	adj|serving to warn|shook a monitory finger at him
monitrice	n|an assistant (often the father of the soon-to-be-born child) who provides support for a woman in labor by encouraging her to use techniques learned in childbirth-preparation classes|
monk	n|a male religious living in a cloister and devoting himself to contemplation and prayer and work|
monk's cloth	n|a heavy cloth in basket weave|
monkey	n|any of various long-tailed primates (excluding the prosimians)|	n|one who is playfully mischievous|	v|play around with or alter or falsify, usually secretively or dishonestly|Someone tampered with the documents on my desk	v|do random, unplanned work or activities or spend time idly|The old lady is usually mucking about in her little house
monkey around	v|do random, unplanned work or activities or spend time idly|The old lady is usually mucking about in her little house
monkey bread	n|African gourd-like fruit with edible pulp|
monkey bridge	n|a high narrow platform above a deck or in an engine room or boiler room|	n|the highest navigational bridge on a ship; a small (often open) deck above the pilot house|
monkey business	n|mischievous or deceitful behavior|
monkey dog	n|European breed of small dog resembling a terrier with dark wiry hair and a tufted muzzle|
monkey jacket	n|waist-length jacket tapering to a point at the back; worn by officers in the mess for formal dinners|
monkey ladder	n|a light ladder to the monkey bridge on a ship|
monkey nut	n|pod of the peanut vine containing usually 2 nuts or seeds; `groundnut' and `monkey nut' are British terms|
monkey pinscher	n|European breed of small dog resembling a terrier with dark wiry hair and a tufted muzzle|
monkey puzzle	n|large Chilean evergreen conifer having intertwined branches and bearing edible nuts|
monkey wrench	n|adjustable wrench that has one fixed and one adjustable jaw|
monkey-bread tree	n|African tree having an exceedingly thick trunk and fruit that resembles a gourd and has an edible pulp called monkey bread|
monkey-wrench	n|adjustable wrench that has one fixed and one adjustable jaw|
monkfish	n|flesh of a large-headed anglerfish of the Atlantic waters of North America|	n|fishes having large mouths with a wormlike filament attached for luring prey|	n|sharks with broad flat bodies and winglike pectoral fins but that swim the way sharks do|
monkish	adj|befitting a monk; inclined to self-denial|
monkshood	n|a poisonous herb native to northern Europe having hooded blue-purple flowers; the dried leaves and roots yield aconite|
monnet	n|French economist who advocated a Common Market in Europe (1888-1979)|
mono	adj|designating sound transmission or recording or reproduction over a single channel|	n|an acute disease characterized by fever and swollen lymph nodes and an abnormal increase of mononuclear leucocytes or monocytes in the bloodstream; not highly contagious; some believe it can be transmitted by kissing|
mono-iodotyrosine	n|tyrosine with one iodine atom added|
monoamine	n|a molecule containing one amine group (especially one that is a neurotransmitter)|
monoamine neurotransmitter	n|a monoamine that is functionally important in neural transmission|
monoamine oxidase	n|an enzyme that catalyzes the oxidation of many body compounds (e.g., epinephrine and norepinephrine and serotonin)|
monoamine oxidase inhibitor	n|any of a group of antidepressant drugs that inhibit the action of monoamine oxidase in the brain and so allow monoamines to accumulate|
monoatomic	adj|of or relating to an element consisting of a single atom|helium and argon are monatomic gases
monobasic acid	n|an acid containing only one replaceable hydrogen atom per molecule|
monoblast	n|a large immature monocyte normally found in bone marrow|
monoblastic leukaemia	n|leukemia characterized by the proliferation of monocytes and monoblasts in the blood|
monoblastic leukemia	n|leukemia characterized by the proliferation of monocytes and monoblasts in the blood|
monocanthidae	n|filefishes|
monocanthus	n|type genus of the Monocanthidae|
monocarboxylic	adj|containing one carboxyl group|
monocarp	n|a plant that bears fruit once and dies|
monocarpic	adj|dying after bearing fruit only once|
monocarpic plant	n|a plant that bears fruit once and dies|
monocarpous plant	n|a plant that bears fruit once and dies|
monochamus	n|sawyer beetles|
monochromacy	n|complete color blindness; colors can be differentiated only on the basis of brightness|
monochromasy	n|complete color blindness; colors can be differentiated only on the basis of brightness|
monochromat	n|a person who is completely color-blind|
monochromatic	adj|of or relating to monochromatism|	adj|(of light or other electromagnetic radiation) having only one wavelength|monochromatic light	adj|having or appearing to have only one color|
monochromatic vision	n|complete color blindness; colors can be differentiated only on the basis of brightness|
monochromatism	n|complete color blindness; colors can be differentiated only on the basis of brightness|
monochrome	n|painting done in a range of tones of a single color|	n|a black-and-white photograph or slide|	adj|having or appearing to have only one color|
monochromia	n|complete color blindness; colors can be differentiated only on the basis of brightness|
monochromic	adj|having or appearing to have only one color|
monochromous	adj|having or appearing to have only one color|
monocle	n|lens for correcting defective vision in one eye; held in place by facial muscles|
monocled	adj|wearing, or having the face adorned with, eyeglasses or an eyeglass|a bespectacled grandmother
monoclinal	adj|of a geological structure in which all strata are inclined in the same direction|
monocline	n|a geological formation in which all strata are inclined in the same direction|
monoclinic	adj|having three unequal crystal axes with one oblique intersection|monoclinic system
monoclinous	adj|having pistils and stamens in the same flower|
monoclonal	adj|forming or derived from a single clone|	n|any of a class of antibodies produced in the laboratory by a single clone of cells or a cell line and consisting of identical antibody molecules|
monoclonal antibody	n|any of a class of antibodies produced in the laboratory by a single clone of cells or a cell line and consisting of identical antibody molecules|
monocot	n|a monocotyledonous flowering plant; the stem grows by deposits on its inside|
monocot family	n|family of flowering plants having a single cotyledon (embryonic leaf) in the seed|
monocot genus	n|genus of flowering plants having a single cotyledon (embryonic leaf) in the seed|
monocotyledon	n|a monocotyledonous flowering plant; the stem grows by deposits on its inside|
monocotyledonae	n|comprising seed plants that produce an embryo with a single cotyledon and parallel-veined leaves: includes grasses and lilies and palms and orchids; divided into four subclasses or superorders: Alismatidae; Arecidae; Commelinidae; and Liliidae|
monocotyledones	n|comprising seed plants that produce an embryo with a single cotyledon and parallel-veined leaves: includes grasses and lilies and palms and orchids; divided into four subclasses or superorders: Alismatidae; Arecidae; Commelinidae; and Liliidae|
monocotyledonous	adj|(of a flowering plant) having a single cotyledon in the seed as in grasses and lilies|
monocracy	n|a form of government in which the ruler is an absolute dictator (not restricted by a constitution or laws or opposition etc.)|
monocular vision	n|vision with only one eye|
monoculture	n|the cultivation of a single crop (on a farm or area or country)|
monocycle	n|a vehicle with a single wheel that is driven by pedals|
monocyte	n|a type of granular leukocyte that functions in the ingestion of bacteria|
monocytic leukaemia	n|leukemia characterized by the proliferation of monocytes and monoblasts in the blood|
monocytic leukemia	n|leukemia characterized by the proliferation of monocytes and monoblasts in the blood|
monocytosis	n|increase in the number of monocytes in the blood; symptom of monocytic leukemia|
monod	n|French biochemist who (with Francois Jacob) explained how genes are activated and suggested the existence of messenger RNA (1910-1976)|
monodic	adj|having a single vocal part|
monodical	adj|having a single vocal part|
monodon	n|type genus of the Monodontidae|
monodon monoceros	n|small Arctic whale the male having a long spiral ivory tusk|
monodontidae	n|narwhals|
monody	n|music consisting of a single vocal part (usually with accompaniment)|
monoecious	adj|having male and female reproductive organs in the same plant or animal|
monoestrous	adj|having one estrous cycle per year|
monofocal iol	n|a lens with a single focus that is used after cataract surgery to provide clear distance vision|
monofocal lens implant	n|a lens with a single focus that is used after cataract surgery to provide clear distance vision|
monogamist	n|someone who practices monogamy (one spouse at a time)|
monogamous	adj|(used of relationships and of individuals) having one mate|monogamous marriage
monogamousness	n|the practice or state of having only one spouse at a time|
monogamy	n|the practice or state of having only one spouse at a time|
monogenesis	n|asexual reproduction by the production and release of spores|
monogenic	adj|of or relating to an inheritable character that is controlled by a single pair of genes|
monogenic disease	n|an inherited disease controlled by a single pair of genes|
monogenic disorder	n|an inherited disease controlled by a single pair of genes|
monogram	n|a graphic symbol consisting of 2 or more letters combined (usually your initials); printed on stationery or embroidered on clothing|
monograph	n|a detailed and documented treatise on a particular subject|
monogynic	adj|having one head or chief wife at a time (along with concubines)|
monogynist	n|someone who practices monogamy (one spouse at a time)|
monogynous	adj|having one head or chief wife at a time (along with concubines)|
monogyny	n|having only one wife at a time|
monohybrid	n|a hybrid produced by crossing parents that are homozygous except for a single gene locus that has two alleles (as in Mendel's experiments with garden peas)|
monohybrid cross	n|hybridization using a single trait with two alleles (as in Mendel's experiments with garden peas)|
monohydrate	n|a hydrate that contains one molecule of water per molecule of the compound|
monoicous	adj|having male and female reproductive organs in the same plant or animal|
monolatry	n|the worship of a single god but without claiming that it is the only god|
monolingual	adj|using or knowing only one language|monolingual speakers	n|a person who knows only one language|
monolingually	adv|in a monolingual manner|she had been reared monolingually
monolith	n|a single great stone (often in the form of a column or obelisk)|
monolithic	adj|imposing in size or bulk or solidity|massive oak doors	adj|characterized by massiveness and rigidity and total uniformity|a monolithic society
monologist	n|an entertainer who performs alone|
monologue	n|speech you make to yourself|	n|a long utterance by one person (especially one that prevents others from participating in the conversation)|	n|a (usually long) dramatic speech by a single actor|
monologuise	v|talk to oneself|
monologuize	v|talk to oneself|
monomania	n|a mania restricted to one thing or idea|
monomaniac	n|a person suffering from monomania|
monomaniacal	adj|obsessed with a single subject or idea|
monomer	n|a simple compound whose molecules can join together to form polymers|
monometallic	adj|containing one atom of metal in the molecule|monometallic carbonyls
monomorium	n|a genus of Formicidae|
monomorium minimum	n|tiny glossy black ant; nests outdoors but invades houses for food|
monomorium pharaonis	n|small red ant of warm regions; a common household pest|
monomorphemic	adj|consisting of only one morpheme|`raise' is monomorphemic but `rays' is not
mononeuropathy	n|any neuropathy of a single nerve trunk|
monongahela	n|a river that rises in northern West Virginia and flows north into Pennsylvania where it joins the Allegheny River at Pittsburgh to form the Ohio River|
monongahela river	n|a river that rises in northern West Virginia and flows north into Pennsylvania where it joins the Allegheny River at Pittsburgh to form the Ohio River|
mononuclear	adj|having only one nucleus|
mononuclear phagocyte system	n|a widely distributed system of free and fixed macrophages derived from bone marrow|
mononucleate	adj|having only one nucleus|
mononucleosis	n|an acute disease characterized by fever and swollen lymph nodes and an abnormal increase of mononuclear leucocytes or monocytes in the bloodstream; not highly contagious; some believe it can be transmitted by kissing|
mononychus olecranus	n|a turkey-sized long-legged fossil 75 million years old found in the Gobi Desert having bird-like fused wrist bones and keeled breastbone and a long tail resembling a dinosaur's; short forelimbs end in a single claw instead of wings; classification as bird or dinosaur is in dispute|
monophonic	adj|designating sound transmission or recording or reproduction over a single channel|	adj|consisting of a single melodic line|
monophonic music	n|music consisting of a single vocal part (usually with accompaniment)|
monophony	n|music consisting of a single vocal part (usually with accompaniment)|
monophthalmos	n|a general of Alexander the Great and king of Macedonia; lost one eye; killed in a battle at Ipsus (382-301 BC)|
monophysite	adj|of or relating to Monophysitism|	n|an adherent of Monophysitism|
monophysitic	adj|of or relating to Monophysitism|
monophysitism	n|a Christian heresy of the 5th and 6th centuries that challenged the orthodox definition of the two natures (human and divine) in Jesus and instead believed there was a single divine nature|
monoplane	n|an airplane with a single wing|
monoplane flying fish	n|having only pectoral fins enlarged|
monoplegia	n|paralysis of a single limb|
monoploid	adj|of a cell or organism having a single set of chromosomes|
monopolisation	n|domination (of a market or commodity) to the exclusion of others|
monopolise	v|have and control fully and exclusively|He monopolizes the laser printer	v|have or exploit a monopoly of|OPEC wants to monopolize oil
monopoliser	n|someone who monopolizes the means of producing or selling something|
monopolist	n|someone who monopolizes the means of producing or selling something|
monopolistic	adj|having exclusive control over a commercial activity by possession or legal grant|
monopolization	n|domination (of a market or commodity) to the exclusion of others|
monopolize	v|have and control fully and exclusively|He monopolizes the laser printer	v|have or exploit a monopoly of|OPEC wants to monopolize oil
monopolizer	n|someone who monopolizes the means of producing or selling something|
monopoly	n|(economics) a market in which there are many buyers but only one seller|a monopoly on silver	n|exclusive control or possession of something|They have no monopoly on intelligence	n|a board game in which players try to gain a monopoly on real estate as pieces advance around the board according to the throw of a die|
monopoly board	n|a board used for playing monopoly|
monopsony	n|(economics) a market in which goods or services are offered by several sellers but there is only one buyer|
monopteral	adj|having circular columniation|
monorail	n|a railway having a single track|
monorchidism	n|failure of one testes to descend into the scrotum|
monorchism	n|failure of one testes to descend into the scrotum|
monosaccharide	n|a sugar (like sucrose or fructose) that does not hydrolyse to give other sugars; the simplest group of carbohydrates|
monosaccharose	n|a sugar (like sucrose or fructose) that does not hydrolyse to give other sugars; the simplest group of carbohydrates|
monosemous	adj|having only one meaning|
monosemy	n|having a single meaning (absence of ambiguity) usually of individual words or phrases|
monosodium glutamate	n|white crystalline compound used as a food additive to enhance flavor; often used in Chinese cooking|food manufacturers sometimes list MSG simply as `artificial flavors' in ingredient lists
monosomy	n|chromosomal abnormality consisting of the absence of one chromosome from the normal diploid number|
monospaced font	n|a typeface is which each character is given the same width (as by a typewriter)|
monostotic fibrous dysplasia	n|fibrous dysplasia of bone confined to a single bone|
monosyllabic	adj|having or characterized by or consisting of one syllable|
monosyllabic word	n|a word or utterance of one syllable|
monosyllabically	adv|in a monosyllabic manner|
monosyllable	n|a word or utterance of one syllable|
monotheism	n|belief in a single God|
monotheist	n|a believer in one god|
monotheistic	adj|believing that there is only one god|
monothelitism	n|the theological doctrine that Christ had only one will even though he had two natures (human and divine); condemned as heretical in the Third Council of Constantinople|
monotone	adj|of a sequence or function; consistently increasing and never decreasing or consistently decreasing and never increasing in value|	adj|sounded or spoken in a tone unvarying in pitch|the owl's faint monotonous hooting	n|an unchanging intonation|	n|a single tone repeated with different words or different rhythms (especially in rendering liturgical texts)|
monotonic	adj|of a sequence or function; consistently increasing and never decreasing or consistently decreasing and never increasing in value|	adj|sounded or spoken in a tone unvarying in pitch|the owl's faint monotonous hooting
monotonous	adj|tediously repetitious or lacking in variety; all work and no play"|a humdrum existence	adj|sounded or spoken in a tone unvarying in pitch|the owl's faint monotonous hooting
monotonously	adv|in a monotonous manner|the history of the play throughout the latter part of the eighteenth century is monotonously uneventful
monotony	n|the quality of wearisome constancy, routine, and lack of variety|he had never grown accustomed to the monotony of his work	n|constancy of tone or pitch or inflection|
monotremata	n|coextensive with the subclass Prototheria|
monotreme	n|the most primitive mammals comprising the only extant members of the subclass Prototheria|
monotropa	n|leafless fleshy saprophytic plants; in some classifications placed in the family Pyrolaceae|
monotropa hypopithys	n|fleshy tawny or reddish saprophytic herb resembling the Indian pipe and growing in woodland humus of eastern North America; in some classifications placed in a separate genus Hypopitys|
monotropa uniflora	n|small waxy white or pinkish-white saprophytic woodland plant having scalelike leaves and a nodding flower; turns black with age|
monotropaceae	n|used in some classification for saprophytic herbs sometimes included in the family Pyrolaceae: genera Monotropa and Sarcodes|
monotype	n|(biology) a taxonomic group with a single member (a single species or genus)|	n|the sole print made by pressing paper against a painted or inked glass or metal plate|	n|a typesetting machine operated from a keyboard that sets separate characters|
monotypic	adj|consisting of only one type|
monounsaturated	adj|(of long-chain carbon compounds especially fats) saturated except for one multiple bond|
monounsaturated fatty acid	n|an unsaturated fatty acid whose carbon chain has one double or triple valence bond per molecule; found chiefly in olive oil and chicken and almonds|
monovalent	adj|containing only one kind of antibody|	adj|having a valence of 1|
monovular	adj|(of twins) derived from a single egg or ovum|identical twins are monovular
monoxide	n|an oxide containing just one atom of oxygen in the molecule|
monozygotic	adj|derived from a single fertilized egg|monozygotic twins
monozygotic twin	n|either of two twins developed from the same fertilized ovum (having the same genetic material)|
monozygous twin	n|either of two twins developed from the same fertilized ovum (having the same genetic material)|
monro's foramen	n|the small opening (on both the right and left sides) that connects the third ventricle in the diencephalon with the lateral ventricle in the cerebral hemisphere|
monroe	n|a town of southeast Michigan on Lake Erie|	n|a town in north central Louisiana|
monrovia	n|the capital and chief port and largest city of Liberia|
mons	n|a mound of fatty tissue covering the pubic area in women|
mons pubis	n|a mound of fatty tissue covering the pubic area in women|
mons veneris	n|a mound of fatty tissue covering the pubic area in women|
monsieur	n|used as a French courtesy title; equivalent to English `Mr'|
monsignor	n|(Roman Catholic Church) an ecclesiastical title of honor bestowed on some priests|
monsoon	n|a seasonal wind in southern Asia; blows from the southwest (bringing rain) in summer and from the northeast in winter|	n|rainy season in southern Asia when the southwestern monsoon blows, bringing heavy rains|	n|any wind that changes direction with the seasons|
monster	n|an imaginary creature usually having various human and animal parts|	n|someone or something that is abnormally large and powerful|	n|a person or animal that is markedly unusual or deformed|	n|a cruel wicked and inhuman person|
monstera	n|any plant of the genus Monstera; often grown as houseplants|	n|tropical cylindrical fruit resembling a pinecone with pineapple-banana flavor|
monstrance	n|proof by a process of argument or a series of proposition proving an asserted conclusion|	n|(Roman Catholic Church) a vessel (usually of gold or silver) in which the consecrated Host is exposed for adoration|
monstrosity	n|a person or animal that is markedly unusual or deformed|	n|something hideous or frightful|they regarded the atom bomb as a monstrosity
monstrous	adj|abnormally large|	adj|shockingly brutal or cruel|murder is an atrocious crime	adj|distorted and unnatural in shape or size; abnormal and hideous|tales of grotesque serpents eight fathoms long that churned the seas
monstrously	adv|in a hideous manner|her face was hideously disfigured after the accident	adv|in a terribly evil manner|the child was heinously murdered	adv|in a grotesque manner|behind the house lay two nude figures grotesquely bald, with deliberate knife-slashes marking their bodies
mont blanc	n|the highest mountain peak in the Alps; on the border between France and Italy to the south of Geneva (15,781 feet high)|
montage	n|a paste-up made by sticking together pieces of paper or photographs to form an artistic image|he used his computer to make a collage of pictures superimposed on a map
montagu's harrier	n|brownish European harrier|
montaigne	n|French writer regarded as the originator of the modern essay (1533-1592)|
montan wax	n|a hard wax obtained from lignite|
montanan	n|a native or resident of Montana|
montane	adj|of or inhabiting mountainous regions|montane flowers
monte	n|a gambling card game of Spanish origin; 3 or 4 cards are dealt face up and players bet that one of them will be matched before the others as the cards are dealt from the pack one at a time|
monte bianco	n|the highest mountain peak in the Alps; on the border between France and Italy to the south of Geneva (15,781 feet high)|
monte carlo	n|a town and popular resort in the principality of Monaco; famous for its gambling casino|
montego bay	n|port and resort city in northwestern Jamaica|
montenegro	n|a former country bordering on the Adriatic Sea; now part of the Union of Serbia and Montenegro|
monterey	n|a town in western California to the south of San Francisco on a peninsula at the southern end of Monterey Bay|
monterey bay	n|an inlet of the Pacific Ocean in western California|
monterey cypress	n|tall California cypress endemic on Monterey Bay; widely used for ornament as well as reforestation and shelterbelt planting|
monterey pine	n|tall California pine with long needles in bunches of 3, a dense crown, and dark brown deeply fissured bark|
monterrey	n|an industrial city in northeastern Mexico|
montespan	n|French noblewoman who was mistress to Louis XIV until he became attracted to Madame de Maintenon (1641-1707)|
montesquieu	n|French political philosopher who advocated the separation of executive and legislative and judicial powers (1689-1755)|
montessori	n|Italian educator who developed a method of teaching mentally handicapped children and advocated a child-centered approach (1870-1952)|
monteverdi	n|Italian composer (1567-1643)|
montevideo	n|the capital and largest city of Uruguay; a cosmopolitan city and one of the busiest ports in South America|
montez	n|Irish dancer (1818-1861)|
montezuma	n|evergreen tree with large leathery leaves and large pink to orange flowers; considered a link plant between families Bombacaceae and Sterculiaceae|
montezuma cypress	n|cypress of river valleys of Mexican highlands|
montezuma ii	n|the last Aztec emperor in Mexico who was overthrown and killed by Hernando Cortes (1466-1520)|
montezuma's revenge	n|diarrhea contracted in Mexico or Central America|
montfort	n|an English nobleman who led the baronial rebellion against Henry III (1208-1265)|
montgolfier	n|French inventor who (with his brother Josef Michel Montgolfier) pioneered hot-air ballooning (1745-1799)|	n|French inventor who (with his brother Jacques Etienne Montgolfier) pioneered hot-air ballooning (1740-1810)|
montgomery	n|Canadian novelist (1874-1942)|	n|English general during World War II; won victories over Rommel in North Africa and led British ground forces in the invasion of Normandy (1887-1976)|	n|the state capital of Alabama on the Mobile River|
montgomery's tubercle	n|one of the sebaceous glands on the areolae of the breast that lubricate the breast during breast-feeding|
month	n|one of the twelve divisions of the calendar year|he paid the bill last month	n|a time unit of approximately 30 days|he was given a month to pay the bill
month by month	adv|for an indefinite number of months|month by month, the betrayal gnawed at his heart
month of sundays	n|a time perceived as long|I hadn't seen him in a month of Sundays
monthlong	adj|last through a month|a monthlong stay in the hospital
monthly	adj|of or occurring or payable every month|monthly payments	adv|occurring once a month|they meet monthly	n|a periodical that is published every month (or 12 issues per year)|
montia	n|small genus of densely tufted annual herbs; north temperate regions and South America and tropical Africa and Asia|
montia chamissoi	n|a floating or creeping Indian lettuce having terminal racemes of pale rose flowers; wet areas at high elevations of western North America|
montia cordifolia	n|succulent plant with mostly basal leaves; stem bears 1 pair of broadly ovate or heart-shaped leaves and a loose raceme of 3-10 white flowers; western North America|
montia lamprosperma	n|small Indian lettuce of northern regions|
montia perfoliata	n|succulent herb sometimes grown as a salad or pot herb; grows on dunes and waste ground of Pacific coast of North America|
montmartre	n|the highest point in Paris; famous for its associations with many artists|
montpelier	n|capital of the state of Vermont; located in north central Vermont|
montrachet	n|a white Burgundy wine|
montreal	n|a city in southern Quebec province on the Saint Lawrence River; the largest city in Quebec and 2nd largest in Canada; the 2nd largest French-speaking city in the world|
montserrat	n|a volcanic island in the Caribbean; in the West Indies|
montserratian	adj|of or relating to Montserrat or the inhabitants of Montserrat|Montserratian natives	n|a native or inhabitant of Montserrat|
monument	n|a structure erected to commemorate persons or events|	n|an important site that is marked and preserved as public property|	n|a burial vault (usually for some famous person)|
monumental	adj|relating or belonging to or serving as a monument|the use of the arch in monumental architecture	adj|of outstanding significance|Einstein's monumental contributions to physics	adj|imposing in size or bulk or solidity|massive oak doors
monumentalise	v|record or memorialize lastingly with a monument|
monumentalize	v|record or memorialize lastingly with a monument|
moo	v|make a low noise, characteristic of bovines|	n|the sound made by a cow or bull|
moo goo gai pan	n|a Cantonese dish of chicken and sauteed vegetables|
moo-cow	n|female of domestic cattle: "`moo-cow' is a child's term"|
mooch	n|someone who mooches or cadges (tries to get something free)|	v|ask for and get free; be a parasite|
moocher	n|someone who mooches or cadges (tries to get something free)|
mood	n|a characteristic (habitual or relatively temporary) state of feeling|whether he praised or cursed me depended on his temper at the time	n|the prevailing psychological state|the climate of opinion	n|verb inflections that express how the action or state is conceived by the speaker|
moodily	adv|in a moody manner|in the bar, a youngish, sharp-eyed man was staring moodily into a gin and tonic
moodiness	n|a sullen gloomy feeling|	n|having temperamental and changeable moods|
moody	adj|showing a brooding ill humor|a dark scowl	adj|subject to sharply varying moods|a temperamental opera singer
moolah	n|informal terms for money|
moon	n|the natural satellite of the Earth|the average distance to the Moon is 384,400 kilometers	n|any object resembling a moon|he made a moon lamp that he used as a night light	n|the period between successive new moons (29.531 days)|	n|the light of the Moon|moonlight is the smuggler's enemy
moon about	v|be apathetic, gloomy, or dazed|
moon around	v|be idle in a listless or dreamy way|	v|be apathetic, gloomy, or dazed|
moon blindness	n|inability to see clearly in dim light; due to a deficiency of vitamin A or to a retinal disorder|	n|recurrent eye inflammation in horses; sometimes resulting in blindness|
moon carrot	n|any plant of the genus Seseli having dense umbels of small white or pink flowers and finely divided foliage|
moon curser	n|someone who imports or exports without paying duties|
moon daisy	n|tall leafy-stemmed Eurasian perennial with white flowers; widely naturalized; often placed in genus Chrysanthemum|
moon on	v|be idle in a listless or dreamy way|
moon ray	n|a ray of moonlight|
moon shell	n|marine gastropods having smooth rounded shells that form short spires|
moon shot	n|the launching of a spacecraft to the moon|
moon trefoil	n|evergreen shrub of southern European highlands having downy foliage and a succession of yellow flowers throughout the summer followed by curious snail-shaped pods|
moon-curser	n|someone who imports or exports without paying duties|
moon-faced	adj|having a round face|
moon-ray	n|a ray of moonlight|
moon-round	adj|resembling the moon in shape|
moon-splashed	adj|splashed or covered patchily with moonlight|the moon-splashed world
moon-worship	n|the worship of the moon|
moonbeam	n|a ray of moonlight|
mooneye	n|recurrent eye inflammation in horses; sometimes resulting in blindness|
moonfish	n|any of several silvery marine fishes with very flat bodies|	n|large elliptical brightly colored deep-sea fish of Atlantic and Pacific and Mediterranean|
moonflower	n|pantropical climber having white fragrant nocturnal flowers|
moong	n|seed of the mung bean plant; used for food|	n|seed of the mung bean plant used for food|
moonie	n|an often derogatory term for a member of the Unification Church|
moonily	adv|in a dreamy manner|`She would look beautiful in the new dress,' Tommy said dreamily
moonless	adj|without a moon or a visible moon|the dark moonless night
moonlight	n|the light of the Moon|moonlight is the smuggler's enemy	v|work a second job, usually after hours|The law student is moonlighting as a taxi driver
moonlighter	n|a person who holds a second job (usually after hours)|
moonlike	adj|resembling the moon in shape|
moonlit	adj|lighted by moonlight|the moonlit landscape
moonseed	n|plant of the family Menispermaceae having red or black fruit with crescent- or ring-shaped seeds|
moonseed family	n|herbaceous or woody climbers|
moonshell	n|marine gastropods having smooth rounded shells that form short spires|
moonshine	n|the light of the Moon|moonlight is the smuggler's enemy	n|whiskey illegally distilled from a corn mash|	v|distill (alcohol) illegally; produce moonshine|
moonshiner	n|someone who makes or sells illegal liquor|
moonstone	n|a transparent or translucent gemstone with a pearly luster; some specimens are orthoclase feldspar and others are plagioclase feldspar|
moonstruck	adj|insane and believed to be affected by the phases of the moon|
moonwalk	n|a kind of dance step in which the dancer seems to be sliding on the spot|Michael Jackson perfected the moonwalk in the 1980s	n|an exploratory walk by an astronaut on the surface of the moon|
moonwort	n|of America and Eurasia and Australia|
moony	adj|lighted by moonlight|the moonlit landscape	adj|dreamy in mood or nature|a woolgathering moment
moor	n|one of the Muslim people of north Africa; of mixed Arab and Berber descent; converted to Islam in the 8th century; conqueror of Spain in the 8th century|	n|open land usually with peaty soil covered with heather and bracken and moss|	v|secure in or as if in a berth or dock|tie up the boat	v|come into or dock at a wharf|the big ship wharfed in the evening
moor berry	n|an evergreen shrub with leathery leaves|
moor-bird	n|reddish-brown grouse of upland moors of Great Britain|
moorage	n|a fee for mooring|	n|a place where a craft can be made fast|	n|the act of securing an arriving vessel with ropes|
moorbird	n|reddish-brown grouse of upland moors of Great Britain|
moorcock	n|male red grouse|
moore	n|English actor and comedian who appeared on television and in films (born in 1935)|	n|English philosopher (1873-1958)|	n|Irish poet who wrote nostalgic and patriotic verse (1779-1852)|	n|British sculptor whose works are monumental organic forms (1898-1986)|
moorfowl	n|reddish-brown grouse of upland moors of Great Britain|
moorgame	n|reddish-brown grouse of upland moors of Great Britain|
moorhen	n|black gallinule that inhabits ponds and lakes|	n|female red grouse|
mooring	n|a place where a craft can be made fast|	n|(nautical) a line that holds an object (especially a boat) in place|
mooring anchor	n|an anchor used to hold a mooring buoy or a channel marker in place|
mooring line	n|(nautical) a line that holds an object (especially a boat) in place|
mooring mast	n|a tower for mooring airships|
mooring tower	n|a tower for mooring airships|
moorish	adj|relating to or characteristic of the Moors|Moorish courtyard	n|a style of architecture common in Spain from the 13th to 16th centuries; characterized by horseshoe-shaped arches|
moorish arch	n|a round arch that widens before rounding off|
moorish architecture	n|a style of architecture common in Spain from the 13th to 16th centuries; characterized by horseshoe-shaped arches|
moorland	n|open land usually with peaty soil covered with heather and bracken and moss|
moose	n|large northern deer with enormous flattened antlers in the male; called `elk' in Europe and `moose' in North America|
moose-wood	n|maple of eastern North America with striped bark and large two-lobed leaves clear yellow in autumn|	n|deciduous shrub of eastern North America having tough flexible branches and pliable bark and small yellow flowers|
moosewood	n|maple of eastern North America with striped bark and large two-lobed leaves clear yellow in autumn|	n|deciduous shrub of eastern North America having tough flexible branches and pliable bark and small yellow flowers|
moot	adj|of no legal significance (as having been previously decided)|	adj|open to argument or debate|that is a moot question	n|a hypothetical case that law students argue as an exercise|he organized the weekly moot	v|think about carefully; weigh|They considered the possibility of a strike
moot court	n|a mock court where law students argue hypothetical cases|
mop	v|to wash or wipe with or as if with a mop|Mop the hallway now	v|make a sad face and thrust out one's lower lip|mop and mow	n|cleaning implement consisting of absorbent material fastened to a handle; for cleaning floors|
mop handle	n|the handle of a mop|
mop up	v|to wash or wipe with or as if with a mop|Mop the hallway now	v|defeat thoroughly|He mopped up the floor with his opponents	v|finish a task completely|I finally got through this homework assignment	n|a concluding action|
mop-headed	adj|(of trees) having a bushy top without a leader|mop-headed cabbage palms
mopboard	n|a molding covering the joint formed by a wall and the floor|
mope	n|someone who wastes time|	v|move around slowly and aimlessly|	v|be apathetic, gloomy, or dazed|
mope around	v|move around slowly and aimlessly|
moped	n|a motorbike that can be pedaled or driven by a low-powered gasoline engine|
mopes	n|an informal expression for a mildly depressed state|in the dumps
mopper	n|a worker who uses a mop to clean a surface|
moppet	n|a little girl (usually one you are fond of)|
mopping	n|cleaning with a mop|he gave it a good mopping
moquelumnan	n|a Penutian language spoken by the Miwok|
moquette	n|a thick velvety synthetic fabric used for carpets and soft upholstery|
moraceae	n|trees or shrubs having a milky juice; in some classifications includes genus Cannabis|
moraceous	adj|of or pertaining to or characteristic of plants of the family Moraceae|
moraine	n|accumulated earth and stones deposited by a glacier|
moral	adj|concerned with principles of right and wrong or conforming to standards of behavior and character based on those principles|moral sense	adj|psychological rather than physical or tangible in effect|a moral victory	n|the significance of a story or event|the moral of the story is to love thy neighbor
moral certainty	n|certainty based on an inner conviction|she believed in the importance of moral absolutes and moral certainty
moral excellence	n|the quality of doing what is right and avoiding what is wrong|
moral force	n|an efficient incentive|they hoped it would act as a spiritual dynamic on all churches
moral hazard	n|(economics) the lack of any incentive to guard against a risk when you are protected against it (as by insurance)|insurance companies are exposed to a moral hazard if the insured party is not honest
moral obligation	n|an obligation arising out of considerations of right and wrong|he did it out of a feeling of moral obligation
moral philosophy	n|the philosophical study of moral values and rules|
moral principle	n|the principles of right and wrong that are accepted by an individual or a social group|the Puritan ethic	n|the principle that conduct should be moral|
moral sense	n|motivation deriving logically from ethical or moral principles that govern a person's thoughts and actions|
morale	n|a state of individual psychological well-being based upon a sense of confidence and usefulness and purpose|	n|the spirit of a group that makes the members want the group to succeed|
morale booster	n|anything that serves to increase morale|the sight of flowers every morning was my morale builder
morale builder	n|something or someone who influences by building or strengthening morale|
morale building	n|anything that serves to increase morale|the sight of flowers every morning was my morale builder
moralisation	n|indulgence in moral pronouncements; the exposition (often superficially) of a particular moral code|his constant moralizing drove me mad	n|the act of making moral (or more moral)|for years she worked toward the moralization of English literature
moralise	v|interpret the moral meaning of|moralize a story	v|speak as if delivering a sermon; express moral judgements|This man always sermonizes	v|improve the morals of|
moralism	n|a moral maxim|	n|judgments about another person's morality|he could not stand her hectoring moralism
moralist	n|a philosopher who specializes in morals and moral problems|	n|someone who demands exact conformity to rules and forms|
moralistic	adj|narrowly and conventionally moral|
morality	n|concern with the distinction between good and evil or right and wrong; right or good conduct|	n|motivation based on ideas of right and wrong|
morality play	n|an allegorical play popular in the 15th and 16th centuries; characters personified virtues and vices|
moralization	n|indulgence in moral pronouncements; the exposition (often superficially) of a particular moral code|his constant moralizing drove me mad	n|the act of making moral (or more moral)|for years she worked toward the moralization of English literature
moralize	v|interpret the moral meaning of|moralize a story	v|speak as if delivering a sermon; express moral judgements|This man always sermonizes	v|improve the morals of|
moralizing	n|indulgence in moral pronouncements; the exposition (often superficially) of a particular moral code|his constant moralizing drove me mad
morally	adv|with respect to moral principles|morally unjustified	adv|in a moral manner|he acted morally under the circumstances
morals	n|motivation based on ideas of right and wrong|
morass	n|a soft wet area of low-lying land that sinks underfoot|
moratorium	n|a legally authorized postponement before some obligation must be discharged|	n|suspension of an ongoing activity|
moravia	n|a region in the central and eastern part of the Czech Republic; it lies to the east of Bohemia and to the west of the Carpathians|
moravian	adj|of or relating to the people or culture of Moravia|
moray	n|family of brightly colored voracious eels of warm coastal waters; generally nonaggressive to humans but larger species are dangerous if provoked|
moray eel	n|family of brightly colored voracious eels of warm coastal waters; generally nonaggressive to humans but larger species are dangerous if provoked|
moray firth	n|an inlet of the North Sea on the northeast coast of Scotland|
morbid	adj|suggesting an unhealthy mental state|morbid interest in death	adj|suggesting the horror of death and decay|morbid details	adj|caused by or altered by or manifesting disease or pathology|diseased tonsils
morbidity	n|the relative incidence of a particular disease|	n|an abnormally gloomy or unhealthy state of mind|his fear of being alone verges on morbidity	n|the quality of being unhealthful and generally bad for you|
morbidly	adv|in a morbid manner or to a morbid degree|he was morbidly fascinated by dead bodies
morbidness	n|an abnormally gloomy or unhealthy state of mind|his fear of being alone verges on morbidity	n|the quality of being unhealthful and generally bad for you|
morbific	adj|able to cause disease|infective agents
morbilli	n|an acute and highly contagious viral disease marked by distinct red spots followed by a rash; occurs primarily in children|
morbilliform	adj|of a rash that resembles that of measles|
morceau	n|a short literary or musical composition|
morchella	n|genus of edible fungi: morel|
morchella angusticeps	n|a morel whose pitted fertile body is attached to the stalk with little free skirt around it; the fertile body is grey when young and black in old age|
morchella conica	n|a morel whose pitted fertile body is attached to the stalk with little free skirt around it; the fertile body is grey when young and black in old age|
morchella crassipes	n|a delicious morel with a conic fertile portion having deep and irregular pits|
morchella esculenta	n|an edible and choice morel with a globular to elongate head with an irregular pattern of pits and ridges|
morchella semilibera	n|a morel with the ridged and pitted fertile portion attached to the stipe for about half its length|
morchellaceae	n|a family of edible fungi including the true morels|
mordacious	adj|capable of wounding|a barbed compliment	adj|biting or given to biting|they deliberately gave me a skittish and mordacious mount
mordaciously	adv|in a mordacious manner|she taunted him mordaciously
mordacity	n|a disposition to biting|
mordant	adj|harshly ironic or sinister|black humor	adj|of a substance, especially a strong acid; capable of destroying or eating away by chemical action|	n|a substance used to treat leather or other materials before dyeing; aids in dyeing process|
mordecai richler	n|Canadian novelist (born in 1931)|
mordva	n|a member of the agricultural people living in the central Volga provinces of European Russia|	n|the Finnic language spoken by the Mordvinians|
mordvin	n|a member of the agricultural people living in the central Volga provinces of European Russia|	n|the Finnic language spoken by the Mordvinians|
mordvinian	n|a member of the agricultural people living in the central Volga provinces of European Russia|	n|the Finnic language spoken by the Mordvinians|
more	adj|(comparative of `much' used with mass nouns) a quantifier meaning greater in size or amount or extent or degree|more land	adj|(comparative of `many' used with count nouns) quantifier meaning greater in number|a hall with more seats	adv|used to form the comparative of some adjectives and adverbs|more interesting	adv|comparative of much; to a greater degree or extent|he works more now
more and more	adv|advancing in amount or intensity|she became increasingly depressed
more often than not	adv|usually; as a rule|by and large it doesn't rain much here
more or less	adv|(of quantities) imprecise but fairly close to correct|lasted approximately an hour	adv|to a small degree or extent|his arguments were somewhat self-contradictory
more than	adj|(comparative of `much' used with mass nouns) a quantifier meaning greater in size or amount or extent or degree|more land
moreau river	n|a river that rises in western South Dakota and flows eastward to the Missouri River|
moreen	n|a heavy fabric of wool (or wool and cotton) used mostly in upholstery or for curtains|
morel	n|any of various edible mushrooms of the genus Morchella having a brownish spongelike cap|
morelia spilotes variegatus	n|Australian python with a variegated pattern on its back|
morello	n|any of several cultivated sour cherry trees bearing fruit with dark skin and juice|	n|cultivated sour cherry with dark-colored skin and juice|
moreover	adv|in addition; furthermore, their quality is improving"; moreover, mice nested there"|computer chess games are getting cheaper all the time
mores	n|(sociology) the conventions that embody the fundamental values of a group|
moresque	adj|relating to or characteristic of the Moors|Moorish courtyard
moreton bay	n|an arm of the Tasman Sea forming a bay to the east of Brisbane|
moreton bay chestnut	n|Australian tree having pinnate leaves and orange-yellow flowers followed by large woody pods containing 3 or 4 seeds that resemble chestnuts; yields dark strong wood|
moreton bay pine	n|pine of Australia and New Guinea; yields a valuable light even-textured wood|
moreton bay tulipwood	n|Australian tree yielding a variegated tulipwood|
morgan	n|a Welsh buccaneer who raided Spanish colonies in the West Indies for the English (1635-1688)|
morgan city	n|a town in southeast Louisiana to the south of Baton Rouge|
morgan le fay	n|(Arthurian legend) a wicked enchantress who was the half sister and enemy of King Arthur|
morganatic	adj|(of marriages) of a marriage between one of royal or noble birth and one of lower rank; valid but with the understanding that the rank of the inferior remains unchanged and offspring do not succeed to titles or property of the superior|
morganite	n|a kind of pink beryl used as a gemstone|
morgantown	n|a city in northern West Virginia on the Monongahela river near the Pennsylvania border; site of the University of West Virginia|
morgen	n|a South African unit of measure equal to about 2 acres|
morgue	n|a building (or room) where dead bodies are kept before burial or cremation|
moribund	adj|not growing or changing; without force or vitality|	adj|being on the point of death; breathing your last|a moribund patient
morion	n|a metal helmet worn by common soldiers in the 16th century|
morlett's crocodile	n|a variety of crocodile|
mormon	adj|of or pertaining to or characteristic of the Mormon Church|Mormon leaders	n|the ancient prophet whose writings were revealed to Joseph Smith who founded the Church of Jesus Christ of Latter-Day Saints|	n|a member of the Church of Jesus Christ of Latter-Day Saints|
mormon church	n|church founded by Joseph Smith in 1830 with headquarters in Salt Lake City, Utah|
mormon tabernacle	n|the Mormon temple|
mormonism	n|the doctrines and practices of the Mormon Church based on the Book of Mormon|
mormons	n|church founded by Joseph Smith in 1830 with headquarters in Salt Lake City, Utah|
morn	n|the time period between dawn and noon|I spent the morning running errands
mornay sauce	n|onion-flavored creamy cheese sauce with egg yolk and grated cheese|
morning	n|the time period between dawn and noon|I spent the morning running errands	n|a conventional expression of greeting or farewell|	n|the first light of day|we got up before dawn	n|the earliest period|the dawn of civilization
morning coat	n|a man's full-dress jacket with two long tapering tails at the back|
morning dress	n|formal attire for men during the daytime|	n|a woman's informal dress for housework|
morning glory	n|any of various twining vines having funnel-shaped flowers that close late in the day|
morning prayer	n|the first canonical hour; at daybreak|
morning room	n|a sitting room used during the daylight hours|
morning sickness	n|nausea early in the day; a characteristic symptom in the early months of pregnancy|
morning star	n|a planet (usually Venus) seen just before sunrise in the eastern sky|
morning time	n|the time period between dawn and noon|I spent the morning running errands
morning-after pill	n|a large dose of estrogen taken orally within 24 to 72 hours after intercourse; prevents implantation of a fertilized ovum and so acts as a contraceptive; commonly used after rape or incest|
morning-glory family	n|morning glory; bindweed; sweet potato; plants having trumpet-shaped flowers and a climbing or twining habit|
moro	n|a member of the predominantly Muslim people in the southern Philippines|
moro reflex	n|a normal reflex of young infants; a sudden loud noise causes the child to stretch out the arms and flex the legs|
moroccan	adj|of or relating to or characteristic of Morocco or its people|Moroccan mosques cannot be entered by infidels	n|a native or inhabitant of Morocco|
moroccan dirham	n|the basic unit of money in Morocco; equal to 100 centimes|
moroccan monetary unit	n|monetary unit in Morocco|
morocco	n|a kingdom (constitutional monarchy) in northwestern Africa with a largely Muslim population; achieved independence from France in 1956|	n|a soft pebble-grained leather made from goatskin; used for shoes and book bindings etc.|
moron	n|a person of subnormal intelligence|	n|a city in Argentina, to the west of Buenos Aires|
morone	n|carnivorous fresh and salt water fishes|
moronic	adj|having a mental age of between eight and twelve years|
moronity	n|mild mental retardation|
morose	adj|showing a brooding ill humor|a dark scowl
morosely	adv|in a morose manner|he fell morosely on the bed
moroseness	n|a gloomy ill-tempered feeling|	n|a sullen moody resentful disposition|
morosoph	n|a learned fool|
morph	v|cause to change shape in a computer animation|The computer programmer morphed the image	v|change shape as via computer animation|In the video, Michael Jackson morphed into a panther
morphallaxis	n|regeneration on a reduced scale of a body part; observed especially in invertebrates such as certain lobsters|
morphea	n|localized scleroderma|
morpheme	n|minimal meaningful language unit; it cannot be divided into smaller meaningful units|
morphemic	adj|of or relating to morphemes|
morpheus	n|the Roman god of sleep and dreams|
morphia	n|an alkaloid narcotic drug extracted from opium; a powerful, habit-forming narcotic used to relieve pain|
morphine	n|an alkaloid narcotic drug extracted from opium; a powerful, habit-forming narcotic used to relieve pain|
morphogenesis	n|differentiation and growth of the structure of an organism (or a part of an organism)|
morphologic	adj|relating to or concerned with the morphology of plants and animals|morphological differences	adj|relating to or concerned with the formation of admissible words in a language|	adj|pertaining to geological structure|geomorphological features of the Black Hills
morphological	adj|relating to or concerned with the formation of admissible words in a language|	adj|pertaining to geological structure|geomorphological features of the Black Hills	adj|relating to or concerned with the morphology of plants and animals|morphological differences
morphological rule	n|a linguistic rule for the formation of words|
morphologically	adv|in a morphological manner; with regard to morphology|these two plants are morphologically related
morphology	n|the branch of biology that deals with the structure of animals and plants|	n|studies of the rules for forming admissible words|	n|the admissible arrangement of sounds in words|	n|the branch of geology that studies the characteristics and configuration and evolution of rocks and land forms|
morphophoneme	n|(linguistics) the phonemes (or strings of phonemes) that constitute the various allomorphs of a morpheme|
morphophonemic	adj|of or relating to morphophonemics|
morphophonemic system	n|the morphophonemics of a particular language|
morphophonemics	n|the study of the phonological realization of the allomorphs of the morphemes of a language|
morphophysiology	n|the study of anatomy in its relation to function|
morrigan	n|Celtic war goddess|
morrigu	n|Celtic war goddess|
morris	n|English poet and craftsman (1834-1896)|
morris chair	n|an armchair with an adjustable back|
morris dance	n|any of various English folk dances performed by dancers in costume|
morris dancer	n|someone who does a morris dance|
morris dancing	n|any of various English folk dances performed by dancers in costume|
morristown	n|a town in northern New Jersey where the Continental Army spent two winters|
morrow	n|the next day|whenever he arrives she leaves on the morrow
morrow's honeysuckle	n|a grey deciduous honeysuckle shrub paired white flowers turning yellow; Japan|
mors	n|(Roman mythology) Roman god of death; counterpart of Thanatos|
morse	n|a telegraph code in which letters and numbers are represented by strings of dots and dashes (short and long signals)|
morse code	n|a telegraph code in which letters and numbers are represented by strings of dots and dashes (short and long signals)|
morsel	n|a small quantity of anything|a morsel of paper was all he needed	n|a small amount of solid food; a mouthful|all they had left was a bit of bread
mortal	adj|subject to death|mortal beings	adj|involving loss of divine grace or spiritual death|the seven deadly sins	adj|unrelenting and deadly|mortal enemy	adj|causing or capable of causing death|a fatal accident
mortal enemy	n|an enemy who wants to kill you|
mortal sin	n|an unpardonable sin entailing a total loss of grace|theologians list seven mortal sins
mortality	n|the quality or state of being mortal|	n|the ratio of deaths in an area to the population of that area; expressed per 1000 per year|
mortality rate	n|the ratio of deaths in an area to the population of that area; expressed per 1000 per year|
mortality table	n|an actuarial table indicating life expectancy and probability of death as a function or age and sex and occupation etc|
mortally	adv|in such a manner that death ensues (also in reference to hatred, jealousy, fear, etc.)|a being of whom the forest Indians are said to be mortally afraid, with a hoof shaped like the heel of a bottle
mortar	n|a muzzle-loading high-angle gun with a short barrel that fires shells at high elevations for a short range|	n|used as a bond in masonry or for covering a wall|	n|a bowl-shaped vessel in which substances can be ground and mixed with a pestle|	v|plaster with mortar|mortar the wall
mortar fire	n|artillery fire delivered by a mortar|
mortarboard	n|a square board with a handle underneath; used by masons to hold or carry mortar|	n|an academic cap with a flat square with a tassel on top|
mortgage	n|a conditional conveyance of property as security for the repayment of a loan|	v|put up as security or collateral|
mortgage application	n|an application for a mortgage loan|
mortgage deed	n|deed embodying a mortgage|
mortgage holder	n|the person who accepts a mortgage|the bank became our mortgagee when it accepted our mortgage on our new home
mortgage loan	n|a loan on real estate that is usually secured by a mortgage|
mortgage-backed security	n|a security created when a group of mortgages are gathered together and bonds are sold to other institutions or the public; investors receive a portion of the interest payments on the mortgages as well as the principal payments; usually guaranteed by the government|
mortgaged	adj|burdened with legal or financial obligations|his house, his business, indeed, his whole life was heavily mortgaged
mortgagee	n|the person who accepts a mortgage|the bank became our mortgagee when it accepted our mortgage on our new home
mortgager	n|the person who gives a mortgage in return for money to be repaid|we became mortgagors when the bank accepted our mortgage and loaned us the money to buy our new home
mortgagor	n|the person who gives a mortgage in return for money to be repaid|we became mortgagors when the bank accepted our mortgage and loaned us the money to buy our new home
mortice	n|a square hole made to receive a tenon and so to form a joint|	v|cut a hole for a tenon in|	v|join by a tenon and mortise|
mortician	n|one whose business is the management of funerals|
mortification	n|strong feelings of embarrassment|	n|the localized death of living cells (as from infection or the interruption of blood supply)|	n|an instance in which you are caused to lose your prestige or self-respect|he had to undergo one humiliation after another	n|(Christianity) the act of mortifying the lusts of the flesh by self-denial and privation (especially by bodily pain or discomfort inflicted on yourself)|
mortified	adj|suffering from tissue death|	adj|made to feel uncomfortable because of shame or wounded pride|too embarrassed to say hello to his drunken father on the street
mortify	v|practice self-denial of one's body and appetites|	v|hold within limits and control|subdue one's appetites	v|cause to feel shame; hurt the pride of|He humiliated his colleague by criticising him in front of the boss	v|undergo necrosis|the tissue around the wound necrosed
mortifying	adj|causing to feel shame or chagrin or vexation|the embarrassing moment when she found her petticoat down around her ankles	adj|causing awareness of your shortcomings|golf is a humbling game
mortimer	n|English nobleman who deposed Edward II and was executed by Edward III (1287-1330)|
mortise	n|a square hole made to receive a tenon and so to form a joint|	v|cut a hole for a tenon in|	v|join by a tenon and mortise|
mortise joint	n|a gliding joint between the distal ends of the tibia and fibula and the proximal end of the talus|	n|a joint made by inserting tenon on one piece into mortise holes in the other|
mortise-and-tenon joint	n|a joint made by inserting tenon on one piece into mortise holes in the other|
mortmain	n|real property held inalienably (as by an ecclesiastical corporation)|	n|the oppressive influence of past events or decisions|
mortuary	adj|of or relating to or characteristic of death|	adj|of or relating to a funeral|	n|a building (or room) where dead bodies are kept before burial or cremation|
morula	n|a solid mass of blastomeres that forms when the zygote splits; develops into the blastula|
morus	n|type genus of the Moraceae: mulberries|
morus alba	n|Asiatic mulberry with white to pale red fruit; leaves used to feed silkworms|
morus nigra	n|European mulberry having dark foliage and fruit|
mosaic	n|art consisting of a design made of small pieces of colored stone or glass|	n|viral disease in solanaceous plants (tomatoes, potatoes, tobacco) resulting in mottling and often shriveling of the leaves|	n|a freeware browser|	n|a pattern resembling a mosaic|
mosaic culture	n|a highly diverse culture|the city's mosaic culture results in great diversity in the arts
mosaic gold	n|a yellow pigment sometimes suspended in lacquer|
mosaic law	n|the laws (beginning with the Ten Commandments) that God gave to the Israelites through Moses; it includes many rules of religious observance given in the first five books of the Old Testament (in Judaism these books are called the Torah)|
mosaicism	n|the condition in which an organism has two or more cell populations that differ in genetic makeup|
mosan	n|a family of Amerindian languages spoken in Washington and British Columbia|
mosander	n|Swedish chemist who discovered rare earth elements (1797-1858)|
moschus	n|musk deer|
moschus moschiferus	n|small heavy-limbed upland deer of central Asia; male secretes valued musk|
moscow	n|a city of central European Russia; formerly capital of both the Soviet Union and Soviet Russia; since 1991 the capital of the Russian Federation|
moselle	n|German white wine from the Moselle valley or a similar wine made elsewhere|
moses	n|(Old Testament) the Hebrew prophet who led the Israelites from Egypt across the Red sea on a journey known as the Exodus; Moses received the Ten Commandments from God on Mount Sinai|
moses maimonides	n|Spanish philosopher considered the greatest Jewish scholar of the Middle Ages who codified Jewish law in the Talmud (1135-1204)|
mosey	v|walk leisurely|
mosh	v|dance the slam dance|
moshav	n|a cooperative Israeli village or settlement comprised of small farms|
moshe dayan	n|Israeli general and statesman (1915-1981)|
moslem	adj|of or relating to or supporting Islamism|Islamic art	n|a believer in or follower of Islam|
moslem calendar	n|the lunar calendar used by Muslims; dates from 622 AD (the year of the Hegira); the beginning of the Muslim year retrogresses through the solar year completing the cycle every 32 years|
mosque	n|(Islam) a Muslim place of worship that usually has a minaret|
mosquito	n|two-winged insect whose female has a long proboscis to pierce the skin and suck the blood of humans and animals|
mosquito bite	n|a sting inflicted by a mosquito|
mosquito boat	n|a small fast unarmored and lightly armed torpedo boat; P(atrol) T(orpedo) boat|
mosquito craft	n|a small fast unarmored and lightly armed torpedo boat; P(atrol) T(orpedo) boat|
mosquito hawk	n|slender-bodied non-stinging insect having iridescent wings that are outspread at rest; adults and nymphs feed on mosquitoes etc.|
mosquito net	n|a fine net or screen (especially around beds) to protect against mosquitos|
mosquitofish	n|silvery topminnow with rows of black spots of tropical North America and West Indies; important in mosquito control|
moss	n|tiny leafy-stemmed flowerless plants|
moss agate	n|an agate resembling moss with brown, black, or green markings|
moss animal	n|sessile aquatic animal forming mossy colonies of small polyps each having a curved or circular ridge bearing tentacles; attach to stones or seaweed and reproduce by budding|
moss campion	n|tuft- or mat-forming dwarf perennial of Arctic regions of western and central Europe and North America|
moss family	n|a family of mosses|
moss genus	n|a genus of mosses|
moss green	adj|of a moderate somewhat dull yellow-green color|
moss pink	n|low wiry-stemmed branching herb or southern California having fringed pink flowers|
moss-grown	adj|overgrown with moss|	adj|(used pejoratively) out of fashion; old fashioned|moss-grown ideas about family life
moss-trooper	n|a marauder and plunderer (originally operating in the bogs between England and Scotland)|
mossad	n|the Israeli foreign intelligence agency|the primary focus of the Mossad is on Arab nations
mossback	n|an extremely old-fashioned conservative|
mossbauer	n|German physicist (born in 1929)|
mosstone	adj|of a moderate somewhat dull yellow-green color|
mossy	adj|overgrown with moss|	adj|(used pejoratively) out of fashion; old fashioned|moss-grown ideas about family life
mossy saxifrage	n|tufted or mat-forming perennial of mountains of Europe; cultivated for its white flowers|
mossy-cup oak	n|medium to large deciduous oak of central and eastern North America with ovoid acorns deeply immersed in large fringed cups; yields tough close-grained wood|
mossycup oak	n|medium to large deciduous oak of central and eastern North America with ovoid acorns deeply immersed in large fringed cups; yields tough close-grained wood|
most	adv|used to form the superlative|the king cobra is the most dangerous snake	adv|very|a most welcome relief	adv|(of actions or states) slightly short of or not quite accomplished; all but|the job is (just) about done	adj|(superlative of `many' used with count nouns and often preceded by `the') quantifier meaning the greatest in number|who has the most apples?
most especially	adv|above and beyond all other consideration|above all, you must be independent
most importantly	adv|above and beyond all other consideration|above all, you must be independent
most valuable player	n|the player judged to be the most important to the sport|
most-favored-nation	adj|of or relating to a commercial treaty where two nations agree to accord each other the same favorable terms that would be offered in treaties with any other nation|
most-valuable	adj|designating the player judged to be the most important to the sport|the most-valuable player award
mostaccioli	n|pasta somewhat resembling little moustaches|
mostly	adv|in large part; mainly or chiefly|These accounts are largely inactive	adv|usually; as a rule|by and large it doesn't rain much here
mosul	n|a city in northern Iraq on the Tigris across from the ruins of Nineveh|
mot	n|a clever remark|	n|a compulsory annual test of older motor vehicles for safety and exhaust fumes|
mot juste	n|the appropriate word or expression|
mot test	n|a compulsory annual test of older motor vehicles for safety and exhaust fumes|
motacilla	n|type genus of the Motacillidae: wagtails|
motacillidae	n|pipits and wagtails|
mote	n|(nontechnical usage) a tiny piece of anything|
motel	n|a motor hotel|
motel room	n|a sleeping room in a motel|
motet	n|an unaccompanied choral composition with sacred lyrics; intended to be sung as part of a church service; originated in the 13th century|
moth	n|typically crepuscular or nocturnal insect having a stout body and feathery or hairlike antennae|
moth bean	n|East Indian legume having hairy foliage and small yellow flowers followed by cylindrical pods; used especially in India for food and forage and as a soil conditioner; sometimes placed in genus Phaseolus|
moth miller	n|any of various moths that have powdery wings|
moth mullein	n|European mullein with smooth leaves and large yellow or purplish flowers; naturalized as a weed in North America|
moth orchid	n|any of various orchids of the genus Phalaenopsis having often drooping glossy broad obovate or oval leaves usually dark green flushed purple or mottled grey and silver|
moth plant	n|any of various orchids of the genus Phalaenopsis having often drooping glossy broad obovate or oval leaves usually dark green flushed purple or mottled grey and silver|
moth-eaten	adj|showing signs of wear and tear|a ratty old overcoat	adj|worn or eaten away by (or as if by) moths|moth-eaten blankets	adj|lacking originality or spontaneity; no longer new|moth-eaten theories about race
moth-resistant	adj|resistant to damage by moths|
mothball	n|a small sphere of camphor or naphthalene used to keep moths away from stored clothing|	v|put into long-term storage|
mother	n|a woman who has given birth to a child (also used as a term of address to your mother)|the mother of three children	n|a stringy slimy substance consisting of yeast cells and bacteria; forms during fermentation and is added to cider or wine to produce vinegar|	n|a term of address for an elderly woman|	n|a term of address for a mother superior|
mother board	n|the main circuit board for a computer|
mother carey's chicken	n|medium-sized storm petrel|
mother carey's hen	n|medium-sized storm petrel|
mother cell	n|cell from which another cell of an organism (usually of a different sort) develops|a sperm cell develops from a sperm mother cell
mother country	n|the country where you were born|
mother figure	n|a woman who evokes the feelings usually reserved for a mother|
mother fucker	n|insulting terms of address for people who are stupid or irritating or ridiculous|
mother goose	n|the imaginary author of a collection of nursery rhymes|
mother hen	n|a person who cares for the needs of others (especially in an overprotective or interfering way)|	n|a hen with chicks|
mother hubbard	n|a woman's loose unbelted dress|
mother lode	n|the main vein of ore in a deposit|
mother of thyme	n|fragrant European mint having clusters of small violet-and-white flowers; naturalized especially in eastern North America|
mother superior	n|the superior of a group of nuns|
mother teresa	n|Indian nun and missionary in the Roman Catholic Church (born of Albanian parents in what is now Macedonia); dedicated to helping the poor in India (1910-1997)|
mother theresa	n|Indian nun and missionary in the Roman Catholic Church (born of Albanian parents in what is now Macedonia); dedicated to helping the poor in India (1910-1997)|
mother tongue	n|one's native language; the language learned by children and passed from one generation to the next|
mother wit	n|sound practical judgment|Common sense is not so common
mother's boy	n|a boy excessively attached to his mother; lacking normal masculine interests|
mother's daughter	n|a daughter who is favored by and similar to her mother|
mother's day	n|second Sunday in May|
mother's milk	n|milk secreted by a woman who has recently given birth|
mother's son	n|a male person|every mother's son who could walk was there
mother-in-law	n|the mother of your spouse|
mother-in-law plant	n|an evergreen plant with large showy dark green leaves; contains a poison that swells the tongue and throat hence the name|
mother-in-law's tongue	n|stemless plant having narrow rigid leaves often cultivated as a houseplant|	n|an evergreen plant with large showy dark green leaves; contains a poison that swells the tongue and throat hence the name|
mother-naked	adj|as naked as at birth|
mother-of-pearl	n|the iridescent internal layer of a mollusk shell|
mother-of-pearl cloud	n|a luminous iridescent cloud at a high altitude that may be seen when the sun is a few degrees below the horizon|
mother-of-thousands	n|eastern Asiatic saxifrage with racemes of small red-and-white flowers; spreads by numerous creeping stolons|
motherese	n|an adult's imitation of the speech of a young child|
motherfucker	n|insulting terms of address for people who are stupid or irritating or ridiculous|
motherhood	n|the kinship relation between an offspring and the mother|
motherland	n|the country where you were born|
motherless	adj|having no living or known mother|
motherlike	adj|suggestive of or acting like a mother|
motherliness	n|the quality of having or showing the tenderness and warmth and affection of or befitting a mother|the girl's motherliness made her invaluable in caring for the children
motherly	adj|befitting a mother; warm and nurturing|	adv|in a maternal manner; as a mother|she loved her students almost maternally
motherwort	n|bitter Old World herb of hedgerows and woodland margins having toothed leaves and white or pale pink flowers|
mothproof	adj|resistant to damage by moths|	v|protect from moths|mothproof woollen clothes during the summer
mothy	adj|worn or eaten away by (or as if by) moths|moth-eaten blankets	adj|infested with moths|
motif	n|a design or figure that consists of recurring shapes or colors, as in architecture or decoration|	n|a theme that is repeated or elaborated in a piece of music|	n|a unifying idea that is a recurrent element in literary or artistic work|it was the usual `boy gets girl' theme
motile	adj|(of spores or microorganisms) capable of movement|	n|one whose prevailing mental imagery takes the form of inner feelings of action|
motilin	n|a gastrointestinal hormone that apparently participates in controlling smooth muscle contractions in the stomach and small intestine|
motility	n|ability to move spontaneously and independently|	n|a change of position that does not entail a change of location|the reflex motion of his eyebrows revealed his surprise
motion	n|the use of movements (especially of the hands) to communicate familiar or prearranged signals|	n|a natural event that involves a change in the position or location of something|	n|a change of position that does not entail a change of location|the reflex motion of his eyebrows revealed his surprise	n|a state of change|they were in a state of steady motion
motion picture	n|a form of entertainment that enacts a story by sound and a sequence of images giving the illusion of continuous movement|they went to a movie every Saturday night
motion sickness	n|the state of being dizzy or nauseated because of the motions that occur while traveling in or on a moving vehicle|
motion study	n|an analysis of a specific job in an effort to find the most efficient method in terms of time and effort|
motion-picture camera	n|a camera that takes a sequence of photographs that can give the illusion of motion when viewed in rapid succession|
motion-picture fan	n|someone who goes to see movies|
motion-picture film	n|photographic film several hundred feet long and wound on a spool; to be used in a movie camera|
motion-picture photography	n|the act of making a film|
motion-picture show	n|a form of entertainment that enacts a story by sound and a sequence of images giving the illusion of continuous movement|they went to a movie every Saturday night
motional	adj|of or relating to or characterized by motion|
motionless	adj|not in physical motion|the inertia of an object at rest
motionlessly	adv|without moving; in a motionless manner|he saw the black-haired man waiting motionlessly behind the opposite side of the platform
motionlessness	n|a state of no motion or movement|the utter motionlessness of a marble statue
motivate	v|give an incentive for action|This moved me to sacrifice my career
motivated	adj|provided with a motive or given incentive for action|a highly motivated child can learn almost anything
motivating	adj|impelling to action|it may well be that ethical language has primarily a motivative function"- Arthur Pap	n|the act of motivating; providing incentive|
motivation	n|the psychological feature that arouses an organism to action toward a desired goal; the reason for the action; that which gives purpose and direction to behavior|we did not understand his motivation	n|the condition of being motivated|his motivation was at a high level	n|the act of motivating; providing incentive|
motivational	adj|of or relating to motivation|
motivative	adj|impelling to action|it may well be that ethical language has primarily a motivative function"- Arthur Pap
motivator	n|a positive motivational influence|
motive	adj|causing or able to cause motion|a motive force	adj|impelling to action|it may well be that ethical language has primarily a motivative function"- Arthur Pap	n|the psychological feature that arouses an organism to action toward a desired goal; the reason for the action; that which gives purpose and direction to behavior|we did not understand his motivation	n|a theme that is repeated or elaborated in a piece of music|
motive power	n|the power or ability to move|
motiveless	adj|occurring without motivation or provocation|motiveless malignity
motivity	n|the power or ability to move|
motley	adj|consisting of a haphazard assortment of different kinds|an arrangement of assorted spring flowers	adj|having sections or patches colored differently and usually brightly|a jester dressed in motley	n|a collection containing a variety of sorts of things|a great assortment of cars was on display	n|a garment made of motley (especially a court jester's costume)|
motley fool	n|a professional clown employed to entertain a king or nobleman in the Middle Ages|
motoneuron	n|a neuron conducting impulses outwards from the brain or spinal cord|
motor	adj|conveying information to the muscles from the CNS|motor nerves	adj|causing or able to cause motion|a motive force	n|machine that converts other forms of energy into mechanical energy and so imparts motion|	n|a nonspecific agent that imparts motion|happiness is the aim of all men and the motor of all action
motor aphasia	n|aphasia in which expression by speech or writing is severely impaired|
motor area	n|the cortical area that influences motor movements|
motor ataxia	n|inability to coordinate voluntary muscle movements; unsteady movements and staggering gait|
motor control	n|control of muscles|
motor cortex	n|the cortical area that influences motor movements|
motor end plate	n|the flattened end of a motor neuron that transmits neural impulses to a muscle|
motor fiber	n|a nerve fiber that carries impulses toward the muscles or glands|
motor home	n|a recreational vehicle equipped for camping out while traveling|
motor horn	n|a device on an automobile for making a warning noise|
motor hotel	n|a hotel for motorists; provides direct access from rooms to parking area|
motor inn	n|a hotel for motorists; provides direct access from rooms to parking area|
motor lodge	n|a hotel for motorists; provides direct access from rooms to parking area|
motor memory	n|your memory for motor skills|
motor mower	n|a lawn mower powered by a gasoline motor|
motor nerve	n|a nerve that conveys impulses toward or to muscles or glands|
motor nerve fiber	n|a neuron conducting impulses outwards from the brain or spinal cord|
motor neuron	n|a neuron conducting impulses outwards from the brain or spinal cord|
motor oil	n|oil used to lubricate the moving parts of a motor|
motor pool	n|a fleet of military vehicles controlled by a single agency and available for use as needed|
motor region	n|the cortical area that influences motor movements|
motor scooter	n|a wheeled vehicle with small wheels and a low-powered gasoline engine geared to the rear wheel|
motor torpedo boat	n|a small fast unarmored and lightly armed torpedo boat; P(atrol) T(orpedo) boat|
motor vehicle	n|a self-propelled wheeled vehicle that does not run on rails|
motor-assisted	adj|relying on an engine for propulsion in addition to muscle power|a motor-assisted bicycle
motorbike	n|small motorcycle with a low frame and small wheels and elevated handlebars|	v|ride a motorcycle|
motorboat	n|a boat propelled by an internal-combustion engine|	v|ride in a motorboat|
motorbus	n|a vehicle carrying many passengers; used for public transport|he always rode the bus to work
motorcade	n|a procession of people traveling in motor cars|
motorcar	n|a motor vehicle with four wheels; usually propelled by an internal combustion engine|he needs a car to get to work
motorcoach	n|a vehicle carrying many passengers; used for public transport|he always rode the bus to work
motorcycle	n|a motor vehicle with two wheels and a strong frame|	v|ride a motorcycle|
motorcycle cop	n|a policeman who rides a motorcycle (and who checks the speeds of motorists)|
motorcycle policeman	n|a policeman who rides a motorcycle (and who checks the speeds of motorists)|
motorcycling	n|riding a motorcycle|motorcycling is a dangerous sport
motorcyclist	n|a traveler who rides a motorcycle|
motored	adj|equipped with a motor or motors|a motorized wheelchair
motorial	adj|of nerves and nerve impulses; conveying information away from the CNS|efferent nerves and impulses
motoring	n|the act of driving an automobile|
motorisation	n|the act of motorizing (equiping with motors or with motor vehicles)|
motorise	v|equip with armed and armored motor vehicles|mechanize armies
motorised	adj|equipped with a motor or motors|a motorized wheelchair
motorist	n|someone who drives (or travels in) an automobile|
motorization	n|the act of motorizing (equiping with motors or with motor vehicles)|
motorize	v|equip with a motor vehicle|The police around here are not motorized and patrol the streets on horseback	v|equip with a motor|motorized scooters are now the rage	v|equip with armed and armored motor vehicles|mechanize armies
motorized	adj|equipped with a motor or motors|a motorized wheelchair	adj|using vehicles|motorized warfare
motorized wheelchair	n|a wheelchair propelled by a motor|
motorless	adj|having no motor|
motorman	n|the operator of streetcar|
motormouth	n|someone who talks incessantly|I wish that motormouth would shut up
motortruck	n|an automotive vehicle suitable for hauling|
motorway	n|a broad highway designed for high-speed traffic|
motrin	n|a nonsteroidal anti-inflammatory and analgesic medicine (trade names Advil and Motrin and Nuprin) used to relieve the pain of arthritis and as an antipyretic|daily use of ibuprofen can irritate the stomach
mottle	v|mark with spots or blotches of different color or shades of color as if stained|	v|colour with streaks or blotches of different shades|	n|an irregular arrangement of patches of color|it was not dull grey as distance had suggested, but a mottle of khaki and black and olive-green
mottled	adj|having spots or patches of color|
mottling	n|the act of coloring with areas of different shades|
motto	n|a favorite saying of a sect or political group|
moue	n|a disdainful grimace|
moufflon	n|wild mountain sheep of Corsica and Sardinia|
mouflon	n|wild mountain sheep of Corsica and Sardinia|
moujik	n|a Russian peasant (especially prior to 1917)|
moukden	n|a city in northeastern China|
mould	v|form in clay, wax, etc|model a head with clay	v|form by pouring (e.g., wax or hot metal) into a cast or mold|cast a bronze sculpture	v|make something, usually for a specific function|She molded the rice balls carefully	n|loose soil rich in organic matter|
mouldboard	n|wedge formed by the curved part of a steel plow blade that turns the furrow|
mouldboard plough	n|plow that has a moldboard|
moulder	v|break down|The bodies decomposed in the heat
moulding	n|a decorative strip used for ornamentation or finishing|	n|a decorative recessed or relieved surface on an edge|	n|sculpture produced by molding|	n|a preliminary sculpture in wax or clay from which a finished work can be copied|
mouldy	adj|covered with or smelling of mold|moldy bread
moulin	n|a chute through which supraglacial water enters a glacier, boring either to the bedrock or to the depth of common crevasse formation|the icy river plunged, roaring, into the moulin's blue depths
moulmein	n|a port city of southern Myanmar on the Gulf of Martaban|
moult	n|periodic shedding of the cuticle in arthropods or the outer skin in reptiles|	v|cast off hair, skin, horn, or feathers|our dog sheds every Spring
moulter	n|an animal (especially birds and arthropods and reptiles) that periodically shed their outer layer (feathers or cuticle or skin or hair)|
moulting	n|periodic shedding of the cuticle in arthropods or the outer skin in reptiles|
mound	n|(baseball) the slight elevation on which the pitcher stands|	n|a small natural hill|	n|a collection of objects laid on top of each other|	n|structure consisting of an artificial heap or bank usually of earth or stones|they built small mounds to hide behind
mound bird	n|large-footed short-winged birds of Australasia; build mounds of decaying vegetation to incubate eggs|
mound builder	n|prehistoric Amerindians who built altar mounds|	n|large-footed short-winged birds of Australasia; build mounds of decaying vegetation to incubate eggs|
mound over	v|form mounds over|The huts can be mounded over to form shelters	v|form a mound over|
mound-bird	n|large-footed short-winged birds of Australasia; build mounds of decaying vegetation to incubate eggs|
mounded over	adj|having a wound formed over it|
mount	v|attach to a support|They mounted the aerator on a floating	v|go up or advance|Sales were climbing after prices were lowered	v|fix onto a backing, setting, or support|mount slides for macroscopic analysis	v|put up or launch|mount a campaign against pornography
mount adams	n|a mountain peak in southwestern Washington in the Cascade Range (12,307 feet high)|
mount ararat	n|the mountain peak that Noah's ark landed on as the waters of the great flood receded|
mount asama	n|a volcano in central Honshu near Nagano; one of the largest volcanoes in Japan (8,340 feet)|
mount athos	n|an autonomous area in northeastern Greece that is the site of several Greek Orthodox monasteries founded in the tenth century|
mount bartle frere	n|the highest mountain peak in Queensland, Australia|
mount carmel	n|a mountain range in northwestern Israel near the Mediterranean coast|according to the Old Testament, Elijah defeated the priests of Baal at Mount Carmel
mount communism	n|the highest mountain peak in the Pamir Mountains; near the Chinese border in northeastern Tajikistan (24,590 feet high)|
mount cook lily	n|showy white-flowered perennial of New Zealand|
mount elbert	n|the highest peak in the Rocky Mountains in central Colorado (14,431 feet high)|
mount etna	n|an inactive volcano in Sicily; last erupted in 1961; the highest volcano in Europe (10,500 feet)|
mount everest	n|a mountain in the central Himalayas on the border of Tibet and Nepal; the highest mountain peak in the world (29,028 feet high)|
mount fuji	n|an extinct volcano in south central Honshu that is the highest peak in Japan; last erupted in 1707; famous for its symmetrical snow-capped peak; a sacred mountain and site for pilgrimages|
mount garmo	n|the highest mountain peak in the Pamir Mountains; near the Chinese border in northeastern Tajikistan (24,590 feet high)|
mount godwin austen	n|a mountain peak in the Karakoram Range in northern Kashmir; the 2nd highest peak in the world (28,250 feet high)|
mount hubbard	n|a mountain peak in southeastern Alaska that is part of the Coast Range (14,950 feet high)|
mount kanchenjunga	n|a mountain the Himalayas on the border between Nepal and Tibet (28,208 feet high)|
mount kilimanjaro	n|the highest peak in Africa; located in northeastern Tanzania; 19,340 feet high|
mount logan	n|a mountain peak in the St. Elias Range in the southwestern Yukon Territory in Canada (19,850 feet high)|
mount mckinley	n|a mountain in south central Alaska; the highest peak in North America (20,300 feet high)|
mount olympus	n|a mountain peak in northeast Greece near the Aegean coast; believed by ancient Greeks to be the dwelling place of the gods (9,570 feet high)|
mount orizaba	n|an extinct volcano in southern Mexico between Mexico City and Veracruz; the highest peak in Mexico (18,695 feet)|
mount parnassus	n|(Greek mythology) a mountain in central Greece where (according to Greek mythology) the Muses lived; known as the mythological home of music and poetry|Liakoura is the modern name of Mount Parnassus
mount pinatubo	n|a volcano on Luzon to the northwest of Manila; erupted in 1991 after 600 years of dormancy|
mount rainier	n|a mountain peak in central Washington; highest peak in the Cascade Range; (14,410 feet high)|
mount rainier national park	n|a national park in Washington having mountain terrain featuring glaciers and alpine lakes and streams and swamps|
mount rushmore	n|a mountain in the Black Hills of South Dakota; the likenesses of Washington and Jefferson and Lincoln and Roosevelt are carved on it|
mount saint helens	n|an active volcano in the Cascade Range in southwestern Washington; erupted violently in 1980 after 123 years of inactivity|
mount shasta	n|a volcanic mountain peak in the Cascade Range in northern California (14,162 feet high)|
mount sherman	n|a peak in the Rocky Mountains in central Colorado (14,036 feet high)|
mount sinai	n|a mountain peak in the southern Sinai Peninsula (7,500 feet high); it is believed to be the peak on which Moses received the Ten Commandments|
mount st. helens	n|an active volcano in the Cascade Range in southwestern Washington; erupted violently in 1980 after 123 years of inactivity|
mount tacoma	n|a mountain peak in central Washington; highest peak in the Cascade Range; (14,410 feet high)|
mount up	v|get up on the back of|mount a horse
mount vernon	n|the former residence of George Washington in northeastern Virginia overlooking the Potomac river|
mount vesuvius	n|a volcano in southwestern Italy on the Mediterranean coast; a Plinian eruption in 79 AD buried Pompeii and killed Pliny the Elder; last erupted in 1944|
mount whitney	n|the highest peak in the Sierra Nevada range in California (14,494 feet high)|
mount wilson	n|a peak in the San Juan mountains of Colorado (14,246 feet high)|
mountain	n|a land mass that projects well above its surroundings; higher than a hill|	n|(often followed by `of') a large number or amount or extent|a batch of letters
mountain alder	n|small shrubby maple of eastern North America; scarlet in autumn|
mountain anemone	n|silky-foliaged herb of the Rocky Mountains with bluish-white flowers|
mountain ash	n|any of various trees of the genus Sorbus|	n|tree having wood similar to the alpine ash; tallest tree in Australia and tallest hardwood in the world|	n|low-growing ash of Texas|
mountain avens	n|creeping evergreen shrub with large white flowers; widely distributed in northern portions of Eurasia and North America|
mountain azalea	n|creeping mat-forming evergreen shrub of high mountain regions of northern hemisphere grown for its rose-pink flowers|
mountain beaver	n|bulky nocturnal burrowing rodent of uplands of the Pacific coast of North America; the most primitive living rodent|
mountain bike	n|a bicycle with a sturdy frame and fat tires; originally designed for riding in mountainous country|
mountain bladder fern	n|fern of rocky mountainous areas of hemisphere|
mountain box	n|evergreen mat-forming shrub of North America and northern Eurasia having small white flowers and red berries; leaves turn red in autumn|
mountain chain	n|a series of hills or mountains|the valley was between two ranges of hills
mountain chinchilla	n|a rodent native to the mountains of Chile and Peru and now bred in captivity|
mountain clematis	n|climber of northeastern North America having waxy purplish-blue flowers|
mountain climber	n|someone who climbs mountains|
mountain climbing	n|the activity of climbing a mountain|
mountain clubmoss	n|of northern Europe and America; resembling a miniature fir|
mountain cranberry	n|low evergreen shrub of high north temperate regions of Europe and Asia and America bearing red edible berries|
mountain daisy	n|boreal or alpine sandwort|
mountain devil	n|erect bushy shrub of eastern Australia having terminal clusters of red flowers yielding much nectar|	n|desert lizard that feeds on ants|
mountain ebony	n|small East Indian tree having orchid-like flowers and hard dark wood|
mountain everlasting	n|a variety of cat's foot|
mountain fern	n|common European mountain fern having fragrant lemon or balsam scented fronds|
mountain fever	n|caused by rickettsial bacteria and transmitted by wood ticks|
mountain four o'clock	n|leafy wildflower with lavender-pink flowers that open in the evening and remain through cool part of the next day; found in open woods or brush in mountains of southern Colorado to Arizona and into Mexico|
mountain goat	n|sure-footed mammal of mountainous northwestern North America|
mountain gorilla	n|gorilla of Kivu highlands|
mountain grape	n|ornamental evergreen shrub of Pacific coast of North America having dark green pinnate leaves and racemes of yellow flowers followed by blue-black berries|
mountain lady's slipper	n|leafy plant having a few stems in a clump with 1 white and dull purple flower in each upper leaf axil; Alaska to northern California and Wyoming|
mountain laurel	n|Pacific coast tree having aromatic foliage and small umbellate flowers followed by olivelike fruit; yields a hard tough wood|
mountain lily	n|Japanese lily with golden rays|	n|showy white-flowered perennial of New Zealand|
mountain male fern	n|a fern of the genus Dryopteris|
mountain man	n|a man who lives on the frontier|
mountain maple	n|small shrubby maple of eastern North America; scarlet in autumn|
mountain mint	n|any of a number of perennial herbs of the genus Pycnanthemum; eastern North America and California|
mountain nyala	n|shaggy antelope of mountains of Ethiopia|
mountain oak	n|tall timber tree with hard heavy pinkish or light brown wood|
mountain paca	n|rodent of mountains of western South America|
mountain parsley fern	n|fern of Europe and Asia Minor having short slender rhizome and densely tufted bright green fronds resembling parsley|
mountain partridge	n|California partridge; slightly larger than the California quail|
mountain pass	n|the location in a range of mountains of a geological formation that is lower than the surrounding peaks|we got through the pass before it started to snow
mountain peak	n|the summit of a mountain|
mountain pine	n|evergreen tree of New Zealand resembling the kawaka|	n|tall pine of western North America with stout blue-green needles; bark is grey-brown with rectangular plates when mature|	n|low shrubby pine of central Europe with short bright green needles in bunches of two|
mountain pride	n|mat-forming plant with deep pink flowers on short erect leafy stems; rocky places at high elevations from Oregon to California|
mountain quail	n|California partridge; slightly larger than the California quail|
mountain range	n|a series of hills or mountains|the valley was between two ranges of hills
mountain rice	n|valuable forage grass of dry upland areas and plains of western North America to northern Mexico|
mountain rimu	n|low-growing to prostrate shrub with slender trailing branches; New Zealand|
mountain rose	n|European alpine rose with crimson flowers|
mountain sandwort	n|boreal or alpine sandwort|
mountain sheep	n|any wild sheep inhabiting mountainous regions|
mountain sickness	n|nausea and shortness of breath experienced by mountain climbers above ten thousand feet|
mountain spinach	n|Asiatic plant resembling spinach often used as a potherb; naturalized in Europe and North America|
mountain spleenwort	n|a spleenwort of eastern North America|
mountain starwort	n|boreal or alpine sandwort|
mountain sumac	n|common nonpoisonous shrub of eastern North America with compound leaves and green paniculate flowers followed by red berries|
mountain swamp gum	n|medium-sized swamp gum of New South Wales and Victoria|
mountain tea	n|creeping shrub of eastern North America having white bell-shaped flowers followed by spicy red berrylike fruit and shiny aromatic leaves that yield wintergreen oil|
mountain tent	n|a lightweight tent with a floor; flaps close with a zipper|
mountain trail	n|a trail through mountainous country|
mountain viscacha	n|a rodent native to the mountains of Chile and Peru and now bred in captivity|
mountain zebra	n|narrow-striped nearly extinct zebra of southern Africa|
mountaineer	n|someone who climbs mountains|	v|climb mountains for pleasure as a sport|
mountaineering	n|the activity of climbing a mountain|
mountainous	adj|having hills and crags|hilly terrain	adj|like a mountain in size and impressiveness|mountainous waves	adj|containing many mountains|
mountainside	n|the side or slope of a mountain|conifer forests cover the eastern versant
mountebank	n|a flamboyant deceiver; one who attracts customers with tricks or jokes|
mounted	adj|assembled for use; especially by being attached to a support|	adj|decorated with applied ornamentation; often used in combination|the trim brass-mounted carbine of the ranger"- F.V.W.Mason
mounter	n|a skilled worker who mounts pictures or jewels etc.|	n|someone who ascends on foot|a solitary mounter of the staircase
mountie	n|colloquial term for a member of the Royal Canadian Mounted Police|
mounties	n|the federal police force of Canada|
mounting	n|an event that involves rising to a higher point (as in altitude or temperature or intensity etc.)|	n|framework used for support or display|
mourn	v|feel sadness|She is mourning her dead child	v|observe the customs of mourning after the death of a loved one|
mourner	n|a person who is feeling grief (as grieving over someone who has died)|
mournful	adj|expressing sorrow|	adj|filled with or evoking sadness|the child's doleful expression
mournfully	adv|in a mournful manner|the young man stared into his glass mournfully
mournfulness	n|a state of gloomy sorrow|
mourning	adj|sorrowful through loss or deprivation|bereft of hope	n|state of sorrow over the death or departure of a loved one|	n|the passionate and demonstrative activity of expressing grief|
mourning band	n|a black band worn by a man (on the arm or hat) as a sign of mourning|
mourning cloak	n|of temperate regions; having dark purple wings with yellow borders|
mourning cloak butterfly	n|of temperate regions; having dark purple wings with yellow borders|
mourning ring	n|a ring worn as a memorial to a dead person|
mouse	n|any of numerous small rodents typically resembling diminutive rats having pointed snouts and small ears on elongated bodies with slender usually hairless tails|	n|a swollen bruise caused by a blow to the eye|	n|person who is quiet or timid|	n|a hand-operated electronic device that controls the coordinates of a cursor on your computer screen as you move it around on a pad; on the bottom of the device is a ball that rolls on the surface of the pad|a mouse takes much more room than a trackball
mouse button	n|a push button on the mouse|
mouse click	n|depression of a button on a computer mouse|a click on the right button for example
mouse deer	n|very small hornless deer-like ruminant of tropical Asia and west Africa|
mouse ear	n|small perennial herb having bright blue or white flowers|	n|any of various plants related to the common chickweed|
mouse eared chickweed	n|any of various plants related to the common chickweed|
mouse hare	n|small short-eared burrowing mammal of rocky uplands of Asia and western North America|
mouse mat	n|a small portable pad that provides traction for the ball of a computer mouse|
mouse nest	n|where mice bear and raise their young|
mouse's nest	n|where mice bear and raise their young|
mouse-colored	adj|of something having a drab pale brown color resembling a mouse|a mousy brownish-grey color
mouse-ear chickweed	n|any of various plants related to the common chickweed|
mouse-ear cress	n|a small invasive self-pollinating weed with small white flowers; much studied by plant geneticists; the first higher plant whose complete genome sequence was described|
mouse-ear hawkweed	n|European hawkweed having soft hairy leaves; sometimes placed in genus Hieracium|
mouse-eared	adj|having ears like a mouse's|
mouse-eared bat	n|a carnivorous bat with ears like a mouse|
mouse-sized	adj|having the approximate size of a mouse|
mouse-tooth forceps	n|a type of forceps|
mouselike	adj|of something having a drab pale brown color resembling a mouse|a mousy brownish-grey color
mousepad	n|a small portable pad that provides traction for the ball of a computer mouse|
mouser	n|a cat proficient at mousing|
mousetrap	n|a trap for catching mice|
mousey	adj|infested with mice|	adj|of something having a drab pale brown color resembling a mouse|a mousy brownish-grey color	adj|quiet and timid and ineffectual|
moussaka	n|casserole of eggplant and ground lamb with onion and tomatoes bound with white sauce and beaten eggs|
mousse	n|a rich, frothy, creamy dessert made with whipped egg whites and heavy cream|	n|a light creamy dish made from fish or meat and set with gelatin|	n|toiletry consisting of an aerosol foam used in hair styling|	v|apply a styling gel to|she mousses her hair
mousseline de sole	n|a gauze-like fabric of silk or rayon|
moussorgsky	n|Russian composer of operas and orchestral works (1839-1881)|
moustache	n|an unshaved growth of hair on the upper lip|he looked younger after he shaved off his mustache
moustache cup	n|a drinking cup with a bar inside the rim to keep a man's mustache out of the drink|
moustachio	n|a large bushy moustache (with hair growing sometimes down the sides of the mouth)|
mousy	adj|quiet and timid and ineffectual|	adj|infested with mice|	adj|of something having a drab pale brown color resembling a mouse|a mousy brownish-grey color
mouth	n|the opening through which food is taken in and vocalizations emerge|he stuffed his mouth with candy	n|the externally visible part of the oral cavity on the face and the system of organs surrounding the opening|she wiped lipstick from her mouth	n|an opening that resembles a mouth (as of a cave or a gorge)|he rode into the mouth of the canyon	n|the point where a stream issues into a larger body of water|New York is at the mouth of the Hudson
mouth bow	n|a small lyre-shaped musical instrument that is placed between the teeth and played by twanging a wire tongue while changing the shape of the mouth cavity|
mouth harp	n|a small rectangular free-reed instrument having a row of free reeds set back in air holes and played by blowing into the desired hole|
mouth hole	n|a hole (as in a ski mask) for the mouth|
mouth off	v|talk in a noisy, excited, or declamatory manner|
mouth organ	n|a small rectangular free-reed instrument having a row of free reeds set back in air holes and played by blowing into the desired hole|
mouth-to-mouth resuscitation	n|an emergency procedure consisting of external cardiac massage and artificial respiration; the first treatment for a person who has collapsed and has no pulse and has stopped breathing; attempts to restore circulation of the blood and prevent death or brain damage due to lack of oxygen|
mouth-watering	adj|pleasing to the sense of taste|
mouthbreeder	n|any of various fishes that carry their eggs and their young in their mouths|
mouthful	n|the quantity that can be held in the mouth|	n|a small amount eaten or drunk|take a taste--you'll like it
mouthless	adj|having no mouth or mouthlike opening|
mouthlike	adj|of an opening that resembles a mouth|
mouthpart	n|any part of the mouth of an insect or other arthropod especially one adapted to a specific way of feeding|
mouthpiece	n|a part that goes over or into the mouth of a person|the mouthpiece of a respirator	n|an acoustic device; the part of a telephone into which a person speaks|	n|a spokesperson (as a lawyer)|	n|(especially boxing) equipment that protects an athlete's mouth|
mouthwash	n|a medicated solution used for gargling and rinsing the mouth|
mouton	n|meat from a mature domestic sheep|
movability	n|the quality of being movable; capable of being moved or rearranged|
movable	adj|(of personal property as opposed to real estate) can be moved from place to place (especially carried by hand)|	adj|capable of being moved or conveyed from one place to another|	n|personal as opposed to real property; any tangible movable property (furniture or domestic animals or a car etc)|
movable barrier	n|a barrier that can be moved to allow passage|
movable feast	n|a religious holiday that falls on different dates in different years|
movableness	n|the quality of being movable; capable of being moved or rearranged|
move	v|change location; move, travel, or proceed, also metaphorically|How fast does your new car go?	v|cause to move or shift into a new position or place, both in a concrete and in an abstract sense|Move those boxes into the corner, please	v|move so as to change position, perform a nontranslational motion|He moved his hand slightly to the right	v|change residence, affiliation, or place of employment|We moved from Idaho to Nebraska
move around	v|pass to the other side of|turn the corner	v|travel from place to place, as for the purpose of finding work, preaching, or acting as a judge|
move back	v|pull back or move away or backward|The enemy withdrew
move back and forth	v|move in one direction and then into the opposite direction|
move in	v|occupy a place|The crowds are moving in	v|of trains; move into (a station)|The bullet train drew into Tokyo Station	v|move into a new house or office|
move in on	v|make intrusive advances towards|	v|seize control of|
move into	v|to come or go into|the boat entered an area of shallow marshes
move involuntarily	v|move in an uncontrolled manner|
move on	v|move forward, also in the metaphorical sense|Time marches on
move out	v|cause to leave|The teacher took the children out of the classroom	v|move out of one's old house or office|
move over	v|move in order to make room for someone for something|The park gave way to a supermarket
move reflexively	v|move in an uncontrolled manner|
move through	v|make a passage or journey from one place to another|The tourists moved through the town and bought up all the souvenirs
move up	v|move to a better position in life or to a better job|She ascended from a life of poverty to one of great renown	v|move upward|The fog lifted
moveable	adj|capable of being moved or conveyed from one place to another|
moveable feast	n|a religious holiday that falls on different dates in different years|
moved	adj|being excited or provoked to the expression of an emotion|too moved to speak
movement	n|a change of position that does not entail a change of location|the reflex motion of his eyebrows revealed his surprise	n|the act of changing location from one place to another|police controlled the motion of the crowd	n|a natural event that involves a change in the position or location of something|	n|a group of people with a common ideology who try together to achieve certain general goals|he was a charter member of the movement
movement for revenge	n|an organization of Muslims in India who killed Hindus in September 2002; believed to have ties with Muslim terrorists in Pakistan|
movement of holy warriors	n|an Islamic fundamentalist group in Pakistan that fought the Soviet Union in Afghanistan in the 1980s; now operates as a terrorist organization primarily in Kashmir and seeks Kashmir's accession by Pakistan|
mover	n|workman employed by a moving company|the movers were very careful with the grand piano	n|(parliamentary procedure) someone who makes a formal motion|	n|someone who moves|	n|a company that moves the possessions of a family or business from one site to another|
mover and shaker	n|a person who wields power and influence|a shaker of traditional beliefs
movie	n|a form of entertainment that enacts a story by sound and a sequence of images giving the illusion of continuous movement|they went to a movie every Saturday night
movie actor	n|an actor who plays a role in a film|
movie camera	n|a camera that takes a sequence of photographs that can give the illusion of motion when viewed in rapid succession|
movie film	n|photographic film several hundred feet long and wound on a spool; to be used in a movie camera|
movie house	n|a theater where films are shown|
movie industry	n|the entertainment industries involved in producing and distributing movies|
movie maker	n|a producer of motion pictures|
movie making	n|the production of movies|
movie projector	n|projects successive frames from a reel of film to create moving pictures|
movie star	n|a star who plays leading roles in the cinema|
movie theater	n|a theater where films are shown|
movie theatre	n|a theater where films are shown|
moviegoer	n|someone who goes to see movies|
moviemaking	n|the production of movies|
movimiento revolucionario tupac anaru	n|a Marxist-Leninist terrorist organization in Peru; was formed in 1983 to overthrow the Peruvian government and replace it with a Marxist regime; has connections with the ELN in Bolivia|
moving	adj|in motion|a constantly moving crowd	adj|arousing or capable of arousing deep emotion|she laid her case of destitution before him in a very moving letter"- N. Hawthorne	adj|used of a series of photographs presented so as to create the illusion of motion|Her ambition was to be in moving pictures or `the movies'
moving company	n|a company that moves the possessions of a family or business from one site to another|
moving expense	n|the cost of moving your residence from one location to another|
moving in	n|the act of occupying or taking possession of a building|occupation of a building without a certificate of occupancy is illegal
moving picture	n|a form of entertainment that enacts a story by sound and a sequence of images giving the illusion of continuous movement|they went to a movie every Saturday night
moving ridge	n|one of a series of ridges that moves across the surface of a liquid (especially across a large body of water)|
moving staircase	n|a stairway whose steps move continuously on a circulating belt|
moving stairway	n|a stairway whose steps move continuously on a circulating belt|
moving van	n|a van used for moving home or office furniture|
moving-coil galvanometer	n|a galvanometer that is operated by the force exerted by an electric current flowing in a movable coil suspended in a magnetic field|
moving-picture show	n|a form of entertainment that enacts a story by sound and a sequence of images giving the illusion of continuous movement|they went to a movie every Saturday night
movingly	adv|in a moving manner|she sang movingly
mow	v|cut with a blade or mower|mow the grass	v|make a sad face and thrust out one's lower lip|mop and mow	n|a loft in a barn where hay is stored|
mow down	v|kill a large number of people indiscriminately|The Hutus massacred the Tutsis in Rwanda
mower	n|garden tool for mowing grass on lawns|
mown	adj|(used of grass or vegetation) cut down with a hand implement or machine|the smell of newly mown hay
moxie	n|fortitude and determination|he didn't have the guts to try it
moxie plum	n|slow-growing procumbent evergreen shrublet of northern North America and Japan having white flowers and numerous white fleshy rough and hairy seeds|
mozambican	adj|of or relating to or located in Mozambique|Mozambican towns	adj|of or relating to the people of Mozambique|Mozambican troops are at the border	n|a native or inhabitant of Mozambique|
mozambique	n|a republic on the southeastern coast of Africa on the Mozambique Channel; became independent from Portugal in 1975|
mozambique channel	n|an arm of the Indian Ocean between Madagascar and southeastern Africa|
mozambique monetary unit	n|monetary unit in Mozambique|
mozart	n|prolific Austrian composer and child prodigy; master of the classical style in all its forms of his time (1756-1791)|	n|the music of Mozart|the concert was mostly Mozart
mozartean	adj|of or relating to or in the manner of Wolfgang Amadeus Mozart|
mozartian	adj|of or relating to or in the manner of Wolfgang Amadeus Mozart|
mozzarella	n|mild white Italian cheese|
mp	n|a member of the military police who polices soldiers and guards prisoners|	n|a military corps that enforces discipline and guards prisoners|
mpeg	n|a set of standards adopted by the moving pictures experts group for the compression of digital video and audio data or a file of data compressed according to those standards|
mph	n|the ratio of the distance traveled (in miles) to the time spent traveling (in hours)|	n|a speedometer reading for the momentary rate of travel|
mps	n|a widely distributed system of free and fixed macrophages derived from bone marrow|
mr	n|a form of address for a man|
mr.	n|a form of address for a man|
mr. moto	n|Japanese sleuth created by John Marquand|
mrd	n|a machine-readable version of a standard dictionary; organized alphabetically|
mrem	n|a dosage of ionizing radiation equivalent to one thousandth (1/1000) of a rem|
mri	n|the use of nuclear magnetic resonance of protons to produce proton density images|
mrna	n|the template for protein synthesis; the form of RNA that carries information from DNA in the nucleus to the ribosome sites of protein synthesis in the cell|
mrs	n|a form of address for a married woman|
mrs.	n|a form of address for a married woman|
mrs. gandhi	n|daughter of Nehru who served as prime minister of India from 1966 to 1977 (1917-1984)|
mrs. henry wood	n|English writer of novels about murders and thefts and forgeries (1814-1887)|
mrs. humphrey ward	n|English writer of novels who was an active opponent of the women's suffrage movement (1851-1920)|
mrta	n|a Marxist-Leninist terrorist organization in Peru; was formed in 1983 to overthrow the Peruvian government and replace it with a Marxist regime; has connections with the ELN in Bolivia|
ms	n|a chronic progressive nervous disorder involving loss of myelin sheath around certain nerve fibers|	n|a master's degree in science|	n|the form of a literary work submitted for publication|	n|a form of address for a woman|
ms-dos	n|an operating system developed by Bill Gates for personal computers|
ms.	n|a form of address for a woman|
msasa	n|small shrubby African tree having compound leaves and racemes of small fragrant green flowers|
msb	n|a state-chartered savings bank owned by its depositors and managed by a board of trustees|
msc	n|a master's degree in science|
msec	n|one thousandth (10^-3) of a second|
msg	n|white crystalline compound used as a food additive to enhance flavor; often used in Chinese cooking|food manufacturers sometimes list MSG simply as `artificial flavors' in ingredient lists
msh	n|a hormone secreted by the anterior pituitary gland that controls the degree of pigmentation in melanocytes|
mt	n|a radioactive transuranic element|	n|a unit of weight equivalent to 1000 kilograms|	n|the use of computers to translate from one language to another|
mt etna	n|an inactive volcano in Sicily; last erupted in 1961; the highest volcano in Europe (10,500 feet)|
mt orizaba	n|an extinct volcano in southern Mexico between Mexico City and Veracruz; the highest peak in Mexico (18,695 feet)|
mt. ararat	n|the mountain peak that Noah's ark landed on as the waters of the great flood receded|
mt. everest	n|a mountain in the central Himalayas on the border of Tibet and Nepal; the highest mountain peak in the world (29,028 feet high)|
mt. mckinley	n|a mountain in south central Alaska; the highest peak in North America (20,300 feet high)|
mt. olympus	n|a mountain peak in northeast Greece near the Aegean coast; believed by ancient Greeks to be the dwelling place of the gods (9,570 feet high)|
mt. rainier	n|a mountain peak in central Washington; highest peak in the Cascade Range; (14,410 feet high)|
mt. rushmore	n|a mountain in the Black Hills of South Dakota; the likenesses of Washington and Jefferson and Lincoln and Roosevelt are carved on it|
mt. st. helens	n|an active volcano in the Cascade Range in southwestern Washington; erupted violently in 1980 after 123 years of inactivity|
mt. vesuvius	n|a volcano in southwestern Italy on the Mediterranean coast; a Plinian eruption in 79 AD buried Pompeii and killed Pliny the Elder; last erupted in 1944|
mu	n|the 12th letter of the Greek alphabet|
mu-meson	n|an elementary particle with a negative charge and a half-life of 2 microsecond; decays to electron and neutrino and antineutrino|
muadhdhin	n|the Muslim official of a mosque who summons the faithful to prayer from a minaret five times a day|
muammar al-qaddafi	n|Libyan leader who seized power in a military coup d'etat in 1969; deposed the Libyan monarchy and imposed socialism and Islamic orthodoxy on the country (born in 1942)|
muammar el-qaddafi	n|Libyan leader who seized power in a military coup d'etat in 1969; deposed the Libyan monarchy and imposed socialism and Islamic orthodoxy on the country (born in 1942)|
muazzin	n|the Muslim official of a mosque who summons the faithful to prayer from a minaret five times a day|
mubarak	n|Egyptian statesman who became president in 1981 after Sadat was assassinated (born in 1929)|
much	adv|to a great degree or extent|she's much better now	adv|very|he was much annoyed	adv|to a very great degree or extent|I feel a lot better	adv|(degree adverb used before a noun phrase) for all practical purposes but not completely|much the same thing happened every time
much as	adv|in a similar way|
muchness	n|greatness of quantity or measure or extent|
mucic acid	n|a solid acid (C6H10O8) found in milk or sugar|
muciferous	adj|containing or secreting mucus|
mucilage	n|a gelatinous substance secreted by plants|	n|cement consisting of a sticky substance that is used as an adhesive|
mucilaginous	adj|having the sticky properties of an adhesive|
mucin	n|a nitrogenous substance found in mucous secretions; a lubricant that protects body surfaces|
mucinoid	adj|resembling mucin|
mucinous	adj|relating to or containing mucin|
muck	v|remove muck, clear away muck, as in a mine|	v|spread manure, as for fertilization|	v|soil with mud, muck, or mire|The child mucked up his shirt while playing ball in the garden	n|any thick, viscous matter|
muck about	v|do random, unplanned work or activities or spend time idly|The old lady is usually mucking about in her little house
muck around	v|do random, unplanned work or activities or spend time idly|The old lady is usually mucking about in her little house
muck up	v|make a mess of, destroy or ruin|I botched the dinner and we had to eat out	v|soil with mud, muck, or mire|The child mucked up his shirt while playing ball in the garden
muckheap	n|a heap of dung or refuse|
muckhill	n|a heap of dung or refuse|
muckle	n|(often followed by `of') a large number or amount or extent|a batch of letters
muckrake	v|explore and expose misconduct and scandals concerning public figures|This reporter was well-known for his muckraking
muckraker	n|one who spreads real or alleged scandal about another (usually for political advantage)|
muckraking	n|the exposure of scandal (especially about public figures)|
mucky	adj|(of soil) soft and watery|the ground was boggy under foot	adj|dirty and messy; covered with mud or muck|muddy boots
mucocutaneous	adj|of or relating to the mucous membranes and skin|
mucocutaneous lymph node syndrome	n|an acute disease of young children characterized by a rash and swollen lymph nodes and fever; of unknown cause|
mucoid	adj|relating to or resembling mucus|a mucoid substance	n|any of several glycoproteins similar to mucin|
mucoidal	adj|relating to or resembling mucus|a mucoid substance
mucopolysaccharide	n|complex polysaccharides containing an amino group; occur chiefly as components of connective tissue|
mucopolysaccharidosis	n|any of a group of genetic disorders involving a defect in the metabolism of mucopolysaccharides resulting in greater than normal levels of mucopolysaccharides in tissues|
mucopurulent	adj|containing or composed of mucus and pus|
mucor	n|any mold of the genus Mucor|
mucoraceae	n|large family of chiefly saprophytic fungi that includes many common molds destructive to food products|
mucorales	n|an order of mostly saprophytic fungi|
mucosa	n|mucus-secreting membrane lining all body cavities or passages that communicate with the exterior|
mucosal	adj|of or relating to mucous membranes|
mucose	adj|of or secreting or covered with or resembling mucus|mucous tissue
mucous	adj|of or secreting or covered with or resembling mucus|mucous tissue
mucous colitis	n|recurrent abdominal pain and diarrhea (often alternating with periods of constipation); often associated with emotional stress|
mucous membrane	n|mucus-secreting membrane lining all body cavities or passages that communicate with the exterior|
mucous secretion	n|protective secretion of the mucous membranes; in the gut it lubricates the passage of food and protects the epithelial cells; in the nose and throat and lungs it can make it difficult for bacteria to penetrate the body through the epithelium|
mucoviscidosis	n|the most common hereditary disease; the child's lungs and intestines and pancreas become clogged with thick mucus; caused by defect in a single gene; no cure is known|
mucuna	n|any of several erect or climbing woody plants of the genus Mucuna; widespread in tropics of both hemispheres|
mucus	n|protective secretion of the mucous membranes; in the gut it lubricates the passage of food and protects the epithelial cells; in the nose and throat and lungs it can make it difficult for bacteria to penetrate the body through the epithelium|
mud	n|water soaked soil; soft wet earth|	n|slanderous remarks or charges|	v|soil with mud, muck, or mire|The child mucked up his shirt while playing ball in the garden	v|plaster with mud|
mud bath	n|a bath in warm mud (as for treating rheumatism)|
mud brick	n|a brick made from baked mud|
mud dauber	n|wasp that constructs mud cells on a solid base in which females place eggs laid in paralyzed insect larvae|
mud digger	n|a laborer who digs ditches|
mud flat	n|a tract of low muddy land near an estuary; covered at high tide and exposed at low tide|
mud hen	n|a coot found in North America|
mud midget	n|having narrow flat sickle-shaped submerged fronds; North America|
mud pie	n|a mass of mud that a child has molded into the shape of pie|
mud puddle	n|a puddle of mud|the children loved a mud puddle
mud puppy	n|larval salamander of mountain lakes of Mexico that usually lives without metamorphosing|
mud stain	n|a stain produced by mud|
mud turtle	n|bottom-dwelling freshwater turtle inhabiting muddy rivers of North America and Central America|
mud-beplastered	adj|covered with or as if with mud|mud-beplastered arguments
mud-brick	adj|of or incorporating mud bricks|
mud-wrestle	v|wrestle in mud|some people enjoy watching people who mudwrestle
mudder	n|a racehorse that runs well on a muddy racetrack|
muddied	adj|(of color) discolored by impurities; not bright and clear|dirty" is often used in combination
muddiness	n|the wetness of ground that is covered or soaked with water|the baseball game was canceled because of the wateriness of the outfield	n|a mental state characterized by a lack of clear and orderly thought and behavior|a confusion of impressions	n|the quality of being cloudy|
muddle	n|a confused multitude of things|	n|informal terms for a difficult situation|he got into a terrible fix	v|make into a puddle|puddled mire	v|mix up or confuse|He muddled the issues
muddled	adj|confused and vague; used especially of thinking|muddleheaded ideas
muddleheaded	adj|stupid and confused|blathering like the addlepated nincompoop that you are
muddy	adj|(of soil) soft and watery|the ground was boggy under foot	adj|dirty and messy; covered with mud or muck|muddy boots	adj|(of color) discolored by impurities; not bright and clear|dirty" is often used in combination	adj|(of liquids) clouded as with sediment|a cloudy liquid
muddy up	v|dirty with mud|
mudguard	n|a curved piece above the wheel of a bicycle or motorcycle to protect the rider from water or mud thrown up by the wheels|
mudhif	n|a reed hut in the marshlands of Iraq; rare since the marshes were drained|
mudra	n|ritual hand movement in Hindu religious dancing|
mudskipper	n|found in tropical coastal regions of Africa and Asia; able to move on land on strong pectoral fins|
mudslide	n|a landslide of mud|
mudslinger	n|one who spreads real or alleged scandal about another (usually for political advantage)|
mudspringer	n|found in tropical coastal regions of Africa and Asia; able to move on land on strong pectoral fins|
mudwrestle	v|wrestle in mud|some people enjoy watching people who mudwrestle
muenchen	n|the capital and largest city of Bavaria in southwestern Germany|
muenster	n|semisoft pale-yellow cheese|
muesli	n|mixture of untoasted dry cereals and fruits|
muezzin	n|the Muslim official of a mosque who summons the faithful to prayer from a minaret five times a day|
muff	n|a warm tubular covering for the hands|	n|(sports) dropping the ball|	v|fail to catch, as of a ball|	v|make a mess of, destroy or ruin|I botched the dinner and we had to eat out
muffin	n|a sweet quick bread baked in a cup-shaped pan|
muffin man	n|formerly an itinerant peddler of muffins|
muffle	v|suppress in order to conceal or hide|smother a yawn	v|deaden (a sound or noise), especially by wrapping|	n|a kiln with an inner chamber for firing things at a low temperature|
muffled	adj|being or made softer or less loud or clear|the dull boom of distant breaking waves	adj|wrapped up especially for protection or secrecy|children muffled almost to the eyebrows
muffler	n|a tubular acoustic device inserted in the exhaust system that is designed to reduce noise|	n|a scarf worn around the neck|	n|a device that decreases the amplitude of electronic, mechanical, acoustical, or aerodynamic oscillations|
mufti	n|a jurist who interprets Muslim religious law|	n|civilian dress worn by a person who is entitled to wear a military uniform|
mug	n|the quantity that can be held in a mug|	n|a person who is gullible and easy to take advantage of|	n|the human face (`kisser' and `smiler' and `mug' are informal terms for `face' and `phiz' is British)|	n|with handle and usually cylindrical|
mug book	n|a file of mug shots (pictures of criminals that are kept on file by the police)|
mug file	n|a file of mug shots (pictures of criminals that are kept on file by the police)|
mug shot	n|a photograph of someone's face (especially one made for police records)|
mug up	v|study intensively, as before an exam|I had to bone up on my Latin verbs before the final exam
mug's game	n|a futile or unprofitable endeavor|
mugful	n|the quantity that can be held in a mug|
muggee	n|a victim of a mugging|the law seems to give more protection to the mugger than to the muggee
mugger	n|a robber who takes property by threatening or performing violence on the person who is robbed (usually on the street)|
mugginess	n|a state of warm humidity|
mugging	n|assault with intent to rob|
muggins	n|a person who lacks good judgment|
muggy	adj|hot or warm and humid|muggy weather
mugho pine	n|low shrubby pine of central Europe with short bright green needles in bunches of two|
mugil	n|type genus of the Mugilidae: mullets|
mugil curema	n|silvery mullet of Atlantic and Pacific coasts|
mugil liza	n|similar to the striped mullet and takes its place in the Caribbean region|
mugilidae	n|grey mullets|
mugiloidea	n|fishes distinguished by abdominal pelvic fins: families Mugilidae; Atherinidae; Sphyraenidae|
mugo pine	n|low shrubby pine of central Europe with short bright green needles in bunches of two|
mugshot	n|a photograph of someone's face (especially one made for police records)|
mugwort	n|any of several weedy composite plants of the genus Artemisia|
mugwump	n|a neutral or uncommitted person (especially in politics)|
muhammad	n|the Arab prophet who, according to Islam, was the last messenger of Allah (570-632)|
muhammad ali	n|Albanian soldier in the service of Turkey who was made viceroy of Egypt and took control away from the Ottoman Empire and established Egypt as a modern state (1769-1849)|
muhammad ali jinnah	n|Indian statesman who was the founder of Pakistan as a Muslim state (1876-1948)|
muhammadan	adj|of or relating to the Arabian prophet Muhammad or to the religion he founded|	n|a follower of Mohammed|
muhammadan calendar	n|the lunar calendar used by Muslims; dates from 622 AD (the year of the Hegira); the beginning of the Muslim year retrogresses through the solar year completing the cycle every 32 years|
muhammadanism	n|the monotheistic religious system of Muslims founded in Arabia in the 7th century and based on the teachings of Muhammad as laid down in the Koran|Islam is a complete way of life, not a Sunday religion
muhammedan	n|a follower of Mohammed|
muharram	n|the first month of the Islamic calendar|
muharrum	n|the first month of the Islamic calendar|
muhlenbergia	n|a genus of grasses of the family Gramineae grown in America and Asia|
muishond	n|southern African weasel|
mujahadeen	n|a military force of Muslim guerilla warriors engaged in a jihad|some call the mujahidin international warriors but others just call them terrorists
mujahadein	n|a military force of Muslim guerilla warriors engaged in a jihad|some call the mujahidin international warriors but others just call them terrorists
mujahadin	n|a military force of Muslim guerilla warriors engaged in a jihad|some call the mujahidin international warriors but others just call them terrorists
mujahedeen	n|a military force of Muslim guerilla warriors engaged in a jihad|some call the mujahidin international warriors but others just call them terrorists
mujahedeen khalq	n|Iranian guerillas based in Iraq|
mujahedeen kompak	n|a militant Islamic militia that was formed in 2005 by hardliners who split from Jemaah Islamiyah|
mujahedin	n|a military force of Muslim guerilla warriors engaged in a jihad|some call the mujahidin international warriors but others just call them terrorists
mujahid	n|a Muslim engaged in what he considers to be a jihad|
mujahideen	n|a military force of Muslim guerilla warriors engaged in a jihad|some call the mujahidin international warriors but others just call them terrorists
mujahidin	n|a military force of Muslim guerilla warriors engaged in a jihad|some call the mujahidin international warriors but others just call them terrorists
mujahidin-e khalq organization	n|a terrorist organization formed in the 1960s by children of Iranian merchants; sought to counter the Shah of Iran's pro-western policies of modernization and opposition to communism; following a philosophy that mixes Marxism and Islam it now attacks the Islamic fundamentalists who deposed the Shah|
mujik	n|a Russian peasant (especially prior to 1917)|
mujtihad	n|an Islamic scholar who engages in ijtihad, the effort to derive rules of divine law from Muslim sacred texts|
mukalla	n|a port in southern Yemen on the Gulf of Aden to the east of Aden|
mukataa	n|an Arabic word for headquarters or administrative center|Arafat was holed up in the mukataa of his West Bank compound
mukden	n|a city in northeastern China|
mulatto	n|an offspring of a black and a white parent|
mulberry	n|any of several trees of the genus Morus having edible fruit that resembles the blackberry|	n|sweet usually dark purple blackberry-like fruit of any of several mulberry trees of the genus Morus|
mulberry family	n|trees or shrubs having a milky juice; in some classifications includes genus Cannabis|
mulberry fig	n|thick-branched wide-spreading tree of Africa and adjacent southwestern Asia often buttressed with branches rising from near the ground; produces cluster of edible but inferior figs on short leafless twigs; the biblical sycamore|
mulberry tree	n|any of several trees of the genus Morus having edible fruit that resembles the blackberry|
mulch	n|a protective covering of rotting vegetable matter spread to reduce evaporation and soil erosion|	v|cover with mulch|mulch the flowerbeds
mulct	n|money extracted as a penalty|	v|deprive of by deceit;|He swindled me out of my inheritance	v|impose a fine on|he was fined for littering
mule	n|hybrid offspring of a male donkey and a female horse; usually sterile|	n|a slipper that has no fitting around the heel|
mule deer	n|long-eared deer of western North America with two-pronged antlers|
mule driver	n|a worker who drives mules|
mule fat	n|California shrub with slender leafy shoots that are important browse for mule deer|
mule skinner	n|a worker who drives mules|
muleteer	n|a worker who drives mules|
muliebrity	n|the state of being an adult woman|	n|the trait of behaving in ways considered typical for women|
mulish	adj|unreasonably rigid in the face of argument or entreaty or attack|
mulishly	adv|in a stubborn unregenerate manner|she remained stubbornly in the same position
mulishness	n|the trait of being difficult to handle or overcome|
mull	v|reflect deeply on a subject|I mulled over the events of the afternoon	v|heat with sugar and spices to make a hot drink|mulled cider	n|a term used in Scottish names of promontories|the Mull of Kintyre	n|an island in western Scotland in the Inner Hebrides|
mull over	v|reflect deeply on a subject|I mulled over the events of the afternoon
mulla	n|a Muslim trained in the doctrine and law of Islam; the head of a mosque|
mullah	n|a Muslim trained in the doctrine and law of Islam; the head of a mosque|
mullah mohammed omar	n|reclusive Afghanistani politician and leader of the Taliban who imposed a strict interpretation of shariah law on Afghanistan (born in 1960)|
mullah omar	n|reclusive Afghanistani politician and leader of the Taliban who imposed a strict interpretation of shariah law on Afghanistan (born in 1960)|
mulled cider	n|sweet cider heated with spices and citrus fruit|
mulled wine	n|wine heated with sugar and spices and often citrus fruit|
mullein	n|any of various plants of the genus Verbascum having large usually woolly leaves and terminal spikes of yellow or white or purplish flowers|
mullein pink	n|an old cottage garden plant of southeastern Europe widely cultivated for its attractive white woolly foliage and showy crimson flowers|
muller	n|Swiss chemist who synthesized DDT and discovered its use as an insecticide (1899-1965)|	n|Swiss physicist who studied superconductivity (born in 1927)|	n|German physiologist and anatomist (1801-1858)|	n|German mathematician and astronomer (1436-1476)|
mullet	n|highly valued lean flesh of marine or freshwater mullet|	n|freshwater or coastal food fishes a spindle-shaped body; found worldwide|	n|bottom dwelling marine warm water fishes with two barbels on the chin|
mullidae	n|goatfishes or red mullets|
mulligan	n|Irish version of burgoo|
mulligan stew	n|Irish version of burgoo|
mulligatawny	n|a soup of eastern India that is flavored with curry; prepared with a meat or chicken base|
mullion	n|a nonstructural vertical strip between the casements or panes of a window (or the panels of a screen)|
mullioned	adj|of windows; divided by vertical bars or piers usually of stone|mullioned windows
mulloidichthys	n|a genus of Mullidae|
mulloidichthys martinicus	n|schooling goatfish; greyish with yellow stripe|
mulloway	n|large important food fish of Australia; almost indistinguishable from the maigre|
mullus	n|type genus of the Mullidae: goatfishes|
mullus auratus	n|body bright scarlet with 2 yellow to reddish strips on side|
mullus surmuletus	n|brightly colored tropical fishes with chin barbels|
multi-billionaire	n|a very rich person whose material wealth is valued at many billions of dollars|
multi-color	adj|having sections or patches colored differently and usually brightly|a jester dressed in motley
multi-colored	adj|having sections or patches colored differently and usually brightly|a jester dressed in motley
multi-colour	adj|having sections or patches colored differently and usually brightly|a jester dressed in motley
multi-coloured	adj|having sections or patches colored differently and usually brightly|a jester dressed in motley
multi-ethnic	adj|involving several ethnic groups|
multi-seeded	adj|having many seeds|
multi-stemmed	adj|having many stems|
multi-valued	adj|having many values, meanings, or appeals|subtle, multivalent allegory
multibank holding company	n|a bank holding company owning several banks|
multicellular	adj|consisting of many cells|multicellular organisms
multichannel recorder	n|a recorder with two or more channels; makes continuous records of two or more signals simultaneously|
multicollinearity	n|a case of multiple regression in which the predictor variables are themselves highly correlated|
multicolor	adj|having sections or patches colored differently and usually brightly|a jester dressed in motley
multicolored	adj|having sections or patches colored differently and usually brightly|a jester dressed in motley
multicolour	adj|having sections or patches colored differently and usually brightly|a jester dressed in motley
multicoloured	adj|having sections or patches colored differently and usually brightly|a jester dressed in motley
multicultural	adj|of or relating to or including several cultures|a multicultural event
multiculturalism	n|the doctrine that several different cultures (rather than one national culture) can coexist peacefully and equitably in a single country|
multidimensional	adj|having or involving or marked by several dimensions or aspects|multidimensional problems
multidimensional language	n|a programming language whose expressions are assembled in more than one dimension|
multiengine airplane	n|a plane with two or more engines|
multiengine plane	n|a plane with two or more engines|
multiethnic	adj|involving several ethnic groups|
multifaceted	adj|having many aspects or qualities|a many-sided subject
multifactorial	adj|involving or depending on several factors or causes (especially pertaining to a condition or disease resulting from the interaction of many genes)|
multifarious	adj|having many aspects or qualities|a many-sided subject
multifariously	adv|in diverse ways|the alternatives that are variously represented by the participants
multifariousness	n|noticeable heterogeneity|a diversity of possibilities
multiflora	n|vigorously growing rose having clusters of numerous small flowers; used for hedges and as grafting stock|
multiflora rose	n|vigorously growing rose having clusters of numerous small flowers; used for hedges and as grafting stock|
multifocal iol	n|a type of lens implant that contains several rings with a common center and adjusts for near or far vision; the eye is in focus for near and far vision simultaneously|
multifocal lens implant	n|a type of lens implant that contains several rings with a common center and adjusts for near or far vision; the eye is in focus for near and far vision simultaneously|
multiform	adj|occurring in or having many forms or shapes or appearances|the multiform universe of nature and man"- John Dewey
multilane	adj|(of roads and highways) having two or more lanes for traffic|
multilateral	adj|having many parts or sides|
multilaterally	adv|in a multilateral manner; so as to affect many parties or governments|they worked out an agreement unilaterally
multilevel	adj|of a building having more than one level|
multilingual	adj|using or knowing more than one language|a multilingual translator
multimedia	n|transmission that combine media of communication (text and graphics and sound etc.)|
multimedia system	n|transmission that combine media of communication (text and graphics and sound etc.)|
multinational	adj|involving or operating in several nations or nationalities|multinational corporations
multinomial	adj|having the character of a polynomial|a polynomial expression	n|a mathematical function that is the sum of a number of terms|
multinucleate	adj|having two or more nuclei|
multiparous	adj|producing more than one offspring at a time|
multipartite	adj|involving more than two parties|
multiphase	adj|of an electrical system that uses or generates two or more alternating voltages of the same frequency but differing in phase angle|
multiple	adj|having or involving or consisting of more than one part or entity or individual|multiple birth	n|the product of a quantity by an integer|36 is a multiple of 9
multiple correlation	n|a statistical technique that predicts values of one variable on the basis of two or more other variables|
multiple correlation coefficient	n|an estimate of the combined influence of two or more variables on the observed (dependent) variable|
multiple fruit	n|fruit consisting of many individual small fruits or drupes derived from separate ovaries within a common receptacle: e.g. blackberry; raspberry; pineapple|
multiple mononeuropathy	n|pathology of several individual nerve trunks|
multiple myeloma	n|myeloma that develops in several places at the same time|
multiple neuritis	n|inflammation of many or all of the peripheral nerves (as in leprosy)|
multiple personality	n|a relatively rare dissociative disorder in which the usual integrity of the personality breaks down and two or more independent personalities emerge|
multiple regression	n|a statistical technique that predicts values of one variable on the basis of two or more other variables|
multiple sclerosis	n|a chronic progressive nervous disorder involving loss of myelin sheath around certain nerve fibers|
multiple star	n|a system of three or more stars associated by gravity|
multiple-choice	adj|offering several alternative answers from which the correct one is to be chosen; or consisting of such questions|multiple-choice questions
multiplex	adj|many and varied; having many features or forms|manifold reasons	adj|having many parts or aspects|the multiplex problem of drug abuse	n|communicates two or more signals over a common channel|	n|a movie theater than has several different auditoriums in the same building|
multiplex operation	n|an operation in which two or more activities are interleaved|
multiplexer	n|a device that can interleave two or more activities|
multiplicand	n|the number that is multiplied by the multiplier|
multiplication	n|the act of producing offspring or multiplying by such production|	n|a multiplicative increase|repeated copying leads to a multiplication of errors	n|an arithmetic operation that is the inverse of division; the product of two numbers is computed|the multiplication of four by three gives twelve
multiplicative	adj|tending or having the power to multiply or increase in number or quantity or degree|the multiplicative tendency of proportional representation
multiplicative inverse	n|(mathematics) one of a pair of numbers whose product is 1: the reciprocal of 2/3 is 3/2; the multiplicative inverse of 7 is 1/7|
multiplicatively	adv|in a multiplicative manner|the errors increased multiplicatively
multiplicity	n|the property of being multiple|	n|a large number|
multiplied	adj|greatly increased as by multiplication|
multiplier	n|the number by which a multiplicand is multiplied|
multiplier factor	n|the number by which a multiplicand is multiplied|
multiplier onion	n|type of onion plant producing small clustered mild-flavored bulbs used as seasoning|
multiply	v|combine by multiplication|multiply 10 by 15	v|combine or increase by multiplication|He managed to multiply his profits	v|have young (animals) or reproduce (organisms)|pandas rarely breed in captivity	v|have offspring or produce more individuals of a given animal or plant|The Bible tells people to procreate
multipotent	adj|able to many things|multipotent drugs
multiprocessing	n|simultaneous processing by two or more processing units|
multiprocessor	n|a computer that uses two or more processing units under integrated control|
multiprogramming	n|the execution of two or more computer programs by a single computer|
multipurpose	adj|having multiple uses|a multipurpose tool
multiracial	adj|made up of or involving or acting on behalf of various races|a multiracial society
multistage	n|occurring in more than one stage|
multistage rocket	n|a rocket having two or more rocket engines (each with its own fuel) that are fired in succession and jettisoned when the fuel is exhausted|
multistorey	adj|having more than one story|
multistoried	adj|having more than one story|
multistory	adj|having more than one story|
multitude	n|a large indefinite number|a battalion of ants	n|a large gathering of people|	n|the common people generally|separate the warriors from the mass
multitudinous	adj|too numerous to be counted|countless hours
multitudinousness	n|a very large number (especially of people)|
multivalence	n|(chemistry) the state of having a valence greater than two|
multivalency	n|(chemistry) the state of having a valence greater than two|
multivalent	adj|used of the association of three or more homologous chromosomes during the first division of meiosis|	adj|having more than one valence, or having a valence of 3 or higher|	adj|having many values, meanings, or appeals|subtle, multivalent allegory
multivariate	adj|pertaining to any procedure involving two or more variables|
multivariate analysis	n|a generic term for any statistical technique used to analyze data from more than one variable|
multiversity	n|a university system having several separate campuses and colleges and research centers|
multivitamin	n|a pill or tablet containing several vitamins|
multivitamin pill	n|a pill or tablet containing several vitamins|
mulwi	n|a Chadic language spoken south of Lake Chad|
mum	adj|failing to speak or communicate etc when expected to|the witness remained silent	n|of China|	n|informal terms for a mother|	n|secrecy|mum's the word
mumbai	n|a city in western India just off the coast of the Arabian Sea; India's 2nd largest city (after Calcutta); has the only natural deep-water harbor in western India|
mumble	v|talk indistinctly; usually in a low voice|	v|grind with the gums; chew without teeth and with great difficulty|the old man had no teeth left and mumbled his food	n|a soft indistinct utterance|
mumble-the-peg	n|a game in which players throw or flip a jackknife in various ways so that the knife sticks in the ground|
mumbler	n|a person who speaks softly and indistinctly|
mumblety-peg	n|a game in which players throw or flip a jackknife in various ways so that the knife sticks in the ground|
mumbling	n|indistinct enunciation|	n|ineffectual chewing (as if without teeth)|
mumbo jumbo	n|language or ritual causing, or intending to cause, confusion|
mumification necrosis	n|(pathology) gangrene that develops in the presence of arterial obstruction and is characterized by dryness of the dead tissue and a dark brown color|
mummer	n|an actor who communicates entirely by gesture and facial expression|
mummery	n|meaningless ceremonies and flattery|
mummification	n|a condition resembling that of a mummy|bureaucratic mummification in red tape	n|(pathology) gangrene that develops in the presence of arterial obstruction and is characterized by dryness of the dead tissue and a dark brown color|	n|embalmment and drying a dead body and wrapping it as a mummy|
mummify	v|preserve while making lifeless|mummified ideas and institutions should be gotten rid of	v|remove the organs and dry out (a dead body) in order to preserve it|Th Egyptians mummified their pharaohs	v|dry up and shrivel due to complete loss of moisture|a mummified body was found
mummy	n|informal terms for a mother|	n|a body embalmed and dried and wrapped for burial (as in ancient Egypt)|
mummy-brown	adj|snuff colored; of a greyish to yellowish brown|
mumps	n|an acute contagious viral disease characterized by fever and by swelling of the parotid glands|
mumpsimus	n|a traditional notion that is obstinately held although it is unreasonable|he still holds to the old mumpsimus that a woman's place is in the kitchen
munch	n|Norwegian painter (1863-1944)|	n|a large bite|he tried to talk between munches on the sandwich	v|chew noisily|The children crunched the celery sticks
munchausen	n|German raconteur who told preposterous stories about his adventures as a soldier and hunter; his name is now associated with any telling of exaggerated stories or winning lies (1720-1797)|
munchausen syndrome	n|syndrome consisting of feigning acute and dramatic illness for which no clinical evidence is ever found|
munchausen's syndrome	n|syndrome consisting of feigning acute and dramatic illness for which no clinical evidence is ever found|
munchener	n|a dark lager produced in Munich since the 10th century; has a distinctive taste of malt|
muncher	n|a chewer who makes a munching noise|
munchhausen	n|German raconteur who told preposterous stories about his adventures as a soldier and hunter; his name is now associated with any telling of exaggerated stories or winning lies (1720-1797)|
muncie	n|a town in east central Indiana|
munda	n|a family of languages spoken by people scattered throughout central India|
munda-mon-khmer	n|a family of languages spoken in southern and southeastern Asia|
mundane	adj|found in the ordinary course of events|a placid everyday scene	adj|concerned with the world or worldly matters|mundane affairs	adj|belonging to this earth or world; not ideal or heavenly; yet a mundane wonder of unimagined kind"|not a fairy palace
mundanely	adv|in a worldly manner|terrestrially changeable	adv|in a mundane manner|the young man spoke so mundanely of university life
mundaneness	n|the quality or character of being intellectually sophisticated and worldly through cultivation or experience or disillusionment|	n|the quality of being commonplace and ordinary|
mundanity	n|the quality or character of being intellectually sophisticated and worldly through cultivation or experience or disillusionment|	n|the quality of being commonplace and ordinary|
mung	n|seed of the mung bean plant; used for food|	n|seed of the mung bean plant used for food|
mung bean	n|seed of the mung bean plant; used for food|	n|seed of the mung bean plant used for food|
munggo	n|seed of the mung bean plant; used for food|	n|seed of the mung bean plant used for food|
mungo park	n|Scottish explorer in Africa (1771-1806)|
munich	n|the capital and largest city of Bavaria in southwestern Germany|
munich beer	n|a dark lager produced in Munich since the 10th century; has a distinctive taste of malt|
municipal	adj|relating or belonging to or characteristic of a municipality|municipal government	adj|of or relating to the government of a municipality|international law...only authorizes a belligerent to punish a spy under its municipal law"- J.L.kuntz
municipal bond	n|a bond issued by a state or local government|
municipal center	n|the center of a city|
municipal government	n|the government of a municipality|
municipal note	n|a municipal debt instrument with a maturity of less than 2 years|
municipality	n|an urban district having corporate status and powers of self-government|	n|people living in a town or city having local self-government|
municipally	adv|by municipality|municipally funded
munificence	n|liberality in bestowing gifts; extremely liberal and generous of spirit|
munificent	adj|very generous|distributed gifts with a lavish hand
munificently	adv|in a generous manner|he gave liberally to several charities
muniments	n|deeds and other documentary evidence of title to land|
munition	n|weapons considered collectively|	n|military supplies|	n|defensive structure consisting of walls or mounds built around a stronghold to strengthen it|	v|supply with weapons|
munitions industry	n|an industry that manufacturers weapons of war|
munj	n|tough Asiatic grass whose culms are used for ropes and baskets|
munja	n|tough Asiatic grass whose culms are used for ropes and baskets|
munjeet	n|perennial East Indian creeping or climbing herb used for dye in the orient|
munjuk	n|a Chadic language spoken south of Lake Chad|
munro	n|British writer of short stories (1870-1916)|
muntiacus	n|muntjacs|
muntingia	n|one species: Jamaican cherry; sometimes placed in family Flacourtiaceae|
muntjac	n|small Asian deer with small antlers and a cry like a bark|
muntz metal	n|a brass that has more zinc and is stronger than alpha brass; used in making castings and hot-worked products|
muon	n|an elementary particle with a negative charge and a half-life of 2 microsecond; decays to electron and neutrino and antineutrino|
muraenidae	n|marine eels|
mural	adj|of or relating to walls|mural painting	n|a painting that is applied to a wall surface|
muralist	n|a painter of murals|
muramidase	n|an enzyme found in saliva and sweat and tears that destroys the cell walls of certain bacteria|
murder	v|kill intentionally and with premeditation|The mafia boss ordered his enemies murdered	v|alter so as to make unrecognizable|The tourists murdered the French language	n|unlawful premeditated killing of a human being by a human being|
murder charge	n|an indictment charging someone with murder|
murder conviction	n|conviction for murder|
murder indictment	n|an indictment charging someone with murder|
murder mystery	n|a narrative about a murder and how the murderer is discovered|
murder suspect	n|someone suspected of committing murder|
murdered	adj|killed unlawfully|the murdered woman
murderee	n|a victim who is murdered|
murderer	n|a criminal who commits homicide (who performs the unlawful premeditated killing of another human being)|
murderess	n|a woman murderer|
murderous	adj|characteristic of or capable of or having a tendency toward killing another human being|a homicidal rage
murderously	adv|as if bent on murder|the huge dog bore down on them with bared fangs and barking murderously	adv|in a murderous frenzy|rioters running amuck and throwing sticks and bottles and stones
murderousness	n|a bloodthirsty hatred arousing murderous impulses|	n|cruelty evidence by a capability to commit murder|
murdoch	n|British writer (born in Ireland) known primarily for her novels (1919-1999)|
muriatic acid	n|a former name for hydrochloric acid|
muridae	n|originally Old World rats now distributed worldwide; distinguished from the Cricetidae by typically lacking cheek pouches|
muriel sarah spark	n|Scottish writer of satirical novels (born in 1918)|
muriel spark	n|Scottish writer of satirical novels (born in 1918)|
murillo	n|Spanish painter (1617-1682)|
murine	adj|of or relating to or transmitted by a member of the family Muridae (rats and mice)|a murine plague	n|a rodent that is a member of the family Muridae|
murine typhus	n|acute infection caused by rickettsia and transmitted by the bite of an infected flea; characterized by fever and chills and muscle aches and a rash|
muritaniya	n|a country in northwestern Africa with a provisional military government; achieved independence from France in 1960; largely western Sahara Desert|
murk	n|an atmosphere in which visibility is reduced because of a cloud of some substance|	v|make dark, dim, or gloomy|
murkily	adv|unclearly; opaquely|murkily expressed ideas	adv|with a dim light|a dimly lit room
murkiness	n|an atmosphere in which visibility is reduced because of a cloud of some substance|	n|the quality of being cloudy|
murky	adj|(of liquids) clouded as with sediment|a cloudy liquid	adj|dark or gloomy|a murky dungeon
murmansk	n|a port city in northwestern Russia on the Kola Peninsula; the largest city to the north of the Arctic Circle; an important supply line to Russia in World War I and World War II|
murmur	n|a low continuous indistinct sound; often accompanied by movement of the lips without the production of articulate speech|	n|a schwa that is incidental to the pronunciation of a consonant|	n|an abnormal sound of the heart; sometimes a sign of abnormal function of the heart valves|	n|a complaint uttered in a low and indistinct tone|
murmur vowel	n|a schwa that is incidental to the pronunciation of a consonant|
murmuration	n|a low continuous indistinct sound; often accompanied by movement of the lips without the production of articulate speech|
murmurer	n|a person who speaks softly and indistinctly|
murmuring	n|a low continuous indistinct sound; often accompanied by movement of the lips without the production of articulate speech|	n|a complaint uttered in a low and indistinct tone|	adj|making a low continuous indistinct sound|like murmuring waves
murmurous	adj|characterized by soft sounds|a murmurous brook
muroidea	n|a superfamily of rodents essentially equal to the suborder Myomorpha but with the Dipodidae excluded|
murphy	n|an edible tuber native to South America; a staple food of Ireland|
murphy bed	n|a bed that can be folded or swung into a cabinet when not being used|
murphy's law	n|humorous axiom stating that anything that can go wrong will go wrong|
murrain	n|any disease of domestic animals that resembles a plague|
murray	n|British classical scholar (born in Australia) who advocated the League of Nations and the United Nations (1866-1957)|	n|Scottish philologist and the lexicographer who shaped the Oxford English Dictionary (1837-1915)|	n|a southeast Australian river; flows westward and then south into the Indian Ocean at Adelaide|
murray river	n|a southeast Australian river; flows westward and then south into the Indian Ocean at Adelaide|
murre	n|black-and-white diving bird of northern seas|
murrumbidgee	n|a river of southeastern Australia; flows westward into the Murray River|
murrumbidgee river	n|a river of southeastern Australia; flows westward into the Murray River|
mus	n|type genus of the Muridae: common house mice; the tips of the upper incisors have a square notch|
mus musculus	n|brownish-grey Old World mouse now a common household pest worldwide|
musa	n|type genus of the Musaceae: bananas|
musa acuminata	n|low-growing Asian banana tree cultivated especially in the West Indies for its clusters of edible yellow fruit|
musa basjoo	n|Asiatic banana plant cultivated especially as a foliage plant in Japan|
musa ensete	n|large evergreen arborescent herb having huge paddle-shaped leaves and bearing inedible fruit that resemble bananas but edible young flower shoots; sometimes placed in genus Musa|
musa paradisiaca	n|a banana tree bearing hanging clusters of edible angular greenish starchy fruits; tropics and subtropics|
musa paradisiaca sapientum	n|widely cultivated species of banana trees bearing compact hanging clusters of commercially important edible yellow fruit|
musa textilis	n|Philippine banana tree having leafstalks that yield Manila hemp used for rope and paper etc|
musaceae	n|treelike tropical Asian herbs|
musales	n|tropical plants|
musca	n|a small constellation in the polar region of the southern hemisphere near the Southern Cross and Chamaeleon|	n|type genus of the Muscidae: houseflies|
musca domestica	n|common fly that frequents human habitations and spreads many diseases|
musca volitans	n|spots before the eyes caused by opaque cell fragments in the vitreous humor and lens|floaters seem to drift through the field of vision
muscadel	n|wine from muscat grapes|
muscadelle	n|wine from muscat grapes|
muscadet	n|white grape grown especially in the valley the Loire in France|	n|dry white wine from the Loire valley in France|
muscae volitantes	n|spots before the eyes caused by opaque cell fragments in the vitreous humor and lens|floaters seem to drift through the field of vision
muscardinus	n|a genus of Gliridae|
muscardinus avellanarius	n|a variety of dormouse|
muscari	n|sometimes placed in family Hyacinthaceae|
muscari comosum	n|large beautiful Mediterranean species having sterile bluish-violet flowers with fringed corollas forming a tuft above the fertile flowers|
muscari neglectum	n|prolific species having particularly beautiful dark blue flowers|
muscat	n|any of several cultivated grapevines that produce sweet white grapes|	n|a port on the Gulf of Oman and capital of the sultanate of Oman|	n|wine from muscat grapes|	n|sweet aromatic grape used for raisins and wine|
muscat and oman	n|a strategically located monarchy on the southern and eastern coasts of the Arabian Peninsula; the economy is dominated by oil|
muscat grape	n|sweet aromatic grape used for raisins and wine|
muscatel	n|wine from muscat grapes|	n|sweet aromatic grape used for raisins and wine|
musci	n|true mosses: bryophytes having leafy rather than thalloid gametophytes: comprises orders Andreaeales; Bryales; Dicranales; Eubryales; Sphagnales|
muscicapa	n|type genus of the Muscicapidae|
muscicapa grisola	n|common European woodland flycatcher with greyish-brown plumage|
muscicapa striata	n|common European woodland flycatcher with greyish-brown plumage|
muscicapidae	n|Old World (true) flycatchers|
muscidae	n|two-winged flies especially the housefly|
muscivora	n|a genus of Tyrannidae|
muscle	n|one of the contractile organs of the body|	n|animal tissue consisting predominantly of contractile cells|	n|a bully employed as a thug or bodyguard|the drug lord had his muscleman to protect him	n|authority or power or force (especially when used in a coercive way)|the senators used their muscle to get the party leader to resign
muscle builder	n|someone who does special exercises to develop a brawny musculature|
muscle building	n|exercise that builds muscles through tension|
muscle cell	n|an elongated contractile cell that forms the muscles of the body|
muscle contraction	n|(physiology) a shortening or tensing of a part or organ (especially of a muscle or muscle fiber)|
muscle fiber	n|an elongated contractile cell that forms the muscles of the body|
muscle fibre	n|an elongated contractile cell that forms the muscles of the body|
muscle into	v|force one's way|He muscled into the union
muscle memory	n|your memory for motor skills|
muscle relaxant	n|a drug that reduces muscle contractility by blocking the transmission of nerve impulses or by decreasing the excitability of the motor end plate or by other actions|
muscle sense	n|the ability to feel movements of the limbs and body|
muscle spasm	n|a painful and involuntary muscular contraction|
muscle system	n|the muscular system of an organism|
muscle tone	n|normal tonicity of the muscles|exercise improves muscle tone
muscle-bound	adj|having stiff muscles as the result of excessive exercise|he arrived accompanied by two muscle-bound body guards
muscle-builder	n|someone who does special exercises to develop a brawny musculature|
musclebuilder	n|someone who does special exercises to develop a brawny musculature|
musclebuilding	n|exercise that builds muscles through tension|
muscleman	n|a bully employed as a thug or bodyguard|the drug lord had his muscleman to protect him	n|someone who does special exercises to develop a brawny musculature|
muscoidea	n|two-winged flies especially the families: Muscidae; Gasterophilidae; Calliphoridae; Tachinidae|
muscovite	adj|of or relating to the residents of Moscow|Muscovite street dealers	n|a colorless or pale brown mica with potassium|	n|a resident of Moscow|
muscovy	n|a Russian principality in the 13th to 16th centuries; Moscow was the capital|
muscovy duck	n|large crested wild duck of Central America and South America; widely domesticated|
muscular	adj|of or relating to or consisting of muscle|muscular contraction	adj|having a robust muscular body-build characterized by predominance of structures (bone and muscle and connective tissue) developed from the embryonic mesodermal layer|	adj|having or suggesting great physical power or force|the muscular and passionate Fifth Symphony	adj|(of a person) possessing physical strength and weight; rugged and powerful|a hefty athlete
muscular contraction	n|(physiology) a shortening or tensing of a part or organ (especially of a muscle or muscle fiber)|
muscular dystrophy	n|any of several hereditary diseases of the muscular system characterized by weakness and wasting of skeletal muscles|
muscular structure	n|the muscular system of an organism|
muscular tissue	n|animal tissue consisting predominantly of contractile cells|
muscular tonus	n|normal tonicity of the muscles|exercise improves muscle tone
muscularity	n|the physiological state of having or consisting of muscle|	n|possessing muscular strength|	n|an imaginative lively style (especially style of writing)|his writing conveys great energy
musculature	n|the muscular system of an organism|
musculophrenic artery	n|an artery that supplies the abdomen and intercostal muscles|
musculophrenic vein	n|veins that drain the upper abdominal wall and the lower intercostal spaces and the abdomen|
musculoskeletal	adj|relating to muscles and skeleton|
musculoskeletal system	n|the system of muscles and tendons and ligaments and bones and joints and associated tissues that move the body and maintain its form|
musculospiral nerve	n|largest branch of the brachial plexus; extends down the humerus to the lateral epicondyle where it divides into one branch that goes to the skin on the back of the hand and another that goes to the underlying extensor muscles|
musculus	n|one of the contractile organs of the body|
musculus abductor digiti minimi manus	n|the abductor muscle of the little finger|
musculus abductor digiti minimi pedis	n|the abductor muscles of the little toe|
musculus abductor hallucis	n|the abductor muscle of the great toe|
musculus abductor pollicis	n|the abductor muscle of the thumb|
musculus adductor brevis	n|the short adductor muscle of the thigh|
musculus adductor hallucis	n|the adductor muscle of the great toe|
musculus adductor longus	n|the long adductor muscle of the thigh|
musculus adductor magnus	n|the muscle that adducts and extends the thigh|
musculus anconeus	n|the muscle that extends the forearm and abducts the ulna in pronation of the wrist|
musculus articularis cubiti	n|a small branch of the triceps that inserts into the capsule of the elbow joint|
musculus articularis genus	n|the articular muscle of the knee|
musculus biceps brachii	n|a muscle that flexes and supinates the forearm|
musculus biceps femoris	n|the biceps muscle of the thigh; it flexes the knee and rotates the leg laterally|
musculus buccinator	n|a muscle that flattens the cheek and retracts the angle of the mouth|
musculus deltoideus	n|a large triangular muscle covering the shoulder joint and serving to abduct and flex and extend and rotate the arm|
musculus intercostalis	n|muscles between the ribs; they contract during inspiration|
musculus obliquus externus abdominis	n|a diagonally arranged abdominal muscle on either side of the torso|
musculus pectoralis	n|either of two large muscles of the chest|
musculus pectoralis major	n|a skeletal muscle that adducts and rotates the arm|
musculus pectoralis minor	n|a skeletal muscle that draws down the scapula or raises the ribs|
musculus quadriceps femoris	n|a muscle of the thigh that extends the leg|
musculus rhomboideus major	n|rhomboid muscle that draws the scapula toward the spinal column|
musculus rhomboideus minor	n|rhomboid muscle that draws the scapula toward the vertebral column and slightly upward|
musculus sartorius	n|a muscle in the thigh that helps to rotate the leg into the sitting position assumed by a tailor; the longest muscle in the human body|
musculus scalenus	n|any of four pairs of muscles extending from the cervical vertebrae to the second rib; involved in moving the neck and in breathing|
musculus serratus anterior	n|muscles that rotate the scapula and elevate the rib cage|
musculus serratus posterior	n|skeletal muscle that draws the rib cage backward and downward|
musculus sphincter ani	n|the sphincter muscle of the anus|
musculus sphincter ani externus	n|an external ring of striated muscle surrounding the anus|
musculus sphincter ani internus	n|an internal ring of smooth muscle formed by circular fibers of the rectum|
musculus sphincter ductus choledochi	n|the smooth muscle sphincter of the common bile duct|
musculus sphincter ductus pancreatici	n|the smooth muscle sphincter of the main pancreatic duct|
musculus sphincter pupillae	n|a ring of smooth muscle surrounding the iris|
musculus sphincter pylori	n|the sphincter muscle of the pylorus that separates the stomach from the duodenum|
musculus sphincter urethrae	n|a striated sphincter muscle that constricts the urethra|
musculus sphincter vesicae	n|the sphincter muscle of the urinary bladder; made up of a thickened muscular layer of bladder around the urethral opening|
musculus sternocleidomastoideus	n|one of two thick muscles running from the sternum and clavicle to the mastoid and occipital bone; turns head obliquely to the opposite side; when acting together they flex the neck and extend the head|
musculus temporalis	n|muscle extending from the temporal fossa to the coronoid process of the mandible; acts to raise the mandible and close the jaws|
musculus teres major	n|teres muscle that moves the arm and rotates it medially|
musculus teres minor	n|teres muscle that adducts the arm and rotates it laterally|
musculus tibialis	n|either of two skeletal muscle in each leg arising from the tibia; provides for movement of the foot|
musculus transversalis abdominis	n|a flat muscle with transverse fibers that forms the anterior and lateral walls of the abdominal cavity|
musculus trapezius	n|either of two flat triangular muscles of the shoulder and upper back that are involved in moving the shoulders and arms|
musculus triceps brachii	n|the skeletal muscle having three origins that extends the forearm when it contracts|
musd	n|a doctor's degree in music|
muse	n|in ancient Greek mythology any of 9 daughters of Zeus and Mnemosyne; protector of an art or science|	n|the source of an artist's inspiration|Euterpe was his muse	v|reflect deeply on a subject|I mulled over the events of the afternoon
muser	n|a reflective thinker characterized by quiet contemplation|
musette	n|a small bagpipe formerly popular in France|
musette pipe	n|a small simple oboe|
museum	n|a depository for collecting and displaying objects having scientific or historical or artistic value|
musgoi	n|a Chadic language spoken south of Lake Chad|
musgu	n|a Chadic language spoken south of Lake Chad|
mush	n|any soft or soggy mass|he pounded it to a pulp	n|cornmeal boiled in water|	n|writing or music that is excessively sweet and sentimental|	n|a journey by dogsled|
musher	n|a traveler who drives (or travels with) a dog team|
mushiness	n|a mushy pulpy softness|	n|falsely emotional in a maudlin way|
mushroom	n|common name for an edible agaric (contrasting with the inedible toadstool)|	n|mushrooms and related fleshy fungi (including toadstools, puffballs, morels, coral fungi, etc.)|	n|any of various fleshy fungi of the subdivision Basidiomycota consisting of a cap at the end of a stem arising from an underground mycelium|	n|a large cloud of rubble and dust shaped like a mushroom and rising into the sky after an explosion (especially of a nuclear bomb)|
mushroom anchor	n|an anchor used for semipermanent moorings; has a bowl-shaped head that will dig in however it falls|
mushroom cloud	n|a large cloud of rubble and dust shaped like a mushroom and rising into the sky after an explosion (especially of a nuclear bomb)|
mushroom coral	n|flattened disk-shaped stony coral (usually solitary and unattached)|
mushroom pimple	n|any of various fungi of the family Hypocreaceae|
mushroom poisoning	n|toxic condition caused by eating certain species of mushrooms (especially Amanita species)|
mushroom sauce	n|brown sauce and sauteed mushrooms|
mushroom wine sauce	n|brown sauce with mushrooms and red wine or Madeira|
mushroom-shaped cloud	n|a large cloud of rubble and dust shaped like a mushroom and rising into the sky after an explosion (especially of a nuclear bomb)|
mushy	adj|having the consistency of mush|	adj|effusively or insincerely emotional|a bathetic novel
mushy peas	n|marrowfat peas that have been soaked overnight and then boiled; served with fish and chips|
music	n|an artistic form of auditory communication incorporating instrumental or vocal tones in a structured and continuous manner|	n|any agreeable (pleasing and harmonious) sounds|he fell asleep to the music of the wind chimes	n|musical activity (singing or whistling etc.)|his music was his central interest	n|(music) the sounds produced by singers or musical instruments (or reproductions of such sounds)|
music box	n|produces music by means of pins on a revolving cylinder that strike the tuned teeth of a comb-like metal plate|
music critic	n|a critic of musical performances|
music department	n|the academic department responsible for teaching music and music appreciation|
music director	n|the person who leads a musical group|
music genre	n|an expressive style of music|
music hall	n|a theater in which vaudeville is staged|	n|a variety show with songs and comic acts etc.|
music lesson	n|a lesson in performing music|
music lover	n|someone who attends concerts|
music of the spheres	n|an inaudible music that Pythagoras thought was produced by the celestial|
music paper	n|paper with lines appropriate for writing music|
music rack	n|a light stand for holding sheets of printed music|
music school	n|a school for the study of music|	n|a school specializing in music|
music stand	n|a light stand for holding sheets of printed music|
music stool	n|a stool for piano players; usually adjustable in height|
music teacher	n|someone who teaches music|
musical	adj|characterized by or capable of producing music|a musical evening	adj|talented in or devoted to music|comes from a very musical family	adj|characteristic of or resembling or accompanied by music|a musical speaking voice	adj|containing or constituting or characterized by pleasing melody|the melodious song of a meadowlark
musical accompaniment	n|a musical part (vocal or instrumental) that supports or provides background for other musical parts|
musical arrangement	n|a piece of music that has been adapted for performance by a particular set of voices or instruments|
musical box	n|produces music by means of pins on a revolving cylinder that strike the tuned teeth of a comb-like metal plate|
musical chairs	n|a child's game in which players march to music around a group of chairs that contains one chair less than the number of players; when the music abruptly stops the players scramble to sit and the player who does not find a chair is eliminated; then a chair is removed and the march resumes until only the winner is seated|	n|a rearrangement that has no practical effect or significance|the company is looking for stability after years of musical chairs with directors
musical comedy	n|a play or film whose action and dialogue is interspersed with singing and dancing|
musical composition	n|a musical work that has been created|the composition is written in four movements
musical drama	n|opera in which the musical and dramatic elements are equally important; the music is appropriate to the action|
musical genre	n|an expressive style of music|
musical group	n|an organization of musicians who perform together|
musical harmony	n|the structure of music with respect to the composition and progression of chords|
musical instrument	n|any of various devices or contrivances that can be used to produce musical tones or sounds|
musical instrument digital interface	n|a standard protocol for communication between electronic musical instruments and computers|
musical interval	n|the difference in pitch between two notes|
musical mode	n|any of various fixed orders of the various diatonic notes within an octave|
musical notation	n|(music) notation used by musicians|
musical note	n|a notation representing the pitch and duration of a musical sound|the singer held the note too long
musical octave	n|a musical interval of eight tones|
musical organisation	n|an organization of musicians who perform together|
musical organization	n|an organization of musicians who perform together|
musical passage	n|a short section of a musical composition|
musical perception	n|the auditory perception of musical sounds|
musical performance	n|the act of performing music|
musical phrase	n|a short musical passage|
musical rhythm	n|the basic rhythmic unit in a piece of music|the piece has a fast rhythm
musical scale	n|(music) a series of notes differing in pitch according to a specific scheme (usually within an octave)|
musical score	n|a written form of a musical composition; parts for different instruments appear on separate staves on large pages|he studied the score of the sonata
musical soiree	n|a soiree assembled for the purpose of listening to music|
musical style	n|an expressive style of music|
musical theater	n|a play or film whose action and dialogue is interspersed with singing and dancing|
musical theme	n|(music) melodic subject of a musical composition|the theme is announced in the first measures
musical time	n|(music) the beat of musical rhythm|
musical time signature	n|a musical notation indicating the number of beats to a measure and kind of note that takes a beat|
musicality	n|the property of sounding like music|
musically	adv|in a musical manner|She sang very musically
musicalness	n|the property of sounding like music|
musician	n|someone who plays a musical instrument (as a profession)|	n|artist who composes or conducts music as a profession|
musicianship	n|artistry in performing music|
musicogenic epilepsy	n|reflex epilepsy induced by music|
musicological	adj|of or relating to musicology|
musicologically	adv|with respect to musicology|
musicologist	n|a student of musicology|
musicology	n|the scholarly and scientific study of music|
musing	n|a calm, lengthy, intent consideration|	adj|deeply or seriously thoughtful|Byron lives on not only in his poetry, but also in his creation of the `Byronic hero' - the persona of a brooding melancholy young man
musingly	adv|in a reflective manner|`It's funny about that bar,' he said musingly
musjid	n|(Islam) a Muslim place of worship|
musk	n|an odorous glandular secretion from the male musk deer; used as a perfume fixative|	n|the scent of a greasy glandular secretion from the male musk deer|
musk clover	n|low annual European herb naturalized in America; similar to alfilaria|
musk deer	n|small heavy-limbed upland deer of central Asia; male secretes valued musk|
musk duck	n|large crested wild duck of Central America and South America; widely domesticated|
musk hog	n|nocturnal gregarious pig-like wild animals of North America and South America|
musk kangaroo	n|small kangaroo of northeastern Australia|
musk mallow	n|bushy herb of tropical Asia grown for its yellow or pink to scarlet blooms that resemble the hibiscus|
musk ox	n|large shaggy-coated bovid mammal of Canada and Greenland; intermediate in size and anatomy between an ox and a sheep|
musk rose	n|rose native to Mediterranean region having curved or climbing branches and loose clusters of musky-scented flowers|
musk sheep	n|large shaggy-coated bovid mammal of Canada and Greenland; intermediate in size and anatomy between an ox and a sheep|
musk thistle	n|Eurasian perennial naturalized in eastern North America having very spiny white cottony foliage and nodding musky crimson flower heads; valuable source of nectar|
musk turtle	n|small freshwater turtle having a strong musky odor|
musk-scented	adj|smelling of musk|
muskat	n|any of several cultivated grapevines that produce sweet white grapes|
muskellunge	n|large (60 to 80 pounds) sport fish of North America|
musket	n|a muzzle-loading shoulder gun with a long barrel; formerly used by infantrymen|
musket ball	n|a solid projectile that is shot by a musket|they had to carry a ramrod as well as powder and ball
musketeer	n|a foot soldier armed with a musket|
musketry	n|musketeers and their muskets collectively|	n|the technique of using small arms (especially in battle)|
muskiness	n|having the olfactory properties of musk|
muskmelon	n|any of several varieties of vine whose fruit has a netted rind and edible flesh and a musky smell|	n|the fruit of a muskmelon vine; any of several sweet melons related to cucumbers|
muskogee	n|a town in eastern Oklahoma on the Arkansas River|	n|the Muskhogean language spoken by the Muskogee|
muskrat	n|the brown fur of a muskrat|	n|beaver-like aquatic rodent of North America with dark glossy brown fur|
muskrat fur	n|the brown fur of a muskrat|
muskus grass	n|low annual European herb naturalized in America; similar to alfilaria|
muskwood	n|musk-scented shrub or tree of southern and southeastern Australia having creamy-yellow flower heads|
musky	adj|resembling the smell of musk|
musky-scented	adj|smelling of musk|
muslim	adj|of or relating to or supporting Islamism|Islamic art	n|a believer in or follower of Islam|
muslim calendar	n|the lunar calendar used by Muslims; dates from 622 AD (the year of the Hegira); the beginning of the Muslim year retrogresses through the solar year completing the cycle every 32 years|
muslim ummah	n|the Muslim community or people, considered to extend from Mauritania to Pakistan|moderate Muslims urge the Ummah to reject the terrorism of radical Muslims
muslimah	n|a Muslim woman|
muslimism	n|the civilization of Muslims collectively which is governed by the Muslim religion|Islam is predominant in northern Africa, the Middle East, Pakistan, and Indonesia	n|the monotheistic religious system of Muslims founded in Arabia in the 7th century and based on the teachings of Muhammad as laid down in the Koran|Islam is a complete way of life, not a Sunday religion
muslin	n|plain-woven cotton fabric|
musnud	n|a seat with a cushion that is used as a throne by Indian princes|
musophaga	n|type genus of the Musophagidae|
musophagidae	n|touracos|
musophobia	n|a morbid fear of mice|
musquash	n|beaver-like aquatic rodent of North America with dark glossy brown fur|
muss	n|a state of confusion and disorderliness|the house was a mess	v|make messy or untidy|the child mussed up my hair
mussel	n|black marine bivalves usually steamed in wine|	n|marine or freshwater bivalve mollusk that lives attached to rocks etc.|
mussel shrimp	n|tiny marine and freshwater crustaceans with a shrimp-like body enclosed in a bivalve shell|
musset	n|French poet and writer (1810-1857)|
mussiness	n|a state of confusion and disorderliness|the house was a mess
mussitate	v|talk indistinctly; usually in a low voice|
mussitation	n|a low continuous indistinct sound; often accompanied by movement of the lips without the production of articulate speech|
mussolini	n|Italian fascist dictator (1883-1945)|
mussorgsky	n|Russian composer of operas and orchestral works (1839-1881)|
mussy	adj|dirty and disorderly|a mussy fussy bedroom
must	adj|highly recommended|a book that is must reading	n|a necessary or essential thing|seat belts are an absolute must	n|grape juice before or during fermentation|	n|the quality of smelling or tasting old or stale or mouldy|
mustache	n|an unshaved growth of hair on the upper lip|he looked younger after he shaved off his mustache
mustache cup	n|a drinking cup with a bar inside the rim to keep a man's mustache out of the drink|
mustached	adj|having a moustache|
mustachio	n|a large bushy moustache (with hair growing sometimes down the sides of the mouth)|
mustachioed	adj|having a moustache|
mustafa kemal	n|Turkish statesman who abolished the caliphate and founded Turkey as a modern secular state (1881-1938)|
mustagh	n|a mountain range in northern Kashmir; an extension of the Hindu Kush; contains the 2nd highest peak|
mustagh range	n|a mountain range in northern Kashmir; an extension of the Hindu Kush; contains the 2nd highest peak|
mustang	n|small hardy range horse of the western plains descended from horses brought by the Spanish|
mustang mint	n|fragrant California annual herb having lanceolate leaves and clusters of rose-purple flowers|
mustard	n|any of several cruciferous plants of the genus Brassica|	n|pungent powder or paste prepared from ground mustard seeds|	n|leaves eaten as cooked greens|
mustard agent	n|a toxic war gas with sulfide based compounds that raises blisters and attacks the eyes and lungs; there is no known antidote|
mustard family	n|a large family of plants with four-petaled flowers; includes mustards, cabbages, broccoli, turnips, cresses, and their many relatives|
mustard gas	n|a toxic war gas with sulfide based compounds that raises blisters and attacks the eyes and lungs; there is no known antidote|
mustard greens	n|leaves eaten as cooked greens|
mustard oil	n|oil obtained from mustard seeds and used in making soap|
mustard plaster	n|a plaster containing powdered black mustard; applied to the skin as a counterirritant or rubefacient|
mustard sauce	n|sauce of prepared mustard thinned with vinegar and vegetable oil with sugar and seasonings|
mustard seed	n|black or white seeds ground to make mustard pastes or powders|
mustard tree	n|glabrous or pubescent evergreen shrub or tree of the genus Salvadora; twigs are fibrous and in some parts of the world are bound together in clusters and used as a toothbrush; shoots are used as camel fodder; plant ash provides salt|
mustela	n|type genus of the family Mustelidae: minks and weasels|
mustela erminea	n|mustelid of northern hemisphere in its white winter coat|
mustela nivalis	n|of Europe|
mustela putorius	n|dark brown mustelid of woodlands of Eurasia that gives off an unpleasant odor when threatened|
mustela vison	n|usually rich dark brown|
mustelid	n|fissiped fur-bearing carnivorous mammals|
mustelidae	n|weasels; polecats; ferrets; minks; fishers; otters; badgers; skunks; wolverines; martens|
musteline	n|fissiped fur-bearing carnivorous mammals|
musteline mammal	n|fissiped fur-bearing carnivorous mammals|
mustelus	n|smooth dogfishes|
mustelus canis	n|found along the Atlantic coast of the Americas|
mustelus mustelus	n|smooth dogfish of European coastal waters|
mustelus norrisi	n|found from the northern Gulf of Mexico to Brazil|
muster	v|gather or bring together|muster the courage to do something	v|call to duty, military service, jury duty, etc.|	n|a gathering of military personnel for duty|he was thrown in the brig for missing muster	n|compulsory military service|
muster call	n|a call of the names of personnel at a military assembly|
muster in	v|engage somebody to enter the army|
muster out	v|release from military service|
muster roll	n|a list of names of officers and men in a military unit or ship's company|
muster up	v|gather or bring together|muster the courage to do something
musth	n|an annual phase of heightened sexual excitement in the males of certain large mammals (especially elephants); is associated with discharge from a gland between the eye and ear|the frenzied elephant was in musth
mustiness	n|the quality of smelling or tasting old or stale or mouldy|
musty	adj|covered with or smelling of mold|moldy bread	adj|stale and unclean smelling|
mutability	n|the quality of being capable of mutation|
mutable	adj|capable of or tending to change in form or quality or nature|a mutable substance	adj|prone to frequent change; inconstant|the fickle and mutable nature of truth	adj|tending to undergo genetic mutuation|It is likely, too, that the chromosomes of all eubacteria are as mutable as that of E. coli
mutableness	n|the quality of being capable of mutation|
mutafacient	adj|capable of inducing mutation (used mainly of intracellular agents)|
mutagen	n|any agent (physical or environmental) that can induce a genetic mutation or can increase the rate of mutation|
mutagenesis	n|an event capable of causing a mutation|
mutagenic	adj|capable of inducing mutation (used mainly of extracellular factors such as X-rays or chemical pollution)|
mutamycin	n|a complex of antibiotic substances obtained from a streptomyces bacterium; one form (trade name Mutamycin) shows promise as an anticancer drug|
mutant	n|(biology) an organism that has characteristics resulting from chromosomal alteration|	n|an animal that has undergone mutation|	adj|tending to undergo or resulting from mutation|a mutant gene
mutant gene	n|a gene that has changed so that the normal transmission and expression of a trait is affected|
mutate	v|undergo mutation|cells mutate
mutation	n|(biology) an organism that has characteristics resulting from chromosomal alteration|	n|(genetics) any event that changes genetic structure; any alteration in the inherited nucleic acid sequence of the genotype of an organism|	n|a change or alteration in form or qualities|
mutational	adj|of or relating to or resulting from mutation|
mutatis mutandis	adv|with the necessary changes having been carried out|
mutative	adj|of or pertaining to or marked by genetic mutation|the mutative processes of nature
mutawa	n|religious police in Saudi Arabia whose duty is to ensure strict adherence to established codes of conduct; offenders may be detained indefinitely; foreigners are not excluded|
mutawa'een	n|religious police in Saudi Arabia whose duty is to ensure strict adherence to established codes of conduct; offenders may be detained indefinitely; foreigners are not excluded|
mute	adj|expressed without speech|a mute appeal	adj|unable to speak because of hereditary deafness|	n|a deaf person who is unable to speak|	n|a device used to soften the tone of a musical instrument|
mute swan	n|soundless Eurasian swan; commonly domesticated|
muted	adj|in a softened tone|hushed voices	adj|being or made softer or less loud or clear|the dull boom of distant breaking waves
mutely	adv|without speaking|he sat mutely next to her
muteness	n|the condition of being unable or unwilling to speak|her muteness was a consequence of her deafness	n|a refusal to speak when expected|his silence about my contribution was surprising
mutilate	v|destroy or injure severely|The madman mutilates art work	v|alter so as to make unrecognizable|The tourists murdered the French language
mutilated	adj|having a part of the body crippled or disabled|
mutilation	n|an injury that causes disfigurement or that deprives you of a limb or other important body part|	n|the act of damaging the appearance or surface of something|the defacement of an Italian mosaic during the Turkish invasion
mutilator	n|a person who mutilates or destroys or disfigures or cripples|
mutillidae	n|a family of wasps|
mutineer	n|someone who is openly rebellious and refuses to obey authorities (especially seamen or soldiers)|
mutinous	adj|disposed to or in a state of mutiny|the men became mutinous and insubordinate	adj|consisting of or characterized by or inciting to mutiny|mutinous acts
mutinus	n|a genus of fungi belonging to the family Phallaceae|
mutinus caninus	n|a stinkhorn having a stalk without a cap; the slimy gleba is simply plastered on its surface near the apex where winged insects can find it|
mutiny	n|open rebellion against constituted authority (especially by seamen or soldiers against their officers)|	v|engage in a mutiny against an authority|
mutisia	n|any of various plants of the genus Mutisia|
mutism	n|the condition of being unable or unwilling to speak|her muteness was a consequence of her deafness
muton	n|the smallest unit of DNA where a mutation can occur|
mutsuhito	n|emperor of Japan who encouraged the modernization of Japan (1852-1912)|
mutt	n|an inferior dog or one of mixed breed|
mutter	v|talk indistinctly; usually in a low voice|	v|make complaining remarks or noises under one's breath|she grumbles when she feels overworked	n|a low continuous indistinct sound; often accompanied by movement of the lips without the production of articulate speech|	n|a complaint uttered in a low and indistinct tone|
mutterer	n|a person who speaks softly and indistinctly|
muttering	n|a low continuous indistinct sound; often accompanied by movement of the lips without the production of articulate speech|	n|a complaint uttered in a low and indistinct tone|
mutton	n|meat from a mature domestic sheep|
mutton chop	n|chop cut from a mature sheep|	n|facial hair that has grown down the side of a man's face in front of the ears (especially when the rest of the beard is shaved off)|
mutton quad	n|a quad with a square body|since `em quad' is hard to distinguish from `en quad', printers sometimes called it a `mutton quad'
mutton snapper	n|similar to and often marketed as `red snapper'|
mutton tallow	n|tallow from the body of a mature sheep|
muttonfish	n|similar to and often marketed as `red snapper'|
muttonhead	n|a stupid person; these words are used to express a low opinion of someone's intelligence|
mutual	adj|common to or shared by two or more parties|a common friend	adj|concerning each of two or more persons or things; especially given or done in return|reciprocal aid
mutual affection	n|sympathy of each person for the other|
mutual aid	n|arrangements made between nations to assist each other|
mutual exclusiveness	n|the relation between propositions that cannot both be true at the same time|
mutual fund	n|the pooled money that is invested in assets|	n|a regulated investment company with a pool of assets that regularly sells and redeems its shares|
mutual fund company	n|a regulated investment company with a pool of assets that regularly sells and redeems its shares|
mutual inductance	n|a measure of the induction between two circuits; the ratio of the electromotive force in a circuit to the corresponding change of current in a neighboring circuit; usually measured in henries|
mutual induction	n|generation of electromotive forces in each other by two adjacent circuits|
mutual opposition	n|a relation between two opposite attributes or tendencies|he viewed it as a balanced polarity between good and evil
mutual resemblance	n|symmetrical resemblance|
mutual savings bank	n|a state-chartered savings bank owned by its depositors and managed by a board of trustees|
mutual understanding	n|sympathy of each person for the other|
mutualism	n|the relation between two different species of organisms that are interdependent; each gains benefits from the other|
mutualist	adj|mutually dependent|
mutuality	n|a reciprocality of sentiments|the mutuality of their affection was obvious	n|a reciprocal relation between interdependent entities (objects or individuals or groups)|
mutually	adv|in a mutual or shared manner|the agreement was mutually satisfactory
mutually beneficial	adj|mutually dependent|
mutually exclusive	adj|unable for both to exist or be true at the same time|
mutualness	n|a reciprocality of sentiments|the mutuality of their affection was obvious
muumuu	n|a woman's loose unbelted dress|
muzhik	n|a Russian peasant (especially prior to 1917)|
muzjik	n|a Russian peasant (especially prior to 1917)|
muztag	n|a highest mountain peak in the Kunlun Shan in China; near the Indian border (23,891 feet high)|
muztagh	n|a highest mountain peak in the Kunlun Shan in China; near the Indian border (23,891 feet high)|
muzzle	n|the open circular discharging end of a gun|	n|forward projecting part of the head of certain animals; includes the jaws and nose|	n|a leather or wire restraint that fits over an animal's snout (especially a dog's nose and jaws) and prevents it from eating or biting|	n|restraint put into a person's mouth to prevent speaking or shouting|
muzzle loader	n|an obsolete firearm that was loaded through the muzzle|
muzzle velocity	n|the velocity of a projectile as it leaves the muzzle of a gun|
muzzle-loading	adj|(of firearms) taking the projectile or cartridge through the muzzle|
muzzler	n|someone who muzzles animals|
muzzy	adj|indistinct or hazy in outline|a landscape of blurred outlines	adj|confused and vague; used especially of thinking|muddleheaded ideas
mv	n|a unit of potential equal to one thousandth of a volt|	n|a radioactive transuranic element synthesized by bombarding einsteinium with alpha particles (Md is the current symbol for mendelevium but Mv was formerly the symbol)|
mvp	n|the player judged to be the most important to the sport|
mwanza	n|a city in northern Tanzania on Lake Victoria|
mwera	n|a Bantu language spoken in southern coastal Tanzania|
mx	n|a cgs unit of magnetic flux equal to the flux perpendicular to an area of 1 square centimeter in a magnetic field of 1 gauss|
mya	n|type genus of the family Myacidae|
myaceae	n|clams|
myacidae	n|soft-shell clams|
myadestes	n|solitaires|
myalgia	n|pain in a muscle or group of muscles|
myalgic	adj|of or relating to myalgia|
myanmar	n|a mountainous republic in southeastern Asia on the Bay of Bengal|much opium is grown in Myanmar
myanmar monetary unit	n|monetary unit in the Union of Burma|
myasthenia	n|a chronic progressive disease characterized by chronic fatigue and muscular weakness (especially in the face and neck); caused by a deficiency of acetylcholine at the neuromuscular junctions|	n|any muscular weakness|
myasthenia gravis	n|a chronic progressive disease characterized by chronic fatigue and muscular weakness (especially in the face and neck); caused by a deficiency of acetylcholine at the neuromuscular junctions|
myasthenic syndrome	n|a disease seen in patients with lung cancer and characterized by weakness and fatigue of hip and thigh muscles and an aching back; caused by antibodies directed against the neuromuscular junctions|
mycelia sterilia	n|order of imperfect fungi having no known spore stage|
mycelium	n|the vegetative part of a fungus consisting of a mass of branching threadlike hyphae|
mycenae	n|an ancient city is southern Greece; center of the Mycenaean civilization during the late Bronze Age|
mycenaean	adj|of or relating to or characteristic of ancient Mycenae or its inhabitants|Mycenaean bronzes
mycenaean civilisation	n|the late bronze-age culture of Mycenae that flourished 1400-1100 BC|
mycenaean civilization	n|the late bronze-age culture of Mycenae that flourished 1400-1100 BC|
mycenaean culture	n|the late bronze-age culture of Mycenae that flourished 1400-1100 BC|
mycenaen	n|a native or inhabitant of ancient Mycenae|
mycetophilidae	n|fungus gnats|
mycobacteria	n|rod-shaped bacteria some saprophytic or causing diseases|
mycobacteriaceae	n|a family of bacteria|
mycobacterium	n|rod-shaped bacteria some saprophytic or causing diseases|
mycobacterium leprae	n|cause of leprosy|
mycobacterium tuberculosis	n|cause of tuberculosis|
mycologist	n|a botanist who specializes in the study of fungi|
mycology	n|the branch of botany that studies fungi and fungus-caused diseases|
mycomycin	n|a highly unsaturated antibiotic acid obtained from an actinomycete|
mycophage	n|a person or animal who eats fungi (especially mushrooms)|
mycophagist	n|a person or animal who eats fungi (especially mushrooms)|
mycophagy	n|the practice of eating fungi (especially mushrooms collected in the wild)|
mycoplasma	n|any of a group of small parasitic bacteria that lack cell walls and can survive without oxygen; can cause pneumonia and urinary tract infection|
mycoplasmal pneumonia	n|an acute respiratory disease marked by high fever and coughing; caused by mycoplasma; primarily affecting children and young adults|
mycoplasmataceae	n|pleomorphic Gram-negative nonmotile microorganism similar to both viruses and bacteria; parasitic in mammals|
mycoplasmatales	n|coextensive with the family Mycoplasmataceae|
mycosis	n|an inflammatory condition caused by a fungus|
mycostatin	n|an antifungal and antibiotic (trade names Mycostatin and Nystan) discovered in New York State; derived from soil fungi actinomycetes|
mycotoxin	n|a toxin produced by a fungus|
mycrosporidia	n|an order in the subclass Cnidosporidia|
mycteroperca	n|groupers|
mycteroperca bonaci	n|large dark grouper with a thick head and rough scales|
myctophidae	n|deep-sea fishes comprising the lantern fishes|
mydriasis	n|reflex pupillary dilation as a muscle pulls the iris outward; occurs in response to a decrease in light or certain drugs|
mydriatic	n|a drug that causes the pupil of the eye to dilate; used to aid eye examinations|
mydriatic drug	n|a drug that causes the pupil of the eye to dilate; used to aid eye examinations|
myelatelia	n|any developmental defect of the spinal cord|
myelencephalon	n|the posterior part of the hindbrain in developing vertebrates; forms the medulla oblongata in adults|
myelic	adj|of or relating to the spinal cord|
myelin	n|a white fatty substance that forms a medullary sheath around the axis cylinder of some nerve fibers|
myelin sheath	n|a layer of myelin encasing (and insulating) the axons of medullated nerve fibers|
myelinated	adj|(of neurons) covered with a layer of myelin|
myelinated nerve fiber	n|a nerve fiber encased in a sheath of myelin|
myeline	n|a white fatty substance that forms a medullary sheath around the axis cylinder of some nerve fibers|
myelinic	adj|of or relating to the substance that forms a sheath around the axon of some nerve fibers|
myelinisation	n|the development of a myelin sheath around a nerve fiber|
myelinization	n|the development of a myelin sheath around a nerve fiber|
myelitis	n|inflammation of the spinal cord|
myeloblast	n|a precursor of leukocytes that normally occurs only in bone marrow|
myeloblastic leukemia	n|a malignant neoplasm of blood-forming tissues; characterized by numerous myeloblasts in the blood stream|
myelocyte	n|an immature leukocyte normally found in bone marrow|
myelocytic leukemia	n|a malignant neoplasm of blood-forming tissues; marked by proliferation of myelocytes and their presence in the blood|
myelofibrosis	n|fibrosis of the bone marrow|
myelogram	n|X-ray film of the spinal cord and spinal nerve roots and subarachnoid space|
myelography	n|roentgenography of the spinal cord to detect possible lesions (usually after injection of a contrast medium into the subarachnoid space)|
myeloid	adj|of or relating to bone marrow|	adj|marrowlike|	adj|of or relating to the spinal cord|
myeloid leukemia	n|chronic leukemia characterized by granular leukocytes; more common in older people|
myeloma	n|a tumor of the bone marrow (usually malignant) composed of cells normally found in bone marrow|
myelomeningocele	n|a congenital defect of the central nervous system in which a sac containing part of the spinal cord and its meninges protrude through a gap in the vertebral column; frequently accompanied by hydrocephalus and mental retardation|
myenteric plexus	n|a plexus of unmyelinated fibers and postganglionic autonomic cell bodies in the muscular coat of the esophagus and stomach and intestines|
myg	n|one ten thousandth of a centner|
myiasis	n|infestation of the body by the larvae of flies (usually through a wound or other opening) or any disease resulting from such infestation|
mylanta	n|an antacid|
mylar	n|a thin polyester film|
myles standish	n|English colonist in America; leader of the Pilgrims in the early days of the Plymouth Colony (1584-1656)|
myliobatidae	n|eagle rays|
mylitta	n|Babylonian and Assyrian goddess of love and fertility and war; counterpart to the Phoenician Astarte|
mylodon	n|large (bear-sized) extinct edentate mammal of the Pleistocene in South America|
mylodontid	n|a variety of extinct edentate|
mym	n|a metric unit of length equal to 10,000 meters|
myna	n|tropical Asian starlings|
myna bird	n|tropical Asian starlings|
mynah	n|tropical Asian starlings|
mynah bird	n|tropical Asian starlings|
myocardial	adj|of or relating to the myocardium|
myocardial infarct	n|destruction of heart tissue resulting from obstruction of the blood supply to the heart muscle|
myocardial infarction	n|destruction of heart tissue resulting from obstruction of the blood supply to the heart muscle|
myocardial inflammation	n|inflammation of the myocardium (the muscular tissue of the heart)|
myocardiopathy	n|a disorder (usually of unknown origin) of the heart muscle (myocardium)|
myocarditis	n|inflammation of the myocardium (the muscular tissue of the heart)|
myocardium	n|the middle muscular layer of the heart wall|
myocastor	n|a genus of Capromyidae|
myoclonus	n|a clonic spasm of a muscle or muscle group|
myoclonus epilepsy	n|epilepsy characterized by clonus of muscle groups and progressive mental deterioration and genetic origin|
myodynia	n|pain in a muscle or group of muscles|
myofibril	n|one of many contractile filaments that make up a striated muscle fiber|
myofibrilla	n|one of many contractile filaments that make up a striated muscle fiber|
myoglobin	n|a hemoprotein that receives oxygen from hemoglobin and stores it in the tissues until needed|
myoglobinuria	n|the presence of myoglobin in the urine|
myogram	n|a graphical recording of muscle activity|
myoid	adj|resembling muscle|
myology	n|the branch of physiology that studies muscles|
myoma	n|a benign tumor composed of muscle tissue|
myometritis	n|inflammation of the myometrium|
myometrium	n|the smooth muscle forming the wall of the uterus|
myomorpha	n|true rats and mice and related rodents|
myonecrosis	n|localized death of muscle cell fibers|
myoneural junction	n|the junction between a nerve fiber and the muscle it supplies|
myopathic	adj|of or relating to any disease of the muscles that is not caused by nerve dysfunction|
myopathy	n|any pathology of the muscles that is not attributable to nerve dysfunction|
myope	n|a person with myopia; a nearsighted person|
myopia	n|(ophthalmology) eyesight abnormality resulting from the eye's faulty refractive ability; distant objects appear blurred|
myopic	adj|unable to see distant objects clearly|	adj|lacking foresight or scope|a short view of the problem
myopus	n|a genus of Cricetidae|
myosarcoma	n|sarcoma of muscle tissue|
myosin	n|the commonest protein in muscle; a globulin that combines with actin to form actomyosin|
myosis	n|an acute infectious disease occurring in epidemic form and featuring paroxysms of pain (usually in the chest)|	n|reflex contraction of the sphincter muscle of the iris in response to a bright light (or certain drugs) causing the pupil to become smaller|
myositis	n|inflammation of muscle tissue|
myositis trichinosa	n|infestation by trichina larvae that are transmitted by eating inadequately cooked meat (especially pork); larvae migrate from the intestinal tract to the muscles where they become encysted|
myosotis	n|forget-me-nots; scorpion grass|
myosotis scorpiodes	n|small perennial herb having bright blue or white flowers|
myosotis sylvatica	n|small biennial to perennial herb of Europe, northern Africa and western Asia having blue, purple or white flowers|
myotactic reflex	n|reflex contraction of a muscle when an attached tendon is pulled; important in maintaining erect posture|
myotic	adj|of or relating to or causing constriction of the pupil of the eye|a miotic drug	n|a drug that causes miosis (constriction of the pupil of the eye)|
myotic drug	n|a drug that causes miosis (constriction of the pupil of the eye)|
myotis	n|largest and most widely distributed genus of bats|
myotomy	n|surgical incision or division of a muscle|
myotonia	n|abnormally long muscular contractions; slow relaxation of a muscle after a contraction|
myotonia atrophica	n|a severe form of muscular dystrophy marked by generalized weakness and muscular wasting that affects the face and feet and hands and neck; difficult speech and difficulty with the hands that spreads to the arms and shoulders and legs and hips; the onset can be any time from birth to middle age and the progression is slow; inheritance is autosomal dominant|
myotonia congenita	n|a mild, rare, congenital form of myotonia characterized by muscle stiffness|
myotonic	adj|of or relating to or caused by myotonia|
myotonic dystrophy	n|a severe form of muscular dystrophy marked by generalized weakness and muscular wasting that affects the face and feet and hands and neck; difficult speech and difficulty with the hands that spreads to the arms and shoulders and legs and hips; the onset can be any time from birth to middle age and the progression is slow; inheritance is autosomal dominant|
myotonic muscular dystrophy	n|a severe form of muscular dystrophy marked by generalized weakness and muscular wasting that affects the face and feet and hands and neck; difficult speech and difficulty with the hands that spreads to the arms and shoulders and legs and hips; the onset can be any time from birth to middle age and the progression is slow; inheritance is autosomal dominant|
myrdal	n|Swedish economist (1898-1987)|
myriad	adj|too numerous to be counted|countless hours	n|a large indefinite number|he faced a myriad of details	n|the cardinal number that is the product of ten and one thousand|
myriagram	n|one ten thousandth of a centner|
myriameter	n|a metric unit of length equal to 10,000 meters|
myriametre	n|a metric unit of length equal to 10,000 meters|
myriapod	n|general term for any terrestrial arthropod having an elongated body composed of many similar segments: e.g. centipedes and millipedes|
myriapoda	n|arthropods having the body composed of numerous double somites each with two pairs of legs: millipedes|
myrica	n|deciduous aromatic shrubs or small trees|
myrica gale	n|bog shrub of north temperate zone having bitter-tasting fragrant leaves|
myrica pensylvanica	n|deciduous aromatic shrub of eastern North America with grey-green wax-coated berries|
myricaceae	n|constituting the order Myricales|
myricales	n|coextensive with the family Myricaceae|
myricaria	n|small genus of deciduous shrubs or subshrubs of southern Europe to Siberia and China; tolerant of chalky soil|
myricaria germanica	n|Eurasian shrub resembling the tamarisk|
myringa	n|the membrane in the ear that vibrates to sound|
myringectomy	n|surgical removal of the eardrum|
myringoplasty	n|surgical repair of a perforated eardrum with a tissue graft|
myringotomy	n|surgical incision into the eardrum (to relieve pressure or release pus from the middle ear)|
myriophyllum	n|chiefly monoecious and usually aquatic herbs (as the milfoils)|
myristic acid	n|a saturated fatty acid occurring naturally in animal and vegetable fats|
myristica	n|type genus of Myristicaceae; tropical Asian evergreen trees with small white or yellow flowers followed by fleshy fruits|
myristica fragrans	n|East Indian tree widely cultivated in the tropics for its aromatic seed; source of two spices: nutmeg and mace|
myristicaceae	n|family of aromatic tropical trees with arillate seeds|
myrmecia	n|bulldog ants|
myrmecobius	n|banded anteater|
myrmecobius fasciatus	n|small Australian marsupial having long snout and strong claws for feeding on termites; nearly extinct|
myrmecophaga jubata	n|large shaggy-haired toothless anteater with long tongue and powerful claws; of South America|
myrmecophagidae	n|New World anteaters|
myrmecophagous	adj|feeding on ants|myrmecophagous squirrel
myrmecophile	n|an organism such as an insect that habitually shares the nest of a species of ant|
myrmecophilous	adj|living symbiotically with ants|
myrmecophyte	n|plant that affords shelter or food to ants that live in symbiotic relations with it|
myrmecophytic	adj|of or relating to myrmecophytes|
myrmeleon	n|type genus of the Myrmeleontidae: antlions|
myrmeleontidae	n|antlions|
myrmidon	n|a follower who carries out orders without question|	n|(Greek mythology) a member of the warriors who followed Achilles on the expedition against Troy|
myrobalan	n|small Asiatic tree bearing edible red or yellow fruit|
myrobalan plum	n|small Asiatic tree bearing edible red or yellow fruit|
myroxylon balsamum pereirae	n|tree of South and Central America yielding an aromatic balsam|
myroxylon pereirae	n|tree of South and Central America yielding an aromatic balsam|
myrrh	n|aromatic resin that is burned as incense and used in perfume|
myrrh tree	n|tree of eastern Africa and Asia yielding myrrh|
myrrhis	n|European perennial herbs having pinnate leaves and umbels of white flowers|
myrrhis odorata	n|European herb with soft ferny leaves and white flowers|
myrsinaceae	n|family of Old World tropical trees and shrubs; some in Florida|
myrsine	n|evergreen trees and shrubs having aromatic foliage; Africa; Asia (New Zealand)|
myrsine family	n|family of Old World tropical trees and shrubs; some in Florida|
myrtaceae	n|trees and shrubs yielding a fragrant oil|
myrtaceous tree	n|trees and shrubs|
myrtales	n|Myrtaceae; Combretaceae; Elaeagnaceae; Haloragidaceae; Melastomaceae; Lecythidaceae; Lythraceae; Rhizophoraceae; Onagraceae; Lecythidaceae; Punicaceae|
myrtillocactus	n|small genus of arborescent cacti of Mexico and Central America|
myrtillocactus geometrizans	n|arborescent cactus of western Mexico bearing a small oblong edible berrylike fruit|
myrtle	n|widely cultivated as a groundcover for its dark green shiny leaves and usually blue-violet flowers|	n|any evergreen shrub or tree of the genus Myrtus|
myrtle beech	n|large evergreen tree of Tasmania|
myrtle bird	n|similar to Audubon's warbler|
myrtle family	n|trees and shrubs yielding a fragrant oil|
myrtle flag	n|perennial marsh plant having swordlike leaves and aromatic roots|
myrtle spurge	n|poisonous Old World spurge; adventive in America; seeds yield a purgative oil|
myrtle warbler	n|similar to Audubon's warbler|
myrtus	n|type genus of the Myrtaceae|
myrtus communis	n|European shrub with white or rosy flowers followed by black berries|
mysidacea	n|opossum shrimp|
mysidae	n|small shrimp-like crustaceans|
mysis	n|type genus of the family Mysidae|
mysoandry	n|hatred for men or boys|
mysoline	n|an anticonvulsant (trade name Mysoline) used to treat grand mal seizures and essential tremor|
mysophilia	n|abnormal attraction to filth|
mysophobia	n|a morbid fear of dirt or contamination|
mysophobic	adj|suffering from mysophobia; abnormally afraid of dirt or contamination|
mysore	n|a city in southern India to the southwest of Bangalore|	n|state in southern India; formerly Mysore|
mysore thorn	n|spreading thorny shrub of tropical Asia bearing large erect racemes of red-marked yellow flowers|
mysterious	adj|of an obscure nature|the new insurance policy is written without cryptic or mysterious terms	adj|having an import not apparent to the senses nor obvious to the intelligence; beyond ordinary understanding|mysterious symbols
mysteriously	adv|in a cryptic manner|`we will meet again', he said cryptically
mystery	n|something that baffles understanding and cannot be explained|how it got out is a mystery	n|a story about a crime (usually murder) presented as a novel or play or movie|
mystery novel	n|novel in which the reader is challenged to solve a puzzle before the detective explains it at the end|
mystery play	n|a medieval play representing episodes from the life of Christ|
mystery story	n|a story about a crime (usually murder) presented as a novel or play or movie|
mystic	adj|having an import not apparent to the senses nor obvious to the intelligence; beyond ordinary understanding|mysterious symbols	adj|relating to or resembling mysticism|mystical intuition	adj|relating to or characteristic of mysticism|mystical religion	n|someone who believes in the existence of realities beyond human comprehension|
mystic jewel	n|a member of the Taoist Trinity|
mystical	adj|relating to or characteristic of mysticism|mystical religion	adj|relating to or resembling mysticism|mystical intuition	adj|having an import not apparent to the senses nor obvious to the intelligence; beyond ordinary understanding|mysterious symbols
mystically	adv|in a mystical manner|chant mystically
mysticeti	n|baleen whales: right whales; rorquals; blue whales; humpbacks|
mysticism	n|a religion based on mystical communion with an ultimate reality|	n|obscure or irrational thought|
mystification	n|confusion resulting from failure to understand|	n|something designed to mystify or bewilder|	n|the activity of obscuring people's understanding, leaving them baffled or bewildered|
mystified	adj|totally perplexed and mixed up|all this duncical nonsense has my brains metagrobolized"- Wall Street Journal
mystifier	n|a particularly baffling problem that is said to have a correct solution|he loved to solve chessmate puzzles
mystify	v|be a mystery or bewildering to|This beats me!	v|make mysterious|mystify the story
mystifying	adj|of an obscure nature|the new insurance policy is written without cryptic or mysterious terms
mystique	n|an aura of heightened value or interest or meaning surrounding a person or thing|
myth	n|a traditional story accepted as history; serves to explain the world view of a people|
mythic	adj|relating to or having the nature of myth|a novel of almost mythic consequence	adj|based on or told of in traditional stories; lacking factual basis or historical validity|mythical centaurs
mythical	adj|based on or told of in traditional stories; lacking factual basis or historical validity|mythical centaurs
mythical being	n|an imaginary being of myth or fable|
mythical creature	n|a monster renowned in folklore and myth|
mythical monster	n|a monster renowned in folklore and myth|
mythical place	n|a place that exists only in imagination; a place said to exist in fictional or religious writings|
mythicise	v|interpret as a myth or in terms of mythology|mythicize the ancient stories	v|make into a myth|The Europeans have mythicized Rte. 66
mythicize	v|interpret as a myth or in terms of mythology|mythicize the ancient stories	v|make into a myth|The Europeans have mythicized Rte. 66
mythologic	adj|based on or told of in traditional stories; lacking factual basis or historical validity|mythical centaurs
mythological	adj|based on or told of in traditional stories; lacking factual basis or historical validity|mythical centaurs
mythologisation	n|the restatement of a message as a myth|
mythologise	v|construct a myth|The poet mythologized that the King had three sons	v|make into a myth|The Europeans have mythicized Rte. 66
mythologist	n|an expert on mythology|
mythologization	n|the restatement of a message as a myth|
mythologize	v|construct a myth|The poet mythologized that the King had three sons	v|make into a myth|The Europeans have mythicized Rte. 66
mythology	n|myths collectively; the body of stories associated with a culture or institution or person|	n|the study of myths|
mytilene	n|an island of eastern Greece in the eastern Aegean Sea; in antiquity it was famous for lyric poetry|
mytilid	n|marine bivalve mollusk having a dark elongated shell; live attached to solid objects especially in intertidal zones|
mytilidae	n|marine mussels|
mytilus	n|type genus of the family Mytilidae: smooth-shelled marine mussels|
mytilus edulis	n|a mussel with a dark shell that lives attached to rocks|
myxedema	n|hypothyroidism marked by dry skin and swellings around lips and nose as well as mental deterioration|
myxine	n|type genus of the Myxinidae (typical hagfishes)|
myxine glutinosa	n|typical hagfish|
myxinidae	n|slime-producing marine animals: hagfishes|
myxiniformes	n|hagfishes as distinguished from lampreys|
myxinikela	n|fossil hagfishes|
myxinikela siroka	n|fossil hagfish of the Pennsylvanian period (c. 300 million years ago) that resembled modern hagfishes|
myxinoidea	n|hagfishes as distinguished from lampreys|
myxinoidei	n|hagfishes as distinguished from lampreys|
myxobacter	n|bacteria that form colonies in self-produced slime; inhabit moist soils or decaying plant matter or animal waste|
myxobacterales	n|an order of higher bacteria|
myxobacteria	n|bacteria that form colonies in self-produced slime; inhabit moist soils or decaying plant matter or animal waste|
myxobacteriaceae	n|bacteria living mostly in soils and on dung|
myxobacteriales	n|an order of higher bacteria|
myxobacterium	n|bacteria that form colonies in self-produced slime; inhabit moist soils or decaying plant matter or animal waste|
myxocephalus	n|grubby|
myxocephalus aenaeus	n|small sculpin of the coast of New England|
myxoedema	n|hypothyroidism marked by dry skin and swellings around lips and nose as well as mental deterioration|
myxoma	n|a benign tumor of connective tissue containing jellylike material|
myxoma virus	n|a poxvirus closely related to smallpox virus; causes benign gelatinous tumors in humans|
myxomatosis	n|a viral disease (usually fatal) of rabbits|
myxomycete	n|a slime mold of the class Myxomycetes|
myxomycetes	n|the class of true slime molds; essentially equivalent to the division Myxomycota|
myxomycota	n|slime molds; organisms having a noncellular and multinucleate creeping vegetative phase and a propagative spore-producing stage: comprises Myxomycetes and Acrasiomycetes; in some classifications placed in the kingdom Protoctista|
myxophyceae	n|former terms for Cyanophyceae|
myxosporidia	n|an order in the subclass Cnidosporidia|
myxosporidian	n|mostly parasitic in fishes and including various serious pathogens|
myxovirus	n|any of a group of RNA viruses including those that cause influenza and mumps|
