n	n|a common nonmetallic element that is normally a colorless odorless tasteless inert diatomic gas; constitutes 78 percent of the atmosphere by volume; a constituent of all living tissues|	n|the cardinal compass point that is at 0 or 360 degrees|	n|a unit of force equal to the force that imparts an acceleration of 1 m/sec/sec to a mass of 1 kilogram; equal to 100,000 dynes|	n|(of a solution) concentration expressed in gram equivalents of solute per liter|
n'djamena	n|the capital and largest city of Chad; located in the southwestern on the Shari river|
n-th	adj|last or greatest in an indefinitely large series|to the nth degree
n-type semiconductor	n|a semiconductor in which electrical conduction is due chiefly to the movement of electrons|
n. y. stock exchange	n|a stock exchange in New York|
n.b.	n|a Latin phrase (or its abbreviation) used to indicate that special attention should be paid to something|the margins of his book were generously supplied with pencilled NBs
n.h.	n|a state in New England; one of the original 13 colonies|
n.j.	n|a Mid-Atlantic state on the Atlantic; one of the original 13 colonies|
n.y.	n|a Mid-Atlantic state; one of the original 13 colonies|
na	n|a silvery soft waxy metallic element of the alkali metal group; occurs abundantly in natural compounds (especially in salt water); burns with a yellow flame and reacts violently in water; occurs in sea water and in the mineral halite (rock salt)|
naan	n|leavened bread baked in a clay oven in India; usually shaped like a teardrop|
nab	v|tag the base runner to get him out|	v|take into custody|the police nabbed the suspected criminals	v|seize suddenly|
nabalus alba	n|herb of northeastern North America having drooping clusters of yellowish-white flowers; sometimes placed in genus Prenanthes|
nablus	n|an ancient city in the West Bank to the north of Jerusalem; the home of Jacob in biblical times|
nabob	n|a governor in India during the Mogul empire|	n|a wealthy man (especially one who made his fortune in the Orient)|
naboom	n|small tree of dry open parts of southern Africa having erect angled branches suggesting candelabra|
nabothian cyst	n|a cyst that forms in the nabothian glands of the uterine cervix|
nabothian follicle	n|a cyst that forms in the nabothian glands of the uterine cervix|
nabothian gland	n|one of many small glands of the uterine cervix that secrete mucus|
nabu	n|Babylonian god of wisdom and agriculture and patron of scribes and schools|
nabumetone	n|a nonsteroidal anti-inflammatory drug (trade name Relafen)|
nac	n|a council consisting of permanent representatives of all the member countries of NATO; has political authority and powers of decision|
nacelle	n|a streamlined enclosure for an aircraft engine|
nacho	n|a tortilla chip topped with cheese and chili-pepper and broiled|
nacimiento	n|a mountain peak in the Andes in Argentina (21,302 feet high)|
nacre	n|the iridescent internal layer of a mollusk shell|
nacreous	adj|consisting of or resembling mother-of-pearl|	adj|having a play of lustrous rainbow colors|an iridescent oil slick
nacreous cloud	n|a luminous iridescent cloud at a high altitude that may be seen when the sun is a few degrees below the horizon|
nad	n|a coenzyme present in most living cells and derived from the B vitamin nicotinic acid; serves as a reductant in various metabolic processes|
nada	n|a quantity of no importance|it looked like nothing I had ever seen before
nada daiquiri	n|a daiquiri made without alcohol|
nadine gordimer	n|South African novelist and short-story writer whose work describes the effects of apartheid (born in 1923)|
nadir	n|an extreme state of adversity; the lowest point of anything|	n|the point below the observer that is directly opposite the zenith on the imaginary sphere against which celestial bodies appear to be projected|
nadolol	n|a beta-adrenergic blocking agent (trade name Corgard) that is used to treat hypertension and angina|
nadp	n|a coenzyme similar to NAD and present in most living cells but serves as a reductant in different metabolic processes|
naegele's rule	n|rule for calculating an expected delivery date; subtract three months from the first day of the last menstrual period and add seven days to that date|
naemorhedus	n|gorals|
naemorhedus goral	n|small goat antelope with small conical horns; of southern Asian mountains|
nafcil	n|a penicillinase-resistant form of penicillin (trade name Nafcil) used (usually in the form of its sodium salt) to treat infections caused by penicillin-resistant strains of staphylococci|
nafcillin	n|a penicillinase-resistant form of penicillin (trade name Nafcil) used (usually in the form of its sodium salt) to treat infections caused by penicillin-resistant strains of staphylococci|
nafud	n|a desert in northern Saudi Arabia that is noted for its red sand and violent winds|
nag	v|bother persistently with trivial complaints|She nags her husband all day long	v|worry persistently|nagging concerns and doubts	v|remind or urge constantly|she nagged to take a vacation	n|someone (especially a woman) who annoys people by constantly finding fault|
nag hammadi	n|a town in Upper Egypt|	n|a collection of 13 ancient papyrus codices translated from Greek into Coptic that were discovered by farmers near the town of Nag Hammadi in 1945; the codices contain 45 distinct works including the chief sources of firsthand knowledge of Gnosticism|
nag hammadi library	n|a collection of 13 ancient papyrus codices translated from Greek into Coptic that were discovered by farmers near the town of Nag Hammadi in 1945; the codices contain 45 distinct works including the chief sources of firsthand knowledge of Gnosticism|
naga	n|Kamarupan languages spoken in northeastern India and western Burma|
nagami	n|shrub bearing oval-fruited kumquats|
nagami kumquat	n|shrub bearing oval-fruited kumquats|
nagano	n|a city in central Honshu to the northwest of Tokyo; site of a Buddhist shrine|
nagari	n|a syllabic script used in writing Sanskrit and Hindi|
nagari script	n|a syllabic script used in writing Sanskrit and Hindi|
nagasaki	n|a city in southern Japan on Kyushu; a leading port and shipbuilding center; on August 9, 1945 Nagasaki became the second populated area to receive an atomic bomb|
nageia	n|small genus of Asian evergreen trees having columnar crowns and distinguished by leaves lacking a midrib; eastern Asia including India and Philippines and New Guinea|
nageia nagi	n|medium-sized tree having glossy lanceolate leaves; southern China to Taiwan and southern Japan|
nagger	n|someone (especially a woman) who annoys people by constantly finding fault|
nagging	adj|continually complaining or faultfinding|a shrewish wife
nagi	n|medium-sized tree having glossy lanceolate leaves; southern China to Taiwan and southern Japan|
nagoya	n|an industrial city in southern Honshu|
naha city	n|the chief city in the Ryukyu Islands|
nahuatl	n|a member of any of various Indian peoples of central Mexico|	n|the Uto-Aztecan language spoken by the Nahuatl|
nahum	n|a Hebrew minor prophet of the 7th century BC|	n|an Old Testament book telling Nahum's prophecy of the fall of Nineveh|
naiad	n|submerged aquatic plant having narrow leaves and small flowers; of fresh or brackish water|	n|(Greek mythology) a nymph of lakes and springs and rivers and fountains|
naiad family	n|monotypic family of aquatic plants having narrow leaves and small flowers|
naiadaceae	n|monotypic family of aquatic plants having narrow leaves and small flowers|
naiadales	n|an order of aquatic monocotyledonous herbaceous plants|
naiant	adj|applied to a fish depicted horizontally|
naias	n|sole genus of the family Naiadaceae|
naif	adj|marked by or showing unaffected simplicity and lack of guile or worldly experience|a teenager's naive ignorance of life	n|a naive or inexperienced person|
naiki	n|a Dravidian language spoken in south central India|
nail	v|attach something somewhere by means of nails|nail the board onto the wall	v|take into custody|the police nabbed the suspected criminals	v|hit hard|He smashed a 3-run homer	v|succeed in obtaining a position|He nailed down a spot at Harvard
nail down	v|succeed in obtaining a position|He nailed down a spot at Harvard	v|define clearly|I cannot narrow down the rules for this game	v|make final; put the last touches on; put into final form|let's finalize the proposal
nail enamel	n|a cosmetic lacquer that dries quickly and that is applied to the nails to color them or make them shiny|
nail hole	n|a hole left after a nail is removed|
nail polish	n|a cosmetic lacquer that dries quickly and that is applied to the nails to color them or make them shiny|
nail pulling	n|a form of torture in which the fingernails or toenails are removed|
nail removal	n|a form of torture in which the fingernails or toenails are removed|
nail varnish	n|a cosmetic lacquer that dries quickly and that is applied to the nails to color them or make them shiny|
nail-biting	adj|(of a situation) characterized by or causing suspense|
nail-tailed kangaroo	n|small wallabies with a horny nail on the tip of the tail|
nail-tailed wallaby	n|small wallabies with a horny nail on the tip of the tail|
nailbrush	n|a brush used to clean a person's fingernails|
nailer	n|a worker who attaches something by nailing it|
nailfile	n|a small flat file for shaping the nails|
nailhead	n|something resembling the head of a nail that is used as an ornamental device|	n|flattened boss on the end of nail opposite to the point|
nailrod	n|tall marsh plant with cylindrical seed heads that explode when mature shedding large quantities of down; its long flat leaves are used for making mats and chair seats; of North America, Europe, Asia and North Africa|
nainsook	n|a soft lightweight muslin used especially for babies|
naira	n|the basic unit of money in Nigeria|
nairobi	n|the capital and largest city of Kenya; a center for tourist safaris|
naive	adj|marked by or showing unaffected simplicity and lack of guile or worldly experience|a teenager's naive ignorance of life	adj|of or created by one without formal training; simple or naive in style|primitive art such as that by Grandma Moses is often colorful and striking	adj|inexperienced|	adj|lacking information or instruction|lamentably unenlightened as to the laws
naive art	n|a genre of art and outdoor constructions made by untrained artists who do not recognize themselves as artists|
naive realism	n|(philosophy) the philosophical doctrine that physical objects continue to exist when not perceived|
naively	adv|in a naive manner|he believed, naively, that she would leave him her money
naiveness	n|lack of sophistication or worldliness|
naivete	n|lack of sophistication or worldliness|
naivety	n|lack of sophistication or worldliness|
naja	n|cobras|
naja haje	n|cobra used by the Pharaohs as a symbol of their power over life and death|
naja hannah	n|large cobra of southeastern Asia and the East Indies; the largest venomous snake; sometimes placed in genus Naja|
naja naja	n|a cobra of tropical Africa and Asia|
naja nigricollis	n|aggressive cobra widely distributed in Africa; rarely bites but spits venom that may cause blindness|
najadaceae	n|monotypic family of aquatic plants having narrow leaves and small flowers|
najas	n|sole genus of the family Naiadaceae|
najd	n|a central plateau region of the Arabian Peninsula; formerly an independent sultanate until 1932 when it united with Hejaz to form the Kingdom of Saudi Arabia|
naked	adj|completely unclothed|bare bodies	adj|having no protecting or concealing cover|naked to mine enemies"- Shakespeare	adj|(of the eye or ear e.g.) without the aid of an optical or acoustical device or instrument|visible to the naked eye	adj|devoid of elaboration or diminution or concealment; bare and pure|naked ambition
naked as a jaybird	adj|(used informally) completely unclothed|
naked as the day one was born	adj|as naked as at birth|
naked as the day you were born	adj|as naked as at birth|
naked eye	n|the eye unaided by any optical instrument that alters the power of vision or alters the apparent size or distance of objects|it is not safe to look directly at the sun with the naked eye
naked lady	n|bulbous autumn-flowering herb with white, purple or lavender-and-white flowers; native to western and central Europe|	n|amaryllis of South Africa often cultivated for its fragrant white or rose flowers|
naked mole rat	n|fetal-looking colonial rodent of East Africa; neither mole nor rat; they feed on tubers and have a social structure similar to that of honeybees and termites|
naked option	n|a put or call option for which the seller or buyer has no underlying security position|
naked-muzzled	adj|having a muzzle that is hairless|
naked-tailed	adj|having a tail that is hairless|
nakedly	adv|in an exposed manner; without protection or defense|they were attacked as they huddled nakedly on the bare hill	adv|without clothing|Henriette saw the weaving figure of an Apache warrior reel nakedly on a pony and rush by with a rifle raised
nakedness	n|the state of being without clothing or covering of any kind|	n|a bleak and desolate atmosphere|the nakedness of the landscape	n|characterized by an attitude of ready accessibility (especially about one's actions or purposes); without concealment; not secretive|
nakedwood	n|any of several small to medium-sized trees of Florida and West Indies with thin scaly bark and heavy dark heartwood|	n|tree of extreme southern Florida and West Indies having thin scaly bark and aromatic fruits and seeds and yielding hard heavy close-grained zebrawood|
nakuru	n|a city in western Kenya; commercial center of an agricultural region|
nalchik	n|a city in southwestern Russia in a valley of the Caucasus Mountains; an industrial center and health resort|
nalfon	n|a nonsteroidal anti-inflammatory drug (trade name Nalfon) used in the treatment of arthritis and other painful inflammatory disorders|
nalidixic acid	n|antibacterial agent used especially to treat genitourinary infections|
nalline	n|a narcotic antagonist (trade name Nalline) that counteracts the effects of narcotics (especially the effects of poisoning by morphine)|
nalorphine	n|a narcotic antagonist (trade name Nalline) that counteracts the effects of narcotics (especially the effects of poisoning by morphine)|
naloxone	n|a potent narcotic antagonist (trade name Narcan) especially effective with morphine|
naltrexone	n|an oral antagonist against the action of opiates|
namby-pamby	adj|weak in willpower, courage or vitality|	n|an insipid weakling who is foolishly sentimental|
name	v|assign a specified (usually proper) proper name to|They named their son David	v|give the name or identifying characteristics of; refer to by name or some other identifying characteristic property|Many senators were named in connection with the scandal	v|charge with a function; charge to be|She was named Head of the Committee	v|create and charge with a task or function|nominate a committee
name and address	n|written directions for finding some location; written on letters or packages that are to be delivered to that location|
name calling	n|verbal abuse; a crude substitute for argument|sticks and stones may break my bones but names can never hurt me
name day	n|the feast day of a saint whose name one bears|
name dropper	n|someone who pretends that famous people are his/her friends|
name part	n|the role of the character after whom the play is named|
name tag	n|a tag showing the name of the person who wears it|
name-dropping	n|the practice of casually mentioning important people in order to impress your listener|the hard thing about name-dropping is to avoid being too obvious about it
namedrop	v|refer to people that one assumes one's interlocutors admire in order to try to impress them|
nameko	n|one of the most important fungi cultivated in Japan|
nameless	adj|being or having an unknown or unnamed source|a poem by an unknown author
namelessness	n|the state of being anonymous|
namely	adv|as follows|
nameplate	n|a plate bearing a name|
namer	n|a person who gives a name or names|the owner is usually the namer of a boat
names	n|verbal abuse; a crude substitute for argument|sticks and stones may break my bones but names can never hurt me
namesake	n|a person with the same name as another|
namib desert	n|a desert in Namibia extending along the coast between the high plateau and the Atlantic Ocean|
namibia	n|a republic in southwestern Africa on the south Atlantic coast (formerly called South West Africa); achieved independence from South Africa in 1990; the greater part of Namibia forms part of the high Namibian plateau of South Africa|
namibian	adj|of or relating to Namibia or its people|	n|a native or inhabitant of Namibia|
naming	adj|inclined to or serving for the giving of names|the appellative faculty of children	n|the verbal act of naming|the part he failed was the naming of state capitals	n|the act of putting a person into a non-elective position|the appointment had to be approved by the whole committee
nammad	n|an embroidered rug made from a coarse Indian felt|
nammu	n|goddess personifying the primeval sea; mother of the gods and of heaven and earth|
namoi	n|a river in southeastern Australia that flows generally northwest to join the Darling River|
namoi river	n|a river in southeastern Australia that flows generally northwest to join the Darling River|
nampa	n|a town in southwestern Idaho|
namtar	n|a demon personifying death; messenger of the underworld goddess Ereshkigal bringing death to mankind|
namtaru	n|a demon personifying death; messenger of the underworld goddess Ereshkigal bringing death to mankind|
namur	n|a city in south central Belgium situated on a promontory between the Meuse River and the Sambre River; the site of intense fighting in World War I and World War II|
nan	n|your grandmother|	n|the mother of your father or mother|	n|a river of western Thailand flowing southward to join the Ping River to form the Chao Phraya|	n|leavened bread baked in a clay oven in India; usually shaped like a teardrop|
nan ling	n|a mountain range in southeastern China running generally east to west|
nan river	n|a river of western Thailand flowing southward to join the Ping River to form the Chao Phraya|
nan-chang	n|a walled city in southeastern China on the Gan Jiang|
nan-ning	n|an industrial city in southern China|
nanaimo	n|a town in southwestern British Columbia on Vancouver Island to the west of Vancouver|
nanak	n|Indian religious leader who founded Sikhism in dissent from the caste system of Hinduism; he taught that all men had a right to search for knowledge of God and that spiritual liberation could be attained by meditating on the name of God (1469-1538)|
nance	n|offensive term for a homosexual man|
nancere	n|a Chadic language spoken in Chad|
nanchang	n|a walled city in southeastern China on the Gan Jiang|
nancy	n|a city in northeastern France in Lorraine|
nancy freeman mitford	n|English writer of comic novels (1904-1973)|
nancy mitford	n|English writer of comic novels (1904-1973)|
nand circuit	n|a logic gate that produces an output that is the inverse of the output of an AND gate|
nand gate	n|a logic gate that produces an output that is the inverse of the output of an AND gate|
nanda devi	n|a mountain in the Himalayas in northern India (25,660 feet high)|
nandrolone	n|an androgen (trade names Durabolin or Kabolin) that is used to treat testosterone deficiency or breast cancer or osteoporosis|
nandu	n|smaller of two tall fast-running flightless birds similar to ostriches but three-toed; found from Peru to Strait of Magellan|
nanga parbat	n|a mountain in the Himalayas in Kashmir (26,660 feet high)|
nanism	n|a genetic abnormality resulting in short stature|
nanjing	n|a city in eastern China on the Yangtze River; a former capital of China; the scene of a Japanese massacre in the 1930s|
nankeen	n|a durable fabric formerly loomed by hand in China from natural cotton having a yellowish color|
nanking	n|a city in eastern China on the Yangtze River; a former capital of China; the scene of a Japanese massacre in the 1930s|
nanna	n|the mother of your father or mother|	n|(Norse mythology) wife of Balder|	n|god of the Moon; counterpart of the Akkadian Sin|
nanning	n|an industrial city in southern China|
nanny	n|a woman who is the custodian of children|	n|female goat|
nanny-goat	n|female goat|
nanocephalic	adj|having an abnormally small head and underdeveloped brain|a nanocephalic dwarf
nanocephaly	n|an abnormally small head and underdeveloped brain|
nanogram	n|one billionth (1/1,000,000,000) gram|
nanometer	n|a metric unit of length equal to one billionth of a meter|
nanometre	n|a metric unit of length equal to one billionth of a meter|
nanomia	n|small creatures resembling pieces of fuzzy rope; each with a cluster of swimming bells serving as the head and long elastic tentacles for drawing in prey|
nanophthalmos	n|condition in which both eyes are abnormally small but otherwise normal|
nanosecond	n|one billionth (10^-9) of a second; one thousandth of a microsecond|
nanotechnology	n|the branch of engineering that deals with things smaller than 100 nanometers (especially with the manipulation of individual molecules)|
nanotube	n|a fullerene molecule having a cylindrical or toroidal shape|
nanovolt	n|a unit of potential equal to one billionth of a volt|
nansen	n|Norwegian explorer of the Arctic and director of the League of Nations relief program for refugees of World War I (1861-1930)|
nantes	n|a port city in western France on the Loire estuary|
nanticoke	n|a member of the Algonquian people formerly of Maryland and eastern Delaware|	n|the Algonquian language spoken by the Nanticoke and Conoy|
nantua	n|white sauce with whipping cream and shrimp butter|
nantucket	n|an island resort off Cape Cod; formerly a center of the whaling industry|
nanus	n|a person who is markedly small|
naomi	n|the mother-in-law of Ruth whose story is told in the Book of Ruth in the Old Testament|
nap	n|a period of time spent sleeping|he felt better after a little sleep	n|a soft or fuzzy surface texture|	n|the yarn (as in a rug or velvet or corduroy) that stands up from the weave|for uniform color and texture tailors cut velvet with the pile running the same direction	n|sleeping for a short period of time (usually not in bed)|
napa	n|plant with an elongated head of broad stalked leaves resembling celery; used as a vegetable in east Asia|
napaea	n|one species: glade mallow|
napalm	n|gasoline jelled with aluminum soaps; highly incendiary liquid used in fire bombs and flamethrowers|
nape	n|the back side of the neck|
napery	n|linens for the dining table|
naphazoline	n|vasoconstrictor (trade names Privine and Sudafed) used in nasal sprays to treat symptoms of nasal congestion and in eyedrops to treat eye irritation|
naphtha	n|any of various volatile flammable liquid hydrocarbon mixtures; used chiefly as solvents|
naphthalene	n|a white crystalline strong-smelling hydrocarbon made from coal tar or petroleum and used in organic synthesis and as a fumigant in mothballs|
naphthalene poisoning	n|toxic condition resulting from inhaling or ingesting naphthalene|
naphthol	n|either of two phenols derived from naphthalene|
naphthoquinone	n|a fat-soluble vitamin that helps in the clotting of blood|
napier	n|Scottish mathematician who invented logarithms; introduced the use of the decimal point in writing numbers (1550-1617)|
napier's bones	n|a set of graduated rods formerly used to do multiplication and division by a method invented by John Napier|
napier's rods	n|a set of graduated rods formerly used to do multiplication and division by a method invented by John Napier|
napierian logarithm	n|a logarithm to the base e|
napkin	n|a small piece of table linen that is used to wipe the mouth and to cover the lap in order to protect clothing|	n|garment consisting of a folded cloth drawn up between the legs and fastened at the waist; worn by infants to catch excrement|
napkin ring	n|a circular band used to hold a particular person's napkin|
naples	n|a port and tourist center in southwestern Italy; capital of the Campania region|
naples garlic	n|European onion with white flowers|
napoleon	n|French general who became emperor of the French (1769-1821)|	n|a rectangular piece of pastry with thin flaky layers and filled with custard cream|	n|a card game similar to whist; usually played for stakes|
napoleon bonaparte	n|French general who became emperor of the French (1769-1821)|
napoleon i	n|French general who became emperor of the French (1769-1821)|
napoleon iii	n|nephew of Napoleon I and emperor of the French from 1852 to 1871 (1808-1873)|
napoleonic	adj|of or relating to or like Napoleon Bonaparte|Napoleonic Wars
napoleonic wars	n|a series of wars fought between France (led by Napoleon Bonaparte) and alliances involving England and Prussia and Russia and Austria at different times; 1799-1815|
napoli	n|a port and tourist center in southwestern Italy; capital of the Campania region|
napped	adj|(of fabrics) having soft nap produced by brushing|a dress of brushed cotton
napping	adj|not prepared or vigilant|the blow caught him napping
nappy	adj|(of hair) in small tight curls|	n|garment consisting of a folded cloth drawn up between the legs and fastened at the waist; worn by infants to catch excrement|
naprapath	n|a therapist who practices naprapathy|
naprapathy	n|a drugless method of treatment based on the belief that disease symptoms arise from problems with ligaments and connective tissues|
naprosyn	n|a nonsteroidal anti-inflammatory drug (trade name Naprosyn) used in the treatment of arthritis and musculoskeletal inflammation and moderate pain|
naproxen	n|a nonsteroidal anti-inflammatory drug (trade name Naprosyn) used in the treatment of arthritis and musculoskeletal inflammation and moderate pain|
naproxen sodium	n|a nonsteroidal anti-inflammatory drug (trademarks Aleve and Anaprox and Aflaxen) that fights pain and inflammation|
napu	n|chevrotain somewhat larger than the kanchil; found in India and Malaya|
naqua	n|diuretic drug (trade name Naqua) used to treat hypertension|
nara	n|the independent agency that oversees management of federal government records including presidential libraries and historic collections|
naranjilla	n|small perennial shrub cultivated in uplands of South America for its edible bright orange fruits resembling tomatoes or oranges|
narc	n|a lawman concerned with narcotics violations|
narcan	n|a potent narcotic antagonist (trade name Narcan) especially effective with morphine|
narcism	n|an exceptional interest in and admiration for yourself|self-love that shut out everyone else
narcissism	n|an exceptional interest in and admiration for yourself|self-love that shut out everyone else
narcissist	n|someone in love with themselves|
narcissistic	adj|characteristic of those having an inflated idea of their own importance|
narcissistic personality	n|personality marked by self-love and self-absorption; unrealistic views about your own qualities and little regard for others|
narcissus	n|bulbous plant having erect linear leaves and showy yellow or white flowers either solitary or in clusters|	n|(Greek mythology) a beautiful young man who fell in love with his own reflection|
narcissus jonquilla	n|widely cultivated ornamental plant native to southern Europe but naturalized elsewhere having fragrant yellow or white clustered flowers|
narcissus papyraceus	n|a daffodil having star-shaped white blossoms; often grown indoors to bloom in the winter|
narcissus pseudonarcissus	n|any of numerous varieties of Narcissus plants having showy often yellow flowers with a trumpet-shaped central crown|
narcist	n|someone in love with themselves|
narcolepsy	n|a sleep disorder characterized by sudden and uncontrollable episodes of deep sleep|he believes that narcolepsy is attributable to an inability to suppress REM sleep during waking
narcoleptic	adj|of or relating to narcolepsy|	n|a person who has narcolepsy|	n|a soporific drug that produces an uncontrollable desire to sleep|
narcosis	n|unconsciousness induced by narcotics or anesthesia|
narcoterrorism	n|the financing of terrorist activities by participation in the drug trade|
narcotic	adj|of or relating to or designating narcotics|narcotic addicts	adj|inducing stupor or narcosis|narcotic drugs	adj|inducing mental lethargy|a narcotic speech	n|a drug that produces numbness or stupor; often taken for pleasure or to reduce pain; extensive use can lead to addiction|
narcotic antagonist	n|an antagonist used to counteract the effects of narcotics (especially to counteract the depression of respiration)|
narcotics agent	n|a lawman concerned with narcotics violations|
narcotise	v|administer narcotics to|
narcotised	adj|under the influence of narcotics|knocked out by doped wine
narcotising	adj|inducing stupor or narcosis|narcotic drugs
narcotize	v|administer narcotics to|
narcotized	adj|under the influence of narcotics|knocked out by doped wine
narcotizing	adj|inducing stupor or narcosis|narcotic drugs
narcotraffic	n|traffic in illegal drugs|
nard	n|an aromatic ointment used in antiquity|
nardil	n|monoamine oxidase inhibitor (trade name Nardil) used to treat clinical depression|
nardo	n|Australian clover fern|
nardoo	n|Australian clover fern|
nares deep	n|a depression in the floor of the Atlantic Ocean to the north of Haiti and Puerto Rico|
narghile	n|an oriental tobacco pipe with a long flexible tube connected to a container where the smoke is cooled by passing through water|a bipolar world with the hookah and Turkish coffee versus hamburgers and Coca Cola
nargileh	n|an oriental tobacco pipe with a long flexible tube connected to a container where the smoke is cooled by passing through water|a bipolar world with the hookah and Turkish coffee versus hamburgers and Coca Cola
narial	adj|of or relating to or near the nares|
naris	n|any of the openings to the nasal cavities that allow air to flow through the cavities to the pharynx|
nark	n|an informer or spy working for the police|	n|a lawman concerned with narcotics violations|	v|cause annoyance in; disturb, especially by minor irritations|Mosquitoes buzzing in my ear really bothers me	v|inform or spy (for the police)|
narragansett bay	n|a deep inlet of the Atlantic Ocean in Rhode Island|
narrate	v|provide commentary for a film, for example|	v|narrate or give a detailed account of|Tell what happened
narration	n|a message that tells the particulars of an act or occurrence or course of events; presented in writing or drama or cinema or as a radio or television program|his narrative was interesting	n|the act of giving an account describing incidents or a course of events|his narration was hesitant	n|(rhetoric) the second section of an oration in which the facts are set forth|
narrative	adj|consisting of or characterized by the telling of a story|narrative poetry	n|a message that tells the particulars of an act or occurrence or course of events; presented in writing or drama or cinema or as a radio or television program|his narrative was interesting
narrator	n|someone who tells a story|
narrow	v|make or become more narrow or restricted|The selection was narrowed	v|define clearly|I cannot narrow down the rules for this game	v|become more focused on an area of activity or field of study|She specializes in Near Eastern history	v|become tight or as if tight|Her throat constricted
narrow beech fern	n|beech fern of North America and Eurasia|
narrow boat	n|a long boat that carries freight and is narrow enough to be used in canals|
narrow down	v|define clearly|I cannot narrow down the rules for this game	v|become more focused on an area of activity or field of study|She specializes in Near Eastern history
narrow escape	n|something achieved (or escaped) by a narrow margin|
narrow gauge	n|a railroad track (or its width) narrower than the standard 56.5 inches|
narrow margin	n|a small margin|the president was not humbled by his narrow margin of victory
narrow wale	n|corduroy with narrow ribs|
narrow-bodied	adj|having a relatively narrow body|
narrow-body	n|a commercial airliner with a single aisle|
narrow-body aircraft	n|a commercial airliner with a single aisle|
narrow-leaf cattail	n|reed maces of America, Europe, North Africa, Asia|
narrow-leaf penstemon	n|plant having small narrow leaves and blue-violet flowers in long open clusters; Utah and Colorado to New Mexico and Arizona|
narrow-leaved bottletree	n|large tree of Queensland having cream-colored flowers blotched with red inside; sometimes placed in genus Sterculia|
narrow-leaved everlasting pea	n|European perennial with mottled flowers of purple and pink; sometimes cultivated for fodder or as green manure|
narrow-leaved plantain	n|an Old World plantain with long narrow ribbed leaves widely established in temperate regions|
narrow-leaved reedmace	n|reed maces of America, Europe, North Africa, Asia|
narrow-leaved strap fern	n|fern with shorter and narrower leaves than Florida strap fern; Florida to West Indies and Mexico and south to Argentina|
narrow-leaved water plantain	n|a variety of water plantain|
narrow-leaved white-topped aster	n|a variety of white-topped aster|
narrow-minded	adj|capable of being shocked|	adj|lacking tolerance or flexibility or breadth of view|a brilliant but narrow-minded judge	adj|rigidly adhering to a particular sect or its doctrines|
narrow-mindedly	adv|in a narrow-minded manner|narrow-mindedly, the authorities closed down the cafe where teenagers used to hang out
narrow-mindedness	n|an inclination to criticize opposing opinions or shocking behavior|
narrow-mouthed	adj|having a narrow mouth|
narrowboat	n|a long boat that carries freight and is narrow enough to be used in canals|
narrowbody aircraft	n|a commercial airliner with a single aisle|
narrowed	adj|reduced in size as by squeezing together|his narrowed eyes	adj|made narrow; limited in breadth|narrowed arteries impair blood circulation
narrowhead morel	n|a morel whose pitted fertile body is attached to the stalk with little free skirt around it; the fertile body is grey when young and black in old age|
narrowing	n|an instance of becoming narrow|	n|a decrease in width|	n|the act of making something narrower|	adj|becoming gradually narrower|long tapering fingers
narrowly	adv|in a narrow manner; not allowing for exceptions|he interprets the law narrowly
narrowness	n|the property of being narrow; having little width|the narrowness of the road	n|an inclination to criticize opposing opinions or shocking behavior|	n|a restriction of range or scope|the problem with achievement tests is the narrowness they impose on students	n|a small margin|the president was not humbled by his narrow margin of victory
narthecium	n|bog asphodels; sometimes placed in family Melanthiaceae|
narthecium ossifragum	n|of western Europe: Scandinavia to northern Spain and Portugal|
narthex	n|portico at the west end of an early Christian basilica or church|	n|a vestibule leading to the nave of a church|
narwal	n|small Arctic whale the male having a long spiral ivory tusk|
narwhal	n|small Arctic whale the male having a long spiral ivory tusk|
narwhale	n|small Arctic whale the male having a long spiral ivory tusk|
nary	adj|(used with singular count nouns) colloquial for `not a' or `not one' or `never a'|heard nary a sound
nasal	adj|of or in or relating to the nose|nasal passages	adj|sounding as if the nose were pinched|a whining nasal voice	n|a consonant produced through the nose with the mouth closed|	n|an elongated rectangular bone that forms the bridge of the nose|
nasal bone	n|an elongated rectangular bone that forms the bridge of the nose|
nasal canthus	n|the inner corner of the eye|
nasal cavity	n|either of the two cavities lying between the floor of the cranium and the roof of the mouth and extending from the face to the pharynx|
nasal concha	n|one of several turbinate bones in the nasal cavity|
nasal consonant	n|a consonant produced through the nose with the mouth closed|
nasal decongestant	n|a decongestant that provides temporary relief of nasal symptoms of the common cold and rhinitis and upper respiratory infections|
nasal meatus	n|the passages in the nasal cavity formed by the projections of the nasal conchae|
nasal septum	n|a partition of bone and cartilage between the nasal cavities|
nasal sinus	n|any of the paired sinuses in the bones of the face adjacent to the nasal cavity that are lined with mucous membrane that is continuous with the lining of the nasal cavities|
nasal twang	n|exaggerated nasality in speech (as in some regional dialects)|
nasale	v|speak in a nasal voice|`Come here,' he nasaled
nasalis	n|proboscis monkeys|
nasalis larvatus	n|Borneo monkey having a long bulbous nose|
nasalisation	n|the act of nasalizing; the utterance of sounds modulated by the nasal resonators|
nasalise	v|speak nasally or through the nose|In this part of the country, people tend to nasalize	v|pronounce with a lowered velum|She nasalizes all her vowels
nasality	n|a quality of the voice that is produced by nasal resonators|
nasalization	n|the act of nasalizing; the utterance of sounds modulated by the nasal resonators|
nasalize	v|speak nasally or through the nose|In this part of the country, people tend to nasalize	v|pronounce with a lowered velum|She nasalizes all her vowels
nasally	adv|in a nasal manner|inhaled nasally
nascence	n|the event of being born|they celebrated the birth of their first child
nascency	n|the event of being born|they celebrated the birth of their first child
nascent	adj|being born or beginning|the nascent chicks
nasdaq	n|a computerized data system to provide brokers with price quotations for securities traded over the counter|
naseby	n|a village in western Northamptonshire|
nash equilibrium	n|(game theory) a stable state of a system that involves several interacting participants in which no participant can gain by a change of strategy as long as all the other participants remain unchanged|
nashville	n|capital of the state of Tennessee; located in the north central part of the state on the Cumberland River; known for country music|
nasion	n|the craniometric point at the bridge of the nose where the frontal and nasal bones of the skull meet|
nasofrontal vein	n|a vein located in the anterior medial part of the orbit; connects the superior ophthalmic with the angular vein|
nasogastric feeding	n|feeding consisting of delivering liquid nutrients through a tube passing through the nose and into the stomach|
nasolacrimal duct	n|a duct that carries tears from the lacrimal sac to the nasal cavity|
nasopharyngeal	adj|of or relating to or located near the nasopharynx|
nasopharynx	n|cavity forming the upper part of the pharynx|
nasotracheal tube	n|a tube inserted into the trachea through the nose and pharynx; used to deliver oxygen|
nassau	n|the capital of the Bahamas|
nasser	n|Egyptian statesman who nationalized the Suez Canal (1918-1970)|	n|lake in Egypt formed by dams built on the Nile River at Aswan|
nastily	adv|in a nasty ill-tempered manner|`Don't expect me to help you,' he added nastily
nastiness	n|a state characterized by foul or disgusting dirt and refuse|	n|malevolence by virtue of being malicious or spiteful or nasty|	n|the quality of being highly unpleasant|I flinched at the nastiness of his wound
nasturtium	n|aquatic herbs|	n|flowers and seeds and leaves all used as flavorings|
nasturtium amphibium	n|perennial herb found on streams and riversides throughout Europe except extreme north and Mediterranean; sometimes placed in genus Nasturtium|
nasturtium family	n|coextensive with the genus Tropaeolum|
nasturtium officinale	n|perennial Eurasian cress growing chiefly in springs or running water having fleshy pungent leaves used in salads or as a potherb or garnish; introduced in North America and elsewhere|
nasty	adj|offensive or even (of persons) malicious|in a nasty mood	adj|exasperatingly difficult to handle or circumvent|a nasty problem	adj|characterized by obscenity|had a filthy mouth	adj|disgustingly dirty; filled or smeared with offensive matter|as filthy as a pigsty
nasua	n|coatis|
nasua narica	n|omnivorous mammal of Central America and South America|
natal	adj|relating to or accompanying birth|natal injuries	adj|of or relating to the buttocks|	n|a region of eastern South Africa on the Indian Ocean|Natal was renamed KwaZulu-Natal in 1994	n|a port city in northeastern Brazil|
natal day	n|the date on which a person was born|
natal plum	n|very large closely branched South African shrub having forked bright green spines and shiny leaves|	n|South African shrub having forked spines and plumlike fruit; frequently used as hedging|	n|edible scarlet plumlike fruit of a South African plant|
natality	n|the ratio of live births in an area to the population of that area; expressed per 1000 population per year|
natantia	n|shrimp; prawns; etc.|
natation	n|the act of someone who floats on the water|
natator	n|a person who travels through the water by swimming|he is not a good swimmer
natatorium	n|pool that provides a facility for swimming|`swimming bath' is a British term
natchez	n|a town in southwest Mississippi on the Mississippi River|
nates	n|the fleshy part of the human body that you sit on|he deserves a good kick in the butt
nathan bailey	n|English lexicographer who was the first to treat etymology consistently; his work was used as a reference by Samuel Johnson (died in 1742)|
nathaniel bailey	n|English lexicographer who was the first to treat etymology consistently; his work was used as a reference by Samuel Johnson (died in 1742)|
naticidae	n|moonshells|
nation	n|a politically organized body of people under a single government|the state has elected a new president	n|the people who live in a nation or country|a statement that sums up the nation's mood
national	adj|of or relating to or belonging to a nation or country|national hero	adj|limited to or in the interests of a particular nation|national interests	adj|concerned with or applicable to or belonging to an entire nation or country|the national government	adj|owned or maintained for the public by the national government|national parks
national anthem	n|a song formally adopted as the anthem for a nation|
national archives and records administration	n|the independent agency that oversees management of federal government records including presidential libraries and historic collections|
national assistance	n|benefits paid to bring incomes up to minimum levels established by law|
national association of securities dealers automated quotations	n|a computerized data system to provide brokers with price quotations for securities traded over the counter|
national bank	n|a commercial bank chartered by the federal government|
national baseball hall of fame	n|a Hall of Fame and museum in Cooperstown, New York, honoring great baseball players|
national capital	n|the capital city of a nation|
national climatic data center	n|the part of NOAA that maintains the world's largest active archive of weather data|
national debt	n|the debt of the national government (as distinguished from the debts of individuals and businesses and political subdivisions)|
national debt ceiling	n|a limit set by Congress beyond which the national debt cannot rise; periodically raised by Congress|
national flag	n|an emblem flown as a symbol of nationality|
national geospatial-intelligence agency	n|a combat support agency that provides geographic intelligence in support of national security|
national guard bureau	n|the agency that administers the Army National Guard and the Air National Guard; provides liaison between the Army and the Air Force and various National Guard units|
national holiday	n|authorized by law and limiting work or official business|
national income	n|the total value of all income in a nation (wages and profits and interest and rents and pension payments) during a given period (usually 1 yr)|
national institute of justice	n|the law enforcement agency that is the research and development branch of the Department of Justice|
national institute of standards and technology	n|an agency in the Technology Administration that makes measurements and sets standards as needed by industry or government programs|
national institutes of health	n|an agency in the Department of Health and Human Services whose mission is to employ science in the pursuit of knowledge to improve human health; is the principal biomedical research agency of the federal government|
national insurance	n|social insurance program in Britain; based on contributions from employers and employees; provides payments to unemployed and sick and retired people as well as medical services|
national leader	n|a man who is a respected leader in national or international affairs|
national liberation army	n|a Marxist terrorist group formed in 1963 by Colombian intellectuals who were inspired by the Cuban Revolution; responsible for a campaign of mass kidnappings and resistance to the government's efforts to stop the drug trade|ELN kidnappers target foreign employees of large corporations	n|a terrorist organization in Bolivia that acts as an umbrella for numerous small indigenous subversive groups; a revival of a group with Marxist-Leninist ideologies originally established by Che Guevara in the 1960s|
national liberation front of corsica	n|a terrorist group formed in 1976 to work for Corsican independence; attacks on Corsica are aimed at sabotaging public infrastructure and symbols of colonialism|
national library of medicine	n|the world's largest medical library|
national monument	n|memorial consisting of a structure or natural landmark of historic interest; set aside by national government for preservation and public enjoyment|
national oceanic and atmospheric administration	n|an agency in the Department of Commerce that maps the oceans and conserves their living resources; predicts changes to the earth's environment; provides weather reports and forecasts floods and hurricanes and other natural disasters related to weather|
national park	n|a tract of land declared by the national government to be public property|
national park service	n|an agency of the Interior Department responsible for the national parks|
national rifle association	n|a powerful lobby that advocates the right to own and bear arms and rejects any gun regulation by the government|
national science foundation	n|an independent agency of the federal government responsible for the promotion of progress in science and engineering by supporting programs in research and education|
national security council	n|a committee in the executive branch of government that advises the president on foreign and military and national security; supervises the Central Intelligence Agency|
national service	n|compulsory service in the military during peacetime|
national socialism	n|a form of socialism featuring racism and expansionism and obedience to a strong leader|
national socialist	adj|relating to a form of socialism|the national socialist party came to power in Germany in 1933
national socialist german workers' party	n|the political party founded in Germany in 1919 and brought to power by Hitler in 1933|
national technical information service	n|an agency in the Technology Administration that is a primary resource for government-funded scientific and technical and engineering and business related information|
national trading policy	n|a government's policy controlling foreign trade|
national trust	n|an organization concerned to preserve historic monuments and buildings and places of historical interest or natural beauty; founded in 1895 and supported by endowment and private subscription|
national volunteers association	n|an all-male organization begun in 1925 to foster nationalism in India's Hindus|
national weather service	n|the federal agency in the National Oceanic and Atmospheric Administration that is responsible for weather forecast and preparation of weather maps|
nationalisation	n|the action of forming or becoming a nation|	n|the action of rendering national in character|	n|changing something from private to state ownership or control|
nationalise	v|make national in character or scope|His heroic deeds were nationalized by the press	v|put under state control or ownership|Mitterand nationalized the banks
nationalism	n|love of country and willingness to sacrifice for it|they rode the same wave of popular patriotism	n|the doctrine that your national culture and interests are superior to any other|	n|the aspiration for national independence felt by people under foreign domination|	n|the doctrine that nations should act independently (rather than collectively) to attain their goals|
nationalist	adj|devotion to the interests or culture of a particular nation including promoting the interests of one country over those of others|nationalist aspirations	n|one who loves and defends his or her country|	n|an advocate of national independence of or a strong national government|
nationalist china	n|a government on the island of Taiwan established in 1949 by Chiang Kai-shek after the conquest of mainland China by the Communists led by Mao Zedong|
nationalist leader	n|the leader of a nationalist movement|
nationalistic	adj|fanatically patriotic|	adj|devotion to the interests or culture of a particular nation including promoting the interests of one country over those of others|nationalist aspirations
nationality	n|people having common origins or traditions and often comprising a nation|immigrants of the same nationality often seek each other out	n|the status of belonging to a particular nation by birth or naturalization|
nationalization	n|the action of forming or becoming a nation|	n|the action of rendering national in character|	n|changing something from private to state ownership or control|
nationalize	v|put under state control or ownership|Mitterand nationalized the banks	v|make national in character or scope|His heroic deeds were nationalized by the press
nationally	adv|with regard to a nation taken as a whole|a nationally uniform culture	adv|extending throughout an entire nation|nationally advertised
nationhood	n|the state of being a nation|
nationwide	adj|occurring or extending throughout a country or nation|the event aroused nationwide interest	adv|extending throughout an entire nation|nationally advertised
native	adj|belonging to one by birth|my native land	adj|as found in nature in the elemental form|native copper	n|an indigenous person who was born in a particular place|the art of the natives of the northwest coast	n|a person born in a particular place or country|he is a native of Brazil
native alaskan	n|a member or descendant of any of the aboriginal peoples of Alaska|
native american	n|any member of the peoples living in North or South America before the Europeans arrived|
native australian	n|a member of the people living in Australia when Europeans arrived|
native bear	n|sluggish tailless Australian arboreal marsupial with grey furry ears and coat; feeds on eucalyptus leaves and bark|
native beech	n|tall Australian timber tree yielding tough hard wood used for staves etc|
native cat	n|carnivorous arboreal cat-like marsupials of Australia and Tasmania|
native cranberry	n|small prostrate or ascending shrub having scarlet flowers and succulent fruit resembling cranberries; sometimes placed in genus Styphelia|
native fuchsia	n|erect deciduous shrub or tree to 10 feet with maroon flowers; New Zealand|
native hawaiian	n|a member or descendant of the indigenous Polynesian people who lived in the Hawaiian Islands|
native holly	n|low spreading evergreen shrub of southern Australia having triangular to somewhat heart-shaped foliage and orange-yellow flowers followed by flat winged pods|
native land	n|the country where you were born|
native language	n|the language that a person has spoken from earliest childhood|
native orange	n|small Australian tree bearing edible dark purple fruit|
native peach	n|red Australian fruit; used for dessert or in jam|
native pear	n|tree bearing pear-shaped fruit with a thick woody epicarp|
native pomegranate	n|small Australian tree bearing edible fruit resembling the pomegranate|
native speaker	n|a speaker of a particular language who has spoken that language since earliest childhood|native speakers of French
native sulfur	n|an old name for sulfur|
native sulphur	n|an old name for sulfur|
native-born	adj|belonging to a place by birth|a native-born Scot
nativeness	n|the quality of belonging to or being connected with a certain place or region by virtue of birth or origin|
nativism	n|the policy of perpetuating native cultures (in opposition to acculturation)|	n|(philosophy) the philosophical theory that some ideas are innate|
nativist	adj|advocating the perpetuation of native societies|the old nativist prejudice against the foreign businessman	adj|of or relating to or advocating nativism|nativist theories	n|a philosopher who subscribes to nativism|
nativistic	adj|advocating the perpetuation of native societies|the old nativist prejudice against the foreign businessman	adj|of or relating to or advocating nativism|nativist theories
nativity	n|the event of being born|they celebrated the birth of their first child	n|the theological doctrine that Jesus Christ had no human father; Christians believe that Jesus's birth fulfilled Old Testament prophecies and was attended by miracles; the Nativity is celebrated at Christmas|
nato	n|an international organization created in 1949 by the North Atlantic Treaty for purposes of collective security|
natriuresis	n|the presence of abnormally large amounts of sodium in the urine|
natriuretic	adj|of or relating to natriuresis|
natrix	n|water snakes; a cosmopolitan genus|
natrix maura	n|a small harmless grass snake|
natrix natrix	n|harmless European snake with a bright yellow collar; common in England|
natrolite	n|a group of minerals of the zeolite family consisting of a hydrous silicate of sodium and aluminum|
natta	n|Italian chemist noted for work on polymers (1903-1979)|
natter	v|talk socially without exchanging too much information|the men were sitting in the cafe and shooting the breeze
natterjack	n|common brownish-yellow short-legged toad of western Europe; runs rather than hops|
nattily	adv|in a natty manner; with smartness|it was arranged carefully and nattily
nattiness	n|stylishness as evidenced by a smart appearance|
natty	adj|marked by up-to-dateness in dress and manners|a dapper young man
natural	adj|in accordance with nature; relating to or concerning nature|a very natural development	adj|existing in or produced by nature; not artificial or imitation|a natural pearl	adj|existing in or in conformity with nature or the observable world; neither supernatural nor magical|a perfectly natural explanation	adj|functioning or occurring in a normal way; lacking abnormalities or deficiencies|it's the natural thing to happen
natural ability	n|ability that is inherited|
natural action	n|a process existing in or produced by nature (rather than by the intent of human beings)|the action of natural forces
natural childbirth	n|labor and childbirth without medical intervention; no drugs are given to relieve pain or aid the birth process|natural childbirth is considered the safest for the baby
natural covering	n|a natural object that covers or envelops|under a covering of dust
natural depression	n|a sunken or depressed geological formation|
natural elevation	n|a raised or elevated geological formation|
natural enclosure	n|a naturally enclosed space|
natural endowment	n|natural abilities or qualities|
natural event	n|an event that happens|
natural family planning	n|any of several methods of family planning that do not involve sterilization or contraceptive devices or drugs; coitus is avoided during the fertile time of a woman's menstrual cycle|
natural fiber	n|fiber derived from plants or animals|
natural fibre	n|fiber derived from plants or animals|
natural gas	n|a fossil fuel in the gaseous state; used for cooking and heating homes|
natural glass	n|magma of any composition that cooled very rapidly|
natural history	n|the scientific study of plants or animals (more observational than experimental) usually published in popular magazines rather than in academic journals|
natural immunity	n|immunity to disease that occurs as part of an individual's natural biologic makeup|
natural language	n|a human written or spoken language used by a community; opposed to e.g. a computer language|
natural language processing	n|the branch of information science that deals with natural language information|
natural language processing application	n|an application program that deals with natural language text|
natural language processor	n|an application program that deals with natural language text|
natural law	n|a rule or body of rules of conduct inherent in human nature and essential to or binding upon human society|
natural logarithm	n|a logarithm to the base e|
natural number	n|the number 1 and any other number obtained by adding 1 to it repeatedly|
natural object	n|an object occurring naturally; not made by man|
natural order	n|the physical universe considered as an orderly system subject to natural (not human or supernatural) laws|
natural phenomenon	n|all phenomena that are not artificial|
natural philosophy	n|the science of matter and energy and their interactions|his favorite subject was physics
natural process	n|a process existing in or produced by nature (rather than by the intent of human beings)|the action of natural forces
natural resin	n|a plant exudate|
natural resource	n|resources (actual and potential) supplied by nature|
natural resources	n|resources (actual and potential) supplied by nature|
natural rubber	n|an elastic material obtained from the latex sap of trees (especially trees of the genera Hevea and Ficus) that can be vulcanized and finished into a variety of products|
natural science	n|the sciences involved in the study of the physical world and its phenomena|
natural scientist	n|a biologist knowledgeable about natural history (especially botany and zoology)|
natural selection	n|a natural process resulting in the evolution of organisms best adapted to the environment|
natural shape	n|a shape created by natural forces; not man-made|
natural spring	n|a natural flow of ground water|
natural state	n|a wild primitive state untouched by civilization|he lived in the wild
natural theology	n|a theology that holds that knowledge of God can be acquired by human reason without the aid of divine revelation|
natural virtue	n|(scholasticism) one of the four virtues (prudence, justice, fortitude, and temperance) derived from nature|
naturalisation	n|the quality of being brought into conformity with nature|	n|the proceeding whereby a foreigner is granted citizenship|	n|the introduction of animals or plants to places where they flourish but are not indigenous|	n|changing the pronunciation of a borrowed word to agree with the borrowers' phonology|the naturalization in English of many Italian words
naturalise	v|make more natural or lifelike|	v|make into a citizen|The French family was naturalized last year	v|adapt (a wild plant or unclaimed land) to the environment|domesticate oats
naturalised	adj|planted so as to give an effect of wild growth|drifts of naturalized daffodils
naturalism	n|(philosophy) the doctrine that the world can be understood in scientific terms without recourse to spiritual or supernatural explanations|	n|an artistic movement in 19th century France; artists and writers strove for detailed realistic and factual description|
naturalist	n|an advocate of the doctrine that the world can be understood in scientific terms|	n|a biologist knowledgeable about natural history (especially botany and zoology)|
naturalistic	adj|representing what is real; not abstract or ideal|realistic portraiture
naturalization	n|the quality of being brought into conformity with nature|	n|the proceeding whereby a foreigner is granted citizenship|	n|the introduction of animals or plants to places where they flourish but are not indigenous|	n|changing the pronunciation of a borrowed word to agree with the borrowers' phonology|the naturalization in English of many Italian words
naturalize	v|make into a citizen|The French family was naturalized last year	v|explain with reference to nature|	v|make more natural or lifelike|	v|adapt (a wild plant or unclaimed land) to the environment|domesticate oats
naturalized	adj|introduced from another region and persisting without cultivation|	adj|planted so as to give an effect of wild growth|drifts of naturalized daffodils
naturally	adv|as might be expected|naturally, the lawyer sent us a huge bill	adv|according to nature; by natural means; without artificial help|naturally grown flowers	adv|through inherent nature|he was naturally lazy	adv|in a natural or normal manner|speak naturally and easily
naturally occurring	adj|existing by nature and without artificial aid|one of the 93 naturally occurring chemical elements
naturalness	n|the quality of being natural or based on natural principles|he accepted the naturalness of death	n|the quality of innocent naivete|	n|the likeness of a representation to the thing represented|engineers strove to increase the naturalness of recorded music
nature	n|the essential qualities or characteristics by which something is recognized|it is the nature of fire to burn	n|a causal agent creating and controlling things in the universe|the laws of nature	n|the natural physical world including plants and animals and landscapes etc.|they tried to preserve nature as they found it	n|the complex of emotional and intellectual attributes that determine a person's characteristic actions and reactions|it is his nature to help others
nature study	n|the study of animals and plants in the natural world (usually at an elementary level)|
nature worship	n|a system of religion that deifies and worships natural forces and phenomena|
naturism	n|going without clothes as a social practice|
naturist	n|a person who practices nudity for reasons of health or religion|
naturistic	adj|in accord with naturism|
naturopath	n|a therapist who practices naturopathy|
naturopathy	n|a method of treating disease using food and exercise and heat to assist the natural healing process|
nauch	n|an intricate traditional dance in India performed by professional dancing girls|
nauclea	n|small genus of evergreen tropical shrubs or trees with smooth leathery leaves|
nauclea diderrichii	n|large African forest tree yielding a strong hard yellow to golden brown lumber; sometimes placed in genus Sarcocephalus|
naucrates	n|a genus of Carangidae|
naucrates ductor	n|small pelagic fish often accompanying sharks or mantas|
naught	n|a quantity of no importance|it looked like nothing I had ever seen before	n|complete failure|all my efforts led to naught
naughtily	adv|in a disobedient or naughty way|he behaved badly in school
naughtiness	n|an attribute of mischievous children|
naughty	adj|suggestive of sexual impropriety|a blue movie	adj|badly behaved|a naughty boy
naumachia	n|a naval spectacle; a mock sea battle put on by the ancient Romans|
naumachy	n|a naval spectacle; a mock sea battle put on by the ancient Romans|
naupathia	n|motion sickness experienced while traveling on water|
nauru	n|an island republic on Nauru Island; phosphate exports support the economy|	n|a small island in the central Pacific Ocean 2,800 miles to the southwest of Hawaii; in Micronesia to the west of the Gilbert Islands|
nauru island	n|a small island in the central Pacific Ocean 2,800 miles to the southwest of Hawaii; in Micronesia to the west of the Gilbert Islands|
nauruan	adj|of or relating to the island republic of Nauru or its residents|	n|a native or inhabitant of Nauru|
nausea	n|the state that precedes vomiting|	n|disgust so strong it makes you feel sick|
nauseant	n|a medicine that induces nausea and vomiting|
nauseate	v|upset and make nauseated|The smell of the food turned the pregnant woman's stomach	v|cause aversion in; offend the moral sense of|The pornographic pictures sickened us
nauseated	adj|feeling nausea; feeling about to vomit|
nauseating	adj|causing or able to cause nausea|a nauseating smell
nauseatingness	n|extreme unpalatability to the mouth|
nauseous	adj|causing or able to cause nausea|a nauseating smell	adj|feeling nausea; feeling about to vomit|
naut mi	n|a former British unit of length equivalent to 6,080 feet (1,853.184 meters); 800 feet longer than a statute mile|	n|a unit of length used in navigation; exactly 1,852 meters; historically based on the distance spanned by one minute of arc in latitude|
nautch	n|an intricate traditional dance in India performed by professional dancing girls|
nautch dance	n|an intricate traditional dance in India performed by professional dancing girls|
nautch girl	n|a professional dancing girl in India|
nautical	adj|relating to or involving ships or shipping or navigation or seamen|nautical charts
nautical chain	n|a nautical unit of length (15 ft)|
nautical linear unit	n|a linear unit of distance used in navigation|
nautical mile	n|a former British unit of length equivalent to 6,080 feet (1,853.184 meters); 800 feet longer than a statute mile|	n|a unit of length used in navigation; exactly 1,852 meters; historically based on the distance spanned by one minute of arc in latitude|
nautical signal flag	n|one of an international code of flag signals used between ships|
nautilidae	n|spiral-shelled cephalopods|
nautilus	n|a submarine that is propelled by nuclear power|	n|cephalopod mollusk of warm seas whose females have delicate papery spiral shells|	n|cephalopod of the Indian and Pacific oceans having a spiral shell with pale pearly partitions|
navaho	n|a member of an Athapaskan people that migrated to Arizona and New Mexico and Utah|	n|the Athapaskan language spoken by the Navaho|
navajo	n|a member of an Athapaskan people that migrated to Arizona and New Mexico and Utah|	n|the Athapaskan language spoken by the Navaho|
naval	adj|connected with or belonging to or used in a navy|naval history
naval academy	n|an academy for training naval officers|
naval attache	n|a military attache who is a commissioned or warrant officer in a navy|
naval battle	n|a pitched battle between naval fleets|
naval blockade	n|the interdiction of a nation's lines of communication at sea by the use of naval power|
naval brass	n|alpha-beta brass containing tin; resistant to sea water; Admiralty Metal is a trademark|
naval campaign	n|an operation conducted primarily by naval forces in order to gain or extend or maintain control of the sea|
naval chart	n|a chart for a navigator showing the prevailing meteorological and hydrographic and navigational conditions|
naval commander	n|naval officer in command of a fleet of warships|
naval division	n|a group of ships of similar type|
naval engineer	n|a naval officer responsible for the operation and maintenance of the ship's engines|
naval engineering	n|the branch of engineering that deals with the design and construction and operation of ships|
naval equipment	n|equipment for a navy|
naval forces	n|an organization of military vessels belonging to a country and available for sea warfare|
naval gun	n|naval weaponry consisting of a large gun carried on a warship|
naval installation	n|military installation servicing naval forces|
naval missile	n|naval weaponry consisting of a missile carried on a warship|
naval officer	n|an officer in the navy|
naval radar	n|naval equipment consisting of a shipboard radar|
naval shipyard	n|a military shipyard|
naval special warfare	n|the agency that provides units to conduct unconventional and counter-guerilla warfare|
naval surface warfare center	n|the agency that provides scientific and engineering and technical support for all aspects of surface warfare|
naval tactical data system	n|a shipboard system for collecting and displaying tactical data|
naval underwater warfare center	n|the agency that provides scientific and engineering and technical support for submarine and undersea warfare systems|
naval unit	n|a military unit that is part of a navy|
naval weaponry	n|weaponry for warships|
navane	n|a tranquilizer (trade name Navane) used to treat schizophrenia|
navarino	n|a decisive naval battle in the War of Greek Independence (1827); the Turkish and Egyptian fleet was defeated by an allied fleet of British and French and Russian warships|
nave	n|the central area of a church|
navel	n|a scar where the umbilical cord was attached|you were not supposed to show your navel on television	n|the center point or middle of something|the Incas believed that Cuzco was the navel of the universe
navel orange	n|seedless orange enclosing a small secondary fruit at the apex|
navel point	n|the center point or middle of something|the Incas believed that Cuzco was the navel of the universe
navel-gazing	n|literally, the contemplation of one's navel, which is an idiom usually meaning complacent self-absorption|
navicular	adj|shaped like a boat|	n|the largest wrist bone on the thumb side|
navigability	n|the quality of being suitable for the passage of a ship or aircraft|
navigable	adj|able to be sailed on or through safely|navigable waters
navigate	v|travel on water propelled by wind or by other means|The QE2 will sail to Southampton tomorrow	v|act as the navigator in a car, plane, or vessel and plan, direct, plot the path and position of the conveyance|Is anyone volunteering to navigate during the trip?	v|direct carefully and safely|He navigated his way to the altar
navigation	n|the guidance of ships or airplanes from place to place|	n|ship traffic|the channel will be open to navigation as soon as the ice melts	n|the work of a sailor|
navigation light	n|light on an airplane that indicates the plane's position and orientation; red light on the left (port) wing tip and green light on the right (starboard) wing tip|
navigational	adj|of or relating to navigation|navigational aids
navigational chart	n|a chart for a navigator showing the prevailing meteorological and hydrographic and navigational conditions|
navigational instrument	n|an instrument used for navigating|
navigational system	n|a system that provides information useful in determining the position and course of a ship or aircraft|
navigator	n|the ship's officer in charge of navigation|	n|the member of an aircrew who is responsible for the aircraft's course|	n|in earlier times, a person who explored by ship|
navvy	n|a laborer who is obliged to do menial work|
navy	n|an organization of military vessels belonging to a country and available for sea warfare|	n|a dark shade of blue|
navy base	n|base of operations for a naval fleet|
navy bean	n|white-seeded bean; usually dried|
navy blue	n|a dark shade of blue|
navy man	n|a serviceman in the navy|
navy seal	n|a member of a Naval Special Warfare unit who is trained for unconventional warfare|SEAL is an acronym for Sea Air and Land
navy secretary	n|head of a former executive department; combined with the War Secretary to form the Defense Secretary in 1947|
navy yard	n|a military shipyard|
nawab	n|a governor in India during the Mogul empire|
nay	adv|not this merely but also; not only so but|each of us is peculiar, nay, in a sense unique	n|a negative|the nays have it
naysayer	n|someone with an aggressively negative attitude|
naysaying	n|the act of saying no to a request|
nazarene	adj|of or relating to the Nazarenes or their religion|	adj|of or relating to the town of Nazareth or its inhabitants|	n|a member of a group of Jews who (during the early history of the Christian Church) accepted Jesus as the Messiah; they accepted the Gospel According to Matthew but rejected the Epistles of St. Paul and continued to follow Jewish law and celebrate Jewish holidays; they were later declared heretic by the Church of Rome|	n|an early name for any Christian|
nazareth	n|a historic town in northern Israel that is mentioned in the Gospels as the home of Joseph and Mary|
naze	n|a cape at the southern tip of Norway|
nazi	adj|relating to or consistent with or typical of the ideology and practice of Nazism or the Nazis|the total Nazi crime	adj|relating to a form of socialism|the national socialist party came to power in Germany in 1933	n|a German member of Adolf Hitler's political party|	n|derogatory term for a person who is fanatically dedicated to, or seeks to control, some activity, practice, etc.|
nazi germany	n|the Nazi dictatorship under Hitler (1933-1945)|
nazi party	n|the political party founded in Germany in 1919 and brought to power by Hitler in 1933|
nazification	n|social process of adopting (or being forced to adopt) Nazism|as the process of Nazification spread they paid less attention to public opinion
nazify	v|cause or force to adopt Nazism or a Nazi character|Hitler nazified Germany in the 1930's
naziism	n|a form of socialism featuring racism and expansionism and obedience to a strong leader|
nazism	n|a form of socialism featuring racism and expansionism and obedience to a strong leader|
nb	n|a soft grey ductile metallic element used in alloys; occurs in niobite; formerly called columbium|	n|a Latin phrase (or its abbreviation) used to indicate that special attention should be paid to something|the margins of his book were generously supplied with pencilled NBs
nbe	n|the compass point that is one point east (clockwise) of due north|
nbw	n|the compass point that is one point west of due north|
ncdc	n|the part of NOAA that maintains the world's largest active archive of weather data|
nd	n|a yellow trivalent metallic element of the rare earth group; occurs in monazite and bastnasite in association with cerium and lanthanum and praseodymium|
ndebele	n|a Bantu language sometimes considered a dialect of Zulu|
ndjamena	n|the capital and largest city of Chad; located in the southwestern on the Shari river|
ne	n|a colorless odorless gaseous element that give a red glow in a vacuum tube; one of the six inert gasses; occurs in the air in small amounts|	n|the compass point midway between north and east; at 45 degrees|	n|a midwestern state on the Great Plains|
ne plus ultra	n|the state of being without a flaw or defect|
ne'er	adv|not ever; at no time in the past or future|I have never been to China
ne'er-do-well	n|an idle worthless person|
neandertal	adj|relating to or belonging to or resembling Neanderthal man|Neanderthal skull	adj|ill-mannered and coarse and contemptible in behavior or appearance|was boorish and insensitive	n|extinct robust human of Middle Paleolithic in Europe and western Asia|
neandertal man	n|extinct robust human of Middle Paleolithic in Europe and western Asia|
neanderthal	adj|ill-mannered and coarse and contemptible in behavior or appearance|was boorish and insensitive	adj|relating to or belonging to or resembling Neanderthal man|Neanderthal skull	n|extinct robust human of Middle Paleolithic in Europe and western Asia|
neanderthal man	n|extinct robust human of Middle Paleolithic in Europe and western Asia|
neanderthalian	adj|relating to or belonging to or resembling Neanderthal man|Neanderthal skull
neap	n|a less than average tide occurring at the first and third quarters of the moon|
neap tide	n|a less than average tide occurring at the first and third quarters of the moon|
neapolitan	adj|of or relating to or characteristic of Naples or its people|	n|a native or inhabitant of Naples|
neapolitan ice cream	n|a block of ice cream with 3 or 4 layers of different colors and flavors|
near	adv|near in time or place or relationship|as the wedding day drew near	adv|(of actions or states) slightly short of or not quite accomplished; all but|the job is (just) about done	adj|not far distant in time or space or degree or circumstances|near neighbors	adj|being on the left side|the near or nigh horse is the one on the left
near beer	n|drink that resembles beer but with less than 1/2 percent alcohol|
near east	n|the area around the eastern Mediterranean; from Turkey to northern Africa and eastward to Iran; the site of such ancient civilizations as Phoenicia and Babylon and Egypt and the birthplace of Judaism and Christianity and Islam; had continuous economic and political turmoil in the 20th century|the Middle East is the cradle of Western civilization
near gale	n|wind moving 32-38 knots; 7 on the Beaufort scale|
near miss	n|an accidental collision that is narrowly avoided|
near thing	n|something that barely avoids failure or disaster|
near vision	n|vision for objects 2 feet or closer to the viewer|
near-blind	adj|having greatly reduced vision|
near-death experience	n|the experience of being close to death but surviving|
nearby	adj|close at hand|the nearby towns	adv|not far away in relative terms|she works nearby
nearer	adv|(comparative of `near' or `close') within a shorter distance|come closer, my dear!
nearest	adv|(superlative of `near' or `close') within the shortest distance|that was the time he came nearest to death
nearly	adv|(of actions or states) slightly short of or not quite accomplished; all but|the job is (just) about done	adv|in a close manner|the two phenomena are intimately connected
nearness	n|the spatial property resulting from a relatively small distance|the sudden closeness of the dock sent him into action
nearside	n|the side of a vehicle nearest the kerb|
nearsighted	adj|unable to see distant objects clearly|
nearsightedness	n|(ophthalmology) eyesight abnormality resulting from the eye's faulty refractive ability; distant objects appear blurred|
neat	adj|clean or organized|her neat dress	adj|showing care in execution|neat homework	adj|free from clumsiness; precisely or deftly executed|he landed a clean left on his opponent's cheek	adj|superficially impressive, but lacking depth and attention to the true complexities of a subject|too facile a solution for so complex a problem
neat's-foot oil	n|a pale yellow oil made from the feet and legs of cattle; used as a dressing for leather|
neaten	v|put (things or places) in order|Tidy up your room!	v|care for one's external appearance|He is always well-groomed
neatly	adv|with neatness|she put the slippers under the bed neatly
neatness	n|the state of being neat and smart and trim|	n|the trait of being neat and orderly|
neb	n|a long projecting or anterior elongation of an animal's head; especially the nose|	n|horny projecting mouth of a bird|
neb.	n|a midwestern state on the Great Plains|
nebbech	n|(Yiddish) a timid unfortunate simpleton|
nebbish	n|(Yiddish) a timid unfortunate simpleton|
nebcin	n|an antibiotic (trade name Nebcin) that is especially effective against Gram-negative bacteria|
nebe	n|the compass point that is one point east of northeast|
nebiim	n|the second of three divisions of the Hebrew Scriptures|
nebn	n|the compass point that is one point north of northeast|
nebo	n|Babylonian god of wisdom and agriculture and patron of scribes and schools|
nebraska	n|a midwestern state on the Great Plains|
nebraska fern	n|large branching biennial herb native to Eurasia and Africa and adventive in North America having large fernlike leaves and white flowers; usually found in damp habitats; all parts extremely poisonous|
nebraskan	n|a native or resident of Nebraska|
nebuchadnezzar	n|(Old Testament) king of Chaldea who captured and destroyed Jerusalem and exiled the Israelites to Babylonia (630?-562 BC)|	n|a very large wine bottle holding the equivalent of 20 normal bottles of wine; used especially for display|
nebuchadnezzar ii	n|(Old Testament) king of Chaldea who captured and destroyed Jerusalem and exiled the Israelites to Babylonia (630?-562 BC)|
nebuchadrezzar	n|(Old Testament) king of Chaldea who captured and destroyed Jerusalem and exiled the Israelites to Babylonia (630?-562 BC)|
nebuchadrezzar ii	n|(Old Testament) king of Chaldea who captured and destroyed Jerusalem and exiled the Israelites to Babylonia (630?-562 BC)|
nebula	n|a medicinal liquid preparation intended for use in an atomizer|	n|cloudiness of the urine|	n|an immense cloud of gas (mainly hydrogen) and dust in interstellar space|	n|(pathology) a faint cloudy spot on the cornea|
nebular	adj|of or relating to or resembling a nebula|the nebular hypothesis of the origin of the solar system	adj|resembling a cloud|
nebular hypothesis	n|(cosmology) the theory that the solar system evolved from a hot gaseous nebula|
nebule	n|a small cloud|
nebuliser	n|a dispenser that turns a liquid (such as perfume) into a fine mist|
nebulizer	n|a dispenser that turns a liquid (such as perfume) into a fine mist|
nebulose	adj|lacking definite form or limits|gropes among cloudy issues toward a feeble conclusion"- H.T.Moore
nebulous	adj|lacking definite form or limits|gropes among cloudy issues toward a feeble conclusion"- H.T.Moore	adj|of or relating to or resembling a nebula|the nebular hypothesis of the origin of the solar system	adj|lacking definition or definite content|nebulous reasons
nebulously	adv|in a nebulous and indefinite manner|
nec	n|an acute inflammatory disease occurring in the intestines of premature infants; necrosis of intestinal tissue may follow|
necessarily	adv|in an essential manner|such expenses are necessarily incurred	adv|in such a manner as could not be otherwise|it is necessarily so	adv|as a highly likely consequence|we are necessarily bound for federalism in Europe
necessary	adj|absolutely essential|	adj|unavoidably determined by prior circumstances|the necessary consequences of one's actions	n|anything indispensable|food and shelter are necessities of life
necessitarian	n|someone who does not believe the doctrine of free will|
necessitate	v|require as useful, just, or proper|It takes nerve to do what she did	v|cause to be a concomitant|
necessitous	adj|poor enough to need help from others|
necessity	n|the condition of being essential or indispensable|	n|anything indispensable|food and shelter are necessities of life
neck	n|the part of an organism (human or animal) that connects the head to the rest of the body|he admired her long graceful neck	n|a narrow elongated projecting strip of land|	n|a cut of meat from the neck of an animal|	n|a narrow part of an artifact that resembles a neck in position or form|the banjo had a long neck
neck and neck	adj|inconclusive as to outcome; close or just even in a race or comparison or competition|as they approached the finish line they were neck and neck	adv|even or close in a race or competition or comparison|the horses ran neck and neck
neck bone	n|one of 7 vertebrae in the human spine located in the neck region|
neck brace	n|a brace worn to steady the neck|
neck exercise	n|exercise designed to strengthen the neck muscles|
neck of the woods	n|a surrounding or nearby region|the plane crashed in the vicinity of Asheville
neck opening	n|an opening in a garment for the neck of the wearer; a part of the garment near the wearer's neck|
neck ruff	n|a high tight collar|
neck sweetbread	n|edible thymus gland of an animal|
neck-deep	adj|deeply involved|neck-deep in work
neckar	n|a river in Germany; rises in the Black Forest and flows north into the Rhine|
neckar river	n|a river in Germany; rises in the Black Forest and flows north into the Rhine|
neckband	n|a band around the collar of a garment|	n|a band that fits around the neck and is usually folded over|	n|necklace that fits tightly around a woman's neck|
neckcloth	n|an ornamental white cravat|
necked	adj|having a neck or having a neck especially as specified (often used in combination)|
necker	n|a lover who necks|
neckerchief	n|a kerchief worn around the neck|
necking	n|the molding at the top of a column|	n|affectionate play (or foreplay without contact with the genital organs)|
necklace	n|jewelry consisting of a cord or chain (often bearing gems) worn about the neck as an ornament (especially by women)|
necklace tree	n|a tree of the genus Ormosia having seeds used as beads|
neckless	adj|lacking or apparently lacking a neck|
necklet	n|decoration worn about the neck (fur piece or tight necklace) as an ornament|
necklike	adj|resembling a neck|
neckline	n|the line formed by the edge of a garment around the neck|
neckpiece	n|an article of apparel worn about the neck|
necktie	n|neckwear consisting of a long narrow piece of material worn (mostly by men) under a collar and tied in knot at the front|he stood in front of the mirror tightening his necktie
neckwear	n|articles of clothing worn about the neck|
necrobiosis	n|(physiology) the normal degeneration and death of living cells (as in various epithelial cells)|
necrobiosis lipoidica	n|skin disease marked by thin shiny patches (especially on the legs); often associated with diabetes mellitus|
necrobiosis lipoidica diabeticorum	n|skin disease marked by thin shiny patches (especially on the legs); often associated with diabetes mellitus|
necrology	n|a notice of someone's death; usually includes a short biography|	n|a list of people who died recently|
necrolysis	n|disintegration and dissolution of dead tissue|
necromancer	n|one who practices magic or sorcery|	n|one who practices divination by conjuring up the dead|
necromancy	n|the belief in magical spells that harness occult forces or evil spirits to produce unnatural effects in the world|	n|conjuring up the dead, especially for prophesying|
necromania	n|an irresistible sexual attraction to dead bodies|
necromantic	adj|relating to or associated with necromancy|mysterious necromantic rites	adj|given to or produced by or used in the art of conjuring up the dead|a necromantic sorcerer
necromantical	adj|relating to or associated with necromancy|mysterious necromantic rites
necrophagia	n|feeding on corpses or carrion|
necrophagy	n|feeding on corpses or carrion|
necrophilia	n|an irresistible sexual attraction to dead bodies|
necrophilism	n|an irresistible sexual attraction to dead bodies|
necropolis	n|a tract of land used for burials|
necropsy	n|an examination and dissection of a dead body to determine cause of death or the changes produced by disease|
necrose	v|undergo necrosis|the tissue around the wound necrosed
necrosis	n|the localized death of living cells (as from infection or the interruption of blood supply)|
necrotic	adj|relating to or affected by necrosis|necrotic tissue
necrotizing enteritis	n|enteritis characterized by bloody diarrhea and severe abdominal pain|
necrotizing enterocolitis	n|an acute inflammatory disease occurring in the intestines of premature infants; necrosis of intestinal tissue may follow|
nectar	n|a sweet liquid secretion that is attractive to pollinators|	n|fruit juice especially when undiluted|	n|(classical mythology) the food and drink of the gods; mortals who ate it became immortal|
nectar-rich	adj|of plants that are rich in nectar|
nectariferous	adj|possessing nectaries|
nectarine	n|variety or mutation of the peach bearing fruit with smooth skin and (usually) yellow flesh|	n|a variety or mutation of the peach that has a smooth skin|
nectarine tree	n|variety or mutation of the peach bearing fruit with smooth skin and (usually) yellow flesh|
nectarous	adj|extremely pleasing to the taste; sweet and fragrant|a nectarous drink
nectary	n|a gland (often a protuberance or depression) that secretes nectar|
necturus	n|a genus of Proteidae|
nederland	n|a constitutional monarchy in western Europe on the North Sea; half the country lies below sea level|
nee	adj|(meaning literally `born') used to indicate the maiden or family name of a married woman|Hillary Clinton nee Rodham
need	n|a condition requiring relief|she satisfied his need for affection	n|anything that is necessary but lacking|he had sufficient means to meet his simple needs	n|the psychological feature that arouses an organism to action toward a desired goal; the reason for the action; that which gives purpose and direction to behavior|we did not understand his motivation	n|a state of extreme poverty or destitution|their indigence appalled him
needed	adj|necessary for relief or supply|provided them with all things needful
needer	n|a person who wants or needs something|an owner of many things and needer of none
needful	adj|necessary for relief or supply|provided them with all things needful
needfully	adv|in an essential manner|such expenses are necessarily incurred
neediness	n|a state of extreme poverty|	n|the quality of needing attention and affection and reassurance to a marked degree|he recognized her neediness but had no time to respond to it
needle	n|the leaf of a conifer|	n|a slender pointer for indicating the reading on the scale of a measuring instrument|	n|a sharp pointed implement (usually steel)|	n|a stylus that formerly made sound by following a groove in a phonograph record|
needle bearing	n|bearings containing small metal balls|
needle biopsy	n|biopsy of deep tissue that is obtained through a hollow needle|
needle blight	n|a disease of conifers causing the needles to fall|
needle bush	n|shrub with pungent rigid needle-shaped leaves and white flowers; eastern Australia|
needle cast	n|a disease of conifers causing the needles to fall|
needle furze	n|prickly yellow-flowered shrub of the moors of New England and Europe|
needle palm	n|yucca with long stiff leaves having filamentlike appendages|
needle rush	n|fine-leaved aquatic spike rush; popular as aerator for aquariums|
needle spike rush	n|fine-leaved aquatic spike rush; popular as aerator for aquariums|
needle wood	n|large bushy shrub with pungent pointed leaves and creamy white flowers; central and eastern Australia|
needle-bush	n|shrub with pungent rigid needle-shaped leaves and white flowers; eastern Australia|
needle-shaped	adj|narrow and long and pointed; as pine leaves|
needle-wood	n|large bushy shrub with pungent pointed leaves and creamy white flowers; central and eastern Australia|
needlebush	n|shrub with pungent rigid needle-shaped leaves and white flowers; eastern Australia|
needlecraft	n|a creation created or assembled by needle and thread|	n|work (such as sewing or embroidery) that is done with a needle|
needled	adj|of trees whose leaves are acerate|
needlefish	n|elongate European surface-dwelling predacious fishes with long toothed jaws; abundant in coastal waters|	n|fish with long tubular snout and slim body covered with bony plates|
needlelike	adj|ending in a sharp point|
needlenose pliers	n|small pliers with long thin jaws for fine work|
needlepoint	n|lace worked with a needle in a buttonhole stitch on a paper pattern|	n|embroidery consisting of allover embroidered canvas resembling tapestry|
needlepoint embroidery	n|embroidery consisting of allover embroidered canvas resembling tapestry|
needless	adj|unnecessary and unwarranted|a strikers' tent camp...was burned with needless loss of life
needlessly	adv|without need|it would needlessly bring badness into the world
needlewoman	n|someone who makes or mends dresses|
needlewood	n|large bushy shrub with pungent pointed leaves and creamy white flowers; central and eastern Australia|
needlework	n|a creation created or assembled by needle and thread|	n|work (such as sewing or embroidery) that is done with a needle|
needleworker	n|someone who does work (as sewing or embroidery) with a needle|
needs	adv|in such a manner as could not be otherwise|it is necessarily so
needy	adj|poor enough to need help from others|	adj|demanding or needing attention, affection, or reassurance to an excessive degree|	n|needy people collectively|they try to help the needy
neel	n|French physicist noted for research on magnetism (born in 1904)|
neem	n|large semi-evergreen tree of the East Indies; trunk exudes a tenacious gum; bitter bark used as a tonic; seeds yield an aromatic oil; sometimes placed in genus Melia|
neem cake	n|residue after oil is pressed from neem seeds|
neem seed	n|seed of neem trees; source of pesticides and fertilizer and medicinal products|
neem tree	n|large semi-evergreen tree of the East Indies; trunk exudes a tenacious gum; bitter bark used as a tonic; seeds yield an aromatic oil; sometimes placed in genus Melia|
neencephalon	n|the part of the brain having the most recent phylogenetic origin; the cerebral cortex and related parts|
nefarious	adj|extremely wicked|nefarious schemes
nefariously	adv|in a nefarious manner or to a nefarious degree|nefariously involved in a conspiracy
nefariousness	n|the quality of being wicked|
nefazodone	n|an antidepressant drug (trade name Serzone)|
nefertiti	n|queen of Egypt and wife of Akhenaton (14th century BC)|
neftali ricardo reyes	n|Chilean poet (1904-1973)|
nefud	n|a desert in northern Saudi Arabia that is noted for its red sand and violent winds|
negaprion	n|lemon sharks|
negaprion brevirostris	n|common shallow-water schooling shark of the Atlantic from North Carolina to Brazil and off west Africa; dangerous|
negara brunei darussalam	n|a sultanate in northwestern Borneo; became independent of Great Britain in 1984|
negate	v|be in contradiction with|	v|deny the truth of|	v|prove negative; show to be false|	v|make ineffective by counterbalancing the effect of|Her optimism neutralizes his gloom
negation	n|a negative statement; a statement that is a refusal or denial of some other statement|	n|the speech act of negating|	n|(logic) a proposition that is true if and only if another proposition is false|
negative	adj|characterized by or displaying negation or denial or opposition or resistance; having no positive features|a negative outlook on life	adj|expressing or consisting of a negation or refusal or denial|	adj|having the quality of something harmful or unpleasant|ran a negative campaign	adj|not indicating the presence of microorganisms or disease or a specific condition|the HIV test was negative
negative charge	n|having a surplus of electrons; having a lower electric potential|
negative chemotaxis	n|movement away from a chemical stimulus|
negative correlation	n|a correlation in which large values of one variable are associated with small values of the other; the correlation coefficient is between 0 and -1|
negative feedback	n|feedback in opposite phase with (decreasing) the input|
negative feedback circuit	n|a feedback circuit that subtracts from the input|
negative identification	n|evidence proving that you are not who you say you are not; evidence establishing that you are not among a group of people already known to the system; recognition by the system leads to rejection|a system for negative identification can prevent the use of multiple identities by a single person
negative magnetic pole	n|the pole of a magnet that points toward the south when the magnet is suspended freely|
negative muon	n|an elementary particle with a negative charge and a half-life of 2 microsecond; decays to electron and neutrino and antineutrino|
negative pole	n|the terminal of a battery that is connected to the negative plate|	n|the pole of a magnet that points toward the south when the magnet is suspended freely|
negative reinforcer	n|a reinforcing stimulus whose removal serves to decrease the likelihood of the response that produced it|
negative reinforcing stimulus	n|a reinforcing stimulus whose removal serves to decrease the likelihood of the response that produced it|
negative stimulation	n|something causing antagonism or loss of interest|
negative stimulus	n|a stimulus with undesirable consequences|
negatively	adv|in a harmful manner|he was negatively affected	adv|in a negative way|he was negatively inclined
negatively charged	adj|having a negative charge|electrons are negative
negativeness	n|the character of the negative electric pole|	n|characterized by habitual skepticism and a disagreeable tendency to deny or oppose or resist suggestions or commands|	n|an amount less than zero|
negativism	n|characterized by habitual skepticism and a disagreeable tendency to deny or oppose or resist suggestions or commands|
negativist	n|someone who refuses to do what is asked or does the opposite of what is asked|	n|someone who is resigned to defeat without offering positive suggestions|
negativity	n|the character of the negative electric pole|	n|characterized by habitual skepticism and a disagreeable tendency to deny or oppose or resist suggestions or commands|	n|an amount less than zero|	n|(chemistry) the tendency of an atom or radical to attract electrons in the formation of an ionic bond|
negatron	n|an elementary particle with negative charge|
negeri sembilan	n|one of the 13 states that constitute the Federation of Malaysia; located on the western coast of Peninsular Malaysia|
negev	n|a desert in southern Israel|
negev desert	n|a desert in southern Israel|
neggram	n|antibacterial agent used especially to treat genitourinary infections|
neglect	v|leave undone or leave out|How could I miss that typo?	v|fail to do something; leave something undone|She failed to notice that her child was no longer in his crib	v|fail to attend to|he neglects his children	v|give little or no attention to|Disregard the errors
neglect of duty	n|(law) breach of a duty|
neglected	adj|disregarded|his cries were unheeded	adj|lacking a caretaker|a neglected child
neglecter	n|a person who is neglectful and gives little attention or respect to people or responsibilities|he tried vainly to impress his neglecters
neglectful	adj|not showing due care or attention|inattentive students	adj|failing in what duty requires|derelict (or delinquent) in his duty
neglectfully	adv|in a neglectful manner|
neglectfulness	n|the trait of neglecting responsibilities and lacking concern|
neglige	n|a loose dressing gown for women|
negligee	n|a loose dressing gown for women|
negligence	n|failure to act with the prudence that a reasonable person would exercise under the same circumstances|	n|the trait of neglecting responsibilities and lacking concern|
negligent	adj|characterized by neglect and undue lack of concern|negligent parents
negligently	adv|in a negligent manner|he did his work negligently
negligible	adj|so small as to be meaningless; insignificant|the effect was negligible	adj|not worth considering|he considered the prize too paltry for the lives it must cost
negociate	v|be successful; achieve a goal|She succeeded in persuading us all	v|sell or discount|negociate securities	v|transfer by endorsement to another in return for value received|negociate a bond	v|succeed in passing through, around, or over|The hiker negociated the high mountain pass
negotiable	adj|capable of being passed or negotiated|a negotiable road	adj|able to be negotiated or arranged by compromise|negotiable demands	adj|legally transferable to the ownership of another|negotiable bonds
negotiable instrument	n|an unconditional order or promise to pay an amount of money|
negotiant	n|someone who negotiates (confers with others in order to reach a settlement)|
negotiate	v|discuss the terms of an arrangement|They negotiated the sale of the house	v|succeed in passing through, around, or over|The hiker negociated the high mountain pass
negotiation	n|a discussion intended to produce an agreement|the buyout negotiation lasted several days	n|the activity or business of negotiating an agreement; coming to terms|
negotiator	n|someone who negotiates (confers with others in order to reach a settlement)|
negotiatress	n|a woman negotiator|
negotiatrix	n|a woman negotiator|
negritude	n|an ideological position that holds Black culture to be independent and valid on its own terms; an affirmation of the African cultural heritage|
negro	adj|having skin rich in melanin pigments;|	n|a person with African ancestry, "Negro" and "Negroid" are archaic and pejorative today|
negro peach	n|a stout spreading or semi-climbing tropical shrub with round brownish-red warty fruit; Africa|
negro pepper	n|tropical west African evergreen tree bearing pungent aromatic seeds used as a condiment and in folk medicine|
negro vine	n|twining vine with hairy foliage and dark purplish-brown flowers|
negroid	n|a person with African ancestry, "Negro" and "Negroid" are archaic and pejorative today|
negus	n|wine and hot water with sugar and lemon juice and nutmeg|
nehemiah	n|an Old Testament book telling how a Jewish official at the court of Artaxerxes I in 444 BC became a leader in rebuilding Jerusalem after the Babylonian Captivity|
nehru	n|Indian statesman and leader with Gandhi in the struggle for home rule; was the first prime minister of the Republic of India from 1947 to 1964 (1889-1964)|
nei monggol	n|an autonomous region of northeastern China that was annexed by the Manchu rulers in 1635 and became an integral part of China in 1911|
neigh	n|the characteristic sounds made by a horse|	v|make a characteristic sound, of a horse|
neighbor	n|a person who lives (or is located) near another|	n|a nearby object of the same kind|Fort Worth is a neighbor of Dallas	v|live or be located as a neighbor|the neighboring house	v|be located near or adjacent to|Pakistan neighbors India
neighborhood	n|a surrounding or nearby region|the plane crashed in the vicinity of Asheville	n|people living near one another|it is a friendly neighborhood	n|the approximate amount of something (usually used prepositionally as in `in the region of')|it was going to take in the region of two or three months to finish the job	n|an area within a city or town that has some distinctive features (especially one forming a community)|an ethnic neighborhood
neighboring	adj|having a common boundary or edge; abutting; touching; Massachusetts and Connecticut"|Rhode Island has two bordering states
neighborliness	n|a disposition to be friendly and helpful to neighbors|
neighborly	adj|exhibiting the qualities expected in a friendly neighbor|
neighbour	n|a person who lives (or is located) near another|	n|a nearby object of the same kind|Fort Worth is a neighbor of Dallas	v|live or be located as a neighbor|the neighboring house	v|be located near or adjacent to|Pakistan neighbors India
neighbourhood	n|a surrounding or nearby region|the plane crashed in the vicinity of Asheville	n|people living near one another|it is a friendly neighborhood
neighbourliness	n|a disposition to be friendly and helpful to neighbors|
neighbourly	adj|exhibiting the qualities expected in a friendly neighbor|
neisseria gonorrhoeae	n|the pus-producing bacterium that causes gonorrhea|
neither	adj|not either; not one or the other|
nejd	n|a central plateau region of the Arabian Peninsula; formerly an independent sultanate until 1932 when it united with Hejaz to form the Kingdom of Saudi Arabia|
nekton	n|the aggregate of actively swimming animals in a body of water ranging from microscopic organisms to whales|
nelfinavir	n|a protease inhibitor (trade name Viracept) used in treating HIV usually in combination with other drugs|
nell gwynn	n|English comedienne and mistress of Charles II (1650-1687)|
nell gwynne	n|English comedienne and mistress of Charles II (1650-1687)|
nell gywn	n|English comedienne and mistress of Charles II (1650-1687)|
nelson	n|English admiral who defeated the French fleets of Napoleon but was mortally wounded at Trafalgar (1758-1805)|	n|any of several wrestling holds in which an arm is passed under the opponent's arm from behind and the hand exerts pressure on the back of the neck|
nelson mandela	n|South African statesman who was released from prison to become the nation's first democratically elected president in 1994 (born in 1918)|
nelson rolihlahla mandela	n|South African statesman who was released from prison to become the nation's first democratically elected president in 1994 (born in 1918)|
nelumbo	n|sometimes placed in the family Nymphaeaceae: lotuses|
nelumbo lutea	n|water lily of eastern North America having pale yellow blossoms and edible globular nutlike seeds|
nelumbo nucifera	n|native to eastern Asia; widely cultivated for its large pink or white flowers|
nelumbonaceae	n|in some classifications considered an independent family of water lilies; comprises the single genus Nelumbo|
nem con	adv|of one mind; without dissent|the Senate unanimously approved the bill
nematocera	n|mosquitoes; fungus gnats; crane flies; gnats; sand flies|
nematoda	n|unsegmented worms: roundworms; threadworms; eelworms|
nematode	n|unsegmented worms with elongated rounded body pointed at both ends; mostly free-living but some are parasitic|
nematode worm	n|unsegmented worms with elongated rounded body pointed at both ends; mostly free-living but some are parasitic|
nembutal	n|a barbiturate (trade name Nembutal) used as a sedative and hypnotic and antispasmodic|
nemea	n|a valley in southeastern Greece where the Nemean Games were held|
nemean games	n|the ancient Panhellenic games held biennially at Nemea in the second and fourth years of each Olympiad|
nemean lion	n|(Greek mythology) an enormous lion strangled by Hercules as the first of his 12 labors|
nemertea	n|proboscis worms|
nemertean	n|soft unsegmented marine worms that have a threadlike proboscis and the ability to stretch and contract|
nemertina	n|proboscis worms|
nemertine	n|soft unsegmented marine worms that have a threadlike proboscis and the ability to stretch and contract|
nemesis	n|(Greek mythology) the goddess of divine retribution and vengeance|	n|something causing misery or death|the bane of my life
nemine contradicente	adv|of one mind; without dissent|the Senate unanimously approved the bill
nemophila	n|any plant of the genus Nemophila|
nemophila aurita	n|straggling California annual herb with deep purple or violet flowers; sometimes placed in genus Nemophila|
nemophila maculata	n|California annual having white flowers with a deep purple blotch on each petal|
nemophila menziesii	n|delicate California annual having blue flowers marked with dark spots|
nenets	n|a Uralic language spoken by a Samoyed of northern Siberia|
nentsi	n|a Uralic language spoken by a Samoyed of northern Siberia|
nentsy	n|a Uralic language spoken by a Samoyed of northern Siberia|
neo	adj|(used as a combining form) recent or new|`neo' is a combining form in words like `neocolonialism'
neo jazz	n|any of various styles of jazz that appeared after 1940|
neo-darwinian	adj|of or relating to Darwin's theories as modified by modern genetic findings|Neo-Darwinian theories
neo-darwinism	n|a modern Darwinian theory that explains new species in terms of genetic mutations|
neo-lamarckian	adj|of or relating to a modern version of Lamarckism|Neo-Lamarckian theories
neo-lamarckism	n|a modern Lamarckian theory emphasizing the importance of environmental factors in genetic changes and retaining the notion of the inheritance of acquired characters|
neo-latin	n|Latin since the Renaissance; used for scientific nomenclature|
neobiotic	n|an antibiotic obtained from an actinomycete and used (as a sulphate under the trade name Neobiotic) as an intestinal antiseptic in surgery|
neoceratodus	n|extant Australian lungfishes|
neoceratodus forsteri	n|an endangered species of lungfish found in rivers in Queensland|
neoclassic	adj|characteristic of a revival of an earlier classical style|
neoclassical	adj|characteristic of a revival of an earlier classical style|
neoclassicism	n|revival of a classical style (in art or literature or architecture or music) but from a new perspective or with a new motivation|
neoclassicist	adj|relating to or advocating neoclassicism|	n|an advocate of neoclassicism|
neoclassicistic	adj|relating to or advocating neoclassicism|
neocolonialism	n|control by a powerful country of its former colonies (or other less developed countries) by economic pressures|
neocon	n|a conservative who subscribes to neoconservatism|
neoconservatism	n|an approach to politics or theology that represents a return to a traditional point of view (in contrast to more liberal or radical schools of thought of the 1960s)|
neoconservative	n|a conservative who subscribes to neoconservatism|
neocortex	n|the cortical part of the neencephalon|
neocortical	adj|of or relating to the neocortex of the cerebrum|
neodymium	n|a yellow trivalent metallic element of the rare earth group; occurs in monazite and bastnasite in association with cerium and lanthanum and praseodymium|
neoencephalon	n|the part of the brain having the most recent phylogenetic origin; the cerebral cortex and related parts|
neofiber	n|round-tailed muskrat|
neofiber alleni	n|of Florida wetlands|
neohygrophorus	n|a genus of fungi belonging to the family Hygrophoraceae|
neohygrophorus angelesianus	n|a fungus with a small brown convex cap with a depressed disc; waxy wine-colored gills and a brown stalk; fruits in or near melting snow banks in the western mountains of North America|
neolentinus	n|a genus of fungi belonging to the family Polyporaceae|
neolentinus ponderosus	n|a gilled polypore with a large cap (up to 15 inches in diameter) and a broad stalk; edible when young and tender|
neoliberal	adj|having or showing belief in the need for economic growth in addition to traditional liberalistic values|	n|a liberal who subscribes to neoliberalism|
neoliberalism	n|a political orientation originating in the 1960s; blends liberal political views with an emphasis on economic growth|
neolith	n|a stone tool from the Neolithic Age|
neolithic	adj|of or relating to the most recent period of the Stone Age (following the mesolithic)|evidence of neolithic settlements	n|latest part of the Stone Age beginning about 10,000 BC in the Middle East (but later elsewhere)|
neolithic age	n|latest part of the Stone Age beginning about 10,000 BC in the Middle East (but later elsewhere)|
neologism	n|a newly invented word or phrase|	n|the act of inventing a word or phrase|
neologist	n|a lexicographer of new words and expressions|
neology	n|a newly invented word or phrase|	n|the act of inventing a word or phrase|
neomycin	n|an antibiotic obtained from an actinomycete and used (as a sulphate under the trade name Neobiotic) as an intestinal antiseptic in surgery|
neomys	n|a genus of Soricidae|
neomys anomalus	n|a type of water shrew|
neomys fodiens	n|widely distributed Old World water shrew|
neon	n|a colorless odorless gaseous element that give a red glow in a vacuum tube; one of the six inert gasses; occurs in the air in small amounts|
neon induction lamp	n|a lamp consisting of a small gas-discharge tube containing neon at low pressure; luminescence is produced by the action of currents at high frequencies that are wrapped a few turns around the tube|
neon lamp	n|a lamp consisting of a small gas-discharge tube containing neon at low pressure; luminescence is produced by the action of currents at high frequencies that are wrapped a few turns around the tube|
neon tube	n|a lamp consisting of a small gas-discharge tube containing neon at low pressure; luminescence is produced by the action of currents at high frequencies that are wrapped a few turns around the tube|
neonatal	adj|relating to or affecting the infant during the first month after birth|neonatal care
neonatal death	n|death of a liveborn infant within the first 28 days of life|
neonatal hyperbilirubinemia	n|a common disorder that is usually due to immaturity of the liver; usually subsides spontaneously|
neonatal intensive care unit	n|an intensive care unit designed with special equipment to care for premature or seriously ill newborn|
neonatal mortality	n|the death rate during the first 28 days of life|
neonatal mortality rate	n|the death rate during the first 28 days of life|
neonatal period	n|the first 28 days of life|
neonate	n|a baby from birth to four weeks|
neonatology	n|that branch of pediatric medicine concerned with the newborn; the diagnosis and treatment of neonates|
neopallium	n|the cortical part of the neencephalon|
neophobia	n|a morbid fear of novelty|
neophron	n|a genus of Accipitridae|
neophron percnopterus	n|small mostly white vulture of Africa and southern Eurasia|
neophyte	n|a plant that is found in an area where it had not been recorded previously|	n|any new participant in some activity|	n|a new convert being taught the principles of Christianity by a catechist|
neoplasia	n|the pathological process that results in the formation and growth of a tumor|
neoplasm	n|an abnormal new mass of tissue that serves no purpose|
neoplastic	adj|of or related to or having the properties of a neoplasm|neoplastic cells
neoplastic cell	n|a cell that is part of tumor|
neoplatonism	n|a system of philosophical and theological doctrines composed of elements of Platonism and Aristotelianism and oriental mysticism; its most distinctive doctrine holds that the first principle and source of reality transcends being and thought and is naturally unknowable|Neoplatonism was predominant in pagan Europe until the 6th century
neoplatonist	n|an adherent of Neoplatonism|
neopolitan	n|a resident of Naples|
neoprene	n|a synthetic rubber that is resistant to oils and aging; used in waterproof products|
neoromanticism	n|an art movement based on a revival of Romanticism in art and literature|
neosho	n|a river that rises in eastern Kansas and flows eastward into Oklahoma to become a tributary of the Arkansas River|
neosho river	n|a river that rises in eastern Kansas and flows eastward into Oklahoma to become a tributary of the Arkansas River|
neosporin	n|trade name for a topical drug containing several antibacterials; used as an ointment for skin irritations and in the form of eyedrops for minor eye infections|
neostigmine	n|a cholinergic drug (trade name Prostigmin) used to treat some ophthalmic conditions and to treat myasthenia gravis|
neotenic	adj|of or relating to or characterized by neoteny|neotenic development
neotenous	adj|of or relating to or characterized by neoteny|neotenic development
neoteny	n|an evolutionary trend to be born earlier so that development is cut off at an earlier stage and juvenile characteristics are retained in adults of the species|
neotoma	n|packrats|
neotoma cinerea	n|any of several bushy-tailed rodents of the genus Neotoma of western North America; hoards food and other objects|
neotoma fuscipes	n|host to Lyme disease tick (Ixodes pacificus) in northern California|
neotony	n|the state resulting when juvenile characteristics are retained by the adults of a species|
nepa	n|type genus of the Nepidae: typical elongate-oval water scorpions|
nepal	n|a small landlocked Asian country high in the Himalayas between India and China|
nepal trumpet flower	n|evergreen woody twiner with large glossy leaves and showy corymbs of fragrant white trumpet-shaped flowers|
nepalese	adj|of or pertaining to or characteristic of Nepal or its people or language or culture|Nepalese troops massed at the border	n|a native or inhabitant of Nepal|
nepalese monetary unit	n|monetary unit in Nepal|
nepalese rupee	n|the basic unit of money in Nepal; equal to 100 paisa|
nepali	adj|of or pertaining to or characteristic of Nepal or its people or language or culture|Nepalese troops massed at the border	n|a native or inhabitant of Nepal|	n|the official state language of Nepal|
nepenthaceae	n|coextensive with the genus Nepenthes|
nepenthes	n|pitcher plants|
nepeta	n|catmint|
nepeta cataria	n|hairy aromatic perennial herb having whorls of small white purple-spotted flowers in a terminal spike; used in the past as a domestic remedy; strongly attractive to cats|
nepeta hederaceae	n|trailing European aromatic plant of the mint family having rounded leaves and small purplish flowers often grown in hanging baskets; naturalized in North America; sometimes placed in genus Nepeta|
nepheline	n|a whitish mineral consisting of sodium aluminum silicate or potassium aluminum silicate in crystalline form; used in the manufacture of ceramics and enamels|
nephelinite	n|an igneous rock consisting of nepheline and pyroxene|
nephelite	n|a whitish mineral consisting of sodium aluminum silicate or potassium aluminum silicate in crystalline form; used in the manufacture of ceramics and enamels|
nephelium	n|a genus of dicotyledonous trees of the family Sapindaceae that are native to Asia and Australia|
nephelium lappaceum	n|Malayan tree bearing spiny red fruit|
nephelium litchi	n|Chinese tree cultivated especially in Philippines and India for its edible fruit; sometimes placed in genus Nephelium|
nephelium longana	n|tree of southeastern Asia to Australia grown primarily for its sweet edible fruit resembling litchi nuts; sometimes placed in genera Euphorbia or Nephelium|
nephelium mutabile	n|East Indian fruit tree bearing fruit similar to but sweeter than that of the rambutan|
nephew	n|a son of your brother or sister|
nephology	n|the branch of meteorology that studies clouds and cloud formation|
nephoscope	n|a measuring instrument that uses a grid for measuring the altitude, direction, and velocity of movement of clouds|
nephralgia	n|pain in the kidney (usually felt in the loins)|
nephrectomy	n|surgical removal of a kidney|
nephrite	n|an amphibole mineral consisting of calcium magnesium silicate in monoclinic crystalline form; a source of jade that is less valuable than from jadeite; once believed to cure kidney disorders|
nephritic	adj|affected by nephritis|	adj|of or relating to the kidneys|
nephritis	n|an inflammation of the kidney|
nephroangiosclerosis	n|kidney disease that is usually associated with hypertension; sclerosis of the renal arterioles reduces blood flow that can lead to kidney failure and heart failure|
nephroblastoma	n|malignant renal tumor of young children characterized by hypertension and blood in the urine and the presence of a palpable mass|
nephrocalcinosis	n|renal lithiasis in which calcium deposits form in the renal parenchyma and result in reduced kidney function and blood in the urine|
nephrogenic diabetes insipidus	n|diabetes insipidus caused by a failure of the kidney to respond to normal levels of vasopressin|
nephrolepis	n|small genus of tropical ferns; sometimes placed in Polypodiaceae|
nephrolepis exaltata	n|a sword fern with arching or drooping pinnate fronds; a popular houseplant|
nephrolepis exaltata bostoniensis	n|a sword fern with arching or drooping pinnate fronds; a popular houseplant|
nephrolith	n|a calculus formed in the kidney|
nephrolithiasis	n|the presence of kidney stones (calculi) in the kidney|
nephrology	n|the branch of medicine concerned with the kidney - its development and anatomy and physiology and disorders|
nephron	n|any of the small tubules that are the excretory units of the vertebrate kidney|
nephropathy	n|a disease affecting the kidneys|
nephrops	n|a genus of Nephropsidae|
nephropsidae	n|in some classifications coextensive with the Homaridae|
nephroptosia	n|prolapse of the kidney|
nephroptosis	n|prolapse of the kidney|
nephrosclerosis	n|kidney disease that is usually associated with hypertension; sclerosis of the renal arterioles reduces blood flow that can lead to kidney failure and heart failure|
nephrosis	n|a syndrome characterized by edema and large amounts of protein in the urine and usually increased blood cholesterol; usually associated with glomerulonephritis or with a complication of various systemic diseases|	n|a disease affecting the kidneys|
nephrotic syndrome	n|a syndrome characterized by edema and large amounts of protein in the urine and usually increased blood cholesterol; usually associated with glomerulonephritis or with a complication of various systemic diseases|
nephrotomy	n|incision into a kidney (usually to remove a kidney stone)|
nephrotoxic	adj|toxic to the kidney|
nephrotoxin	n|any toxin that affects the kidneys|
nephthys	n|Egyptian goddess associated with ritual of the dead; sister of Geb and Nut; wife of Set|
nephthytis	n|any plant of the genus Nephthytis|
nephthytis afzelii	n|tropical rhizomatous plant cultivated as an ornamental for its large sagittate leaves|
nepidae	n|water scorpions|
nepotism	n|favoritism shown to relatives or close friends by those in power (as by giving them jobs)|
nepotist	n|a powerful person who shows favoritism to relatives or close friends|
neptune	n|(Roman mythology) god of the sea; counterpart of Greek Poseidon|	n|a giant planet with a ring of ice particles; the 8th planet from the sun is the most remote of the gas giants|the existence of Neptune was predicted from perturbations in the orbit of Uranus and it was then identified in 1846
neptunium	n|a radioactive transuranic metallic element; found in trace amounts in uranium ores; a by-product of the production of plutonium|
nerd	n|an insignificant student who is ridiculed as being affected or boringly studious|	n|an intelligent but single-minded expert in a particular technical field or profession|
nereid	n|(Greek mythology) any of the 50 sea nymphs who were daughters of the sea god Nereus|
nereus	n|(Greek mythology) a sea god son of Pontus and Gaea; lived in the depths of the sea with his wife Doris and their daughters the Nereids|
nergal	n|(Akkadian) god ruling with his consort Ereshkigal the world of the dead|
nerita	n|a neritid gastropod having a short smooth or spirally ridged shell with thick usually toothed outer lip and toothed operculum|
nerita peloronta	n|gastropod having reddish toothlike projections around the shell opening; of the Caribbean area|
neritic	adj|of or relating to the region of the sea over the continental shelf which is less than 200 meters deep|neritic fauna	adj|relating to the region of shallow water adjoining the seacoast|neritic fauna
neritic zone	n|the ocean waters from the low tide mark to a depth of about 100 fathoms|
neritid	n|operculate seasnail of coastal waters with a short spiral shell|
neritid gastropod	n|operculate seasnail of coastal waters with a short spiral shell|
neritidae	n|neritids|
neritina	n|ornately marked and brightly colored snails of brackish waters|
nerium	n|one species: oleander|
nerium oleander	n|an ornamental but poisonous flowering shrub having narrow evergreen leaves and clusters of fragrant white to pink or red flowers: native to East Indies but widely cultivated in warm regions|
nernst	n|German physicist and chemist who formulated the third law of thermodynamics (1864-1941)|
nero	n|Roman Emperor notorious for his monstrous vice and fantastic luxury (was said to have started a fire that destroyed much of Rome in 64) but the Roman Empire remained prosperous during his rule (37-68)|
nero claudius caesar drusus germanicus	n|Roman Emperor notorious for his monstrous vice and fantastic luxury (was said to have started a fire that destroyed much of Rome in 64) but the Roman Empire remained prosperous during his rule (37-68)|
nero's crown	n|tropical shrub having glossy foliage and fragrant nocturnal flowers with crimped or wavy corollas; northern India to Thailand|
neroli oil	n|an odoriferous yellow oil found in orange flowers and used in perfumery and as a flavoring|
nerthus	n|the Teutonic goddess of fertility; later identified with Norse Njord|
neruda	n|Chilean poet (1904-1973)|
nerva	n|Emperor of Rome who introduced a degree of freedom after the repressive reign of Domitian; adopted Trajan as his successor (30-98)|
nerve	n|any bundle of nerve fibers running to various organs and tissues of the body|	n|the courage to carry on|he kept fighting on pure spunk	n|impudent aggressiveness|I couldn't believe her boldness	v|get ready for something difficult or unpleasant|
nerve agent	n|a toxic gas that is inhaled or absorbed through the skin and has harmful effects on the nervous and respiratory system|
nerve block anaesthesia	n|anesthesia of an area supplied by a nerve; produced by an anesthetic agent applied to the nerve|
nerve block anesthesia	n|anesthesia of an area supplied by a nerve; produced by an anesthetic agent applied to the nerve|
nerve cell	n|a cell that is specialized to conduct nerve impulses|
nerve center	n|a center that provides information and control|the nerve center of the diamond industry is in Amsterdam	n|a cluster of nerve cells governing a specific bodily process|in most people the speech center is in the left hemisphere
nerve centre	n|a center that provides information and control|the nerve center of the diamond industry is in Amsterdam	n|a cluster of nerve cells governing a specific bodily process|in most people the speech center is in the left hemisphere
nerve compression	n|harmful pressure on a nerve (especially in nerves that pass over rigid prominences); causes nerve damage and muscle weakness|
nerve deafness	n|hearing loss due to failure of the auditory nerve|
nerve end	n|the terminal structure of an axon that does not end at a synapse|
nerve ending	n|the terminal structure of an axon that does not end at a synapse|
nerve entrapment	n|repeated and long-term nerve compression (usually in nerves near joints that are subject to inflammation or swelling)|
nerve fiber	n|a threadlike extension of a nerve cell|
nerve fibre	n|a threadlike extension of a nerve cell|
nerve gas	n|a toxic gas that is inhaled or absorbed through the skin and has harmful effects on the nervous and respiratory system|
nerve growth factor	n|a protein that is involved in the growth of peripheral nerve cells|
nerve impulse	n|the electrical discharge that travels along a nerve fiber|they demonstrated the transmission of impulses from the cortex to the hypothalamus
nerve pathway	n|a bundle of myelinated nerve fibers following a path through the brain|
nerve plexus	n|a network of intersecting nerves|
nerve tissue	n|tissue composed of neurons|
nerve tract	n|a bundle of myelinated nerve fibers following a path through the brain|
nerve-racking	adj|extremely irritating to the nerves|nerve-racking noise
nerve-wracking	adj|extremely irritating to the nerves|nerve-racking noise
nerveless	adj|marked by calm self-control (especially in trying circumstances); unemotional|play it cool	adj|lacking strength|a weak, nerveless fool, devoid of energy and promptitude"- Nathaniel Hawthorne
nervelessly	adv|in a composed and unconcerned manner|without more ado Barker borrowed a knife from his brigade Major and honed it on a carborundum stone as coolly as a butcher
nervelessness	n|fearless self-possession in the face of danger|
nerveroot	n|once common rose pink woodland orchid of eastern North America|
nerves	n|an uneasy psychological state|he suffered an attack of nerves	n|control of your emotions|this kind of tension is not good for my nerves
nervi	n|Italian architect who pioneered in the use of reinforced concrete (1891-1979)|
nervii olfactorii	n|a collective term for numerous olfactory filaments in the nasal mucosa|
nervily	adv|in a brash cheeky manner|brashly, she asked for a rebate
nervous	adj|easily agitated|a nervous addict	adj|causing or fraught with or showing anxiety|spent an anxious night waiting for the test results	adj|of or relating to the nervous system|nervous disease	adj|excited in anticipation|
nervous breakdown	n|a severe or incapacitating emotional disorder|
nervous disorder	n|a disorder of the nervous system|
nervous exhaustion	n|an emotional disorder that leaves you exhausted and unable to work|
nervous impulse	n|the electrical discharge that travels along a nerve fiber|they demonstrated the transmission of impulses from the cortex to the hypothalamus
nervous prostration	n|an emotional disorder that leaves you exhausted and unable to work|
nervous strain	n|(psychology) nervousness resulting from mental stress|his responsibilities were a constant strain
nervous system	n|the sensory and control apparatus consisting of a network of nerve cells|
nervous tissue	n|tissue composed of neurons|
nervously	adv|in an anxiously nervous manner|we watched the stock market nervously	adv|with nervous excitement|our bodies jumped nervously away at the slightest touch
nervousness	n|the anxious feeling you have when you have the jitters|	n|an uneasy psychological state|he suffered an attack of nerves	n|a sensitive or highly strung temperament|
nervure	n|any of the vascular bundles or ribs that form the branching framework of conducting and supporting tissues in a leaf or other plant organ|	n|one of the horny ribs that stiffen and support the wing of an insect|
nervus	n|any bundle of nerve fibers running to various organs and tissues of the body|
nervus abducens	n|a small motor nerve supplying the lateral rectus muscle of the eye|
nervus accessorius	n|arises from two sets of roots (cranial and spinal) that unite to form the nerve|
nervus coccygeus	n|the lowest pair of spinal nerves|
nervus facialis	n|cranial nerve that supplies facial muscles|
nervus femoralis	n|one of a pair of nerves that originate from lumbar nerves and supply the muscles and skin of the anterior part of the thigh|
nervus glossopharyngeus	n|sensory nerve to the pharynx and back of the tongue; motor fibers innervate muscles that elevate the pharynx and larynx; includes parasympathetic fibers to the otic ganglion|
nervus hypoglosus	n|supplies intrinsic muscles of the tongue and other tongue muscles|
nervus ischiadicus	n|arises from the sacral plexus and passes about halfway down the thigh where it divides into the common peroneal and tibial nerves|
nervus oculomotorius	n|supplies extrinsic muscles of the eye|
nervus opticus	n|the cranial nerve that serves the retina|
nervus phrenicus	n|one of a pair of nerves that arises from cervical spinal roots and passes down the thorax to innervate the diaphragm and control breathing|
nervus radialis	n|largest branch of the brachial plexus; extends down the humerus to the lateral epicondyle where it divides into one branch that goes to the skin on the back of the hand and another that goes to the underlying extensor muscles|
nervus saphenus	n|a branch of the femoral nerve that supplies cutaneous branches to the inner aspect of the leg and foot|
nervus spinalis	n|any of the 31 pairs of nerves emerging from each side of the spinal cord (each attached to the cord by two roots: ventral and dorsal)|
nervus trigeminus	n|the main sensory nerve of the face and motor nerve for the muscles of mastication|
nervus ulnaris	n|a nerve running along the inner side of the arm and passing near the elbow; supplies intrinsic muscles of the hand and the skin of the medial side of the hand|
nervus vagus	n|a mixed nerve that supplies the pharynx and larynx and lungs and heart and esophagus and stomach and most of the abdominal viscera|
nervus vestibulocochlearis	n|a composite sensory nerve supplying the hair cells of the vestibular organ and the hair cells of the cochlea|
nervy	adj|being in a tense state|	adj|showing or requiring courage and contempt of danger|the nervy feats of mountaineers	adj|offensively bold|a brash newcomer disputed the age-old rules for admission to the club
nescience	n|ignorance (especially of orthodox beliefs)|
nescient	adj|holding that only material phenomena can be known and knowledge of spiritual matters or ultimate causes is impossible|	adj|uneducated in general; lacking knowledge or sophistication|an ignorant man
nesokia	n|bandicoot rats|
ness	n|a strip of land projecting into a body of water|
nesselrode	n|a rich frozen pudding made of chopped chestnuts and maraschino cherries and candied fruits and liqueur or rum|
nesselrode pudding	n|a rich frozen pudding made of chopped chestnuts and maraschino cherries and candied fruits and liqueur or rum|
nessie	n|a large aquatic animal supposed to resemble a serpent or plesiosaur of Loch Ness in Scotland|
nest	n|a structure in which animals lay eggs or give birth to their young|	n|a kind of gun emplacement|a machine-gun nest	n|a cosy or secluded retreat|	n|a gang of people (criminals or spies or terrorists) assembled in one locality|a nest of thieves
nest egg	n|a fund of money put by as a reserve|	n|device consisting of an artificial egg left in a nest to induce hens to lay their eggs in it|
nester	n|someone who settles lawfully on government land with the intent to acquire title to it|	n|a bird that has built (or is building) a nest|
nesting place	n|a place suitable for nesting|
nestle	v|move or arrange oneself in a comfortable and cozy position|We cuddled against each other to keep warm	v|lie in a sheltered position|The little cottage nestles in the forest	v|position comfortably|The baby nestled her head in her mother's elbow	n|a close and affectionate (and often prolonged) embrace|
nestled	adj|drawn or pressed close to someone or something for or as if for affection or protection|saw a number of small houses nestled against the hillside
nestling	n|young bird not yet fledged|	n|a young person of either sex|she writes books for children
nestor	n|(Greek mythology) a wise old counselor to the Greeks at Troy|	n|a genus of Psittacidae|
nestor notabilis	n|large brownish-green New Zealand parrot|
nestor paz zamora commission	n|a terrorist organization in Bolivia that acts as an umbrella for numerous small indigenous subversive groups; a revival of a group with Marxist-Leninist ideologies originally established by Che Guevara in the 1960s|
nestorian	adj|relating to Nestorius or Nestorianism|	n|a follower of Nestorius|
nestorian church	n|a Christian Church in the Middle East that followed Nestorianism; there is still a small Nestorian Church in Iraq|
nestorianism	n|the theological doctrine (named after Nestorius) that Christ is both the son of God and the man Jesus (which is opposed to Roman Catholic doctrine that Christ is fully God)|
nestorius	n|Syrian who was a Christian bishop and Patriarch of Constantinople in the early fifth century; one of the major heresies concerning the doctrine of the hypostasis of Christ was named after him (died in 451)|
net	adj|remaining after all deductions|net profit	adj|conclusive in a process or progression|the final answer	n|a computer network consisting of a worldwide network of computer networks that use the TCP/IP network protocols to facilitate data transmission and exchange|	n|a trap made of netting to catch fish or birds or insects|
net ball	n|a serve that strikes the net before falling into the receiver's court; the ball must be served again|
net estate	n|the estate remaining after debts and funeral expenses and administrative expenses have been deducted from the gross estate; the estate then left to be distributed (and subject to federal and state inheritance taxes)|
net fish	v|fish with nets|
net income	n|the excess of revenues over outlays in a given period of time (including depreciation and other non-cash expenses)|
net melon	n|a muskmelon vine with fruit that has a thin reticulated rind and sweet green flesh|	n|the fruit of a variety of muskmelon vine; a melon with netlike markings and deep green flesh|
net profit	n|the excess of revenues over outlays in a given period of time (including depreciation and other non-cash expenses)|
net sales	n|gross sales reduced by customer discounts, returns, freight out, and allowances|
netball	n|a team game that resembles basketball; a soccer ball is to be thrown so that it passes through a ring on the top of a post|
nether	adj|lower|gnawed his nether lip	adj|dwelling beneath the surface of the earth|nether regions	adj|located below or beneath something else|nether garments
nether region	n|(Christianity) the abode of Satan and the forces of evil; where sinners suffer eternal punishment|Hurl'd headlong...To bottomless perdition, there to dwell"- John Milton
netherlander	n|a native or inhabitant of Holland|
netherlands	n|a constitutional monarchy in western Europe on the North Sea; half the country lies below sea level|
netherlands antilles	n|a group of islands in the Lesser Antilles just to the north of Venezuela that are administered by The Netherlands|
netherlands guiana	n|a republic in northeastern South America on the Atlantic; achieved independence from the Netherlands in 1975|
nethermost	adj|farthest down|bottommost shelf
netherworld	n|(religion) the world of the dead|No one goes to Hades with all his immense wealth"-Theognis
netkeeper	n|the soccer or hockey player assigned to protect the goal|	n|the defensive position on an ice hockey or soccer or lacrosse team who stands in front of the goal and tries to prevent opposing players from scoring|
netlike	adj|having open interstices or resembling a web|
netmail	v|communicate electronically on the computer|she e-mailed me the good news
netminder	n|the soccer or hockey player assigned to protect the goal|
netscape	n|a commercial browser|
nett	adj|remaining after all deductions|net profit	v|catch with a net|net a fish
netted	adj|having open interstices or resembling a web|
netted melon	n|a muskmelon vine with fruit that has a thin reticulated rind and sweet green flesh|	n|the fruit of a variety of muskmelon vine; a melon with netlike markings and deep green flesh|
netting	n|a net of transparent fabric with a loose open weave|	n|creating nets|
nettle	n|any of numerous plants having stinging hairs that cause skin irritation on contact (especially of the genus Urtica or family Urticaceae)|	v|sting with or as with nettles and cause a stinging pain or sensation|	v|cause annoyance in; disturb, especially by minor irritations|Mosquitoes buzzing in my ear really bothers me
nettle family	n|a family of plants of order Urticales including many nettles with stinging hairs|
nettle rash	n|an itchy skin eruption characterized by weals with pale interiors and well-defined red margins; usually the result of an allergic response to insect bites or food or drugs|
nettle tree	n|any of various trees of the genus Celtis having inconspicuous flowers and small berrylike fruits|
nettle-leaved bellflower	n|European bellflower with blue-purple to lilac flowers formerly used to treat sore throat|
nettled	adj|aroused to impatience or anger|made an irritated gesture
nettlesome	adj|causing irritation or annoyance|tapping an annoying rhythm on his glass with his fork	adj|easily irritated or annoyed|an incorrigibly fractious young man
network	n|an interconnected system of things or people|he owned a network of shops	n|(broadcasting) a communication system consisting of a group of broadcasting stations that all transmit the same programs|the networks compete to broadcast important sports events	n|an open fabric of string or rope or wire woven together at regular intervals|	n|a system of intersecting lines or channels|a railroad network
network architecture	n|specification of design principles (including data formats and procedures) for creating a network configuration of data processors|
network army	n|a group of like-minded people united by the internet; a new kind of social or political of business group that may exert broad influence on a shared concern|a network army of software programmers contribute free software to those who want it
network programming	n|the schedule of programs to be broadcast on a network|
network topology	n|the configuration of a communication network|
networklike	adj|having a network of veins or ribs|
neural	adj|of or relating to the nervous system|nervous disease	adj|of or relating to neurons|neural network
neural arch	n|a structure arising dorsally from a vertebral centrum and enclosing the spinal cord|
neural impulse	n|the electrical discharge that travels along a nerve fiber|they demonstrated the transmission of impulses from the cortex to the hypothalamus
neural net	n|computer architecture in which processors are connected in a manner suggestive of connections between neurons; can learn by trial and error|	n|any network of neurons or nuclei that function together to perform some function in the body|
neural network	n|computer architecture in which processors are connected in a manner suggestive of connections between neurons; can learn by trial and error|	n|any network of neurons or nuclei that function together to perform some function in the body|
neural structure	n|a structure that is part of the nervous system|
neural tube	n|a tube of ectodermal tissue in the embryo from which the brain and spinal cord develop|
neuralgia	n|acute spasmodic pain along the course of one or more nerves|
neuralgic	adj|of or relating to or suffering from neuralgia|neuralgic pains
neuralgy	n|acute spasmodic pain along the course of one or more nerves|
neurasthenia	n|nervous breakdown (not in technical use)|
neurasthenic	adj|of or relating to or suffering from neurasthenia|neurasthenic tendencies	n|a person suffering a nervous breakdown|
neurectomy	n|surgical removal of all or part of a nerve|
neurilemma	n|thin membranous sheath around a nerve fiber|
neurilemoma	n|tumor of the fibrous covering of a peripheral nerve|
neurinoma	n|tumor (usually benign) of the sheath surrounding a nerve|
neuritis	n|inflammation of a nerve accompanied by pain and sometimes loss of function|
neuro-marketing	n|marketing based on studies of  consumers' sensorimotor, cognitive, and affective responses|
neuroanatomic	adj|of or relating to neural tissue or the nervous system|
neuroanatomical	adj|of or relating to neural tissue or the nervous system|
neuroanatomy	n|the anatomy of the nervous system|
neurobiological	adj|of or relating to the biological study of the nervous system|	adv|with respect to neurobiology|explain the phenomenon neurobiologically
neurobiologist	n|a specialist in neurobiology|
neurobiology	n|the branch of biology that deals with the anatomy and physiology and pathology of the nervous system|
neuroblast	n|a cell from which a nerve cell develops|
neuroblastoma	n|malignant tumor containing embryonic nerve cells; usually metastasizes quickly|
neurochemical	n|any organic substance that occurs in neural activity|
neurodermatitis	n|dermatitis in which localized areas (especially the forearms or back of the neck or outer part of the ankle) itch persistently; cause is unknown|
neuroendocrine	adj|of or relating to the nervous and endocrine systems (especially as they function together)|
neuroepithelioma	n|malignant tumor of the neuroepithelium|
neuroepithelium	n|epithelium associated with special sense organs and containing sensory nerve endings|
neuroethics	n|the study of ethical implications of treatments for neurological diseases|
neurofibroma	n|tumor of the fibrous covering of a peripheral nerve|
neurofibromatosis	n|autosomal dominant disease characterized by numerous neurofibromas and by spots on the skin and often by developmental abnormalities|
neurogenesis	n|the development of nerve tissues|
neurogenic	adj|arising in or stimulated by nerve tissues|
neurogenic bladder	n|a urinary bladder disorder caused by a lesion in the nervous system|
neuroglia	n|sustentacular tissue that surrounds and supports neurons in the central nervous system; glial and neural cells together compose the tissue of the central nervous system|
neurogliacyte	n|a cell of the neuroglia|
neuroglial	adj|relating to or consisting of neuroglia|neuroglial tissue
neuroglial cell	n|a cell of the neuroglia|
neurohormone	n|a hormone that is released by nerve impulses (e.g., norepinephrine or vasopressin)|
neurohypophysis	n|the posterior lobe of the pituitary body; primarily glandular in nature|
neurolemma	n|thin membranous sheath around a nerve fiber|
neuroleptic	n|tranquilizer used to treat psychotic conditions when a calming effect is desired|
neuroleptic agent	n|tranquilizer used to treat psychotic conditions when a calming effect is desired|
neuroleptic drug	n|tranquilizer used to treat psychotic conditions when a calming effect is desired|
neurolinguist	n|someone trained in neuroscience and linguistics who studies brain processes during language production and reception|
neurolinguistics	n|the branch of linguistics that studies the relation between language and the structure and function of the nervous system|
neurologic	adj|of or relating to or used in or practicing neurology|neurological evidence
neurological	adj|of or relating to or used in or practicing neurology|neurological evidence
neurological disease	n|a disorder of the nervous system|
neurological disorder	n|a disorder of the nervous system|
neurologist	n|a medical specialist in the nervous system and the disorders affecting it|
neurology	n|the branch of medical science that deals with the nervous system|	n|(neurology) the branch of medicine that deals with the nervous system and its disorders|
neurolysin	n|any toxin that affects neural tissues|
neuroma	n|any tumor derived from cells of the nervous system|
neuromarketing	n|marketing based on studies of  consumers' sensorimotor, cognitive, and affective responses|
neuromatous	adj|of or relating to or caused by neuromas|
neuromotor	adj|relating to a nerve fiber or impulse passing toward motor effectors|neuromotor impulses
neuromuscular	adj|affecting or characteristic of both neural and muscular tissue|
neuromuscular blocking agent	n|a substance that interferes with the neural transmission between motor neurons and skeletal muscles|
neuromuscular junction	n|the junction between a nerve fiber and the muscle it supplies|
neuron	n|a cell that is specialized to conduct nerve impulses|
neuronal	adj|of or relating to neurons|neural network
neuronic	adj|of or relating to neurons|neural network
neurontin	n|an anticonvulsant (trade name Neurontin) used to control some types of seizures in the treatment of epilepsy; also used to manage neuralgia caused by shingles|
neuropathy	n|any pathology of the peripheral nerves|
neurophysiological	adj|of or concerned with neurophysiology|
neurophysiology	n|the branch of neuroscience that studies the physiology of the nervous system|
neuropil	n|the complex network of unmyelinated axones, dendrites, and glial branches that form the bulk of the central nervous system's grey matter and in which nerve cell bodies are embedded|
neuropile	n|the complex network of unmyelinated axones, dendrites, and glial branches that form the bulk of the central nervous system's grey matter and in which nerve cell bodies are embedded|
neuroplasty	n|plastic surgery of the nerves|
neuropsychiatric	adj|of or relating to neuropsychiatry|
neuropsychiatry	n|the branch of medicine dealing with mental disorders attributable to diseases of the nervous system|
neuropsychological	adj|of or concerned with neuropsychology|
neuropsychology	n|the branch of psychology that is concerned with the physiological bases of psychological processes|
neuroptera	n|an order of insects including: lacewings; antlions; dobsonflies; alderflies; fish flies; mantispids; spongeflies|
neuropteran	n|insect having biting mouthparts and four large membranous wings with netlike veins|
neuropteron	n|insect having biting mouthparts and four large membranous wings with netlike veins|
neuropterous insect	n|insect having biting mouthparts and four large membranous wings with netlike veins|
neurosarcoma	n|a malignant neoplasm of nerve tissue and fibrous tissue and connective tissue|
neuroscience	n|the scientific study of the nervous system|
neuroscientist	n|a neurobiologist who specializes in the study of the brain|
neurosis	n|a mental or personality disturbance not attributable to any known neurological or organic dysfunction|
neurospora	n|genus of fungi with black perithecia used extensively in genetic research; includes some forms with orange spore masses that cause severe damage in bakeries|
neurosurgeon	n|someone who does surgery on the nervous system (especially the brain)|
neurosurgery	n|any surgery that involves the nervous system (brain or spinal cord or peripheral nerves)|
neurosyphilis	n|syphilis of the central nervous system|
neurotic	adj|characteristic of or affected by neurosis|neurotic disorder	adj|affected with emotional disorder|	n|a person suffering from neurosis|
neurotic depression	n|a term used for any state of depression that is not psychotic|
neurotically	adv|in a neurotic manner|they are finely, not to say neurotically adjusted
neuroticism	n|a mental or personality disturbance not attributable to any known neurological or organic dysfunction|
neurotoxic	adj|poisonous to nerves or nerve cells|
neurotoxin	n|any toxin that affects neural tissues|
neurotransmitter	n|a neurochemical that transmits nerve impulses across a synapse|
neurotrichus	n|shrew moles|
neurotropic	adj|(of a virus, toxin, or chemical) tending to attack or affect the nervous system preferentially|
neurotropism	n|an affinity for neural tissues|
neuter	n|a gender that refers chiefly (but not exclusively) to inanimate objects (neither masculine nor feminine)|	adj|of grammatical gender|`it' is the third-person singular neuter pronoun	adj|having no or imperfectly developed or nonfunctional sex organs|	v|remove the ovaries of|Is your cat spayed?
neutered	adj|having testicles or ovaries removed|
neutering	n|the sterilization of an animal|they took him to the vet for neutering
neutral	adj|having no personal preference|impersonal criticism	adj|having only a limited ability to react chemically; chemically inactive|inert matter	adj|not supporting or favoring either side in a war, dispute, or contest|	adj|possessing no distinctive quality or characteristics|
neutral spirits	n|nonflavored alcohol of 95 percent or 190 proof used for blending with straight whiskies and in making gin and liqueurs|
neutral-colored	adj|having a color that does not attract attention|
neutral-coloured	adj|having a color that does not attract attention|
neutralisation	n|a chemical reaction in which an acid and a base interact with the formation of a salt; with strong acids and bases the essential reaction is the combination of hydrogen ions with hydroxyl ions to form water|	n|(euphemism) the removal of a threat by killing or destroying it (especially in a covert operation or military operation)|	n|action intended to keep a country politically neutral or exclude it from a possible war|the neutralization of Belgium	n|action intended to nullify the effects of some previous action|
neutralisation reaction	n|a chemical reaction in which an acid and a base interact with the formation of a salt; with strong acids and bases the essential reaction is the combination of hydrogen ions with hydroxyl ions to form water|
neutralise	v|get rid of (someone who may be a threat) by killing|The mafia liquidated the informer	v|make incapable of military action|	v|make ineffective by counterbalancing the effect of|Her optimism neutralizes his gloom	v|make chemically neutral|She neutralized the solution
neutralised	adj|made neutral in some respect; deprived of distinctive characteristics|
neutralism	n|a policy of neutrality or nonalignment in international affairs|
neutralist	n|an advocate of neutrality in international affairs|
neutrality	n|nonparticipation in a dispute or war|	n|tolerance attributable to a lack of involvement|	n|pH value of 7|
neutralization	n|action intended to keep a country politically neutral or exclude it from a possible war|the neutralization of Belgium	n|a chemical reaction in which an acid and a base interact with the formation of a salt; with strong acids and bases the essential reaction is the combination of hydrogen ions with hydroxyl ions to form water|	n|(euphemism) the removal of a threat by killing or destroying it (especially in a covert operation or military operation)|	n|action intended to nullify the effects of some previous action|
neutralization fire	n|fire that is delivered in order to render the target ineffective or unusable|
neutralization reaction	n|a chemical reaction in which an acid and a base interact with the formation of a salt; with strong acids and bases the essential reaction is the combination of hydrogen ions with hydroxyl ions to form water|
neutralize	v|make politically neutral and thus inoffensive|The treaty neutralized the small republic	v|make ineffective by counterbalancing the effect of|Her optimism neutralizes his gloom	v|oppose and mitigate the effects of by contrary actions|This will counteract the foolish actions of my colleagues	v|get rid of (someone who may be a threat) by killing|The mafia liquidated the informer
neutralized	adj|made neutral in some respect; deprived of distinctive characteristics|
neutrino	n|an elementary, electrically neutral particle with a very small mass|
neutron	n|an elementary particle with 0 charge and mass about equal to a proton; enters into the structure of the atomic nucleus|
neutron bomb	n|atom bomb that produces lethal neutrons with less blast|
neutron flux	n|the rate of flow of neutrons; the number of neutrons passing through a unit area in unit time|
neutron radiation	n|radiation of neutrons (as by a neutron bomb)|
neutron star	n|a star that has collapsed under its own gravity; it is composed of neutrons|
neutropenia	n|leukopenia in which the decrease is primarily in number of neutrophils (the chief phagocytic leukocyte)|
neutrophil	n|the chief phagocytic leukocyte; stains with either basic or acid dyes|
neutrophile	n|the chief phagocytic leukocyte; stains with either basic or acid dyes|
neva	n|a river in northwestern Russia flowing generally west into the Gulf of Finland|
neva river	n|a river in northwestern Russia flowing generally west into the Gulf of Finland|
nevadan	n|a native or resident of Nevada|
nevado de colima	n|an active volcano in southwestern Mexico|
neve	n|the upper part of a glacier (beyond the limit of perpetual snow) where the snow turns to ice|
never	adv|not ever; at no time in the past or future|I have never been to China	adv|not at all; certainly not; not in any circumstances|never fear
never again	adv|at no time hereafter|Quoth the raven, nevermore!" -E.A.Poe
never-ending	adj|uninterrupted in time and indefinitely long continuing|the ceaseless thunder of surf
never-never	n|installment plan|we bought a car on the never-never	n|the remote outback of Australia; unpopulated desert country|
never-never land	n|a pleasing country existing only in dreams or imagination|
never-say-die	adj|impossible to subdue|
nevermore	adv|at no time hereafter|Quoth the raven, nevermore!" -E.A.Poe
nevertheless	adv|despite anything to the contrary (usually preceding a concession)|although I'm a little afraid, however I'd like to try it
nevil shute	n|English novelist who settled in Australia after World War II (1899-1960)|
nevil shute norway	n|English novelist who settled in Australia after World War II (1899-1960)|
neville chamberlain	n|British statesman who as Prime Minister pursued a policy of appeasement toward fascist Germany (1869-1940)|
nevirapine	n|a non-nucleoside reverse transcriptase inhibitor (trade name Viramune) used to treat AIDS and HIV|
nevis	n|one of the islands of Saint Christopher-Nevis|
nevoid elephantiasis	n|thickening of the skin (usually unilateral on an extremity) caused by congenital enlargement of lymph vessel and lymph vessel obstruction|
nevus	n|a blemish on the skin that is formed before birth|
nevus flammeus	n|a flat birthmark varying from pink to purple|
new	adj|not of long duration; having just (or relatively recently) come into being or been made or acquired or discovered|a new law	adj|original and of a kind not seen before|the computer produced a completely novel proof of a well-known theorem	adj|lacking training or experience|the new men were eager to fight	adj|having no previous example or precedent or parallel|a time of unexampled prosperity
new amsterdam	n|a settlement established by the Dutch near the mouth of Hudson River and the southern end of Manhattan Island; annexed by the English in 1664 and renamed New York|
new ballgame	n|a particular situation that is radically different from the preceding situation|HDTV looks the same but it's really a whole new ballgame
new britain	n|the largest island in the Bismarck Archipelago; part of Papua New Guinea|
new brunswick	n|a university town in central New Jersey|	n|a province in southeastern Canada|
new caledonia	n|an island to the to the east of Australia and to the north of New Zealand|
new caledonian	adj|of or relating to New Caledonia|
new caledonian pine	n|very tall evergreen of New Caledonia and the New Hebrides similar to norfolk island pine|
new caledonian yew	n|large yew native to New Caledonia; cultivated in eastern Australia and New Zealand and Hawaii|
new criticism	n|literary criticism based on close analysis of the text|
new deal	n|the economic policy of F. D. Roosevelt|	n|a reapportioning of something|
new delhi	n|a city in north central India|
new edition	n|a publication (such as a book) that has been modified or updated and offered again for sale|
new england aster	n|common perennial of eastern North America having showy purplish flowers; a parent of the Michaelmas daisy|
new england boiled dinner	n|corned beef simmered with onions and cabbage and usually other vegetables|
new england clam chowder	n|a thick chowder made with clams and potatoes and onions and salt pork and milk|
new english bible	n|a modern English version of the Bible and Apocrypha|
new flower	n|the capital of Ethiopia and the country's largest city; located in central Ethiopia|
new forest	n|an area of woods and heathland in southern Hampshire that was set aside by William I as Crown property in 1079; originally a royal hunting ground but now administered as parkland; noted for its ponies|
new greek	n|the Greek language as spoken and written today|
new guinea	n|a Pacific island to the north of Australia; the 2nd largest island in the world; the western part is governed by Indonesia and the eastern part is Papua New Guinea|
new hampshire	n|a state in New England; one of the original 13 colonies|
new hampshirite	n|a native or resident of New Hampshire|
new haven	n|a city in southwestern Connecticut; site of Yale University|
new hebrides	n|a volcanic island republic in Melanesia; independent since 1980|
new ireland	n|an island in the Bismarck Archipelago; part of Papua New Guinea|
new jazz	n|any of various styles of jazz that appeared after 1940|
new jersey	n|a Mid-Atlantic state on the Atlantic; one of the original 13 colonies|
new jerseyan	n|a native of resident of New Jersey|
new jerseyite	n|a native of resident of New Jersey|
new latin	n|Latin since the Renaissance; used for scientific nomenclature|
new line	n|the operation that prepares for the next character to be printed or displayed as the first character on the next line|
new london	n|a town in southeastern Connecticut near Long Island Sound; an important whaling center in the 19th century|
new look	n|a style of women's clothing created by Christian Dior in 1947; involved a tight bodice and narrow waist and a flowing pleated skirt|
new mexican	n|a native or resident of New Mexico|
new moon	n|the time at which the Moon appears as a narrow waxing crescent|
new netherland	n|a Dutch colony in North America along the Hudson and lower Delaware rivers although the colony centered in New Amsterdam; annexed by the English in 1664|
new norwegian	n|one of two official languages of Norway; based on rural dialects|
new orleans	n|a port and largest city in Louisiana; located in southeastern Louisiana near the mouth of the Mississippi river; a major center for offshore drilling for oil in the Gulf of Mexico; jazz originated here among black musicians in the late 19th century; Mardi Gras is celebrated here each year|
new penny	n|a coin used in Great Britain since 1971 worth one hundredth of a pound|
new phase of the moon	n|the time at which the Moon appears as a narrow waxing crescent|
new river gorge bridge	n|a steel arch bridge across New River at Fayetteville, West Virginia|
new scotland yard	n|the detective department of the metropolitan police force of London|
new siberian islands	n|a group of islands in the Arctic Ocean to the north of Siberia and to the east of the Laptev Sea|
new south wales	n|an Australian state in southeastern Australia|
new stone age	n|latest part of the Stone Age beginning about 10,000 BC in the Middle East (but later elsewhere)|
new testament	n|the collection of books of the Gospels, Acts of the Apostles, the Pauline and other epistles, and Revelation; composed soon after Christ's death; the second half of the Christian Bible|
new town	n|a planned urban community created in a rural or undeveloped area and designed to be self-sufficient with its own housing and education and commerce and recreation|
new wave	n|an art movement in French cinema in the 1960s|	n|any creative group active in the innovation and application of new concepts and techniques in a given field (especially in the arts)|
new waver	n|a film maker who follows New Wave ideas|
new world	n|the hemisphere that includes North America and South America|
new world beaver	n|a variety of beaver found in almost all areas of North America except Florida|
new world blackbird	n|any bird of the family Icteridae whose male is black or predominantly black|
new world chat	n|birds having a chattering call|
new world coral snake	n|any of several venomous New World snakes brilliantly banded in red and black and either yellow or white; widely distributed in South America and Central America|
new world monkey	n|hairy-faced arboreal monkeys having widely separated nostrils and long usually prehensile tails|
new world mouse	n|a variety of rodent|
new world opah	n|from Nova Scotia to West Indies and Gulf of Mexico|
new world porcupine	n|arboreal porcupine|
new world tapir	n|a tapir found in South America and Central America|
new world vulture	n|large birds of prey superficially similar to Old World vultures|
new year	n|the calendar year just begun|
new year's	n|the first day of the year|
new year's day	n|the first day of the year|
new year's eve	n|the last day of the year|
new york	n|a Mid-Atlantic state; one of the original 13 colonies|
new york bay	n|a bay of the North Atlantic; fed by the Hudson River|
new york fern	n|slender shield fern of moist woods of eastern North America; sometimes placed in genus Dryopteris|
new york minute	n|a very short time (as the time it takes the eye to blink or the heart to beat)|if I had the chance I'd do it in a flash
new york state	n|a Mid-Atlantic state; one of the original 13 colonies|
new york state barge canal	n|a system of canals crossing New York State and connecting the Great Lakes with the Hudson River and Lake Champlain|
new york stock exchange	n|a stock exchange in New York|
new york strip	n|steak from upper part of the short loin|
new yorker	n|a native or resident of New York (especially of New York City)|
new zealand	n|an independent country within the British Commonwealth; achieved independence from the United Kingdom in 1907; known for sheep and spectacular scenery|	n|North Island and South Island and adjacent small islands in the South Pacific|
new zealand beech	n|any of several tall New Zealand trees of the genus Nothofagus; some yield useful timber|
new zealand cotton	n|a fiber from the bast of New Zealand ribbon trees that resembles cotton fiber|
new zealand dacryberry	n|New Zealand evergreen valued for its light easily worked wood|
new zealand daisybush	n|bushy New Zealand shrub cultivated for its fragrant white flower heads|
new zealand dollar	n|the basic unit of money in New Zealand|
new zealand honeysuckle	n|slender elegant tree of New Zealand having racemes of red flowers and yielding valuable mottled red timber|
new zealand islands	n|North Island and South Island and adjacent small islands in the South Pacific|
new zealand mountain pine	n|New Zealand shrub|
new zealand spinach	n|coarse sprawling Australasian plant with red or yellow flowers; cultivated for its edible young shoots and succulent leaves|
new zealand white pine	n|New Zealand evergreen valued for its light easily worked wood|
new zealand wine berry	n|graceful deciduous shrub or small tree having attractive foliage and small red berries that turn black at maturity and are used for making wine|
new zealand wren	n|birds of New Zealand that resemble wrens|
new zealander	adj|of or relating to or characteristic of New Zealand or its people|New Zealander sheep farms	n|a native or inhabitant of New Zealand|
new-fangled	adj|(of a new kind or fashion) gratuitously new|newfangled ideas
new-made	adj|newly made|the aroma of new-made bread
new-mown	adj|newly mown|
new-sprung	adj|having just or recently arisen or come into existence|new nations
newari	n|Himalayish language spoken in the Kathmandu valley of Nepal|
newark	n|the largest city in New Jersey; located in northeastern New Jersey|
newbie	n|any new participant in some activity|
newborn	adj|recently born|a newborn infant	adj|having just or recently arisen or come into existence|new nations	n|a baby from birth to four weeks|
newburg sauce	n|lobster butter and cream and egg yolks seasoned with onions and sherry or Madeira|
newburgh	n|a town on the Hudson River in New York; in 1782 and 1783 it was George Washington's headquarters|
newcastle	n|a port city in northeastern England on the River Tyne; a center for coal exports (giving rise to the expression `carry coals to Newcastle' meaning to do something unnecessary)|
newcastle disease	n|disease of domestic fowl and other birds|
newcastle-upon-tyne	n|a port city in northeastern England on the River Tyne; a center for coal exports (giving rise to the expression `carry coals to Newcastle' meaning to do something unnecessary)|
newcomer	n|any new participant in some activity|	n|a recent arrival|he's a newcomer to Boston
newel	n|the post at the top or bottom of a flight of stairs; it supports the handrail|	n|the central pillar of a circular staircase|
newel post	n|the post at the top or bottom of a flight of stairs; it supports the handrail|
newfangled	adj|(of a new kind or fashion) gratuitously new|newfangled ideas
newfound	adj|newly discovered|his newfound aggressiveness
newfoundland	n|a breed of very large heavy dogs with a thick coarse usually black coat; highly intelligent dogs and vigorous swimmers; developed in Newfoundland|	n|an island in the north Atlantic|
newfoundland and labrador	n|a Canadian province on the island of Newfoundland and on the mainland along the coast of the Labrador Sea; became Canada's 10th province in 1949|
newfoundland dog	n|a breed of very large heavy dogs with a thick coarse usually black coat; highly intelligent dogs and vigorous swimmers; developed in Newfoundland|
newfoundland dwarf birch	n|small shrub of colder parts of North America and Greenland|
newgate	n|a former prison in London notorious for its unsanitary conditions and burnt down in riots in 1780; a new prison was built on the same spot but was torn down in 1902|
newly	adv|very recently|they are newly married
newlywed	n|someone recently married|
newman	n|English prelate and theologian who (with John Keble and Edward Pusey) founded the Oxford movement; Newman later turned to Roman Catholicism and became a cardinal (1801-1890)|
newmarket	n|a long close-fitting coat worn for riding in the 19th century|	n|a gambling card game in which chips are placed on the ace and king and queen and jack of separate suits (taken from a separate deck); a player plays the lowest card of a suit in his hand and successively higher cards are played until the sequence stops; the player who plays a card matching one in the layout wins all the chips on that card|
newness	n|the quality of being new; the opposite of oldness|
newport	n|a port city in southeastern Wales|	n|a resort city in southeastern Rhode Island; known for the summer homes of millionaires; important yachting center|
newport news	n|a port city in southeastern Virginia at the mouth of the James River off Hampton Roads; large shipyards|
news	n|information about recent and important events|they awaited news of the outcome	n|information reported in a newspaper or news magazine|the news of my death was greatly exaggerated	n|a program devoted to current events, often using interviews and commentary|we watch the 7 o'clock news every night	n|informal information of any kind that is not previously known to someone|it was news to me
news agency	n|an agency to collects news reports for newspapers and distributes it electronically|
news article	n|an article reporting news|
news bulletin	n|a short news announcement concerning some on-going news story|
news conference	n|a conference at which press and tv reporters ask questions of a politician or other celebrity|
news event	n|a newsworthy event|
news item	n|an item in a newspaper|
news leak	n|unauthorized (especially deliberate) disclosure of confidential information|
news magazine	n|a magazine devoted to reports of current events; usually published weekly|
news media	n|newspapers and magazines collectively|
news organisation	n|an agency to collects news reports for newspapers and distributes it electronically|
news organization	n|an agency to collects news reports for newspapers and distributes it electronically|
news photography	n|photography of newsworthy events|
news program	n|a program devoted to current events, often using interviews and commentary|we watch the 7 o'clock news every night
news reader	n|someone who reads out broadcast news bulletin|
news report	n|a short account of the news|the report of his speech
news show	n|a program devoted to current events, often using interviews and commentary|we watch the 7 o'clock news every night
news story	n|an article reporting news|
newsagent	n|someone who sells newspapers|
newsboy	n|a boy who delivers newspapers|
newsbreak	n|a short news announcement concerning some on-going news story|
newscast	n|a broadcast of news or commentary on the news|
newscaster	n|someone who broadcasts the news|
newsdealer	n|someone who sells newspapers|
newsflash	n|a short news announcement concerning some on-going news story|
newsless	adj|not having or receiving news or information|	adj|not providing news or information|
newsletter	n|report or open letter giving informal or confidential news of interest to a special group|
newsman	n|a person who investigates and reports or edits news stories|
newsmonger	n|a person given to gossiping and divulging personal information about others|
newspaper	n|a daily or weekly publication on folded sheets; contains news and articles and advertisements|he read his newspaper at breakfast	n|a business firm that publishes newspapers|Murdoch owns many newspapers	n|the physical object that is the product of a newspaper publisher|when it began to rain he covered his head with a newspaper	n|cheap paper made from wood pulp and used for printing newspapers|they used bales of newspaper every day
newspaper ad	n|a printed advertisement that is published in a newspaper|
newspaper advertisement	n|a printed advertisement that is published in a newspaper|
newspaper article	n|an article reporting news|
newspaper clipping	n|an excerpt cut from a newspaper or magazine|he searched through piles of letters and clippings
newspaper column	n|an article giving opinions or perspectives|
newspaper columnist	n|a columnist who writes for newspapers|
newspaper critic	n|a critic who writes a column for the newspapers|
newspaper editor	n|the editor of a newspaper|
newspaper headline	n|the heading or caption of a newspaper article|
newspaper publisher	n|the proprietor of a newspaper|	n|a business firm that publishes newspapers|Murdoch owns many newspapers
newspapering	n|journalism practiced for the newspapers|
newspaperman	n|a journalist employed to provide news stories for newspapers or broadcast media|
newspaperwoman	n|a journalist employed to provide news stories for newspapers or broadcast media|
newspeak	n|deliberately ambiguous and contradictory language used to mislead and manipulate the public|the welfare state brought its own newspeak
newsperson	n|a person who investigates and reports or edits news stories|
newsprint	n|cheap paper made from wood pulp and used for printing newspapers|they used bales of newspaper every day
newsreader	n|someone who reads out broadcast news bulletin|
newsreel	n|a short film and commentary about current events|
newsroom	n|the staff of a newspaper or the news department of a periodical|every newspaper editor is criticized by the newsroom	n|an office in which news is processed by a newspaper or news agency or television or radio station|	n|a reading room (in a library or club) where newspapers and other periodicals can be read|
newssheet	n|report or open letter giving informal or confidential news of interest to a special group|
newsstand	n|a stall where newspapers and other periodicals are sold|
newsstand operator	n|someone who sells newspapers|
newsvendor	n|someone who sells newspapers|
newswoman	n|a female newsperson|
newsworthiness	n|the quality of being sufficiently interesting to be reported in news bulletins|the judge conceded the newsworthiness of the trial
newsworthy	adj|sufficiently interesting to be reported in a newspaper|
newswriter	n|a journalist employed to provide news stories for newspapers or broadcast media|
newsy	adj|full of news|a newsy letter	adj|prone to friendly informal communication|
newt	n|small usually bright-colored semiaquatic salamanders of North America and Europe and northern Asia|
newton	n|English mathematician and physicist; remembered for developing the calculus and for his law of gravitation and his three laws of motion (1642-1727)|	n|a unit of force equal to the force that imparts an acceleration of 1 m/sec/sec to a mass of 1 kilogram; equal to 100,000 dynes|
newton's first law	n|a body remains at rest or in motion with a constant velocity unless acted upon by an external force|
newton's first law of motion	n|a body remains at rest or in motion with a constant velocity unless acted upon by an external force|
newton's law	n|one of three basic laws of classical mechanics|
newton's law of gravitation	n|(physics) the law that states any two bodies attract each other with a force that is directly proportional to the product of their masses and inversely proportional to the square of the distance between them|
newton's law of motion	n|one of three basic laws of classical mechanics|
newton's second law	n|the rate of change of momentum is proportional to the imposed force and goes in the direction of the force|
newton's second law of motion	n|the rate of change of momentum is proportional to the imposed force and goes in the direction of the force|
newton's theory of gravitation	n|(physics) the theory that any two particles of matter attract one another with a force directly proportional to the product of their masses and inversely proportional to the square of the distance between them|
newton's third law	n|action and reaction are equal and opposite|
newton's third law of motion	n|action and reaction are equal and opposite|
newtonian	adj|of or relating to or inspired by Sir Isaac Newton or his science|Newtonian physics	n|a follower of Isaac Newton|
newtonian mechanics	n|the branch of mechanics based on Newton's laws of motion|
newtonian reflector	n|reflecting telescope in which the image is viewed through an eyepiece perpendicular to main axis|
newtonian telescope	n|reflecting telescope in which the image is viewed through an eyepiece perpendicular to main axis|
newtown wonder	n|apple used primarily in cooking|
next	adj|immediately following in time or order|the following day	adj|nearest in space or position; immediately adjoining without intervening space|had adjacent rooms	adj|(of elected officers) elected but not yet serving|our next president	adj|(of a day of the week) nearest (or nearest but one) after the present moment|not this Saturday, next Saturday
next door	adv|at or in or to the adjacent residence|the criminal had been living next door all this time
next friend	n|(law) a person who acts on behalf of an infant or disabled person|
next of kin	n|the person who is (or persons who are) most closely related to a given person|
next-to-last	adj|second last|the author inadvertently reveals the murderer in the penultimate chapter
nexus	n|the means of connection between things linked in series|	n|a connected series or group|
ney	n|French marshal in the Napoleonic Wars (1769-1815)|
nez perce	n|a member of a tribe of the Shahaptian people living on the pacific coast|	n|the Shahaptian language spoken by the Nez Perce|
ng	n|one billionth (1/1,000,000,000) gram|
nga	n|a combat support agency that provides geographic intelligence in support of national security|
ngaio marsh	n|New Zealand writer of detective stories (1899-1982)|
nganasan	n|a member of the Samoyedic people living on the Taimyr Peninsula in Siberia|	n|the Uralic language spoken by the Nganasan|
ngb	n|the agency that administers the Army National Guard and the Air National Guard; provides liaison between the Army and the Air Force and various National Guard units|
ngf	n|a protein that is involved in the growth of peripheral nerve cells|
ngo	n|an organization that is not part of the local or state or federal government|
ngu	n|sexually transmitted urethritis (usually caused by chlamydia)|
ngultrum	n|the basic unit of money in Bhutan|
nguni	n|a group of southern Bantu languages|
nguyen tat thanh	n|Vietnamese communist statesman who fought the Japanese in World War II and the French until 1954 and South Vietnam until 1975 (1890-1969)|
ngwee	n|100 ngwee equal 1 kwacha in Zambia|
nh	n|a state in New England; one of the original 13 colonies|
ni	n|a hard malleable ductile silvery metallic element that is resistant to corrosion; used in alloys; occurs in pentlandite and smaltite and garnierite and millerite|
ni-hard	n|cast iron to which nickel has been added to make it resist abrasion|
ni-hard iron	n|cast iron to which nickel has been added to make it resist abrasion|
ni-resist	n|cast iron consisting of graphite in a matrix of austenite|
ni-resist iron	n|cast iron consisting of graphite in a matrix of austenite|
niacin	n|a B vitamin essential for the normal function of the nervous system and the gastrointestinal tract|
niagara	n|a river flowing from Lake Erie into Lake Ontario; forms boundary between Ontario and New York|
niagara falls	n|a city in western New York State at the falls of the Niagara river; tourist attraction and honeymoon resort|
niagara river	n|a river flowing from Lake Erie into Lake Ontario; forms boundary between Ontario and New York|
niamey	n|the capital and largest city of Niger|
nib	n|the writing point of a pen|	n|horny projecting mouth of a bird|
nibbed	adj|(used of pens) having a writing point or nib especially of a certain kind|a broad-nibbed pen
nibble	n|a small byte|	n|gentle biting|	v|bite off very small pieces|She nibbled on her cracker	v|bite gently|The woman tenderly nibbled at her baby's ear
nibbler	n|a biter who takes dainty repeated bites|
nibelung	n|(German mythology) a companion or follower of Siegfried|	n|(German mythology) any of the group of dwarfs who possessed a treasure hoard that was stolen by Siegfried|
nibelungenlied	n|an epic poem written in Middle High German and based on the legends of Siegfried and Teutonic kings|
niblick	n|an iron with considerable loft|
nicad	n|a rechargeable battery with a nickel cathode and a cadmium anode; often used in emergency systems because of its low discharge rate when not in use|
nicaea	n|an ancient city in Bithynia; founded in the 4th century BC and flourished under the Romans; the Nicene Creed was adopted there in 325|	n|the seventh ecumenical council in 787 which refuted iconoclasm and regulated the veneration of holy images|	n|the first ecumenical council in 325 which produced the wording of the Nicene Creed and condemned the heresy of Arianism|
nicaean	adj|of or relating to the ancient city of Nicaea in Asia Minor|
nicandra	n|sturdy annual of Peru|
nicaragua	n|a republic in Central America; achieved independence from Spain in 1821|
nicaraguan	adj|of or relating to Nicaragua or is people|Nicaraguan earthquakes	n|a native or inhabitant of Nicaragua|
nicaraguan capital	n|the capital and largest city of Nicaragua|
nicaraguan monetary unit	n|monetary unit in Nicaragua|
niccolo machiavelli	n|a statesman of Florence who advocated a strong central government (1469-1527)|
niccolo paganini	n|Italian violinist and composer of music for the violin (1782-1840)|
nice	adj|pleasant or pleasing or agreeable in nature or appearance|what a nice fellow you are and we all thought you so nasty"- George Meredith	adj|socially or conventionally correct; refined or virtuous|from a decent family	adj|done with delicacy and skill|a nice bit of craft	adj|excessively fastidious and easily disgusted|too nice about his food to take to camp cooking
nicely	adv|in a nice way|a nicely painted house
nicene	adj|of or relating to the ancient city of Nicaea in Asia Minor|
nicene creed	n|(Christianity) a formal creed summarizing Christian beliefs; first adopted in 325 and later expanded|
niceness	n|a courteous manner that respects accepted social usage|	n|the quality of nice|	n|the quality of being difficult to detect or analyze|you had to admire the subtlety of the distinctions he drew
nicety	n|conformity with some esthetic standard of correctness or propriety|it was performed with justness and beauty	n|a subtle difference in meaning or opinion or attitude|without understanding the finer nuances you can't enjoy the humor
niche	n|a position particularly well suited to the person who occupies it|he found his niche in the academic world	n|a small concavity|	n|an enclosure that is set back or indented|	n|(ecology) the status of an organism within its environment and community (affecting its survival as a species)|
nicholas	n|a bishop in Asia Minor who is associated with Santa Claus (4th century)|
nicholas i	n|czar of Russia from 1825 to 1855 who led Russia into the Crimean War (1796-1855)|
nicholas ii	n|the last czar of Russia who was forced to abdicate in 1917 by the Russian Revolution; he and his family were executed by the Bolsheviks (1868-1918)|
nicholas v	n|Italian pope from 1447 to 1455 who founded the Vatican library (1397-1455)|
nichrome	n|an alloy of nickel and chromium with high electrical resistance and an ability to withstand high temperatures; used for resistance heating elements|
nick	n|an impression in a surface (as made by a blow)|	n|(British slang) a prison|he's in the nick	n|a small cut|	v|cut slightly, with a razor|The barber's knife nicked his cheek
nickel	n|a hard malleable ductile silvery metallic element that is resistant to corrosion; used in alloys; occurs in pentlandite and smaltite and garnierite and millerite|	n|five dollars worth of a drug|a nickel bag of drugs	v|plate with nickel|nickel the plate
nickel alloy	n|an alloy whose main constituent is nickel|
nickel bronze	n|a bronze containing up to 30% nickel|
nickel note	n|five dollars worth of a drug|a nickel bag of drugs
nickel silver	n|a silver-white alloy containing copper and zinc and nickel|
nickel steel	n|an alloy steel containing nickel|
nickel-and-dime	adj|of minor importance|a nickel-and-dime operation run out of a single rented room	adj|low-paying|a nickel-and-dime job	v|spend money frugally; spend as little as possible|	v|accumulate gradually|she nickeled-and-dimed together a small house for her family
nickel-base alloy	n|an alloy whose main constituent is nickel|
nickel-cadmium accumulator	n|a rechargeable battery with a nickel cathode and a cadmium anode; often used in emergency systems because of its low discharge rate when not in use|
nickel-iron accumulator	n|a storage battery having a nickel oxide cathode and an iron anode with an electrolyte of potassium hydroxide; each cell gives about 1.2 volts|
nickel-iron battery	n|a storage battery having a nickel oxide cathode and an iron anode with an electrolyte of potassium hydroxide; each cell gives about 1.2 volts|
nickelodeon	n|a cabinet containing an automatic record player; records are played by inserting a coin|
nicker	n|the characteristic sounds made by a horse|	v|make a characteristic sound, of a horse|
nicker nut	n|hard shiny grey seed of a bonduc tree; used for making e.g. jewelry|
nicker seed	n|hard shiny grey seed of a bonduc tree; used for making e.g. jewelry|
nicknack	n|miscellaneous curios|
nickname	n|a familiar name for a person (often a shortened version of a person's given name)|Joe's mother would not use his nickname and always called him Joseph	v|give a nickname to|
nicol prism	n|optical device that produces plane-polarized light|
nicola amati	n|Italian violin maker in Cremona; taught the craft to Guarneri and Stradivari (1596-1684)|
nicolas de malebranche	n|French philosopher (1638-1715)|
nicolas leonard sadi carnot	n|French physicist who founded thermodynamics (1796-1832)|
nicolas poussin	n|French painter in the classical style (1594-1665)|
nicolaus copernicus	n|Polish astronomer who produced a workable model of the solar system with the sun in the center (1473-1543)|
nicolo amati	n|Italian violin maker in Cremona; taught the craft to Guarneri and Stradivari (1596-1684)|
nicolson	n|English diplomat and author (1886-1968)|
nicosia	n|the capital and largest city of Cyprus|
nicotiana rustica	n|tobacco plant of South America and Mexico|
nicotinamide adenine dinucleotide	n|a coenzyme present in most living cells and derived from the B vitamin nicotinic acid; serves as a reductant in various metabolic processes|
nicotinamide adenine dinucleotide phosphate	n|a coenzyme similar to NAD and present in most living cells but serves as a reductant in different metabolic processes|
nicotine	n|an alkaloid poison that occurs in tobacco; used in medicine and as an insecticide|
nicotine addiction	n|an addiction to nicotine|
nicotine poisoning	n|toxic condition caused by the ingestion or inhalation of large amounts of nicotine|
nicotinic acid	n|a B vitamin essential for the normal function of the nervous system and the gastrointestinal tract|
nictate	v|briefly shut the eyes|The TV announcer never seems to blink
nictation	n|a reflex that closes and opens the eyes rapidly|
nictitate	v|briefly shut the eyes|The TV announcer never seems to blink
nictitating membrane	n|a protective fold of skin in the eyes of reptiles and birds and some mammals|
nictitation	n|a reflex that closes and opens the eyes rapidly|
nicu	n|an intensive care unit designed with special equipment to care for premature or seriously ill newborn|
nidaros	n|a port in central Norway on Trondheim Fjord|
nidation	n|(embryology) the organic process whereby a fertilized egg becomes implanted in the lining of the uterus of placental mammals|
niddm	n|mild form of diabetes mellitus that develops gradually in adults; can be precipitated by obesity or severe stress or menopause or other factors; can usually be controlled by diet and hypoglycemic agents without injections of insulin|
nidicolous	adj|(of birds) remaining in the nest for a time after hatching|
nidifugous	adj|(of birds) leaving the nest shortly after hatching|
nidularia	n|type genus of the Nidulariaceae|
nidulariaceae	n|bird's-nest fungi|
nidulariales	n|small order of basidiomycetous fungi comprising families Nidulariaceae and Sphaerobolaceae|
nidus	n|a central point or locus of an infection in an organism|the focus of infection	n|a nest in which spiders or insects deposit their eggs|
niebuhr	n|German historian noted for his critical approach to sources and for his history of Rome (1776-1831)|
niece	n|a daughter of your brother or sister|
niels abel	n|Norwegian mathematician (1802-1829)|
niels bohr	n|Danish physicist who studied atomic structure and radiations; the Bohr theory of the atom accounted for the spectrum of hydrogen (1885-1962)|
niels henrik abel	n|Norwegian mathematician (1802-1829)|
niels henrik david bohr	n|Danish physicist who studied atomic structure and radiations; the Bohr theory of the atom accounted for the spectrum of hydrogen (1885-1962)|
nielsen	n|Danish composer (1865-1931)|
niemann-pick disease	n|a disorder of lipid metabolism that is inherited as an autosomal recessive trait|
nierembergia	n|any of various plants of the genus Nierembergia having upturned bell-shaped flowers|
nierembergia frutescens	n|shrubby Chilean herb having bluish-white tubular flowers used as an ornamental|
nietzsche	n|influential German philosopher remembered for his concept of the superman and for his rejection of Christian values; considered, along with Kierkegaard, to be a founder of existentialism (1844-1900)|
nifedipine	n|calcium blocker (trade name Procardia); appears to increase the risk of recurrent heart attacks|
niff	n|an unpleasant smell|
niffy	adj|(British informal) malodorous|
nifty	adj|very good|he did a bully job
nigella	n|any plant of the genus Nigella|
nigella damascena	n|European garden plant having finely cut leaves and white or pale blue flowers|
nigella hispanica	n|nigella of Spain and southern France|
nigella sativa	n|herb of the Mediterranean region having pungent seeds used like those of caraway|
niger	n|an African river; flows into the South Atlantic|	n|a landlocked republic in West Africa; gained independence from France in 1960; most of the country is dominated by the Sahara Desert|
niger franc	n|the basic unit of money in Niger|
niger river	n|an African river; flows into the South Atlantic|
niger-congo	n|a family of African language spoken in west Africa|
niger-kordofanian	n|the family of languages that includes most of the languages spoken in Africa south of the Sahara; the majority of them are tonal languages but there are important exceptions (e.g., Swahili or Fula)|
niger-kordofanian language	n|the family of languages that includes most of the languages spoken in Africa south of the Sahara; the majority of them are tonal languages but there are important exceptions (e.g., Swahili or Fula)|
nigeria	n|a republic in West Africa on the Gulf of Guinea; gained independence from Britain in 1960; most populous African country|
nigerian	adj|of or relating to Nigeria|the Nigerian capital used to be Lagos	adj|of or relating to the people of Nigeria|a Nigerian novelist won the Nobel Prize for literature this year	n|a native or inhabitant of Nigeria|
nigerian capital	n|capital of Nigeria in the center of the country|
nigerian monetary unit	n|monetary unit in Nigeria|
nigerien	adj|of or relating to the people of Nigeria|a Nigerian novelist won the Nobel Prize for literature this year	n|a native or inhabitant of Niger|
niggard	n|a selfish person who is unwilling to give or spend|
niggardliness	n|extreme stinginess|
niggardly	adj|petty or reluctant in giving or spending|a niggardly tip
niggardness	n|extreme stinginess|
niggle	v|worry unnecessarily or excessively|don't fuss too much over the grandchildren--they are quite big now	v|argue over petty things|Let's not quibble over pennies
niggler	n|someone who constantly criticizes in a petty way|
niggling	adj|(informal) small and of little importance|a fiddling sum of money
nigh	adj|not far distant in time or space or degree or circumstances|near neighbors	adj|being on the left side|the near or nigh horse is the one on the left	adv|near in time or place or relationship|as the wedding day drew near	adv|(of actions or states) slightly short of or not quite accomplished; all but|the job is (just) about done
nigher	adv|(comparative of `near' or `close') within a shorter distance|come closer, my dear!
nighest	adv|(superlative of `near' or `close') within the shortest distance|that was the time he came nearest to death
night	n|the time after sunset and before sunrise while it is dark outside|	n|a period of ignorance or backwardness or gloom|	n|the period spent sleeping|I had a restless night	n|the dark part of the diurnal cycle considered a time unit|three nights later he collapsed
night bell	n|a doorbell to be used at night|
night bird	n|any bird associated with night: owl; nightingale; nighthawk; etc|
night blindness	n|inability to see clearly in dim light; due to a deficiency of vitamin A or to a retinal disorder|
night club	n|a spot that is open late at night and that provides entertainment (as singers or dancers) as well as dancing and food and drink|don't expect a good meal at a cabaret
night court	n|a criminal court (in large cities) that sits at night|
night game	n|a game played under artificial illumination at night|
night heron	n|nocturnal or crepuscular herons|
night jasmine	n|West Indian evergreen shrub having clusters of funnel-shaped yellow-white flowers that are fragrant by night|
night jessamine	n|West Indian evergreen shrub having clusters of funnel-shaped yellow-white flowers that are fragrant by night|
night latch	n|doorlock operated by a knob on the inside and a key on the outside|
night letter	n|a cheaper form of telegram sent for delivery the next day|
night life	n|the entertainment available to people seeking nighttime diversion|a futile search for intelligent nightlife	n|the activity of people seeking nighttime diversion (as at the theater, a nightclub, etc.)|in the summer the nightlife shifts to the dance clubs
night lizard	n|small secretive nocturnal lizard of southwestern North America and Cuba; bear live young|
night owl	n|a person who likes to be active late at night|
night porter	n|a porter on duty during the night|
night raven	n|nocturnal or crepuscular herons|	n|any bird that cries at night|
night school	n|a school that holds classes in the evenings for students who cannot attend during the day|
night shift	n|the work shift during the night (as midnight to 8 a.m.)|	n|workers who work during the night (as midnight to 8 a.m.)|
night soil	n|human excreta used as fertilizer|
night terror	n|an emotional episode (usually in young children) in which the person awakens in terror with feelings of anxiety and fear but is unable to remember any incident that might have provoked those feelings|
night vision	n|the ability to see in reduced illumination (as in moonlight)|
night watch	n|a watch during the night (as from midnight to 8 a.m.)|
night watchman	n|a watchman who works during the night|
night-blooming cereus	n|any of several night-blooming cacti of the genus Selenicereus|	n|any of several cacti of the genus Hylocereus|	n|any of several cacti of the genus Cereus|
night-light	n|light (as a candle or small bulb) that burns in a bedroom at night (as for children or invalids)|
night-line	n|a fishing line with baited hooks left in the water to catch fish over night|
night-robe	n|lingerie consisting of a loose dress designed to be worn in bed by women|
night-sight	n|the ability to see in reduced illumination (as in moonlight)|
night-stop	n|a break in a journey for the night|
nightbird	n|a person who likes to be active late at night|
nightcap	n|an alcoholic drink taken at bedtime; often alcoholic|	n|a cloth cap worn in bed|	n|the final game of a double header|
nightclothes	n|garments designed to be worn in bed|
nightclub	n|a spot that is open late at night and that provides entertainment (as singers or dancers) as well as dancing and food and drink|don't expect a good meal at a cabaret
nightcrawler	n|terrestrial worm that burrows into and helps aerate soil; often surfaces when the ground is cool or wet; used as bait by anglers|
nightdress	n|lingerie consisting of a loose dress designed to be worn in bed by women|
nighted	adj|overtaken by night or darkness|benighted (or nighted) travelers hurrying toward home
nightfall	n|the time of day immediately following sunset|he loved the twilight
nightgown	n|lingerie consisting of a loose dress designed to be worn in bed by women|
nighthawk	n|a person who likes to be active late at night|
nightie	n|lingerie consisting of a loose dress designed to be worn in bed by women|
nightingale	n|European songbird noted for its melodious nocturnal song|	n|English nurse remembered for her work during the Crimean War (1820-1910)|
nightjar	n|mainly crepuscular or nocturnal nonpasserine birds with mottled greyish-brown plumage and large eyes; feed on insects|
nightlife	n|the entertainment available to people seeking nighttime diversion|a futile search for intelligent nightlife	n|the activity of people seeking nighttime diversion (as at the theater, a nightclub, etc.)|in the summer the nightlife shifts to the dance clubs
nightlong	adj|lasting, open, or operating through the whole night|a nightlong vigil
nightly	adj|happening every night|nightly television now goes on until 3:00 or 4:00 a.m.	adv|at the end of each day|she checks on her roses nightly
nightmare	n|a situation resembling a terrifying dream|	n|a terrifying or deeply upsetting dream|
nightmarish	adj|extremely alarming|
nightshade	n|any of numerous shrubs or herbs or vines of the genus Solanum; most are poisonous though many bear edible fruit|
nightshirt	n|nightclothes worn by men|
nightspot	n|a spot that is open late at night and that provides entertainment (as singers or dancers) as well as dancing and food and drink|don't expect a good meal at a cabaret
nightstick	n|a short stout club used primarily by policemen|
nighttime	n|the time after sunset and before sunrise while it is dark outside|
nightwalker	n|terrestrial worm that burrows into and helps aerate soil; often surfaces when the ground is cool or wet; used as bait by anglers|
nightwear	n|garments designed to be worn in bed|
nightwork	n|work to be done at night|
nigroporus	n|a genus of fungi belonging to the family Polyporaceae|
nigroporus vinosus	n|a woody pore fungus with a dark brown to red brown cap and spore surface and small pores|
nih	n|an agency in the Department of Health and Human Services whose mission is to employ science in the pursuit of knowledge to improve human health; is the principal biomedical research agency of the federal government|
nihau	n|the most northwestern Hawaiian island (beyond Kauai)|
nihau island	n|the most northwestern Hawaiian island (beyond Kauai)|
nihil	n|(Latin) nil; nothing (as used by a sheriff after an unsuccessful effort to serve a writ)|nihil habet
nihil obstat	n|the phrase used by the official censor of the Roman Catholic Church to say that a publication has been examined and contains nothing offensive to the church|	n|authoritative approval|
nihilism	n|a revolutionary doctrine that advocates destruction of the social system for its own sake|	n|the delusion that things (or everything, including the self) do not exist; a sense that everything is unreal|	n|complete denial of all established authority and institutions|
nihilist	n|someone who rejects all theories of morality or religious belief|	n|an advocate of anarchism|
nihilistic	adj|of or relating to nihilism|
nihilistic delusion	n|the delusion that things (or everything, including the self) do not exist; a sense that everything is unreal|
nihility	n|the state of nonexistence|
nihon	n|a constitutional monarchy occupying the Japanese Archipelago; a world leader in electronics and automobile manufacture and ship building|
nij	n|the law enforcement agency that is the research and development branch of the Department of Justice|
nijinsky	n|Russian dancer considered by many to be the greatest dancer of the 20th century (1890-1950)|
nijmegen	n|an industrial city in the eastern Netherlands|
nike	n|(Greek mythology) winged goddess of victory; identified with Roman Victoria|
nikita khrushchev	n|Soviet statesman and premier who denounced Stalin (1894-1971)|
nikita sergeyevich khrushchev	n|Soviet statesman and premier who denounced Stalin (1894-1971)|
nikolaas tinbergen	n|Dutch zoologist who showed that much animal behavior is innate and stereotyped (1907-1988)|
nikolai andreyevich rimski-korsakov	n|Russian composer of operas and orchestral works; often used themes from folk music (1844-1908)|
nikolai andreyevich rimsky-korsakov	n|Russian composer of operas and orchestral works; often used themes from folk music (1844-1908)|
nikolai ivanovich bukharin	n|Bolshevik leader in Russia who advocated gradual collectivism of the farms; was executed in a purge by Stalin (1888-1938)|
nikolai ivanovich lobachevsky	n|Russian mathematician who independently discovered non-Euclidean geometry (1792-1856)|
nikolai lenin	n|Russian founder of the Bolsheviks and leader of the Russian Revolution and first head of the USSR (1870-1924)|
nikolai vasilievich gogol	n|Russian writer who introduced realism to Russian literature (1809-1852)|
nil	n|a quantity of no importance|it looked like nothing I had ever seen before
nile	n|the world's longest river (4150 miles); flows northward through eastern Africa into the Mediterranean; the Nile River valley in Egypt was the site of the world's first great civilization|
nile crocodile	n|a dangerous crocodile widely distributed in Africa|
nile river	n|the world's longest river (4150 miles); flows northward through eastern Africa into the Mediterranean; the Nile River valley in Egypt was the site of the world's first great civilization|
nilgai	n|large Indian antelope; male is blue-grey with white markings; female is brownish with no horns|
nilgiri hills	n|hills in southern India|
nilo-saharan	n|a family of East African languages spoken by Nilotic peoples from the Sahara south to Kenya and Tanzania|
nilo-saharan language	n|a family of East African languages spoken by Nilotic peoples from the Sahara south to Kenya and Tanzania|
nilotic	adj|of or relating to the Nile River or the people living near it|	adj|of or relating to or constituting the Nilotic group of languages|Nilotic syntax	n|a group of languages of East Africa belonging to the Chari-Nile group|
nilotic language	n|a group of languages of East Africa belonging to the Chari-Nile group|
nilpotent	adj|equal to zero when raised to a certain power|
nilsson	n|Swedish operatic soprano who played Wagnerian roles (born in 1918)|
nim	n|game in which matchsticks are arranged in rows and players alternately remove one or more of them; in some versions the object is to take the last remaining matchstick on the table and in other versions the object is to avoid taking the last remaining matchstick on the table|
nim tree	n|large semi-evergreen tree of the East Indies; trunk exudes a tenacious gum; bitter bark used as a tonic; seeds yield an aromatic oil; sometimes placed in genus Melia|
nimble	adj|moving quickly and lightly|sleek and agile as a gymnast	adj|mentally quick|an agile mind
nimble-fingered	adj|having nimble fingers literally or figuratively; especially for stealing or picking pockets|a light-fingered burglar who can crack the combination of a bank vault"- Harry Hansen
nimbleness	n|intelligence as revealed by quickness and alertness of mind|nimbleness of wit and imagination	n|the gracefulness of a person or animal that is quick and nimble|
nimbly	adv|in a nimble or agile manner; with quickness and lightness and ease|nimbly scaling an iron gate"- Charles Dickens
nimbus	n|a dark grey cloud bearing rain|	n|an indication of radiant light drawn around the head of a saint|
nimbus cloud	n|a dark grey cloud bearing rain|
nimby	n|someone who objects to siting something in their own neighborhood but does not object to it being sited elsewhere; an acronym for not in my backyard|
nimiety	n|a quantity much larger than is needed|
niminy-piminy	adj|affectedly dainty or refined|
nimravus	n|false sabertoothed tigers|
nimrod	n|(Old Testament) a famous hunter|
nin-sin	n|Chinese herb with palmately compound leaves and small greenish flowers and forked aromatic roots believed to have medicinal powers|
nina	n|the Babylonian goddess of the watery deep and daughter of Ea|
nina from carolina	n|the cardinal number that is the sum of eight and one|
nincompoop	n|a stupid foolish person|
nine	adj|denoting a quantity consisting of one more than eight and one less than ten|	n|the cardinal number that is the sum of eight and one|	n|a team of professional baseball players who play and travel together|each club played six home games with teams in its own division	n|one of four playing cards in a deck with nine pips on the face|
nine iron	n|an iron with considerable loft|
nine times	adv|by a factor of nine|my investment has increased ninefold
nine-banded armadillo	n|having nine hinged bands of bony plates; ranges from Texas to Paraguay|
nine-fold	adj|having nine units or components|
nine-membered	adj|of a chemical compound having a ring with nine members|
nine-sided	adj|having nine sides|
nine-spot	n|one of four playing cards in a deck with nine pips on the face|
ninefold	adj|having nine units or components|	adv|by a factor of nine|my investment has increased ninefold
ninepence	n|a coin worth nine pennies|
ninepenny	adj|used of nail size; 2 3/4 in or 7 cm long|
ninepin	n|a bowling pin of the type used in playing ninepins or (in England) skittles|
ninepin ball	n|ball used to knock down ninepins|
ninepins	n|a bowling game that is played by rolling a bowling ball down a bowling alley at a target of nine wooden pins|
niner	n|the cardinal number that is the sum of eight and one|
nineteen	adj|being one more than eighteen|	n|the cardinal number that is the sum of eighteen and one|
nineteenth	adj|coming next after the eighteenth in position|	n|position 19 in a countable series of things|
nineties	n|the decade from 1890 to 1899|	n|the decade from 1990 to 1999|	n|the time of life between 90 and 100|
ninetieth	adj|the ordinal number of ninety in counting order|	n|position 90 in a countable series of things|
ninety	adj|being ten more than eighty|	n|the cardinal number that is the product of ten and nine|
ninety-eight	adj|being eight more than ninety|
ninety-fifth	adj|the ordinal number of ninety-five in counting order|
ninety-five	adj|being five more than ninety|
ninety-four	adj|being four more than ninety|
ninety-nine	adj|being one less than one hundred and nine more than ninety|
ninety-one	adj|being one more than ninety|
ninety-seven	adj|being seven more than ninety|
ninety-six	adj|being six more than ninety|
ninety-three	adj|being three more than ninety|
ninety-two	adj|being two more than ninety|
nineveh	n|an ancient Assyrian city on the Tigris across from the modern city of Mosul in the northern part of what is now known as Iraq|
ningal	n|(Akkadian) a goddess; wife of the Moon god Sin|
ningirsu	n|Babylonian god in older pantheon: god of war and agriculture|
ningishzida	n|an underworld Babylonian deity; patron of medicine|
ninhursag	n|the great mother goddess; worshipped also as Aruru and Mama and Nintu|
ninib	n|a solar deity; firstborn of Bel and consort was Gula; god of war and the chase and agriculture; sometimes identified with biblical Nimrod|
ninigi	n|grandson of Amaterasu and first ruler of Japan|
ninigino-mikoto	n|grandson of Amaterasu and first ruler of Japan|
ninja	n|a member of the ninja who were trained in martial arts and hired for espionage or sabotage or assassinations; a person skilled in ninjutsu|	n|a class of 14th century Japanese who were trained in martial arts and were hired for espionage and assassinations|
ninjitsu	n|the traditional Japanese method of espionage; involves stealthy movements and the use of camouflage|
ninjutsu	n|the traditional Japanese method of espionage; involves stealthy movements and the use of camouflage|
ninkharsag	n|the great mother goddess; worshipped also as Aruru and Mama and Nintu|
ninkhursag	n|the great mother goddess; worshipped also as Aruru and Mama and Nintu|
ninny	n|a stupid foolish person|
ninon	n|a fine strong sheer silky fabric made of silk or rayon or nylon|
ninth	adj|coming next after the eighth and just before the tenth in position|	n|position nine in a countable series of things|going into the ninth they were a run ahead	n|one part in nine equal parts|
ninth cranial nerve	n|sensory nerve to the pharynx and back of the tongue; motor fibers innervate muscles that elevate the pharynx and larynx; includes parasympathetic fibers to the otic ganglion|
ninth of ab	n|(Judaism) a major fast day on the Jewish calendar commemorating the destruction of the temples in Jerusalem|
ninth of av	n|(Judaism) a major fast day on the Jewish calendar commemorating the destruction of the temples in Jerusalem|
nintoo	n|a name under which Ninkhursag was worshipped|
nintu	n|a name under which Ninkhursag was worshipped|
ninurta	n|a solar deity; firstborn of Bel and consort was Gula; god of war and the chase and agriculture; sometimes identified with biblical Nimrod|
niobe	n|(Greek mythology) the daughter of Tantalus whose boasting about her children provoked Apollo and Artemis to slay them all; Niobe was turned to stone while bewailing her loss|
niobite	n|a black mineral that is an ore of niobium and tantalum|
niobium	n|a soft grey ductile metallic element used in alloys; occurs in niobite; formerly called columbium|
niobrara	n|a tributary of the Missouri River|
niobrara river	n|a tributary of the Missouri River|
nip	v|squeeze tightly between the fingers|He pinched her behind	v|give a small sharp bite to|The Queen's corgis always nip at her staff's ankles	v|sever or remove by pinching or snipping|nip off the flowers	n|a small drink of liquor|he poured a shot of whiskey
nip and tuck	adj|inconclusive as to outcome; close or just even in a race or comparison or competition|as they approached the finish line they were neck and neck	adv|even or close in a race or competition or comparison|the horses ran neck and neck	n|plastic surgery to remove wrinkles and other signs of aging from your face; an incision is made near the hair line and skin is pulled back and excess tissue is excised|some actresses have more than one face lift
nip off	v|sever or remove by pinching or snipping|nip off the flowers
nipa	n|monotypic genus of palms of Australasia|	n|made from sap of the Australasian nipa palm|
nipa fruticans	n|any creeping semiaquatic feather palm of the genus Nipa found in mangrove swamps and tidal estuaries; its sap is used for a liquor; leaves are used for thatch; fruit has edible seeds|
nipa palm	n|any creeping semiaquatic feather palm of the genus Nipa found in mangrove swamps and tidal estuaries; its sap is used for a liquor; leaves are used for thatch; fruit has edible seeds|
nipper	n|a young person of either sex|she writes books for children	n|a grasping structure on the limb of a crustacean or other arthropods|
nipping	adj|capable of wounding|a barbed compliment	adj|pleasantly cold and invigorating|crisp clear nights and frosty mornings
nipple	n|the small projection of a mammary gland|	n|a flexible cap on a baby's feeding bottle or pacifier|
nipple shield	n|a rubber or plastic shield to protect the nipples of nursing women|
nippon	n|a constitutional monarchy occupying the Japanese Archipelago; a world leader in electronics and automobile manufacture and ship building|
nipponese	adj|of or relating to or characteristic of Japan or its people or their culture or language|the Japanese Emperor	n|a native or inhabitant of Japan|
nippy	adj|a sharp biting taste|a nippy cheese	adj|pleasantly cold and invigorating|crisp clear nights and frosty mornings
nipr	n|a clandestine group of leftist extremists who oppose Italy's labor policies and foreign policy; responsible for bombing building in the historic center of Rome from 2000 to 2002|
niqaabi	n|an observant Muslim woman who covers her face and hands when in public or in the presence of any man outside her immediate family|
niqab	n|a face veil covering the lower part of the face (up to the eyes) worn by observant Muslim women|
nirvana	n|(Hinduism and Buddhism) the beatitude that transcends the cycle of reincarnation; characterized by the extinction of desire and suffering and individual consciousness|	n|any place of complete bliss and delight and peace|
nisan	n|the seventh month of the civil year; the first month of the ecclesiastic year (in March and April)|
nisi	adj|not final or absolute|the decree is nisi and not absolute
nissan	n|the seventh month of the civil year; the first month of the ecclesiastic year (in March and April)|
nissen hut	n|a prefabricated hut of corrugated iron having a semicircular cross section|
nist	n|an agency in the Technology Administration that makes measurements and sets standards as needed by industry or government programs|
nisus	n|an effortful attempt to attain a goal|
nit	n|a luminance unit equal to 1 candle per square meter measured perpendicular to the rays from the source|	n|egg or young of an insect parasitic on mammals especially a sucking louse; often attached to a hair or item of clothing|
nitella	n|fragile branching stoneworts|
niter	n|(KNO3) used especially as a fertilizer and explosive|
nitid	adj|bright with a steady but subdued shining|from the plane we saw the city below agleam with lights
nitpick	v|be overly critical; criticize minor details|
nitpicker	n|someone who makes small and unjustified criticisms|
nitramine	n|a yellow crystalline explosive solid that is used in detonators|
nitrate	n|any compound containing the nitrate group (such as a salt or ester of nitric acid)|	v|treat with nitric acid, so as to change an organic compound into a nitrate|nitroglycerin is obtained by nitrating glycerol
nitrate bacterium	n|any of the nitrobacteria that oxidize nitrites into nitrates|
nitrazepam	n|a hypnotic and sedative drug of the benzodiazepine type|
nitre	n|(KNO3) used especially as a fertilizer and explosive|
nitric	adj|of or containing nitrogen|nitric acid
nitric acid	n|acid used especially in the production of fertilizers and explosives and rocket fuels|
nitric bacteria	n|soil bacteria that convert nitrites to nitrates|
nitric bacterium	n|any of the nitrobacteria that oxidize nitrites into nitrates|
nitric oxide	n|a poisonous red-brown gas (NO)|
nitride	n|a compound containing nitrogen and a more electropositive element (such as phosphorus or a metal)|
nitrification	n|the chemical process in which a nitro group is added to an organic compound (or substituted for another group in an organic compound)|	n|the oxidation of ammonium compounds in dead organic material into nitrates and nitrites by soil bacteria (making nitrogen available to plants)|
nitrify	v|convert into nitric acid, nitrous acid, or nitrate, especially with the action of nitrobacteria|	v|treat with nitrogen or a nitrogen compound|	v|treat (soil) with nitrates|
nitril	n|any of a class of organic compounds containing the cyano radical -CN|
nitrile	n|any of a class of organic compounds containing the cyano radical -CN|
nitrite	n|the radical -NO2 or any compound containing it (such as a salt or ester of nitrous acid)|
nitrite bacterium	n|any of the nitrobacteria that oxidize ammonia into nitrites|
nitro group	n|the group -NO3|
nitrobacter	n|rod-shaped soil bacteria|
nitrobacteria	n|soil bacteria that convert nitrites to nitrates|
nitrobacteriaceae	n|usually rod-shaped bacteria that oxidize ammonia or nitrites: nitrobacteria|
nitrobacterium	n|any of the bacteria in the soil that take part in the nitrogen cycle; they oxidize ammonium compounds into nitrites or oxidize nitrites into nitrates|
nitrobenzene	n|a poisonous oily water-soluble liquid used as a solvent and in the manufacture of aniline|
nitrocalcite	n|the mineral form of calcium nitrate|
nitrocellulose	n|a nitric acid ester; used in lacquers and explosives|
nitrochloroform	n|a heavy colorless insoluble liquid compound that causes tears and vomiting; used as a pesticide and as tear gas|
nitrochloromethane	n|gaseous form of chloropicrin used as tear gas|
nitrocotton	n|a nitric acid ester; used in lacquers and explosives|
nitrofuran	n|derivative of furan used to inhibit bacterial growth|
nitrofurantoin	n|derivative of nitrofuran used as an antibacterial medicine (trade name Macrodantin) effective against a broad range of Gram-positive and Gram-negative bacteria; used to treat infections of the urinary tract|
nitrogen	n|a common nonmetallic element that is normally a colorless odorless tasteless inert diatomic gas; constitutes 78 percent of the atmosphere by volume; a constituent of all living tissues|
nitrogen balance	n|the balance between the amount of nitrogen taken in (to the soil or the body) and the amount given off (lost or excreted)|
nitrogen cycle	n|the circulation of nitrogen; nitrates from the soil are absorbed by plants which are eaten by animals that die and decay returning the nitrogen back to the soil|
nitrogen dioxide	n|a highly poisonous brown gas (NO2)|
nitrogen fixation	n|the assimilation of atmospheric nitrogen by soil bacteria and its release for plant use on the death of the bacteria|
nitrogen mustard	n|a toxic compound resembling mustard gas in structure; important in cancer treatment|
nitrogen narcosis	n|confused or stuporous state caused by high levels of dissolved nitrogen in the blood|deep-sea divers can suffer nitrogen narcosis from breathing air under high pressure
nitrogen oxide	n|any of several oxides of nitrogen formed by the action of nitric acid on oxidizable materials; present in car exhausts|
nitrogen trichloride	n|a yellow pungent volatile oil (trade name Agene) formerly used for bleaching and aging flour|
nitrogen-bearing	adj|of or relating to or containing nitrogen|
nitrogen-fixing	adj|contributing to the process of nitrogen fixation|
nitrogenase	n|an enzyme of nitrogen-fixing microorganisms that catalyzes the conversion of nitrogen to ammonia|
nitrogenise	v|treat with nitrogen or a nitrogen compound|
nitrogenize	v|treat with nitrogen or a nitrogen compound|
nitrogenous	adj|of or relating to or containing nitrogen|
nitroglycerin	n|a heavy yellow poisonous oily explosive liquid obtained by nitrating glycerol; used in making explosives and medically as a vasodilator (trade names Nitrospan and Nitrostat)|
nitroglycerine	n|a heavy yellow poisonous oily explosive liquid obtained by nitrating glycerol; used in making explosives and medically as a vasodilator (trade names Nitrospan and Nitrostat)|
nitrohydrochloric acid	n|a yellow fuming corrosive mixture of nitric and hydrochloric acid that dissolves metals (including gold)|
nitrosobacteria	n|soil bacteria that oxidize ammonia to nitrites|
nitrosomonas	n|ellipsoidal soil bacteria|
nitrospan	n|a heavy yellow poisonous oily explosive liquid obtained by nitrating glycerol; used in making explosives and medically as a vasodilator (trade names Nitrospan and Nitrostat)|	n|trade names for nitroglycerin used as a coronary vasodilator in the treatment of angina pectoris|
nitrostat	n|a heavy yellow poisonous oily explosive liquid obtained by nitrating glycerol; used in making explosives and medically as a vasodilator (trade names Nitrospan and Nitrostat)|	n|trade names for nitroglycerin used as a coronary vasodilator in the treatment of angina pectoris|
nitrous	adj|of or containing nitrogen|nitric acid
nitrous acid	n|an unstable inorganic acid known only in solution and as nitrite salts|
nitrous bacteria	n|soil bacteria that oxidize ammonia to nitrites|
nitrous bacterium	n|any of the nitrobacteria that oxidize ammonia into nitrites|
nitrous oxide	n|inhalation anesthetic used as an anesthetic in dentistry and surgery|
nitta tree	n|any of several Old World tropical trees of the genus Parkia having heads of red or yellow flowers followed by pods usually containing edible seeds and pulp|
nitty-gritty	n|the choicest or most essential or most vital part of some idea or experience|the gist of the prosecutor's argument
nitwit	n|a stupid incompetent person|
nitwitted	adj|(of especially persons) lacking sense or understanding or judgment|
nivose	n|fourth month of the Revolutionary calendar (December and January); the snowy month|
nix	n|a quantity of no importance|it looked like nothing I had ever seen before	v|command against|I forbid you to call me late at night
nizhni novgorod	n|an industrial city in the European part of Russia; birthplace of Maksim Gorky|
nizhnyi novgorod	n|an industrial city in the European part of Russia; birthplace of Maksim Gorky|
nj	n|a Mid-Atlantic state on the Atlantic; one of the original 13 colonies|
njord	n|(Norse mythology) chief of the Vanir; god of the sea and winds and prosperity; father of Frey and Freya; sometimes subsumes Teutonic Nerthus|
njorth	n|(Norse mythology) chief of the Vanir; god of the sea and winds and prosperity; father of Frey and Freya; sometimes subsumes Teutonic Nerthus|
nlp	n|the branch of information science that deals with natural language information|
nm	n|a metric unit of length equal to one billionth of a meter|
nmr	n|resonance of protons to radiation in a magnetic field|
nne	n|the compass point that is midway between north and northeast|
nnrti	n|an antiviral drug used against HIV; binds directly to reverse transcriptase and prevents RNA conversion to DNA; often used in combination with other drugs|
nnw	n|the compass point that is midway between north and northwest|
no	adv|referring to the degree to which a certain quality is present|he was no heavier than a child	adv|not in any degree or manner; not at all|he is no better today	adv|used to express refusal or denial or disagreement etc or especially to emphasize a negative statement|no, you are wrong	adj|(quantifier) used with either mass nouns or plural count nouns for indicating a complete or almost complete lack or zero quantity of|we have no bananas
no ball	n|unlawfully delivered ball in cricket|the umpire called it a no ball
no doubt	adv|admittedly|to be sure, he is no Einstein
no end	adv|on and on for a long time|the child cried no end
no fault automobile insurance	n|a system of automobile insurance where a party who is injured in an automobile accident recovers damages up to a specific amount against his own insurance company regardless of who was responsible for the accident|the amount of litigation resulting from minor accidents is reduced by no fault insurance
no fault insurance	n|a system of automobile insurance where a party who is injured in an automobile accident recovers damages up to a specific amount against his own insurance company regardless of who was responsible for the accident|the amount of litigation resulting from minor accidents is reduced by no fault insurance
no longer	adv|not now|she is no more
no man's land	n|an unoccupied area between the front lines of opposing armies|	n|land that is unowned and uninhabited (and usually undesirable)|	n|the ambiguous region between two categories or states or conditions (usually containing some features of both)|but there is still a twilight zone, the tantalizing occurrences that are probably noise but might possibly be a signal
no matter	adv|in spite of everything; without regard to drawbacks|he carried on regardless of the difficulties
no matter what happens	adv|in spite of all obstacles|we'll go to Tibet come hell or high water
no more	adv|not now|she is no more	adv|referring to the degree to which a certain quality is present|he was no heavier than a child
no-account	adj|without merit; of little or no value or use|a sorry horse	n|an idle worthless person|
no-brainer	n|anything that requires little thought|
no-count	adj|without merit; of little or no value or use|a sorry horse
no-frills	adj|characterized by the absence of inessential features|he got a no-frills introduction to the job
no-go	adj|not functioning properly or in suitable condition for proceeding|the space launch was no-go
no-go area	n|an area that is dangerous or impossible to enter or to which entry is forbidden|
no-goal	n|a nonexistent goal|he lived without a reason progressing toward no-goal
no-good	adj|without merit; of little or no value or use|a sorry horse	adj|returned for lack of funds|a rubber check
no-hit	adj|of a game (or the pitching) in which a pitcher allows the opponent no hits|a no-hit pitcher
no-hit game	n|a game in which a pitcher allows the opposing team no hits|
no-hitter	n|a game in which a pitcher allows the opposing team no hits|
no-nonsense	adj|not tolerating irrelevancies|the no-nonsense tones of a stern parent
no-par stock	n|stock with no par value specified in the corporate charter or on the stock certificate|
no-par-value stock	n|stock with no par value specified in the corporate charter or on the stock certificate|
no-parking zone	n|a space where automobiles are not allowed to park|
no-see-um	n|minute two-winged insect that sucks the blood of mammals and birds and other insects|
no-show	n|a guest who fails to notify a hotel or restaurant when canceling a reservation|	n|someone who shirks duty|
no-trump	n|a version of contract bridge in which no suit is designated as trump for the duration of the hand|
no-win	adj|certain to end in failure and disappointment|a no-win situation
no-win situation	n|a situation in which a favorable outcome is impossible; you are bound to lose whatever you do|
no.	n|the number designating place in an ordered sequence|
noaa	n|an agency in the Department of Commerce that maps the oceans and conserves their living resources; predicts changes to the earth's environment; provides weather reports and forecasts floods and hurricanes and other natural disasters related to weather|
noachian	adj|of or relating to Noah or his time|Noachian deluge
noachian deluge	n|(Biblical) the great deluge that is said in the Book of Genesis to have occurred in the time of Noah; it was brought by God upon the earth because of the wickedness of human beings|
noah	n|the Hebrew patriarch who saved himself and his family and the animals by building an ark in which they survived 40 days and 40 nights of rain; the story of Noah and the flood is told in the Book of Genesis|
noah and the flood	n|(Biblical) the great deluge that is said in the Book of Genesis to have occurred in the time of Noah; it was brought by God upon the earth because of the wickedness of human beings|
noah's flood	n|(Biblical) the great deluge that is said in the Book of Genesis to have occurred in the time of Noah; it was brought by God upon the earth because of the wickedness of human beings|
nob	n|informal term for an upper-class or wealthy person|
nob hill	n|a fashionable neighborhood in San Francisco|
nobble	v|deprive of by deceit;|He swindled me out of my inheritance	v|make off with belongings of others|	v|take away to an undisclosed location against their will and usually in order to extract a ransom|The industrialist's son was kidnapped	v|disable by drugging|nobble the race horses
nobel	n|Swedish chemist remembered for his invention of dynamite and for the bequest that created the Nobel prizes (1833-1896)|
nobel laureate	n|winner of a Nobel prize|
nobel prize	n|an annual award for outstanding contributions to chemistry or physics or physiology and medicine or literature or economics or peace|
nobelist	n|winner of a Nobel prize|
nobelium	n|a radioactive transuranic element synthesized by bombarding curium with carbon ions; 7 isotopes are known|
nobility	n|a privileged class holding hereditary titles|	n|the quality of elevation of mind and exaltation of character or ideals or conduct|	n|the state of being of noble birth|
noble	adj|impressive in appearance|a baronial mansion	adj|of or belonging to or constituting the hereditary aristocracy especially as derived from feudal times|of noble birth	adj|having or showing or indicative of high or elevated character|a noble spirit	adj|inert especially toward oxygen|a noble gas such as helium or neon
noble cane	n|sugarcanes representing the highest development of the species; characterized by large juicy stalks with soft rinds and high sugar content|
noble gas	n|any of the chemically inert gaseous elements of the helium group in the periodic table|
noble metal	n|any metal that is resistant to corrosion or oxidation|
noble-minded	adj|of high moral or intellectual value; elevated in nature or style|an exalted ideal
noble-mindedness	n|elevated ideals or conduct; the quality of believing that ideals should be pursued|
nobleman	n|a titled peer of the realm|
nobleness	n|the quality of elevation of mind and exaltation of character or ideals or conduct|
noblesse	n|the state of being of noble birth|	n|members of the nobility (especially of the French nobility)|
noblesse oblige	n|the obligation of those of high rank to be honorable and generous (often used ironically)|
noblewoman	n|a woman of the peerage in Britain|
nobly	adv|in a noble manner|she has behaved nobly
nobody	n|a person of no influence|
noc	n|an undercover agent who is given no official cover|
nocent	adj|having a tendency to cause harm|
nociceptive	adj|caused by or in response to pain|a nociceptive spinal reflex
nock	v|make small marks into the surface of|score the clay before firing it
noctambulation	n|walking by a person who is asleep|
noctambulism	n|walking by a person who is asleep|
noctambulist	n|someone who walks about in their sleep|
noctiluca	n|large bioluminescent marine protozoan|
noctiluca miliaris	n|large bioluminescent marine protozoan|
noctilucent	adj|shining or glowing by night|the noctilucent eyes of a cat
noctua	n|type genus of the Noctuidae: moths whose larvae are cutworms|
noctuid	n|usually dull-colored medium-sized nocturnal moth; the usually smooth-bodied larvae are destructive agricultural pests|
noctuid moth	n|usually dull-colored medium-sized nocturnal moth; the usually smooth-bodied larvae are destructive agricultural pests|
noctuidae	n|cutworms; armyworms|
nocturia	n|excessive urination at night; especially common in older men|
nocturnal	adj|belonging to or active during the night|nocturnal animals are active at night	adj|of or relating to or occurring in the night|nocturnal darkness
nocturnal emission	n|ejaculation during sleep (usually during a dream)|
nocturnally	adv|at night|nocturnally active bird
nocturne	n|a pensive lyrical piece of music (especially for the piano)|
nod	v|express or signify by nodding|He nodded his approval	v|lower and raise the head, as to indicate assent or agreement or confirmation|The teacher nodded when the student gave the right answer	v|let the head fall forward through drowsiness|The old man was nodding in his chair	v|sway gently back and forth, as in a nodding motion|the flowers were nodding in the breeze
nod off	v|change from a waking to a sleeping state|he always falls asleep during lectures
nodal rhythm	n|the normal cardiac rhythm when the heart is controlled by the atrioventricular node|
nodding	adj|having branches or flower heads that bend downward|nodding daffodils
nodding thistle	n|Eurasian perennial naturalized in eastern North America having very spiny white cottony foliage and nodding musky crimson flower heads; valuable source of nectar|
noddle	n|an informal British expression for head or mind|use your noddle
node	n|a connecting point at which several lines come together|	n|any thickened enlargement|	n|(botany) the small swelling that is the part of a plant stem from which one or more leaves emerge|	n|(physics) the point of minimum displacement in a periodic system|
nodes of ranvier	n|small gaps in the myelin sheath of medullated axons|
nodular	adj|relating to or characterized by or having nodules|Nodular vaginitis	adj|having nodules or occurring in the form of nodules|nodular ores
nodulated	adj|having nodules or occurring in the form of nodules|nodular ores
nodule	n|a small node|	n|small rounded wartlike protuberance on a plant|	n|(mineralogy) a small rounded lump of mineral substance (usually harder than the surrounding rock or sediment)|
noduled	adj|having nodules or occurring in the form of nodules|nodular ores
nodulose	adj|having minute nodules|
noel	n|period extending from Dec. 24 to Jan. 6|
noel coward	n|English dramatist and actor and composer noted for his witty and sophisticated comedies (1899-1973)|
noemi	n|the mother-in-law of Ruth whose story is told in the Book of Ruth in the Old Testament|
noesis	n|the psychological result of perception and learning and reasoning|
noether	n|German mathematician (1882-1935)|
noetic	adj|of or associated with or requiring the use of the mind|intellectual problems
nog	n|a wooden pin pushed or driven into a surface|	n|a wooden block built into a masonry wall so that joinery structure can be nailed to it|
nogales	n|a town in Arizona on the Mexican border opposite Nogales, Mexico|	n|a town in northern Mexico on the border of Arizona|
noggin	n|informal terms for a human head|
nogging	n|rough brick masonry used to fill in the gaps in a wooden frame|
nohow	adv|in no manner; in no way|We could nohow make out his handwriting
noise	n|sound of any kind (especially unintelligible or dissonant sound)|he enjoyed the street noises	n|the auditory experience of sound that lacks musical quality; sound that is a disagreeable auditory experience|modern music is just noise to me	n|electrical or acoustic activity that can disturb communication|	n|a loud outcry of protest or complaint|the announcement of the election recount caused a lot of noise
noise conditions	n|the condition of being noisy (as in a communication channel)|
noise level	n|the amplitude level of the undesired background noise|
noise pollution	n|annoying and potentially harmful environmental noise|
noiseless	adj|making no sound|th' inaudible and noiseless foot of time"- Shakespeare
noiselessly	adv|without a sound|he stood up soundlessly and speechlessly and glided across the hallway and through a door
noiselessness	n|the property of making no noise|
noisemaker	n|a device (such as a clapper or bell or horn) used to make a loud noise at a celebration|
noisily	adv|with much noise or loud and unpleasant sound|he blew his nose noisily
noisiness	n|the auditory effect characterized by loud and constant noise|
noisome	adj|causing or able to cause nausea|a nauseating smell	adj|offensively malodorous|a foul odor
noisomeness	n|the quality of being noxious|
noisy	adj|full of or characterized by loud and nonmusical sounds|a noisy cafeteria	adj|attracting attention by showiness or bright colors|a noisy sweater
nol pros	n|an entry in the court record to the effect that the plaintiff or prosecutor will not proceed|
nol.pros.	v|drop prosecution of by entering a nolle prosequi in the court records|They nolle prossed the charge
noli-me-tangere	n|a cancerous ulcer of soft tissue and bone|
nolle pros	v|drop prosecution of by entering a nolle prosequi in the court records|They nolle prossed the charge
nolle prosequi	n|an entry in the court record to the effect that the plaintiff or prosecutor will not proceed|	v|drop prosecution of by entering a nolle prosequi in the court records|They nolle prossed the charge
nolo contendere	n|(law) an answer of `no contest' by a defendant who does not admit guilt but that subjects him to conviction|
nom de guerre	n|a fictitious name used when the person performs a particular social role|
nom de plume	n|an author's pseudonym|
noma	n|acute ulceration of the mucous membranes of the mouth or genitals; often seen in undernourished children|
nomad	n|a member of a people who have no permanent home but move about according to the seasons|
nomadic	adj|migratory|a restless mobile society
nombril	n|the center point on a shield|
nome	n|a town in western Alaska on the southern coast of the Seward Peninsula; an important center of an Alaskan gold rush at the beginning of the 20th century|
nomenclature	n|a system of words used to name things in a particular discipline|legal terminology
nomenklatura	n|the system of patronage in communist countries; controlled by committees in the Communist Party|
nomia	n|a genus of bee; some are important pollinators of legumes|
nominal	adj|relating to or constituting or bearing or giving a name|the Russian system of nominal brevity	adj|insignificantly small; a matter of form only (`tokenish' is informal)|the fee was nominal	adj|pertaining to a noun or to a word group that functions as a noun|nominal phrase	adj|of, relating to, or characteristic of an amount that is not adjusted for inflation|the nominal GDP
nominal aphasia	n|inability to name objects or to recognize written or spoken names of objects|
nominal damages	n|(law) a trivial sum (usually $1.00) awarded as recognition that a legal injury was sustained (as for technical violations of a contract)|
nominal head	n|a person used as a cover for some questionable activity|
nominal phrase	n|a phrase that can function as the subject or object of a verb|
nominal value	n|the value of a security that is set by the company issuing it; unrelated to market value|
nominalism	n|(philosophy) the doctrine that the various objects labeled by the same term have nothing in common but their name|
nominalist	n|a philosopher who has adopted the doctrine of nominalism|
nominalistic	adj|of or relating to nominalism|
nominally	adv|in name only|nominally he is the boss
nominate	v|propose as a candidate for some honor|	v|put forward; nominate for appointment to an office or for an honor or position|The President nominated her as head of the Civil Rights Commission	v|charge with a function; charge to be|She was named Head of the Committee	v|create and charge with a task or function|nominate a committee
nominated	adj|appointed by nomination|
nominating address	n|an address (usually at a political convention) proposing the name of a candidate to run for election|the nomination was brief and to the point
nominating speech	n|an address (usually at a political convention) proposing the name of a candidate to run for election|the nomination was brief and to the point
nomination	n|the act of officially naming a candidate|the Republican nomination for Governor	n|the condition of having been proposed as a suitable candidate for appointment or election|there was keen competition for the nomination	n|an address (usually at a political convention) proposing the name of a candidate to run for election|the nomination was brief and to the point
nominative	adj|serving as or indicating the subject of a verb and words identified with the subject of a copular verb|nominative noun endings	adj|named; bearing the name of a specific person|nominative shares of stock	adj|appointed by nomination|	n|the category of nouns serving as the grammatical subject of a verb|
nominative case	n|the category of nouns serving as the grammatical subject of a verb|
nominator	n|someone who proposes a candidate for appointment or election|
nominee	n|a politician who is running for public office|
nomogram	n|a graphic representation of numerical relations|
nomograph	n|a graphic representation of numerical relations|
nomothetic	adj|relating to or involving the search for abstract universal principles|
non	adv|negation of a word or group of words|he does not speak French
non compos mentis	adj|not of sound mind, memory, or understanding; in law, not competent to go to trial|
non pros	n|a judgment entered in favor of the defendant when the plaintiff has not continued his action (e.g., has not appeared in court)|
non prosequitur	n|a judgment entered in favor of the defendant when the plaintiff has not continued his action (e.g., has not appeared in court)|
non sequitur	n|a reply that has no relevance to what preceded it|	n|(logic) a conclusion that does not follow from the premises|
non vult	n|(law) an answer of `no contest' by a defendant who does not admit guilt but that subjects him to conviction|
non-aromatic	adj|not aromatic|
non-automatic	adj|operated by hand|
non-buoyant	adj|tending to sink in a liquid or fall in air|
non-cash expense	n|an expense (such as depreciation) that is not paid for in cash|
non-catholic	n|a religious person who is not a Catholic|
non-christian priest	n|a person who performs religious duties and ceremonies in a non-Christian religion|
non-conducting	adj|not able to conduct heat or electricity or sound|
non-dedicated file server	n|(computer science) a file server that can be used simultaneously as a workstation|
non-discrimination	n|fairness in treating people without prejudice|
non-elective	adj|filled by appointment rather than by election|a nonelective office
non-engagement	n|withdrawing from the activities of a group|
non-euclidean geometry	n|(mathematics) geometry based on axioms different from Euclid's|non-Euclidean geometries discard or replace one or more of the Euclidean axioms
non-finite	adj|(of verbs) not having tense, person, or number (as a participle or gerund or infinitive)|infinite verb form
non-flowering plant	n|a plant that does not bear flowers|
non-insulin-dependent diabetes	n|mild form of diabetes mellitus that develops gradually in adults; can be precipitated by obesity or severe stress or menopause or other factors; can usually be controlled by diet and hypoglycemic agents without injections of insulin|
non-insulin-dependent diabetes mellitus	n|mild form of diabetes mellitus that develops gradually in adults; can be precipitated by obesity or severe stress or menopause or other factors; can usually be controlled by diet and hypoglycemic agents without injections of insulin|
non-invertible	adj|not admitting an additive or multiplicative inverse|
non-involvement	n|withdrawing from the activities of a group|
non-ionic detergent	n|a class of synthetic detergents in which the molecules do not ionize in aqueous solutions|
non-issue	n|the state of something that has outlived its relevance|
non-jew	n|a Christian as contrasted with a Jew|
non-living	adj|not endowed with life|the inorganic world is inanimate
non-market economy	n|an economy that is not a market economy|
non-metric	adj|not based on the meter as a standard of measurement|
non-miscible	adj|(chemistry, physics) incapable of mixing|
non-negotiable	adj|cannot be bought or sold|
non-nucleoside reverse transcriptase inhibitor	n|an antiviral drug used against HIV; binds directly to reverse transcriptase and prevents RNA conversion to DNA; often used in combination with other drugs|
non-paying	adj|paying nothing|non-paying guests
non-poisonous	adj|not producing poison|	adj|safe to eat|
non-profit-making	adj|not commercially motivated|
non-proliferation	n|the prevention of something increasing or spreading (especially the prevention of an increase in the number of countries possessing nuclear weapons)|they protested that the nonproliferation treaty was just a plot to maintain the hegemony of those who already had nuclear weapons
non-resinous	adj|not having resin|
non-resiny	adj|not having resin|
non-resistant	n|a reformer who believes in passive resistance|
non-slave	adj|where slavery was prohibited|a free-soil state
non-standard speech	n|speech that differs from the usual accepted, easily recognizable speech of native adult members of a speech community|
non-u	adj|not characteristic of the upper classes especially in language use|
non-ugric	n|one of two branches of the Finno-Ugric languages; a family of languages including Finnish and Estonian (but not Hungarian)|
non-verbally	adv|without words|they communicated nonverbally
non-volatile storage	n|computer storage that is not lost when the power is turned off|
non-water-soluble	adj|not soluble in water|
non-zero	adj|not involving zero|
nonabsorbency	n|the property of not being absorbent|
nonabsorbent	adj|not capable of absorbing or soaking up (liquids)|
nonabsorptive	adj|not capable of absorbing or soaking up (liquids)|
nonacceptance	n|the act of refusing an offer|the turndown was polite but very firm
nonaccomplishment	n|an act that does not achieve its intended goal|
nonachievement	n|an act that does not achieve its intended goal|
nonachiever	n|a student who does not perform as well as expected or as well as the IQ indicates|
nonadaptive	adj|(of a trait or condition) failing to serve an adjustive purpose|dysfunctional behavior
nonaddictive	adj|not causing or characterized by addiction|for years tobacco companies have contended that tobacco is nonaddictive
nonadhesive	adj|not tending to adhere|
nonadjacent	adj|not adjacent; not next|
nonadsorbent	adj|lacking a capacity to adsorb or cause to accumulate on a surface|
nonadsorptive	adj|lacking a capacity to adsorb or cause to accumulate on a surface|
nonage	n|any age prior to the legal age|
nonaged	adj|not of legal age|minor children
nonagenarian	adj|being from 90 to 99 years old|the nonagenarian inhabitants of the nursing home	n|someone whose age is in the nineties|
nonaggression	n|a policy of not initiating hostilities|they signed a nonaggression pact
nonaggressive	adj|not aggressive; not given to fighting or assertiveness|
nonagon	n|a nine-sided polygon|
nonalcoholic	adj|characterized by the absence of alcohol|nonalcoholic beverages
nonaligned	adj|not affiliated with any faction, party, or cause|
nonalignment	n|people (or countries) who are not aligned with other people (or countries) in a pact or treaty|
nonalinement	n|people (or countries) who are not aligned with other people (or countries) in a pact or treaty|
nonallele	n|genes that are not competitors at the same locus|
nonappearance	n|failure to appear (especially as at court)|
nonappointive	adj|filled by popular election rather than by appointment|
nonarbitrable	adj|not appropriate for or subject to arbitration|
nonarbitrary	adj|not subject to individual determination|
nonarboreal	adj|not inhabiting or frequenting trees|
nonassertive	adj|not aggressively self-assured, though not necessarily lacking in confidence|she was quiet and nonassertive as she took control
nonassociative	adj|not associative|
nonastringent	adj|not astringent|
nonattendance	n|the failure to attend|
nonattender	n|someone who shirks duty|
nonautonomous	adj|(of peoples and political bodies) controlled by outside forces|
nonbearing	adj|(of a structural member) supporting no vertical weight other than its own|they took out a nonbearing wall
nonbeing	n|the state of not being|
nonbeliever	n|someone who refuses to believe (as in a divinity)|
nonbelligerent	adj|not directly at war|nonbelligerent nations
nonbiodegradable pollution	n|pollution that accumulates in the environment and may appear in the food chain|
noncallable bond	n|a bond containing a provision that the holder cannot redeem the security before a specific date (usually at maturity)|
noncaloric	adj|of food have no (or few) calories|a noncaloric drink
noncandidate	n|someone who has announced they are not a candidate; especially a politician who has announced that he or she is not a candidate for some political office|
noncarbonated	adj|not having carbonation|
noncausal	adj|not causative|
noncausative	adj|not causative|
nonce	n|the present occasion|for the nonce
nonce word	n|a word with a special meaning used for a special occasion|
noncellular	adj|not made up of or divided into cells|
nonchalance	n|the trait of remaining calm and seeming not to care; a casual lack of concern|
nonchalant	adj|marked by blithe unconcern|an ability to interest casual students
nonchalantly	adv|in a composed and unconcerned manner|without more ado Barker borrowed a knife from his brigade Major and honed it on a carborundum stone as coolly as a butcher	adv|in an unconcerned manner|glanced casually at the headlines
nonchristian	adj|not believing in Christ|
nonchurchgoing	adj|no longer active or practicing|a lapsed Catholic
noncitizen	n|a person who comes from a foreign country; someone who does not owe allegiance to your country|
noncivilised	adj|not having a high state of culture and social development|
noncivilized	adj|not having a high state of culture and social development|
nonclassical	adj|not classical|
noncoding dna	n|sequence of a eukaryotic gene's DNA that is not translated into a protein|
noncollapsable	adj|not capable of collapsing|
noncollapsible	adj|not capable of collapsing|
noncolumned	adj|not having columns|
noncom	n|a military officer appointed from enlisted personnel|
noncombatant	adj|used of civilians in time of war|	adj|member of armed forces whose duties do not include fighting as e.g. a chaplain or surgeon|	n|a member of the armed forces who does not participate in combat (e.g. a chaplain or surgeon)|
noncombinative	adj|not involving combination|
noncombining	adj|not able to combine|
noncombustible	adj|not capable of igniting and burning|
noncommercial	adj|not connected with or engaged in commercial enterprises|
noncommissioned	adj|(of military officers) appointed from enlisted personnel|
noncommissioned officer	n|a military officer appointed from enlisted personnel|
noncommittal	adj|refusing to bind oneself to a particular course of action or view or the like|her boyfriend was noncommittal about their future together
noncommunicable	adj|(of disease) not capable of being passed on|
noncompetitive	adj|not involving competition or competitiveness|noncompetitive positions
noncompetitively	adv|in a noncompetitive manner|the scholarships will be awarded noncompetitively
noncompliance	n|the failure to obey|
noncompliant	adj|boldly resisting authority or an opposing force|brought up to be aggressive and defiant	n|a person who refuses to comply|
noncomprehensive	adj|not comprehensive|
noncomprehensively	adv|in a limited way|
nonconcentric	adj|not having a common center; not concentric|eccentric circles
nonconducting	adj|not able to conduct heat or electricity or sound|
nonconductive	adj|not able to conduct heat or electricity or sound|
nonconductor	n|a material such as glass or porcelain with negligible electrical or thermal conductivity|
nonconformance	n|a lack of orthodoxy in thoughts or beliefs|	n|failure to conform to accepted standards of behavior|
nonconforming	adj|not conforming to established customs or doctrines especially in religion|
nonconformism	n|a lack of orthodoxy in thoughts or beliefs|	n|the practice of nonconformity|
nonconformist	n|a Protestant in England who is not a member of the Church of England|	n|someone who refuses to conform to established standards of conduct|	adj|not conforming to some norm or socially approved pattern of behavior or thought|their rabidly nonconformist deportment has made them legendary	adj|not conforming to established customs or doctrines especially in religion|
nonconformity	n|lack of harmony or correspondence|	n|a lack of orthodoxy in thoughts or beliefs|	n|unorthodoxy as a consequence of not conforming to expected standards or values|	n|failure to conform to accepted standards of behavior|
nonconscious	adj|concerning mental functioning that is not represented in consciousness|nonconscious psychic processes	adj|relating to the lack of consciousness of inanimate things|
noncontagious	adj|(of disease) not capable of being passed on|
noncontentious	adj|of persons; not given to controversy|
noncontinuous	adj|not continuing without interruption in time or space|discontinuous applause
noncontroversial	adj|not likely to arouse controversy|
nonconvergent	adj|(of lines, planes, or surfaces) never meeting or crossing|
noncritical	adj|not critical; not at a point of abrupt change|	adj|not in a state of crisis or emergency|	adj|marked by disregard for critical standards or procedures|news sources reflected uncritical estimates of the number of juvenile addicts
noncrucial	adj|of little importance; not decisive|	adj|not in a state of crisis or emergency|
noncrystalline	adj|not crystalline|
noncurrent	adj|not current or belonging to the present time|
noncyclic	adj|not cyclic|	adj|not having repeated cycles|
noncyclical	adj|not cyclic|
nondeductible	adj|not allowable as a deduction|
nondenominational	adj|not restricted to a particular religious denomination|a nondenominational church
nondepository financial institution	n|a financial institution that funds their investment activities from the sale of securities or insurance|
nondescript	adj|lacking distinct or individual characteristics; dull and uninteresting|women dressed in nondescript clothes	n|a person is not easily classified and not very interesting|
nondevelopment	n|failure of normal development to occur|
nondigestible	adj|not digestible|
nondirectional antenna	n|an antenna that sends or receives signals equally in all directions|
nondiscretionary trust	n|an investment trust that can buy only those securities listed when the trust was organized|
nondisjunction	n|meiosis in which there is a failure of paired homologous chromosomes to separate; results in an abnormal number of chromosomes in the daughter cells|
nondisposable	adj|(of assets) unavailable for use|	adj|not designed to be thrown away after use|
nondrinker	n|a person who refrains from drinking intoxicating beverages|
nondriver	n|a person who is not a driver|
none	adv|not at all or in no way|seemed none too pleased with his dinner	adj|not any|thou shalt have none other gods before me	n|a canonical hour that is the ninth hour of the day counting from sunrise|	n|a service in the Roman Catholic Church formerly read or chanted at 3 PM (the ninth hour counting from sunrise) but now somewhat earlier|
nonechoic	adj|not echoic or imitative of sound|
noneffervescent	adj|not sparkling|a still wine	adj|not effervescent|
nonelected	adj|filled by appointment rather than by election|a nonelective office
nonelective	adj|filled by appointment rather than by election|a nonelective office
nonenterprising	adj|lacking in enterprise; not bold or venturesome|
nonentity	n|the state of not existing|	n|a person of no influence|
nonenzymatic	adj|not relating to or produced by enzymes|nonenzymatic systems
nonequivalence	n|not interchangeable|
nonequivalent	adj|not equal or interchangeable in value, quantity, or significance|
nones	n|the fifth of the seven canonical hours; about 3 p.m.|
nonessential	adj|not of prime or central importance|nonessential to the integral meanings of poetry"- Pubs.MLA	n|anything that is not essential|they discarded all their inessentials
nonesuch	n|model of excellence or perfection of a kind; one having no equal|
nonesuch clover	n|prostrate European herb with small yellow flowers and curved black pods; naturalized in North America|
nonetheless	adv|despite anything to the contrary (usually preceding a concession)|although I'm a little afraid, however I'd like to try it
nonevent	n|an anticipated event that turns out to be far less significant than was expected|
nonexempt	adj|(of goods or funds) subject to taxation|taxable income	adj|(of persons) not exempt from an obligation or liability|
nonexistence	n|the state of not existing|
nonexistent	adj|not having existence or being or actuality|chimeras are nonexistent
nonexplorative	adj|not exploratory|
nonexploratory	adj|not exploratory|
nonexplosive	adj|not explosive|nonexplosive gases
nonextant	adj|no longer in existence; lost or especially having died out leaving no living representatives|an extinct species of fish	adj|no longer existing or inaccessible through loss or destruction|its nonextant original was written on vellum"- G.B.Saul
nonextensile	adj|not extensile|
nonfat	adj|without fat or fat solids|nonfat or fat-free milk
nonfat dry milk	n|dehydrated skimmed milk|
nonfatal	adj|not bringing death|nonfatal heart attack
nonfeasance	n|a failure to act when under an obligation to do so; a refusal (without sufficient excuse) to do that which it is your legal duty to do|
nonfiction	n|prose writing that is not fictional|
nonfictional	adj|not fictional|
nonfictional prose	n|prose writing that is not fictional|
nonfigurative	adj|not representing or imitating external reality or the objects of nature|a large abstract painting
nonfinancial	adj|not involving financial matters|
nonfinite	adj|(of verbs) not having tense, person, or number (as a participle or gerund or infinitive)|infinite verb form
nonfissile	adj|not fissile|
nonfissionable	adj|not capable of undergoing fission|
nonflammable	adj|impossible to ignite|
nonflavored	adj|without flavoring added|
nonflavoured	adj|without flavoring added|
nonflowering	adj|without flower or bloom and not producing seeds|a flowerless plant
nonflowering plant	n|plants having vascular tissue and reproducing by spores|
nonfluent aphasia	n|aphasia in which expression by speech or writing is severely impaired|
nonfunctional	adj|not having or performing a function|	adj|not performing or able to perform its regular function|a malfunctioning valve
nonglutinous	adj|not resembling glue in texture|
nongonococcal urethritis	n|sexually transmitted urethritis (usually caused by chlamydia)|
nongovernmental organization	n|an organization that is not part of the local or state or federal government|
nongranular	adj|not having granules|clear nongranular cytoplasm
nongregarious	adj|of plants and animals; not growing or living in groups or colonies|solitary bees
nonhairy	adj|without hair|tinea corporis is a fungal infection of the nonhairy parts of the skin
nonharmonic	adj|not harmonic|a nonharmonic note
nonhereditary	adj|not acquirable by inheritance|
nonheritable	adj|not inheritable|
nonhierarchic	adj|not classified hierarchically|
nonhierarchical	adj|not classified hierarchically|
nonhuman	adj|not human; not belonging to or produced by or appropriate to human beings|nonhuman primates such as chimpanzees
nonimitative	adj|not marked by or given to imitation|
nonimmune	adj|(often followed by `to') likely to be affected with|liable to diabetes
nonindulgence	n|the trait of great self-denial (especially refraining from worldly pleasures)|
nonindulgent	adj|characterized by strictness, severity, or restraint|
nonindustrial	adj|not having highly developed manufacturing enterprises|a nonindustrial society
noninfectious	adj|not infectious|
noninflammatory	adj|not inflammatory|
noninheritable	adj|not inheritable|
noninstitutional	adj|not institutional|
noninstitutionalised	adj|not committed to an institution|
noninstitutionalized	adj|not committed to an institution|
nonintegrated	adj|not integrated; not taken into or made a part of a whole|
nonintellectual	adj|not intellectual|
noninterchangeable	adj|such that the terms of an expression cannot be interchanged without changing the meaning|the arguments of the symmetric relation, `is the father of', are noninterchangeable
noninterference	n|a foreign policy of staying out of other countries' disputes|
nonintersecting	adj|(of lines, planes, or surfaces) never meeting or crossing|
nonintervention	n|a foreign policy of staying out of other countries' disputes|
noninvasive	adj|relating to a technique that does not involve puncturing the skin or entering a body cavity|
nonionic	adj|not converted into ions|	adj|not ionic|a nonionic substance
nonionised	adj|not converted into ions|
nonionized	adj|not converted into ions|
nonjudgmental	adj|refraining from making judgments especially ones based on personal opinions or standards|sympathetic and nonjudgmental
nonkosher	adj|not conforming to dietary laws|
nonleaded	adj|(of gasoline) not containing tetraethyl lead|lead-free gasoline
nonlegal	adj|not regulated or sanctioned by law|there were only extralegal recourses for their grievances
nonlethal	adj|not capable of causing death|
nonlexical	adj|not relating to words|nonlexical morphemes
nonlexically	adv|without the use of words|expressed nonlexically
nonlinear	adj|designating or involving an equation whose terms are not of the first degree|
nonlinear correlation	n|any correlation in which the rates of change of the variables is not constant|
nonlinear distortion	n|distortion that occurs when the output signal does not have a linear relation to the input signal|
nonlinear system	n|a system whose performance cannot be described by equations of the first degree|
nonlinguistic	adj|not consisting of or related to language|depended on his nonlinguistic skills
nonliteral	adj|(used of the meanings of words or text) not literal; using figures of speech|figurative language
nonliterary	adj|marked by lack of affectation or pedantry|her talk was very unliterary"- W.D.Howells
nonliterate	adj|used of a society that has not developed writing|
nonliving	adj|not endowed with life|the inorganic world is inanimate
nonmagnetic	adj|not capable of being magnetized|
nonmalignant neoplasm	n|a tumor that is not cancerous|
nonmalignant tumor	n|a tumor that is not cancerous|
nonmalignant tumour	n|a tumor that is not cancerous|
nonmandatory	adj|not required by rule or law|
nonmaterial	adj|not consisting of matter|immaterial apparitions
nonmeaningful	adj|having no meaning or direction or purpose|a meaningless endeavor
nonmechanical	adj|not mechanical|	adj|(of a person) lacking mechanical skills|
nonmechanistic	adj|not mechanistic|
nonmedicinal	adj|not having a medicinal effect or not medically prescribed|he took mind-altering drugs for nonmedicinal reasons
nonmember	n|a person who is not a member|
nonmetal	adj|not containing or resembling or characteristic of a metal|nonmetallic elements	n|a chemical element lacking typical metallic properties|
nonmetallic	adj|not containing or resembling or characteristic of a metal|nonmetallic elements
nonmetamorphic	adj|not metamorphic|
nonmigratory	adj|used of animals that do not migrate|
nonmilitary	adj|not associated with soldiers or the military|unmilitary circles of government
nonmodern	adj|not modern; of or characteristic of an earlier time|
nonmonotonic	adj|not monotonic|
nonmotile	adj|(of spores or microorganisms) not capable of movement|
nonmoving	adj|not in motion|
nonmusical	adj|lacking interest in or talent for music|too unmusical to care for concerts	adj|not musical in nature|the unmusical cry of the bluejay
nonnative	adj|not being or composed of aborigines|the nonnative population of South Africa	adj|of persons born in another area or country than that lived in|our large nonnative population	adj|of plants or animals originating in a part of the world other than where they are growing|
nonnatural	adj|existing outside of or not in accordance with nature|find transcendental motives for sublunary action"-Aldous Huxley
nonnegative	adj|either positive or zero|
nonnomadic	adj|not nomadic or wandering|nonnomadic people
nonnormative	adj|not based on a norm|
nonobjective	adj|not representing or imitating external reality or the objects of nature|a large abstract painting
nonobligatory	adj|not required by rule or law|
nonobservance	n|a lack of conformity with law or custom or practice etc.|
nonobservant	adj|failing or refusing to observe religious customs|
nonoccurrence	n|absence by virtue of not occurring|
nonopening	adj|not open; not opening|
nonoperational	adj|(military) not involved in military operations|
nonoscillatory	adj|not having periodic vibrations|
nonparallel	adj|of or relating to the sequential performance of multiple operations|serial processing	adj|(of e.g. lines or paths) not parallel; converging|
nonparametric	adj|not involving an estimation of the parameters of a statistic|
nonparametric statistic	n|a statistic computed without knowledge of the form or the parameters of the distribution from which observations are drawn|
nonparametric statistics	n|the branch of statistics dealing with variables without making assumptions about the form or the parameters of their distribution|
nonparasitic	adj|not parasitic on another organism|
nonpareil	adj|eminent beyond or above comparison|matchless beauty	n|model of excellence or perfection of a kind; one having no equal|	n|colored beads of sugar used as a topping on e.g. candies and cookies|	n|a flat disk of chocolate covered with beads of colored sugar|
nonparticipant	n|a person who does not participate|
nonparticipation	n|withdrawing from the activities of a group|
nonparticulate	adj|not composed of distinct particles|
nonparticulate radiation	n|radiation consisting of waves of energy associated with electric and magnetic fields resulting from the acceleration of an electric charge|
nonpartisan	adj|free from party affiliation or bias|	n|a person who is nonpartisan|
nonpartisanship	n|an inclination to weigh both views or opinions equally|
nonpartizan	adj|free from party affiliation or bias|	n|a person who is nonpartisan|
nonpasserine	adj|relating to or characteristic of birds that are not perching birds|
nonpasserine bird	n|chiefly arboreal birds especially of the order Coraciiformes|
nonpayment	n|act of failing to meet a financial obligation|	n|loss resulting from failure of a debt to be paid|	n|the deliberate act of failing to pay money|his evasion of all his creditors
nonperformance	n|failure to act with the prudence that a reasonable person would exercise under the same circumstances|
nonperiodic	adj|not recurring at regular intervals|
nonperson	n|a person regarded as nonexistent and having no rights; a person whose existence is systematically ignored (especially for ideological or political reasons)|the former senator is treated as a nonperson by this administration
nonpersonal	adj|lacking personality|nonpersonal forces
nonphotosynthetic	adj|not photosynthetic|
nonphysical	adj|lacking substance or reality; incapable of being touched or seen|that intangible thing--the soul
nonplus	v|be a mystery or bewildering to|This beats me!
nonplused	adj|filled with bewilderment|at a loss to understand those remarks
nonplussed	adj|filled with bewilderment|at a loss to understand those remarks
nonpoisonous	adj|not producing poison|	adj|safe to eat|
nonpolar	adj|not ionic|a nonionic substance
nonpolitical	adj|not political|
nonporous	adj|not porous; especially not having vessels that appear as pores|nonporous wood
nonpregnant	adj|not pregnant|
nonprehensile	adj|not prehensile|
nonprescription	adj|purchasable without a doctor's prescription|nonprescription drugs
nonproductive	adj|not directly productive|nonproductive labor
nonprofessional	adj|not professional; not engaged in a profession or engaging in as a profession or for gain|the nonprofessional wives of his male colleagues
nonprofit	adj|not commercially motivated|	n|an organization chartered for other than profit-making activities|
nonprofit organization	n|an organization chartered for other than profit-making activities|
nonprognosticative	adj|not offering prognostications|
nonprogressive	adj|old-fashioned and out of date|
nonproliferation	n|the prevention of something increasing or spreading (especially the prevention of an increase in the number of countries possessing nuclear weapons)|they protested that the nonproliferation treaty was just a plot to maintain the hegemony of those who already had nuclear weapons
nonproliferation center	n|an agency that serves as the focal point for all Intelligence Community activities related to nonproliferation of weapons of mass destruction and their missile delivery systems|
nonproprietary	adj|not protected by trademark or patent or copyright|nonproprietary products are in the public domain and anyone can produce or distribute them
nonprotractile	adj|not extensile|
nonpsychoactive	adj|not affecting the mind or mental processes|a nonpsychoactive pain reliever
nonpublic	adj|not invested with or related to prominent position or status etc.|
nonpurulent	adj|not containing pus|
nonracial	adj|not racial; having nothing to do with race or races|his remarks were intended to be completely nonracial
nonracist	adj|unprejudiced about race|
nonradioactive	adj|not radioactive|
nonrandom	adj|not random|
nonrapid eye movement	n|a recurring sleep state during which rapid eye movements do not occur and dreaming does not occur; accounts for about 75% of normal sleep time|
nonrapid eye movement sleep	n|a recurring sleep state during which rapid eye movements do not occur and dreaming does not occur; accounts for about 75% of normal sleep time|
nonrational	adj|not based on reason|there is a great deal that is nonrational in modern culture	adj|obtained through intuition rather than from reasoning or observation|
nonreader	n|a student who is very slow in learning to read|	n|a person unable to read|
nonreciprocal	adj|not reciprocal|
nonreciprocating	adj|not moving alternately forward and backward|
nonrecreational	adj|involving gainful employment in something often done as a hobby|
nonreflecting	adj|not capable of physical reflection|
nonreflective	adj|not capable of physical reflection|
nonreligious person	n|a person who does not manifest devotion to a deity|
nonremittal	n|act of failing to meet a financial obligation|	n|loss resulting from failure of a debt to be paid|
nonrenewable	adj|that can not be renewed|books on that shelf are unrenewable
nonrepetitive	adj|marked by the absence of repetition|nonrepetitive DNA sequence
nonrepresentational	adj|of or relating to a style of art in which objects do not resemble those known in physical nature|
nonrepresentative	adj|not standing for something else|
nonresident	adj|not living in a particular place or owned by permanent residents|nonresident students who commute to classes	n|someone who does not live in a particular place|described by an admiring nonresident as a green and pleasant land
nonresidential	adj|not residential|the commercial or nonresidential areas of a town
nonresilient	adj|not resilient|
nonresinous	adj|not having resin|
nonresiny	adj|not having resin|
nonresistance	n|group refusal to resort to violence even in defense against violence|
nonresistant	adj|(often followed by `to') likely to be affected with|liable to diabetes	adj|not resistant|
nonresonant	adj|not reverberant; lacking a tendency to reverberate|
nonrestrictive	adj|not limiting the reference of a modified word or phrase|the nonrestrictive clause in `I always buy his books, which have influenced me greatly,' refers to his books generally and adds an additional fact about them
nonrestrictive clause	n|a subordinate clause that does not limit or restrict the meaning of the noun phrase it modifies|
nonreticulate	adj|not resembling or forming a network|
nonretractable	adj|not capable of being retracted|
nonretractile	adj|not capable of being retracted|
nonreturnable	adj|that may not be returned|nonreturnable bottles cannot be exchanged for a deposit
nonreversible	adj|not reversible or capable of having either side out|
nonrhythmic	adj|deliberately not rhythmic|
nonrigid	adj|designating an airship having a shape maintained only by internal gas pressure and without a supporting structure|
nonruminant	adj|not ruminant|
nonsectarian	adj|not restricted to one sect or school or party|religious training in a nonsectarian atmosphere
nonsegmental	adj|having a body that is not divided into segments|unsegmented worms
nonsegregated	adj|rid of segregation; having had segregation ended|
nonsense	adj|having no intelligible meaning|nonsense syllables	n|a message that seems to convey no meaning|	n|ornamental objects of no great value|
nonsense verse	n|nonsensical writing (usually verse)|
nonsensical	adj|so unreasonable as to invite derision|the absurd excuse that the dog ate his homework	adj|having no intelligible meaning|nonsense syllables
nonsensicality	n|a message that seems to convey no meaning|
nonsensitive	adj|never having had security classification|
nonsexual	adj|not having or involving sex|an asexual spore
nonsignificant	adj|attributable to chance|
nonsingular matrix	n|a square matrix whose determinant is not zero|
nonskid	adj|designed to reduce or prevent skidding|nonskid tires
nonslip	adj|designed to reduce or prevent slipping|a nonslip surface
nonslippery	adj|not slippery; not likely to slip or skid|
nonsmoker	n|a person who does not smoke tobacco|	n|a passenger car for passengers who want to avoid tobacco smoke|
nonsmoking car	n|a passenger car for passengers who want to avoid tobacco smoke|
nonsocial	adj|of plants and animals; not growing or living in groups or colonies|solitary bees
nonsocial infection	n|an infection that is acquired at a hospital or other healthcare facility|
nonsolid color	n|a color produced by a pattern of differently colored dots that together simulate the desired color|
nonsolid colour	n|a color produced by a pattern of differently colored dots that together simulate the desired color|
nonsovereign	adj|(of peoples and political bodies) controlled by outside forces|
nonspatial	adj|not spatial|a nonspatial continuum
nonspeaking	adj|not capable of or especially not involving speech or spoken lines|had a nonspeaking role in the play
nonspecific	adj|not caused by a specific agent; used also of staining in making microscope slides|nonspecific enteritis
nonspecific urethritis	n|inflammation of the urethra of unknown cause|
nonspecifically	adv|without specificity|nonspecifically staining substances
nonspherical	adj|not spherical|
nonstandard	adj|not conforming to the language usage of a prestige group within a community|a nonstandard dialect is one used by uneducated speakers or socially disfavored groups	adj|varying from or not adhering to a standard|nonstandard windows	adj|not standard; not accepted as a model of excellence|a nonstandard text
nonstarter	n|a person with a record of failing; someone who loses consistently|	n|a horse that fails to run in a race for which it has been entered|
nonsteroid	n|an organic compound that does no contain a steroid|
nonsteroidal	adj|not steroidal or not having the effects of steroid hormones|	n|an organic compound that does no contain a steroid|
nonsteroidal anti-inflammatory	n|an anti-inflammatory drug that does not contain steroids|NSAIDs inhibit the activity of both Cox-1 and Cox-2 enzymes
nonsteroidal anti-inflammatory drug	n|an anti-inflammatory drug that does not contain steroids|NSAIDs inhibit the activity of both Cox-1 and Cox-2 enzymes
nonstick	adj|(of surfaces especially of cooking utensils) permitting easy removal of adherent food particles|a frying pan with a nonstick surface
nonstop	adj|(of a journey especially a flight) occurring without stops|a nonstop flight to Atlanta	adj|at all times|around-the-clock nursing care	adv|without stopping|we are flying nonstop form New York to Tokyo	n|a flight made without intermediate stops between source and destination|how many nonstops are there to Dallas?
nonstop flight	n|a flight made without intermediate stops between source and destination|how many nonstops are there to Dallas?
nonstructural	adj|not structural|
nonsubjective	adj|undistorted by emotion or personal bias; based on observable phenomena|an objective appraisal
nonsubmergible	adj|not submersible or submergible|
nonsubmersible	adj|not submersible or submergible|
nonsuch	n|model of excellence or perfection of a kind; one having no equal|
nonsuppurative	adj|not suppurative|
nonsurgical	adj|not surgical|nonsurgical techniques
nonsweet	adj|not containing sugar|
nonsyllabic	adj|not forming a syllable or the nucleus of a syllable; consisting of a consonant sound accompanied in the same syllable by a vowel sound or consisting of a vowel sound dominated by other vowel sounds in a syllable (as the second vowel in a falling diphthong)|the nonsyllabic `n' in `botany' when it is pronounced `botny'	adj|(of speech sounds) not forming or capable of forming the nucleus of a syllable|initial `l' in `little' is nonsyllabic
nonsymbiotic	adj|not parasitic on another organism|
nonsynchronous	adj|not occurring together|
nonsynthetic	adj|involving or derived from living organisms; free from chemical treatments or additives|organic gardening is more natural
nontaxable	adj|(of goods or funds) not subject to taxation|the funds of nonprofit organizations are nontaxable
nontechnical	adj|not characteristic of or skilled in applied arts and sciences|nontechnical aspects of the job
nontelescopic	adj|not telescopic|
nontelescoping	adj|not telescopic|
nonterritorial	adj|not displaying territoriality|a nonterritorial species
nontextual matter	n|photographs or other visual representations in a printed publication|the publisher was responsible for all the artwork in the book
nonthermal	adj|not involving heat|nonthermal luminescence
nonthrombocytopenic purpura	n|purpura resulting from a defect in the capillaries caused by bacteria or drugs|
nontoxic	adj|not producing or resulting from poison|	adj|safe to eat|
nontraditional	adj|not conforming to or in accord with tradition|nontraditional designs
nontransferable	adj|incapable of being transferred|
nontranslational	adj|of or relating to movement that is not uniform or not without rotation|
nontransmissible	adj|not acquirable by inheritance|	adj|(of disease) not capable of being passed on|
nontricyclic	n|a class of antidepressant drugs that are not tricyclic drugs and do not act by inhibiting MAO|
nontricyclic antidepressant	n|a class of antidepressant drugs that are not tricyclic drugs and do not act by inhibiting MAO|
nontricyclic antidepressant drug	n|a class of antidepressant drugs that are not tricyclic drugs and do not act by inhibiting MAO|
nontricyclic drug	n|a class of antidepressant drugs that are not tricyclic drugs and do not act by inhibiting MAO|
nonturbulent	adj|(of a liquid) not turbulent|nonturbulent flow
nonuniform	adj|not homogeneous|
nonuniformity	n|the quality of being diverse and interesting|
nonunion	adj|not belonging to or not allowing affiliation with a trade union|nonunion carpenters
nonunionised	adj|not affiliated in a trade union|the workers in the plant were unorganized
nonunionized	adj|not affiliated in a trade union|the workers in the plant were unorganized
nonuple	adj|having nine units or components|
nonvascular organism	n|organisms without vascular tissue: e.g. algae, lichens, fungi, mosses|
nonvascular plant	n|any of numerous plants of the division Bryophyta|
nonvenomous	adj|not producing venom|nonvenomous snakes
nonverbal	adj|being other than verbal communication|the study of gestural communication	adj|lacking verbal skill|rural students often come from nonverbal backgrounds	adj|involving little use of language|a nonverbal intelligence test
nonverbal intelligence	n|intelligence that is manifested in the performance of tasks requiring little or no use of language|
nonverbally	adv|without words|they communicated nonverbally
nonviable	adj|not capable of living or developing successfully|
nonviolence	n|peaceful resistance to a government by fasting or refusing to cooperate|
nonviolent	adj|abstaining (on principle) from the use of violence|	adj|achieved without bloodshed|an unbloody transfer of power
nonviolent resistance	n|peaceful resistance to a government by fasting or refusing to cooperate|
nonviolently	adv|without violence|the government was overthrown nonviolently, but the dictator was killed
nonviscid	adj|not resembling glue in texture|
nonvisual	adj|not resulting in vision|nonvisual stimuli
nonvolatile	adj|not volatilizing readily|a nonvolatile acid
nonvolatile storage	n|computer storage that is not lost when the power is turned off|
nonvolatilisable	adj|not volatilizing readily|a nonvolatile acid
nonvolatilizable	adj|not volatilizing readily|a nonvolatile acid
nonvoluntary	adj|not subject to the control of the will|involuntary manslaughter
nonwashable	adj|not washable|
nonwoody	adj|not woody; not consisting of or resembling wood|
nonworker	n|a person who does nothing|
noodle	n|a ribbonlike strip of pasta|	n|informal terms for a human head|
nook	n|a sheltered and secluded place|	n|an interior angle formed by two meeting walls|a piano was in one corner of the room
nook and cranny	n|something remote|he explored every nook and cranny of science
nookie	n|slang for sexual intercourse|
nooks and crannies	n|something remote|he explored every nook and cranny of science
nooky	n|slang for sexual intercourse|
noon	n|the middle of the day|
noonan's syndrome	n|syndrome seen only in males; marked by short stature and lowset ears and subnormal fertility|
noonday	n|the middle of the day|
noontide	n|the middle of the day|
noose	n|a trap for birds or small mammals; often has a slip noose|	n|a loop formed in a cord or rope by means of a slipknot; it binds tighter as the cord or rope is pulled|	v|make a noose in or of|	v|secure with a noose|
nootka	n|a member of the Wakashan people living on Vancouver Island and in the Cape Flattery region of northwestern Washington|	n|a Wakashan language spoken by the Nootka|
nootka cypress	n|tall evergreen of the Pacific coast of North America often cultivated for ornament|
nopal	n|cactus having yellow flowers and purple fruits|	n|any of several cacti of the genus Nopalea resembling prickly pears|
nopalea	n|a genus of the cactus family with scarlet flowers|
nor'-east	adv|to, toward, or in the northeast|	n|the compass point midway between north and east; at 45 degrees|
nor'-nor'-east	adv|to, toward, or in the north-northeast|	n|the compass point that is midway between north and northeast|
nor'-nor'-west	adv|to, toward, or in the north-northwest|	n|the compass point that is midway between north and northwest|
nor'-west	adv|to, toward, or in the northwest|	n|the compass point midway between north and west; at 315 degrees|
nor-q-d	n|trade name for an oral contraceptive containing norethindrone|
noradrenaline	n|a catecholamine precursor of epinephrine that is secreted by the adrenal medulla and also released at synapses|
nord-pas-de-calais	n|a region in northeastern France|
nordic	adj|of or relating to or constituting the Scandinavian group of languages|Nordic languages have a gender system	adj|relating to Germany and Scandinavia|Hitler wanted Nordic people to rule Europe	adj|resembling peoples of Scandinavia|	n|the northern family of Germanic languages that are spoken in Scandinavia and Iceland|
noreaster	n|a storm blowing from the northeast|
noreg	n|a constitutional monarchy in northern Europe on the western side of the Scandinavian Peninsula; achieved independence from Sweden in 1905|
norepinephrine	n|a catecholamine precursor of epinephrine that is secreted by the adrenal medulla and also released at synapses|
norethandrolone	n|a synthetic progestational hormone (trade name Norlutin) used in oral contraceptives and to treat endometriosis|
norethindrone	n|a synthetic progestational hormone (trade name Norlutin) used in oral contraceptives and to treat endometriosis|
norethindrone acetate	n|a synthetic progestational hormone (trade name Norlutin) used in oral contraceptives and to treat endometriosis|
norethynodrel	n|a progesterone derivative used in oral contraceptives and in the control of menstruation and the treatment of abnormal uterine bleeding|
norflex	n|a skeletal muscle relaxant (trade name Norflex) used to treat severe muscle strain and Parkinsonism|
norfolk island	n|an island territory of Australia in the Pacific Ocean off the eastern coast of Australia; formerly a British penal colony|
norfolk island pine	n|evergreen of Australia and Norfolk Island in the South Pacific|
norfolk jacket	n|loose-fitting single-breasted jacket|
norfolk terrier	n|English breed of small terrier with a straight wiry grizzled coat and dropped ears|
norfolk wherry	n|sailing barge used especially in East Anglia|
norge	n|a constitutional monarchy in northern Europe on the western side of the Scandinavian Peninsula; achieved independence from Sweden in 1905|
norgestrel	n|synthetic progestin used in oral contraceptives|
noria	n|a water wheel with buckets attached to the rim; used to raise water for transfer to an irrigation channel|
norinyl	n|trade name for an oral contraceptive containing norethindrone and mestranol|
norlestrin	n|trade name for an oral contraceptive containing estradiol and norethindrone|
norlutin	n|a synthetic progestational hormone (trade name Norlutin) used in oral contraceptives and to treat endometriosis|
norm	n|a standard or model or pattern regarded as typical|the current middle-class norm of two children per family
norma	n|a small constellation in the southern hemisphere near Lupus and Ara in the Milky Way|
normal	adj|conforming with or constituting a norm or standard or level or type or social norm; not abnormal|serve wine at normal room temperature	adj|in accordance with scientific laws|	adj|being approximately average or within certain limits in e.g. intelligence and development|a perfectly normal child	adj|forming a right angle|
normal curve	n|a symmetrical curve representing the normal distribution|
normal distribution	n|a theoretical distribution with finite mean and variance|
normal dwarf	n|an achondroplastic dwarf whose small size is the result of a genetic defect; body parts and mental and sexual development are normal|
normal fault	n|an inclined fault in which the hanging wall appears to have slipped downward relative to the footwall|
normal school	n|a two-year school for training elementary teachers|
normal tension glaucoma	n|glaucoma that results from damage to the optic nerve although the intraocular pressure is normal|
normalcy	n|being within certain limits that define the range of normal functioning|	n|expectedness as a consequence of being usual or regular or common|
normalisation	n|the imposition of standards or regulations|a committee was appointed to recommend terminological standardization
normalise	v|become normal or return to its normal state|Let us hope that relations with this country will normalize soon	v|make normal or cause to conform to a norm or standard|normalize relations with China
normaliser	n|a person who normalizes|
normality	n|being within certain limits that define the range of normal functioning|	n|(of a solution) concentration expressed in gram equivalents of solute per liter|	n|expectedness as a consequence of being usual or regular or common|	n|conformity with the norm|
normalization	n|the imposition of standards or regulations|a committee was appointed to recommend terminological standardization
normalize	v|become normal or return to its normal state|Let us hope that relations with this country will normalize soon	v|make normal or cause to conform to a norm or standard|normalize relations with China	v|bring to a desired consistency, texture, or hardness by a process of gradually heating and cooling|temper glass
normalizer	n|a person who normalizes|
normally	adv|under normal conditions|usually she was late
norman	adj|of or relating to or characteristic of Normandy|Norman beaches	adj|of or relating to or characteristic of the Normans|the Norman Invasion in 1066	n|Australian golfer (born in 1955)|	n|an inhabitant of Normandy|
norman architecture	n|a Romanesque style first appearing in Normandy around 950 AD and used in Britain from the Norman Conquest until the 12th century|
norman conquest	n|the invasion and settlement of England by the Normans following the battle of Hastings (1066)|
norman french	n|the medieval Norman dialect of Old French|
norman jewison	n|Canadian filmmaker (born in 1926)|
norman-french	n|the medieval Norman dialect of Old French|
normandie	n|a former province of northwestern France on the English channel; divided into Haute-Normandie and Basse-Normandie|
normandy	n|a former province of northwestern France on the English channel; divided into Haute-Normandie and Basse-Normandie|
normative	adj|relating to or dealing with norms|normative discipline	adj|pertaining to giving directives or rules|prescriptive grammar is concerned with norms of or rules for correct usage
normodyne	n|antihypertensive drug (trade names Trandate and Normodyne) that blocks alpha and beta-adrenergic receptors of the sympathetic nervous system (leading to a decrease in blood pressure)|
normotensive	adj|having normal blood pressure|
normothermia	n|normal body temperature|
norn	n|(Norse mythology) any of the three goddesses of destiny; identified with Anglo-Saxon Wyrd; similar to Greek Moirae and Roman Parcae|
norrish	n|English chemist (1897-1978)|
norse	adj|of or relating to Scandinavia or its peoples or cultures|Norse sagas	adj|of or relating to Norway or its people or culture or language|Norwegian herring	n|an inhabitant of Scandinavia|	n|a native or inhabitant of Norway|
norse deity	n|a deity worshipped by the ancient Norsemen|
norse mythology	n|the mythology of Scandinavia (shared in part by Britain and Germany) until the establishment of Christianity|
norseman	n|a native or inhabitant of Norway|
north	n|the cardinal compass point that is at 0 or 360 degrees|	n|a location in the northern part of a country, region, or city|	n|the direction corresponding to the northward cardinal compass point|	n|the direction in which a compass needle points|
north africa	n|an area of northern Africa between the Sahara and the Mediterranean Sea|
north african	adj|of or relating to northern Africa|
north america	n|a continent (the third largest) in the western hemisphere connected to South America by the Isthmus of Panama|
north american	adj|of or pertaining to or characteristic of the continent or countries of North America or their peoples|	n|a native or inhabitant of North America|
north atlantic	n|that part of the Atlantic Ocean to the north of the equator|
north atlantic council	n|a council consisting of permanent representatives of all the member countries of NATO; has political authority and powers of decision|
north atlantic treaty	n|the treaty signed in 1949 by 12 countries that established NATO|
north atlantic treaty organization	n|an international organization created in 1949 by the North Atlantic Treaty for purposes of collective security|
north borneo	n|one of the 13 states that constitute the Federation of Malaysia; located on the northern portion of the island of Borneo|
north by east	n|the compass point that is one point east (clockwise) of due north|
north by west	n|the compass point that is one point west of due north|
north carolinian	n|a native or resident of North Carolina|
north cascades national park	n|a national park in Washington that is an alpine wilderness area featuring gold rush and logging campsites|
north celestial pole	n|the celestial pole above the northern hemisphere; near Polaris|
north channel	n|a strait between Northern Ireland and Scotland that connects the Atlantic Ocean and the Irish Sea|
north dakotan	n|a native or resident of North Dakota|
north dravidian	n|a Dravidian language spoken primarily in eastern India|
north equatorial current	n|an equatorial current that flows west across the Pacific just north of the equator|
north frigid zone	n|the regions to the north of the Arctic Circle centered on the North Pole|
north germanic	n|the northern family of Germanic languages that are spoken in Scandinavia and Iceland|
north germanic language	n|the northern family of Germanic languages that are spoken in Scandinavia and Iceland|
north island	n|the smaller but more populous of two main islands of New Zealand; separated from South Island by Cook Strait|
north island edelweiss	n|perennial herb closely resembling European edelweiss; New Zealand|
north korea	n|a communist country in the northern half of the Korean Peninsula; established in 1948|
north korean	adj|of or relating to or characteristic of North Korea or its people or their culture|	n|a Korean from North Korea|
north korean monetary unit	n|monetary unit in North Korea|
north korean won	n|the basic unit of money in North Korea|
north northeast	n|the compass point that is midway between north and northeast|
north northwest	n|the compass point that is midway between north and northwest|
north pacific	n|that part of the Pacific Ocean to the north of the equator|
north peak	n|19,370 feet high|
north platte	n|a river that rises in northern Colorado and flows northward into Wyoming and then eastward and southeastward through Nebraska where it joins the South Platte to form the Platte River|	n|a town in west central Nebraska on the Platte River|
north platte river	n|a river that rises in northern Colorado and flows northward into Wyoming and then eastward and southeastward through Nebraska where it joins the South Platte to form the Platte River|
north pole	n|the northernmost point of the Earth's axis|
north sea	n|an arm of the North Atlantic between the British Isles and Scandinavia; oil was discovered under the North Sea in 1970|
north side	n|the side that is on the north|
north star	n|the brightest star in Ursa Minor; at the end of the handle of the Little Dipper; the northern axis of the earth points toward it|
north star state	n|a midwestern state|
north temperate zone	n|Temperate Zone between the Arctic Circle and the Tropic of Cancer|
north vietnam	n|a former country in southeastern Asia that existed from 1954 (after the defeat of the French at Dien Bien Phu) until 1975 when South Vietnam collapsed at the end of the Vietnam War|
north vietnamese	adj|of or relating to North Vietnam or its people or culture|
north wind	n|a wind that blows from the north|
north yorkshire	n|a county in northern England|
north-central	adj|situated in the northern part of a centrally located area in some geographical region|the north-central part of Russia
north-east	adv|to, toward, or in the northeast|
north-northeast	adv|to, toward, or in the north-northeast|
north-northwest	adv|to, toward, or in the north-northwest|
north-polar	adj|of or relating to the Arctic|the Arctic summer
north-seeking pole	n|the pole of a magnet that points toward the north when the magnet is suspended freely|
north-south direction	n|in a direction parallel with lines of longitude|
north-west	adv|to, toward, or in the northwest|
northampton	n|the principal city of Northamptonshire|
northamptonshire	n|a county is central England|
northbound	adj|moving toward the north|the northbound lane
northeast	n|the compass point midway between north and east; at 45 degrees|	n|the direction corresponding to the northeastward compass point|	n|a location in the northeastern part of a country, region, or city|	adj|situated in or oriented toward the northeast|the northeasterly part of the island
northeast by east	n|the compass point that is one point east of northeast|
northeast by north	n|the compass point that is one point north of northeast|
northeaster	n|a storm blowing from the northeast|
northeasterly	adj|coming from the northeast|northeasterly winds	adj|situated in or oriented toward the northeast|the northeasterly part of the island
northeastern	adj|situated in or oriented toward the northeast|the northeasterly part of the island
northeastward	adj|toward the northeast|	adv|in a northeastward direction|the river flows northeastward to the gulf	n|the compass point midway between north and east; at 45 degrees|
northeastwardly	adv|in a northeastward direction|the river flows northeastward to the gulf
norther	n|a wind that blows from the north|
northerly	adj|situated in or oriented toward the north|the northern suburbs	adj|coming from the north; used especially of wind|the north wind doth blow	adv|in a northern direction|they earn more up north	n|a wind that blows from the north|
northern	adj|situated in or oriented toward the north|the northern suburbs	adj|coming from the north; used especially of wind|the north wind doth blow	adj|situated in or coming from regions of the north|the northern hemisphere	n|a dialect of Middle English that developed into Scottish Lallans|
northern alliance	n|a multiethnic alliance in Afghanistan who practice a moderate form of Islam and are united in their opposition to the Taliban|
northern baptist convention	n|an association of Northern Baptists|
northern barramundi	n|a species of large fish found in Australian rivers|
northern beech fern	n|beech fern of North America and Eurasia|
northern bog lemming	n|of wet alpine and subalpine meadows of Canada and Alaska|
northern cross	n|a cluster of 5 bright stars forming a cross in the constellation Cygnus|
northern dewberry	n|of eastern North America|
northern dune tansy	n|lightly hairy rhizomatous perennial having aromatic feathery leaves and stems bearing open clusters of small buttonlike yellow flowers; sand dunes of Pacific coast of North America|
northern europe	n|the northernmost countries of Europe|
northern flying squirrel	n|large flying squirrel; chiefly of Canada|
northern harrier	n|common harrier of North America and Europe; nests in marshes and open land|
northern hemisphere	n|the hemisphere that is to the north of the equator|
northern holly fern	n|evergreen European fern widely cultivated|
northern ireland	n|a division of the United Kingdom located on the northern part of the island of Ireland|
northern jacob's ladder	n|perennial erect herb with white flowers; circumboreal|
northern lights	n|the aurora of the northern hemisphere|
northern lobster	n|flesh of cold-water lobsters having large tender claws; caught from Maine to the Carolinas|	n|lobster of Atlantic coast of America|
northern mammoth	n|very hairy mammoth common in colder portions of the northern hemisphere|
northern mariana islands	n|a self-governing territory comprising all of the Mariana Islands except Guam|
northern marianas	n|a self-governing territory comprising all of the Mariana Islands except Guam|
northern oak fern	n|yellow-green fern of rocky areas of northern hemisphere|
northern oriole	n|a kind of New World oriole|
northern parula	n|small grey-blue wood warbler with yellow throat and breast; of eastern North America|
northern phalarope	n|breeds in Arctic regions of Old and New Worlds; large flocks often seen far out at sea|
northern pike	n|voracious piscivorous pike of waters of northern hemisphere|
northern pin oak	n|small to medium deciduous oak of east central North America; leaves have sharply pointed lobes|
northern porgy	n|found in Atlantic coastal waters of North America from South Carolina to Maine; esteemed as a panfish|
northern red oak	n|large symmetrical deciduous tree with rounded crown widely distributed in eastern North America; has large leaves with triangular spiny tipped lobes and coarse-grained wood less durable than that of white oaks|
northern rhodesia	n|a republic in central Africa; formerly controlled by Great Britain and called Northern Rhodesia until it gained independence within the commonwealth in 1964|
northern scup	n|found in Atlantic coastal waters of North America from South Carolina to Maine; esteemed as a panfish|
northern sea robin	n|large searobin; found from Nova Scotia to Florida|
northern shrike	n|a butcherbird of northern North America|
northern spy	n|large late-ripening apple with skin striped with yellow and red|
northern storm petrel	n|sooty black petrel with white markings; of the northern Atlantic and Mediterranean|
northern territory	n|a territory in north central Australia|
northern white cedar	n|small evergreen of eastern North America having tiny scalelike leaves on flattened branchlets|
northern woodsia	n|slender fern of northern North America with shining chestnut-colored stipes and bipinnate fronds with usually distinct marginal sori|
northerner	n|an inhabitant of the North|
northernmost	adj|situated farthest north|Alaska is our northernmost state
northernness	n|the property of being to the north|
northland	n|any region lying in or toward the north|
northman	n|an inhabitant of Scandinavia|
northmost	adj|situated farthest north|Alaska is our northernmost state
northrop frye	n|Canadian literary critic interested in the use of myth and symbolism (1912-1991)|
northumberland	n|the northernmost county of England; has many Roman remains (including Hadrian's Wall)|
northumbria	n|an Anglo-Saxon kingdom in northern England until 876|
northward	adv|in a northern direction|they earn more up north	adj|moving toward the north|the northbound lane	n|the cardinal compass point that is at 0 or 360 degrees|
northwards	adv|in a northern direction|they earn more up north
northwest	adj|situated in or oriented toward the northwest|	adj|coming from the northwest|northwesterly winds	adv|to, toward, or in the northwest|	n|the direction corresponding to the northwestward compass point|
northwest by north	n|the compass point that is one point north of northwest|
northwest by west	n|the compass point that is one point west of northwest|
northwest passage	n|a water route between the Atlantic Ocean and the Pacific Ocean along the northern coast of North America; Europeans since the 16th century had searched for a short route to the Far East before it was successfully traversed by Roald Amundsen (1903-1906)|
northwest territories	n|a large territory in northwestern Canada; part is now Nunavut|
northwest wind	n|a wind from the northwest|
northwester	n|a wind from the northwest|
northwesterly	adj|coming from the northwest|northwesterly winds	adj|situated in or oriented toward the northwest|
northwestern	adj|situated in or oriented toward the northwest|
northwestward	adj|toward the northwest|	adv|in a northwestward direction|	n|the compass point midway between north and west; at 315 degrees|
northwestwardly	adv|in a northwestward direction|
nortriptyline	n|a tricyclic antidepressant drug (trade name Pamelor) used along with psychotherapy to treat dysthymic depression; may interact dangerously if taken with other drugs|
noruz	n|(Persian) the new year holiday in Iran and Azerbaijan and Afghanistan and Pakistan and parts of India and among the Kurds; comes at the vernal equinox|
norvasc	n|a vasodilator (trade name Norvasc) taken in tablet form; prescribed for hypertension and angina pectoris|
norvir	n|a protease inhibitor (trade name Norvir) used in treating HIV|
norway	n|a constitutional monarchy in northern Europe on the western side of the Scandinavian Peninsula; achieved independence from Sweden in 1905|
norway maple	n|a large Eurasian maple tree naturalized in North America; five-lobed leaves yellow in autumn; cultivated in many varieties|
norway rat	n|common domestic rat; serious pest worldwide|
norway spruce	n|tall pyramidal spruce native to northern Europe having dark green foliage on spreading branches with pendulous branchlets and long pendulous cones|
norwegian	adj|of or relating to Norway or its people or culture or language|Norwegian herring	n|a native or inhabitant of Norway|	n|a Scandinavian language that is spoken in Norway|
norwegian elkhound	n|breed of compact medium-sized dog with a heavy grey coat developed in Norway for hunting elk|
norwegian krone	n|the basic unit of money in Norway|
norwegian monetary unit	n|monetary unit in Norway|
norwegian sea	n|the part of the Atlantic that lies off the Norwegian coast to the north of the North Sea|
norwich terrier	n|English breed of small short-legged terrier with a straight wiry red or grey or black-and-tan coat and erect ears|
nose	n|the organ of smell and entrance to the respiratory tract; the prominent part of the face of man or other mammals|he has a cold in the nose	n|a front that resembles a human nose (especially the front of an aircraft)|the nose of the rocket heated up on reentry	n|the front or forward projection of a tool or weapon|he ducked under the nose of the gun	n|a small distance|my horse lost the race by a nose
nose candy	n|street names for cocaine|
nose cone	n|front consisting of the conical head of a missile or rocket that protects the payload from heat during its passage through the atmosphere|
nose count	n|a periodic count of the population|
nose dive	n|a steep nose-down descent by an aircraft|
nose drops	n|street names for heroin|
nose flute	n|a flute that is played by blowing through the nostrils (used in some Asian countries)|
nose job	n|cosmetic surgery to improve the appearance of your nose|
nose out	v|recognize or detect by or as if by smelling|He can smell out trouble
nose ring	n|a ring worn on the nose as an ornament or on the nose of an animal to control it|
nosebag	n|a canvas bag that is used to feed an animal (such as a horse); covers the muzzle and fastens at the top of the head|
noseband	n|a strap that is the part of a bridle that goes over the animal's nose|
nosebleed	n|bleeding from the nose|
nosecount	n|a periodic count of the population|
nosed	adj|having a nose (either literal or metaphoric) especially of a specified kind|
nosedive	n|a sudden sharp drop or rapid decline|the stock took a nosedive	n|a steep nose-down descent by an aircraft|	v|plunge nose first; drop with the nose or front first, of aircraft|
nosegay	n|an arrangement of flowers that is usually given as a present|
noseless	adj|having no nose|
nosepiece	n|armor plate that protects the nose|	n|a strap that is the part of a bridle that goes over the animal's nose|	n|the link between two lenses; rests on the nose|
nosewheel	n|a wheel located under the nose of an airplane that is part of the plane's landing gear|
nosey	adj|offensively curious or inquisitive|curious about the neighbor's doings
nosey-parker	n|a person who meddles in the affairs of others|
nosh	n|(Yiddish) a snack or light meal|	v|eat a snack; eat lightly|She never loses weight because she snacks between meals
nosh-up	n|a large satisfying meal|
nosher	n|someone who eats lightly or eats snacks between meals|
nosiness	n|offensive inquisitiveness|
nosocomial	adj|taking place or originating in a hospital|nosocomial infection
nosohusial	adj|taking place related or acquired under home healthcare|nosohusial infections
nosology	n|the branch of medical science dealing with the classification of disease|
nostalgia	n|longing for something past|
nostalgic	adj|unhappy about being away and longing for familiar things or persons|
nostalgically	adv|in a nostalgic manner|they spent an hour together, talking nostalgically as they wandered slowly down the coast road
nostoc	n|found in moist places as rounded jellylike colonies|
nostocaceae	n|blue-green algae|
nostradamus	n|French astrologer who wrote cryptic predictions whose interpretations are still being debated (1503-1566)|
nostril	n|either one of the two external openings to the nasal cavity in the nose|
nostrum	n|hypothetical remedy for all ills or diseases; once sought by the alchemists|	n|patent medicine whose efficacy is questionable|
nosy	adj|offensively curious or inquisitive|curious about the neighbor's doings
nosy-parker	n|a person who meddles in the affairs of others|
not	adv|negation of a word or group of words|he does not speak French
not bad	adj|very good|he did a bully job
not by a blame sight	adv|definitely not|the prize is by no means certain
not by a long sight	adv|definitely not|the prize is by no means certain
not guilty	adj|declared not guilty of a specific offense or crime; legally blameless|he stands acquitted on all charges
not intrusive	adj|not interfering or meddling|
not surprised	adj|not surprised or expressing surprise|that unsuprised obstinate look on his face
not to mention	adv|much less|she can't boil potatoes, let alone cook a meal
not-for-profit	n|an organization chartered for other than profit-making activities|
nota bene	n|a Latin phrase (or its abbreviation) used to indicate that special attention should be paid to something|the margins of his book were generously supplied with pencilled NBs
notability	n|a celebrity who is an inspiration to others|he was host to a large gathering of luminaries
notable	adj|widely known and esteemed|a famous actor	adj|worthy of attention because interesting, significant, or unusual|a noteworthy fact is that her students rarely complain	n|a celebrity who is an inspiration to others|he was host to a large gathering of luminaries
notably	adv|especially; in particular|notably in the social sciences, the professors teach too much	adv|to a remarkable degree or extent|she was unusually tall
notarise	v|authenticate as a notary|We had to have the signature notarized
notarize	v|authenticate as a notary|We had to have the signature notarized
notary	n|someone legally empowered to witness signatures and certify a document's validity and to take depositions|
notary public	n|someone legally empowered to witness signatures and certify a document's validity and to take depositions|
notate	v|put into notation, as of music or choreography; in the old days, the steps had to be memorized"|Nowadays, you can notate an entire ballet
notation	n|a technical system of symbols used to represent special things|	n|a comment or instruction (usually added)|his notes were appended at the end of the article	n|the activity of representing something by a special system of marks or characters|
notational system	n|a technical system of symbols used to represent special things|
notch	n|a V-shaped indentation|mandibular notch	n|the location in a range of mountains of a geological formation that is lower than the surrounding peaks|we got through the pass before it started to snow	n|a V-shaped or U-shaped indentation carved or scratched into a surface|there were four notches in the handle of his revolver	n|a small cut|
notched	adj|notched like a saw with teeth pointing toward the apex|	adj|having an irregularly notched or toothed margin as though gnawed|
note	n|a brief written record|he made a note of the appointment	n|a short personal letter|drop me a line when you get there	n|a notation representing the pitch and duration of a musical sound|the singer held the note too long	n|a tone of voice that shows what the speaker is feeling|there was a note of uncertainty in his voice
note of hand	n|a promise to pay a specified amount on demand or at a certain time|I had to co-sign his note at the bank
note payable	n|a note promising to pay a certain amount of money at a certain time|
note receivable	n|your right in a promissory note in which the maker promises to pay a certain amount of money at a certain time|
note value	n|(music) the relative duration of a musical note|
notebook	n|a book with blank pages for recording notes or memoranda|	n|a small compact portable computer|
notebook computer	n|a small compact portable computer|
notebook entry	n|an entry in a notebook|
notecase	n|a pocket-size case for holding papers and paper money|
notechis	n|tiger snakes|
notechis scutatus	n|highly venomous brown-and-yellow snake of Australia and Tasmania|
noted	adj|widely known and esteemed|a famous actor
notemigonus	n|golden shiners|
notemigonus crysoleucas	n|shiner of eastern North America having golden glints; sometimes also called `bream'|
notepad	n|a pad of paper for keeping notes|
notepaper	n|writing paper intended for writing short notes or letters|
noteworthy	adj|worthy of attention because interesting, significant, or unusual|a noteworthy fact is that her students rarely complain
nothing	n|a quantity of no importance|it looked like nothing I had ever seen before	adv|in no respect; to no degree|he looks nothing like his father
nothingness	n|the state of nonexistence|	n|empty rhetoric or insincere or exaggerated talk|that's a lot of wind
nothings	n|inconsequential conversation|they traded a few nothings as they parted
nothofagus	n|beeches of temperate southern hemisphere except Africa: southern beech|
nothofagus cuninghamii	n|large evergreen tree of Tasmania|
nothofagus dombeyi	n|Chilean evergreen whose leafy boughs are used for thatching|
nothofagus menziesii	n|New Zealand beech with usually pale silvery bark|
nothofagus procera	n|large Chilean timber tree yielding coarse lumber|
nothofagus solanderi	n|New Zealand forest tree|
nothofagus truncata	n|tall New Zealand tree yielding very hard wood|
nothosaur	n|extinct marine reptile with longer more slender limbs than plesiosaurs and less completely modified for swimming|
nothosauria	n|a suborder of Sauropterygia|
notice	n|an announcement containing information about an event|you didn't give me enough notice	n|the act of noticing or paying attention|he escaped the notice of the police	n|a request for payment|the notification stated the grace period and the penalties for defaulting	n|advance notification (usually written) of the intention to withdraw from an arrangement of contract|we received a notice to vacate the premises
notice board	n|a board that hangs on a wall; displays announcements|
noticeability	n|the property of being easy to see and understand|
noticeable	adj|capable or worthy of being noticed|noticeable shadows under her eyes	adj|capable of being detected|after a noticeable pause the lecturer continued
noticeableness	n|the property of being easy to see and understand|
noticeably	adv|in a noticeable manner|he changed noticeably over the years
noticed	adj|being perceived or observed|an easily noticed effect on the rate of growth
noticer	n|someone who takes notice|a careful noticer of details	n|someone who gives formal notice|
notifiable	adj|requiring that official notification be given|a notifiable disease
notification	n|an accusation of crime made by a grand jury on its own initiative|	n|informing by words|	n|a request for payment|the notification stated the grace period and the penalties for defaulting
notify	v|inform (somebody) of something|I advised him that the rent was due
notion	n|a vague idea in which some confidence is placed|his impression of her was favorable	n|a general inclusive concept|	n|an odd or fanciful or capricious idea|the theatrical notion of disguise is associated with disaster in his stories	n|(usually plural) small personal articles or clothing or sewing items|buttons and needles are notions
notional	adj|not based on fact; existing only in the imagination|the falsehood about some fanciful secret treaties"- F.D.Roosevelt	adj|not based on fact or investigation|a notional figure of cost helps in determining production costs	adj|indulging in or influenced by fancy|a fanciful mind	adj|being of the nature of a notion or concept|a plan abstract and conceptional
notions counter	n|counter where notions are sold|
notochord	n|a flexible rodlike structure that forms the supporting axis of the body in the lowest chordates and lowest vertebrates and in embryos of higher vertebrates|
notomys	n|jerboa rats|
notonecta	n|type genus of the Notonectidae: backswimmers|
notonecta undulata	n|predaceous aquatic insect that swims on its back and may inflict painful bites|
notonectidae	n|aquatic carnivorous insects|
notophthalmus	n|newts|
notoriety	n|the state of being known for some unfavorable act or quality|
notorious	adj|known widely and usually unfavorably|a notorious gangster
notoriously	adv|to a notorious degree|European emigres, who notoriously used to repair to the British Museum to write seditious pamphlets
notornis	n|flightless New Zealand birds similar to gallinules|
notornis mantelli	n|flightless New Zealand birds similar to gallinules|
notoryctidae	n|pouched moles|
notoryctus	n|type genus of the family Notoryctidae: comprising solely the marsupial mole|
notoryctus typhlops	n|small burrowing Australian marsupial that resembles a mole|
notostraca	n|small freshwater crustaceans with a shield-shaped carapace|
notropis	n|shiners|
notropis atherinoides	n|small blunt-nosed fish of Great Lakes and Mississippi valley with a greenish luster|
notturno	n|a pensive lyrical piece of music (especially for the piano)|
notwithstanding	adv|despite anything to the contrary (usually preceding a concession)|although I'm a little afraid, however I'd like to try it
nouakchott	n|capital of Mauritania; located in western Mauritania near the Atlantic coast|
nougat	n|nuts or fruit pieces in a sugar paste|
nougat bar	n|a bar of nougat candy often dipped in chocolate|
nought	n|a mathematical element that when added to another number yields the same number|
noughts and crosses	n|a game in which two players alternately put crosses and circles in one of the compartments of a square grid of nine spaces; the object is to get a row of three crosses or three circles before the opponent does|
noumenon	n|the intellectual conception of a thing as it is in itself, not as it is known through perception|
noun	n|a content word that can be used to refer to a person, place, thing, quality, or action|	n|the word class that can serve as the subject or object of a verb, the object of a preposition, or in apposition|
noun phrase	n|a phrase that can function as the subject or object of a verb|
nourish	v|provide with nourishment|We sustained ourselves on bread and water	v|give nourishment to|
nourished	adj|being provided with adequate nourishment|
nourishing	adj|of or providing nourishment|good nourishing stew
nourishment	n|a source of materials to nourish the body|	n|the act of nourishing|her nourishment of the orphans saved many lives
nous	n|common sense|she has great social nous	n|that which is responsible for one's thoughts, feelings, and conscious brain functions; the seat of the faculty of reason|his mind wandered
nouveau-riche	adj|characteristic of someone who has risen economically or socially but lacks the social skills appropriate for this new position|	n|a person who has suddenly risen to a higher economic status but has not gained social acceptance of others in that class|
nouvelle cuisine	n|a school of French cooking that uses light sauces and tries to bring out the natural flavors of foods instead of making heavy use of butter and cream|
nouvelle vague	n|an art movement in French cinema in the 1960s|
nov	n|the month following October and preceding December|
nov-esperanto	n|an artificial language based on Esperanto|
nov-latin	n|an artificial language based on Latin|
nova	n|a star that ejects some of its material in the form of a cloud and becomes more luminous in the process|
nova lisboa	n|a city in the mountains in western Angola|
nova lox	n|brine-cured salmon that is less salty than most; sometimes sugar is also used in the curing|
nova salmon	n|brine-cured salmon that is less salty than most; sometimes sugar is also used in the curing|
nova scotia	n|a peninsula in eastern Canada between the Bay of Fundy and the Saint Lawrence River|	n|the Canadian province in the Maritimes consisting of the Nova Scotia peninsula and Cape Breton Island; French settlers who called the area Acadia were exiled to Louisiana by the British in the 1750s and their descendants are know as Cajuns|
nova scotia lox	n|brine-cured salmon that is less salty than most; sometimes sugar is also used in the curing|
nova scotia salmon	n|brine-cured salmon that is less salty than most; sometimes sugar is also used in the curing|
nova scotian	n|a native or inhabitant of Nova Scotia|
nova style salmon	n|brine-cured salmon that is less salty than most; sometimes sugar is also used in the curing|
nova zembla	n|two islands in the Arctic Ocean belonging to Russia; site of a test center for nuclear warheads|
novate	v|replace with something new, especially an old obligation by a new one|
novation	n|(law) the replacement of one obligation by another by mutual agreement of both parties; usually the replacement of one of the original parties to a contract with the consent of the remaining party|
novaya zemlya	n|two islands in the Arctic Ocean belonging to Russia; site of a test center for nuclear warheads|
novel	adj|original and of a kind not seen before|the computer produced a completely novel proof of a well-known theorem	adj|pleasantly new or different|common sense of a most refreshing sort	n|an extended fictional work in prose; usually in the form of a story|	n|a printed and bound book that is an extended work of fiction|his bookcases were filled with nothing but novels
novelette	n|a short novel|
novelisation	n|converting something into the form of a novel|
novelise	v|convert into the form or the style of a novel|The author novelized the historical event
novelist	n|one who writes novels|
novelization	n|converting something into the form of a novel|
novelize	v|convert into the form or the style of a novel|The author novelized the historical event
novella	n|a short novel|
novelty	n|originality by virtue of being refreshingly novel|	n|originality by virtue of being new and surprising|	n|a small inexpensive mass-produced article|	n|cheap showy jewelry or ornament on clothing|
novelty shop	n|a shop that sells miscellaneous articles appropriate as gifts|
november	n|the month following October and preceding December|
november 1	n|a Christian feast day honoring all the saints; first observed in 835|
november 2	n|a day of supplication for all the souls in purgatory|
november 5	n|anniversary of the discovery of the Gunpowder Plot|
novena	n|a Roman Catholic devotion consisting of prayers on nine consecutive days|
novgorod	n|a city in northwestern Russia on the Volkhov River; Russia's oldest city and an important trading center in the Middle Ages|
novial	n|an artificial language|
novice	n|someone who has entered a religious order but has not taken final vows|	n|someone new to a field or activity|
noviciate	n|the period during which you are a novice (especially in a religious order)|
novillada	n|a bullfight in which the bulls are less than four years old|
novillero	n|a bullfighter who is required to fight bulls less than four years of age|
novitiate	n|the period during which you are a novice (especially in a religious order)|	n|someone who has entered a religious order but has not taken final vows|
novobiocin	n|an antibiotic obtained from an actinomycete and used to treat infections by Gram-positive bacteria|
novocain	n|procaine administered as a hydrochloride (trade name Novocain)|
novocaine	n|procaine administered as a hydrochloride (trade name Novocain)|
novosibirsk	n|a city in the Asian part of Russia on the Ob river; largest city in Siberia|
now	adv|in the historical present; at this point in the narration of a series of past events|President Kennedy now calls in the National Guard	adv|in these times|it is solely by their language that the upper classes nowadays are distinguished"- Nancy Mitford	adv|used to preface a command or reproof or request|now hear this!	adv|at the present moment|goods now on sale
now and again	adv|sporadically and infrequently|he was arrogant and occasionally callous
now and then	adv|sporadically and infrequently|he was arrogant and occasionally callous
now now	adv|interjection of rebuke|
nowadays	adv|in these times|it is solely by their language that the upper classes nowadays are distinguished"- Nancy Mitford	n|the period of time that is happening now; any continuous stretch of time including the moment of speech|that is enough for the present
nowhere	adv|not anywhere; in or at or to no place|I am going nowhere	n|an insignificant place|he came out of nowhere
nowise	adv|in no manner|they are nowise different
nowness	n|the quality of being the present|a study of the pastness of the present and...of the presentness of the past"- R.E.Spiller
nowrooz	n|(Persian) the new year holiday in Iran and Azerbaijan and Afghanistan and Pakistan and parts of India and among the Kurds; comes at the vernal equinox|
nowruz	n|(Persian) the new year holiday in Iran and Azerbaijan and Afghanistan and Pakistan and parts of India and among the Kurds; comes at the vernal equinox|
nox	n|Roman goddess of night; daughter of Erebus; counterpart of Greek Nyx|
noxious	adj|injurious to physical or mental health|noxious chemical wastes
noxiously	adv|in a detrimental manner|
noxiousness	n|the quality of being noxious|
noyes	n|English poet (1880-1958)|
nozzle	n|a projecting spout from which a fluid is discharged|	n|informal terms for the nose|
np	n|a radioactive transuranic metallic element; found in trace amounts in uranium ores; a by-product of the production of plutonium|	n|a registered nurse who has received special training and can perform many of the duties of a physician|
npc	n|an agency that serves as the focal point for all Intelligence Community activities related to nonproliferation of weapons of mass destruction and their missile delivery systems|
nra	n|a powerful lobby that advocates the right to own and bear arms and rejects any gun regulation by the government|
nrc	n|an independent federal agency created in 1974 to license and regulate nuclear power plants|
nrem	n|a recurring sleep state during which rapid eye movements do not occur and dreaming does not occur; accounts for about 75% of normal sleep time|
nrem sleep	n|a recurring sleep state during which rapid eye movements do not occur and dreaming does not occur; accounts for about 75% of normal sleep time|
nrna	n|ribonucleic acid found in the nucleolus of the cell|
nrti	n|an antiviral drug used against HIV; is incorporated into the DNA of the virus and stops the building process; results in incomplete DNA that cannot create a new virus; often used in combination with other drugs|
nsaid	n|an anti-inflammatory drug that does not contain steroids|NSAIDs inhibit the activity of both Cox-1 and Cox-2 enzymes
nsc	n|a committee in the executive branch of government that advises the president on foreign and military and national security; supervises the Central Intelligence Agency|
nsf	n|an independent agency of the federal government responsible for the promotion of progress in science and engineering by supporting programs in research and education|
nsu	n|inflammation of the urethra of unknown cause|
nsw	n|the agency that provides units to conduct unconventional and counter-guerilla warfare|
nswc	n|the agency that provides scientific and engineering and technical support for all aspects of surface warfare|
nt	n|an organization concerned to preserve historic monuments and buildings and places of historical interest or natural beauty; founded in 1895 and supported by endowment and private subscription|
nth	adj|last or greatest in an indefinitely large series|to the nth degree
ntis	n|an agency in the Technology Administration that is a primary resource for government-funded scientific and technical and engineering and business related information|
nu	n|the 13th letter of the Greek alphabet|
nuance	n|a subtle difference in meaning or opinion or attitude|without understanding the finer nuances you can't enjoy the humor
nub	n|a small lump or protuberance|	n|a small piece|a nub of coal	n|the choicest or most essential or most vital part of some idea or experience|the gist of the prosecutor's argument
nubbin	n|a small nub (especially an undeveloped fruit or ear of corn)|
nubbiness	n|looseness or roughness in texture (as of cloth)|
nubble	n|a small lump or protuberance|
nubbly	adj|of textiles; having a rough surface|a sweater knitted of nubbly homespun yarns
nubby	adj|of textiles; having a rough surface|a sweater knitted of nubbly homespun yarns
nubia	n|an ancient region of northeastern Africa (southern Egypt and northern Sudan) on the Nile; much of Nubia is now under Lake Nasser|
nubian	n|a native or inhabitant of Nubia|Nubians now form an ethnic minority in Egypt
nubian desert	n|an arid sandstone plateau in northeastern Sudan between the Nile and the Red Sea|
nubile	adj|of girls or women who are eligible to marry|
nucellus	n|central part of a plant ovule; contains the embryo sac|
nucha	n|the back side of the neck|
nucifraga	n|nutcrackers|
nucifraga caryocatactes	n|Old World nutcracker|
nuclear	adj|(weapons) deriving destructive energy from the release of atomic energy|nuclear war	adj|of or relating to or constituting the nucleus of an atom|nuclear physics	adj|of or relating to or constituting the nucleus of a cell|nuclear membrane	adj|constituting or like a nucleus|annexation of the suburban fringe by the nuclear metropolis
nuclear cataract	n|a cataract that affects the nucleus of the lens|
nuclear chemist	n|a chemist who specializes in nuclear chemistry|
nuclear chemistry	n|the chemistry of radioactive substances|
nuclear club	n|the nations possessing nuclear weapons|
nuclear deterrence	n|the military doctrine that an enemy will be deterred from using nuclear weapons as long as he can be destroyed as a consequence|when two nations both resort to nuclear deterrence the consequence could be mutual destruction
nuclear energy	n|the energy released by a nuclear reaction|
nuclear engineering	n|the branch of engineering concerned with the design and construction and operation of nuclear reactors|
nuclear explosion	n|the explosion of an atomic bomb|
nuclear family	n|a family consisting of parents and their children and grandparents of a marital partner|
nuclear fission	n|a nuclear reaction in which a massive nucleus splits into smaller nuclei with the simultaneous release of energy|
nuclear fuel	n|fuel (such as uranium) that can be used in nuclear reactors as a source of electricity|
nuclear fusion	n|a nuclear reaction in which nuclei combine to form more massive nuclei with the simultaneous release of energy|
nuclear fusion reaction	n|a nuclear reaction in which nuclei combine to form more massive nuclei with the simultaneous release of energy|
nuclear magnetic resonance	n|resonance of protons to radiation in a magnetic field|
nuclear medicine	n|the branch of medicine that uses radioactive materials either to image a patient's body or to destroy diseased cells|
nuclear meltdown	n|severe overheating of the core of a nuclear reactor resulting in the core melting and radiation escaping|
nuclear physicist	n|a physicist who specializes in nuclear physics|
nuclear physics	n|the branch of physics that studies the internal structure of atomic nuclei|
nuclear power	n|nuclear energy regarded as a source of electricity for the power grid (for civilian use)|
nuclear propulsion	n|the use of a nuclear reactor either to produce electricity to power an engine (as in a nuclear submarine) or to directly heat a propellant (as in nuclear rockets)|
nuclear reaction	n|(physics) a process that alters the energy or structure or composition of atomic nuclei|
nuclear reactor	n|(physics) any of several kinds of apparatus that maintain and control a nuclear reaction for the production of energy or artificial elements|
nuclear regulatory commission	n|an independent federal agency created in 1974 to license and regulate nuclear power plants|
nuclear resonance	n|the resonance absorption of a gamma ray by a nucleus identical to the nucleus that emitted the gamma ray|
nuclear rna	n|ribonucleic acid found in the nucleolus of the cell|
nuclear rocket	n|a rocket engine in which a nuclear reactor is used to heat a propellant|
nuclear submarine	n|a submarine that is propelled by nuclear power|
nuclear terrorism	n|the use of a nuclear device by a terrorist organization to cause massive devastation or the use (or threat of use) of fissionable radioactive materials|assaults on nuclear power plants is one form of nuclear terrorism
nuclear transplantation	n|moving a cell nucleus and its genetic material from one cell to another|
nuclear warhead	n|the warhead of a missile designed to deliver an atom bomb|
nuclear weapon	n|a weapon of mass destruction whose explosive power derives from a nuclear reaction|
nuclear winter	n|a long period of darkness and extreme cold that scientists predict would follow a full-scale nuclear war; a layer of dust and smoke in the atmosphere would cover the earth and block the rays of the sun; most living organisms would perish|
nuclear-powered ship	n|ship whose motive power comes from the energy of a nuclear reactor|
nuclear-powered submarine	n|a submarine that is propelled by nuclear power|
nuclease	n|general term for enzymes that catalyze the hydrolysis of nucleic acid by cleaving chains of nucleotides into smaller units|
nucleate	v|form into a nucleus|Some cells had nucleated	adj|having a nucleus or occurring in the nucleus|nucleated cells
nucleated	adj|having a nucleus or occurring in the nucleus|nucleated cells
nucleic acid	n|(biochemistry) any of various macromolecules composed of nucleotide chains that are vital constituents of all living cells|
nucleolar organiser	n|the particular part of a chromosome that is associated with a nucleolus after nuclear division|
nucleolar organizer	n|the particular part of a chromosome that is associated with a nucleolus after nuclear division|
nucleole	n|a small round body of protein in a cell nucleus; such organelles contain RNA and are involved in protein synthesis|
nucleolus	n|a small round body of protein in a cell nucleus; such organelles contain RNA and are involved in protein synthesis|
nucleolus organiser	n|the particular part of a chromosome that is associated with a nucleolus after nuclear division|
nucleolus organizer	n|the particular part of a chromosome that is associated with a nucleolus after nuclear division|
nucleon	n|a constituent (proton or neutron) of an atomic nucleus|
nucleon number	n|the sum of the number of neutrons and protons in an atomic nucleus|
nucleonics	n|the branch of physics that studies the internal structure of atomic nuclei|
nucleoplasm	n|the protoplasm that constitutes the nucleus of a cell|
nucleoprotein	n|any of several substances found in the nuclei of all living cells; consists of a protein bound to a nucleic acid|
nucleoside	n|a glycoside formed by partial hydrolysis of a nucleic acid|
nucleoside reverse transcriptase inhibitor	n|an antiviral drug used against HIV; is incorporated into the DNA of the virus and stops the building process; results in incomplete DNA that cannot create a new virus; often used in combination with other drugs|
nucleosynthesis	n|(astronomy) the cosmic synthesis of atoms more complex than the hydrogen atom|
nucleotide	n|a phosphoric ester of a nucleoside; the basic structural unit of nucleic acids (DNA or RNA)|
nucleus	n|a part of the cell containing DNA and RNA and responsible for growth and reproduction|	n|the positively charged dense center of an atom|	n|a small group of indispensable persons or things|five periodicals make up the core of their publishing program	n|(astronomy) the center of the head of a comet; consists of small solid particles of ice and frozen gas that vaporizes on approaching the sun to form the coma and tail|
nucleus niger	n|a layer of deeply pigmented grey matter in the midbrain; associated with the striate body; is involved in metabolic disturbances associated with Parkinson's disease and with Huntington's disease|
nuda	n|ctenophores lacking tentacles; comprises one genus: beroe|
nude	adj|completely unclothed|bare bodies	n|a painting of a naked human figure|	n|without clothing (especially in the phrase `in the nude')|they swam in the nude	n|a naked person|
nude dancing	n|erotic dancing with little or no clothing|
nude mouse	n|a mouse with a genetic defect that prevents them from growing hair and also prevents them from immunologically rejecting human cells and tissues; widely used in preclinical trials|
nude painting	n|a painting of a naked human figure|
nude person	n|a naked person|
nude sculpture	n|a statue of a naked human figure|
nude statue	n|a statue of a naked human figure|
nudeness	n|the state of being without clothing or covering of any kind|
nudge	v|to push against gently|She nudged my elbow when she saw her friend enter the restaurant	v|push into action by pestering or annoying gently|	n|a slight push or shake|
nudger	n|someone who nudges; someone who gives a gentle push|he needs a regular nudger to keep him awake
nudibranch	n|any of various marine gastropods of the suborder Nudibranchia having a shell-less and often beautifully colored body|
nudibranchia	n|comprising numerous marine gastropod mollusks lacking a shell in the adult state and usually having a body like a slug|
nudism	n|going without clothes as a social practice|
nudist	n|a person who practices nudity for reasons of health or religion|
nudity	n|the state of being without clothing or covering of any kind|
nudnick	n|(Yiddish) someone who is a boring pest|
nudnik	n|(Yiddish) someone who is a boring pest|
nuffield	n|British industrialist who manufactured automobiles and created a philanthropic foundation (1877-1963)|
nugatory	adj|of no real value|a nugatory law
nugget	n|a solid lump of a precious metal (especially gold) as found in the earth|
nuisance	n|(law) a broad legal concept including anything that disturbs the reasonable use of your property or endangers life and health or is offensive|	n|a bothersome annoying person|that kid is a terrible pain
nuisance abatement	n|(law) the removal or termination or destruction of something that has been found to be a nuisance|
nuisance tax	n|a tax based on the cost of the item purchased and collected directly from the buyer|
nuisance value	n|the quality of an embarrassing situation|he sensed the awkwardness of his proposal
nuke	n|the warhead of a missile designed to deliver an atom bomb|	v|strike at with firepower or bombs|zap the enemy	v|bomb with atomic weapons|	v|cook or heat in a microwave oven|You can microwave the leftovers
null	adj|lacking any legal or binding force|null and void	n|a quantity of no importance|it looked like nothing I had ever seen before
null set	n|a set that is empty; a set with no members|
null space	n|a space that contains no points; and empty space|
nullah	n|a ravine or gully in southern Asia|
nullarbor plain	n|a vast arid plain of southern Australia stretching inland from the Great Australian Bight; has sparse vegetation and no surface water and is almost uninhabited; the site of a major rocket research center|
nullification	n|the act of nullifying; making null and void; counteracting or overriding the effect or force of something|
nullified	adj|deprived of legal force|
nullifier	n|an advocate of nullification; someone who believes that a state can resist federal laws|	n|an official who can invalidate or nullify|my bank check was voided and I wanted to know who the invalidator was
nullify	v|declare invalid|The contract was annulled	v|show to be invalid|	v|make ineffective by counterbalancing the effect of|Her optimism neutralizes his gloom
nullipara	n|(obstetrics) a woman who has never give birth to a child|
nullity	n|the state of nonexistence|	n|something that is null (especially an enactment that has no legal validity)|
numb	adj|lacking sensation|my foot is asleep	adj|(followed by `to') not showing human feeling or sensitivity; unresponsive|passersby were dead to our plea for help	adj|so frightened as to be unable to move; stunned or paralyzed with terror; petrified|too numb with fear to move	v|make numb or insensitive|The shock numbed her senses
numbat	n|small Australian marsupial having long snout and strong claws for feeding on termites; nearly extinct|
number	n|the property possessed by a sum or total or indefinite quantity of units or individuals|the number of parameters is small	n|a concept of quantity involving zero and units|every number has a unique position in the sequence	n|a short performance that is part of a longer program|he did his act three times every evening	n|the number is used in calling a particular telephone|he has an unlisted number
number 1	n|the first element in a countable series|the first of the month
number agreement	n|agreement in number between words in the same grammatical construction (e.g., between adjectives and the nouns they modify)|
number cruncher	n|someone able to perform complex and lengthy calculations|	n|a computer capable of performing a large number of mathematical operations per second|
number crunching	n|performing complex and lengthy numerical calculations|
number one	n|a reference to yourself or myself etc.; `take care of number one' means to put your own interests first|	n|the first or highest in an ordering or series|He wanted to be the first	n|the first element in a countable series|the first of the month
number one wood	n|a golf club (a wood) with a near vertical face that is used for hitting long shots from the tee|
number representation system	n|any notation for the representation of numbers|
number system	n|any notation for the representation of numbers|
number theorist	n|a mathematician specializing in number theory|
numbering	n|a numbered list|
numberless	adj|too numerous to be counted|countless hours
numberplate	n|a plate mounted on the front and back of car and bearing the car's registration number|
numbers	n|the fourth book of the Old Testament; contains a record of the number of Israelites who followed Moses out of Egypt|	n|an illegal daily lottery|
numbers game	n|an illegal daily lottery|
numbers pool	n|an illegal daily lottery|
numbers racket	n|an illegal daily lottery|
numbfish	n|any sluggish bottom-dwelling ray of the order Torpediniformes having a rounded body and electric organs on each side of the head capable of emitting strong electric discharges|
numbing	adj|causing numbness or insensitivity|the numbing effect of grief
numbly	adv|in a numb manner; without feeling|I stared at him numbly
numbness	n|partial or total lack of sensation in a part of the body; a symptom of nerve damage or dysfunction|	n|the trait of lacking enthusiasm for or interest in things generally|
numdah	n|an embroidered rug made from a coarse Indian felt|
numdah rug	n|an embroidered rug made from a coarse Indian felt|
numen	n|a spirit believed to inhabit an object or preside over a place (especially in ancient Roman religion)|
numenius	n|curlews|
numenius arquata	n|common Eurasian curlew|
numenius borealis	n|New World curlew that breeds in northern North America|
numerable	adj|that can be counted|countable sins
numeracy	n|skill with numbers and mathematics|
numeral	adj|of or relating to or denoting numbers|a numeral adjective	n|a symbol used to represent a number|he learned to write the numerals before he went to school
numerate	adj|able to understand and use numbers|	v|determine the number or amount of|Can you count the books on your shelf?	v|read out loud as words written numbers|
numeration	n|naming numbers|	n|the act of counting; reciting numbers in ascending order|the counting continued for several hours
numeration system	n|any notation for the representation of numbers|
numerator	n|the dividend of a fraction|
numeric	adj|of or relating to or denoting numbers|a numeral adjective	adj|measured or expressed in numbers|numerical value
numerical	adj|measured or expressed in numbers|numerical value	adj|of or relating to or denoting numbers|a numeral adjective	adj|relating to or having ability to think in or work with numbers|tests for rating numerical aptitude
numerical analysis	n|(mathematics) the branch of mathematics that studies algorithms for approximating solutions to problems in the infinitesimal calculus|
numerical quantity	n|a quantity expressed as a number|
numerical value	n|a real number regardless of its sign|
numerically	adv|in number; with regard to numbers|in ten years' time the Oxbridge mathematicians, scientists, and engineers will not be much more significant numerically than the Oxbridge medical schools are now
numerological	adj|of or relating to numerology|
numerologist	n|a believer in numerology|
numerology	n|the study of the supposed occult influence of numbers on human affairs|
numerosity	n|a large number|
numerous	adj|amounting to a large indefinite number|numerous times
numerousness	n|a large number|
numida	n|guinea fowl|
numida meleagris	n|a west African bird having dark plumage mottled with white; native to Africa but raised for food in many parts of the world|
numidia	n|an ancient kingdom (later a Roman province) in North Africa in an area corresponding roughly to present-day Algeria|
numidian	adj|of or relating to ancient Numidia or its people or culture|	n|an inhabitant of ancient Numidia|
numididae	n|guinea fowl and related birds of Africa and Madagascar|
numidinae	n|guinea fowl and related birds of Africa and Madagascar|
numinous	adj|evincing the presence of a deity|a numinous wood	adj|of or relating to or characteristic of a numen|
numismatics	n|the collection and study of money (and coins in particular)|
numismatist	n|a collector and student of money (and coins in particular)|
numismatologist	n|a collector and student of money (and coins in particular)|
numismatology	n|the collection and study of money (and coins in particular)|
nummulite	n|large fossil protozoan of the Tertiary period|
nummulitidae	n|a family of fossil protoctists|
numskull	n|a stupid person; these words are used to express a low opinion of someone's intelligence|
nun	n|a woman religious|	n|a buoy resembling a cone|	n|the 14th letter of the Hebrew alphabet|
nun buoy	n|a buoy resembling a cone|
nun's habit	n|a long loose habit worn by nuns in a convent|
nunavut	n|an Arctic territory in northern Canada created in 1999 and governed solely by the Inuit; includes the eastern part of what was the Northwest Territories and most of the islands of the Arctic Archipelago|Nunavut is the homeland of the Inuit people
nunc dimittis	n|the prayer of Simeon (Luke 2:29-32)|
nuncio	n|(Roman Catholic Church) a diplomatic representative of the Pope having ambassadorial status|
nung	n|a branch of the Tai languages|
nunnery	n|the convent of a community of nuns|
nuphar	n|spatterdocks|
nuphar advena	n|common water lily of eastern and central North America, having broad leaves and globe-shaped yellow flowers; in sluggish fresh or slightly brackish water|
nuphar lutea	n|a water lily with yellow flowers|
nuprin	n|a nonsteroidal anti-inflammatory and analgesic medicine (trade names Advil and Motrin and Nuprin) used to relieve the pain of arthritis and as an antipyretic|daily use of ibuprofen can irritate the stomach
nuptial	adj|of or relating to a wedding|bridal procession
nuptials	n|the social event at which the ceremony of marriage is performed|
nuptse	n|a mountain in the central Himalayas on the border of Tibet and Nepal (25,726 feet high)|
nuremberg	n|a city in southeastern Germany; site of Allied trials of Nazi war criminals (1945-46)|
nurnberg	n|a city in southeastern Germany; site of Allied trials of Nazi war criminals (1945-46)|
nurse	n|one skilled in caring for young children or the sick (usually under the supervision of a physician)|	n|a woman who is the custodian of children|	v|try to cure by special care of treatment, of an illness or injury|He nursed his cold with Chinese herbs	v|maintain (a theory, thoughts, or feelings)|bear a grudge
nurse clinician	n|a registered nurse who has received special training and can perform many of the duties of a physician|
nurse log	n|a large decomposing tree trunk that has fallen, usually in a forest; the decaying wood provides moisture and nutrients for a variety of insects and plants|
nurse practitioner	n|a registered nurse who has received special training and can perform many of the duties of a physician|
nurse shark	n|small bottom-dwelling shark of warm shallow waters on both coasts of North America and South America and from southeast Asia to Australia|
nurse's aide	n|someone who assists a nurse in tasks that require little formal training|
nurse-midwife	n|a registered nurse who has received special training as a midwife|
nurse-patient relation	n|the responsibility of a nurse to act in the best interests of the patient|
nursed	adj|(of an infant) breast-fed|
nurseling	n|an infant considered in relation to its nurse|
nursemaid	n|a woman who is the custodian of children|
nurser	n|a person who treats something carefully|a great nurser of pennies
nursery	n|a child's room for a baby|
nursery rhyme	n|a tale in rhymed verse for children|
nursery school	n|a small preschool for small children|
nurseryman	n|someone who takes care of a garden|
nursing	n|the work of caring for the sick or injured or infirm|	n|the profession of a nurse|	n|nourishing at the breast|
nursing aide	n|someone who assists a nurse in tasks that require little formal training|
nursing bottle	n|a vessel fitted with a flexible teat and filled with milk or formula; used as a substitute for breast feeding infants and very young children|
nursing care	n|care by a skilled nurse|
nursing home	n|an institution where people are cared for|a home for the elderly
nursing school	n|a school for training nurses|
nursling	n|an infant considered in relation to its nurse|
nurtural	adj|resulting from nurture|
nurturance	n|physical and emotional care and nourishment|
nurturant	adj|providing physical and emotional care and nourishment|
nurture	v|help develop, help grow|nurture his talents	v|look after a child until it is an adult|raise a family	v|provide with nourishment|We sustained ourselves on bread and water	n|the properties acquired as a consequence of the way you were treated as a child|
nusa tenggara	n|a chain of islands forming a province of Indonesia to the east of Java; includes Bali and Timor|
nusku	n|god of fire and light; corresponds to Babylonian Girru|
nut	n|usually large hard-shelled seed|	n|Egyptian goddess of the sky|	n|a small (usually square or hexagonal) metal block with internal screw thread to be fitted onto a bolt|	n|half the width of an em|
nut and bolt	n|a fastener made by screwing a nut onto a threaded bolt|
nut bar	n|paste of nuts and sugar on a pastry base cut into bars|
nut bread	n|bread containing chopped nuts|
nut butter	n|ground nuts blended with a little butter|
nut case	n|a whimsically eccentric person|
nut grass	n|a widely distributed perennial sedge having small edible nutlike tubers|
nut house	n|pejorative terms for an insane asylum|
nut pine	n|any of several pinons bearing edible nutlike seeds|
nut sedge	n|a widely distributed perennial sedge having small edible nutlike tubers|
nut tree	n|tree bearing edible nuts|
nut-bearing	adj|(of shrubs or trees) producing nuts|
nut-leaved screw tree	n|East Indian shrub often cultivated for its hairy leaves and orange-red flowers|
nutate	v|rock, sway, or nod; usually involuntarily|
nutation	n|uncontrolled nodding|
nutbrown	adj|of the color of nuts|nutbrown hair
nutcase	n|someone deranged and possibly dangerous|
nutcracker	n|a compound lever used to crack nuts open|	n|any of various small short-tailed songbirds with strong feet and a sharp beak that feed on small nuts and insects|	n|speckled birds that feed on nuts|
nutgrass	n|a widely distributed perennial sedge having small edible nutlike tubers|
nuthatch	n|any of various small short-tailed songbirds with strong feet and a sharp beak that feed on small nuts and insects|
nuthouse	n|pejorative terms for an insane asylum|
nutlet	n|a small nut|
nutlike	adj|having the flavor of nuts|a nutty sherry	adj|resembling a nut in shape and size|
nutmeg	n|East Indian tree widely cultivated in the tropics for its aromatic seed; source of two spices: nutmeg and mace|	n|hard aromatic seed of the nutmeg tree used as spice when grated or ground|
nutmeg family	n|family of aromatic tropical trees with arillate seeds|
nutmeg flower	n|herb of the Mediterranean region having pungent seeds used like those of caraway|
nutmeg geranium	n|geranium with round fragrant leaves and small white flowers|
nutmeg melon	n|a muskmelon vine with fruit that has a thin reticulated rind and sweet green flesh|	n|the fruit of a variety of muskmelon vine; a melon with netlike markings and deep green flesh|
nutmeg state	n|a New England state; one of the original 13 colonies|
nutmeg tree	n|East Indian tree widely cultivated in the tropics for its aromatic seed; source of two spices: nutmeg and mace|
nutmeg-shaped	adj|shaped like a nutmeg|
nutmeg-yew	n|California evergreen having a fruit resembling a nutmeg but with a strong turpentine flavor|
nutrient	adj|of or providing nourishment|good nourishing stew	n|any substance that can be metabolized by an animal to give energy and build tissue|	n|any substance (such as a chemical element or inorganic compound) that can be taken in by a green plant and used in organic synthesis|
nutrient agar	n|any culture medium that uses agar as the gelling agent|
nutrient artery	n|an artery that supplies the medullary cavity of the long bone|
nutrify	v|give nourishment to|
nutriment	n|a source of materials to nourish the body|
nutrition	n|(physiology) the organic process of nourishing or being nourished; the processes by which an organism assimilates food and uses it for growth and maintenance|	n|a source of materials to nourish the body|	n|the scientific study of food and drink (especially in humans)|
nutritional	adj|of or relating to or providing nutrition|nutritional information
nutritionally	adv|with regard to nutrition|nutritionally, her new diet is suicide
nutritionary	adj|of or relating to or providing nutrition|nutritional information
nutritionist	n|a specialist in the study of nutrition|
nutritionist's calorie	n|a unit of heat equal to the amount of heat required to raise the temperature of one kilogram of water by one degree at one atmosphere pressure; used by nutritionists to characterize the energy-producing potential in food|
nutritious	adj|of or providing nourishment|good nourishing stew
nutritiousness	n|the quality of being nourishing and promoting healthy growth|
nutritive	adj|of or providing nourishment|good nourishing stew
nutritiveness	n|the quality of being nourishing and promoting healthy growth|
nuts	adj|informal or slang terms for mentally irregular|it used to drive my husband balmy
nuts and bolts	n|detailed practical information about how something works or how something can be accomplished|
nutsedge	n|a widely distributed perennial sedge having small edible nutlike tubers|
nutshell	n|the shell around the kernel of a nut|
nuttall oak	n|similar to the pin oak; grows in damp sites in Mississippi River basin|
nuttall's oak	n|similar to the pin oak; grows in damp sites in Mississippi River basin|
nutter	n|a person who is regarded as eccentric or mad|
nuttily	adv|in a mildly insane manner|the old lady is beginning to behave quite dottily
nutty	adj|having the flavor of nuts|a nutty sherry	adj|informal or slang terms for mentally irregular|it used to drive my husband balmy
nuwc	n|the agency that provides scientific and engineering and technical support for submarine and undersea warfare systems|
nux vomica	n|a medicine made from the seeds of an Asiatic tree; contains strychnine and brucine; formerly used as a stimulant|
nuytsia	n|one species|
nuytsia floribunda	n|a terrestrial evergreen shrub or small tree of western Australia having brilliant yellow-orange flowers; parasitic on roots of grasses|
nuzzle	v|move or arrange oneself in a comfortable and cozy position|We cuddled against each other to keep warm	v|rub noses|	v|dig out with the snout|the pig nuzzled the truffle
nw	n|the compass point midway between north and west; at 315 degrees|
nwbn	n|the compass point that is one point north of northwest|
nwbw	n|the compass point that is one point west of northwest|
ny	n|a Mid-Atlantic state; one of the original 13 colonies|
nyala	n|city in Sudan|	n|spiral-horned South African antelope with a fringe of white hairs along back and neck|
nyamuragira	n|an active volcano in eastern Congo|
nyamwezi	n|a Bantu language spoken in central Tanzania|
nyasaland	n|a landlocked republic in southern central Africa; achieved independence from the United Kingdom in 1964|
nybble	n|a small byte|
nyctaginaceae	n|a family of flowering plants of the order Caryophyllales|
nyctaginia	n|a caryophyllaceous genus of the family Nyctaginaceae having only one species|
nyctalopia	n|inability to see clearly in dim light; due to a deficiency of vitamin A or to a retinal disorder|
nyctereutes	n|raccoon dogs|
nyctereutes procyonides	n|small wild dog of eastern Asia having facial markings like those of a raccoon|
nycticebus	n|a genus of Lorisidae|
nycticebus pygmaeus	n|stocky lemur of southeastern Asia|
nycticebus tardigradua	n|stocky lemur of southeastern Asia|
nycticorax	n|Old World night herons|
nycticorax nycticorax	n|night heron of both Old and New Worlds|
nyctimene	n|East Indian fruit bats|
nyctophobia	n|a morbid fear of night or darkness|
nycturia	n|excessive urination at night; especially common in older men|
nydrazid	n|antibacterial drug (trade name Nydrazid) used to treat tuberculosis|
nyiragongo	n|an active volcano in eastern Congo|
nylghai	n|large Indian antelope; male is blue-grey with white markings; female is brownish with no horns|
nylghau	n|large Indian antelope; male is blue-grey with white markings; female is brownish with no horns|
nylon	n|a thermoplastic polyamide; a family of strong resilient synthetic fibers|	n|a synthetic fabric|
nylon stocking	n|women's stockings made from a sheer material (nylon or rayon or silk)|
nylons	n|women's stockings made from a sheer material (nylon or rayon or silk)|
nymph	n|(classical mythology) a minor nature goddess usually depicted as a beautiful maiden|the ancient Greeks believed that nymphs inhabited forests and bodies of water	n|a larva of an insect with incomplete metamorphosis (as the dragonfly or mayfly)|	n|a voluptuously beautiful young woman|
nymphaea	n|the type genus of the family Nymphaeaceae; any of a variety of water lilies|
nymphaea alba	n|a water lily with white flowers|
nymphaea caerulea	n|blue Egyptian lotus: held sacred by the Egyptians|
nymphaea lotus	n|white Egyptian lotus: water lily of Egypt to southeastern Africa; held sacred by the Egyptians|
nymphaea odorata	n|a water lily having large leaves and showy fragrant flowers that float on the water; of temperate and tropical regions|
nymphaea stellata	n|blue lotus of India and southeastern Asia|
nymphaeaceae	n|dicot aquatic plants|
nymphalid	n|medium to large butterflies found worldwide typically having brightly colored wings and much-reduced nonfunctional forelegs carried folded on the breast|
nymphalid butterfly	n|medium to large butterflies found worldwide typically having brightly colored wings and much-reduced nonfunctional forelegs carried folded on the breast|
nymphalidae	n|large beautifully colored butterflies|
nymphalis	n|type genus of the Nymphalidae: mourning cloak butterflies|
nymphalis antiopa	n|of temperate regions; having dark purple wings with yellow borders|
nymphet	n|a sexually attractive young woman|
nymphicus	n|a genus of Psittacidae|
nymphicus hollandicus	n|small grey Australian parrot with a yellow crested head|
nympho	n|a woman with abnormal sexual desires|
nympholepsy	n|a frenzy of emotion; as for something unattainable|
nympholept	n|a person seized by nympholepsy|
nymphomania	n|abnormally intense sexual desire in women|
nymphomaniac	n|a woman with abnormal sexual desires|	adj|(used of women) affected with excessive sexual desire|
nymphomaniacal	adj|(used of women) affected with excessive sexual desire|
nynorsk	n|one of two official languages of Norway; based on rural dialects|
nypa	n|monotypic genus of palms of Australasia|
nyquist frequency	n|(telecommunication) twice the maximum frequency occurring in the transmitted signal|
nyquist rate	n|(telecommunication) the lowest sampling rate that will permit accurate reconstruction of a sampled analog signal|
nyse	n|a stock exchange in New York|
nyssa	n|tupelos: deciduous trees of moist habitats especially swamps and beside ponds|
nyssa aquatica	n|columnar swamp tree of southeastern to midwestern North America yielding pale soft easily worked wood|
nyssa sylvatica	n|columnar tree of eastern North America having horizontal limbs and small leaves that emerge late in spring and have brilliant color in early fall|
nyssaceae	n|a family of dicotyledonous trees of order Myrtales that includes the sour gum trees|
nystagmus	n|involuntary movements of the eyeballs; its presence or absence is used to diagnose a variety of neurological and visual disorders|
nystan	n|an antifungal and antibiotic (trade names Mycostatin and Nystan) discovered in New York State; derived from soil fungi actinomycetes|
nystatin	n|an antifungal and antibiotic (trade names Mycostatin and Nystan) discovered in New York State; derived from soil fungi actinomycetes|
nyx	n|(Greek mythology) Greek goddess of the night; daughter of Chaos; counterpart of Roman Nox|
