o	n|a nonmetallic bivalent element that is normally a colorless odorless tasteless nonflammable diatomic gas; constitutes 21 percent of the atmosphere by volume; the most abundant element in the earth's crust|	n|the 15th letter of the Roman alphabet|	n|the blood group whose red cells carry neither the A nor B antigens|people with type O blood are universal donors
o level	n|the basic level of a subject taken in school|
o ring	n|a gasket consisting of a flat ring of rubber or plastic; used to seal a joint against high pressure|
o'brien	n|Irish writer (born in 1932)|
o'casey	n|Irish playwright (1880-1964)|
o'clock	adv|according to the clock|it's three o'clock in Tokyo now
o'er	adv|throughout a period of time|stay over the weekend
o'flaherty	n|Irish writer of short stories (1896-1984)|
o'toole	n|British actor (born in Ireland in 1932)|
o.d.	v|dose too heavily|The rock star overdosed and was found dead in his hotel room
o.e.d.	n|an unabridged dictionary constructed on historical principles|
o.k.	adj|being satisfactory or in satisfactory condition|an all-right movie	adv|in a satisfactory or adequate manner; (`alright' is a nonstandard variant of `all right')|she'll do okay on her own	n|an endorsement|they gave us the O.K. to go ahead	v|give sanction to|I approve of his educational policies
oaf	n|an awkward stupid person|
oafish	adj|ill-mannered and coarse and contemptible in behavior or appearance|was boorish and insensitive
oahu	n|an island of central Hawaii (between Molokai and Kauai); the chief island of the state|
oahu island	n|an island of central Hawaii (between Molokai and Kauai); the chief island of the state|
oak	n|the hard durable wood of any oak; used especially for furniture and flooring|	n|a deciduous tree of the genus Quercus; has acorns and lobed leaves|great oaks grow from little acorns
oak apple	n|oak gall caused by larvae of a cynipid wasp|
oak blight	n|a black plant louse that lives on oaks and dogwoods|
oak chestnut	n|a tree of the genus Castanopsis|
oak fern	n|bright blue-green fern widely distributed especially in damp acid woodlands of temperate northern hemisphere|
oak tree	n|a deciduous tree of the genus Quercus; has acorns and lobed leaves|great oaks grow from little acorns
oak-leaved goosefoot	n|annual European plant with spikes of greenish flowers and leaves that are white and hairy on the underside; common as a weed in North America|
oaken	adj|consisting of or made of wood of the oak tree|a solid oak table
oakland	n|a city in western California on San Francisco Bay opposite San Francisco; primarily and industrial urban center|
oakleaf goosefoot	n|annual European plant with spikes of greenish flowers and leaves that are white and hairy on the underside; common as a weed in North America|
oakum	n|loose hemp or jute fiber obtained by unravelling old ropes; when impregnated with tar it was used to caulk seams and pack joints in wooden ships|
oar	n|an implement used to propel or steer a boat|
oarfish	n|thin deep-water tropical fish 20 to 30 feet long having a red dorsal fin|
oarlock	n|a holder attached to the gunwale of a boat that holds the oar in place and acts as a fulcrum for rowing|
oarsman	n|someone who rows a boat|
oarsmanship	n|skill as an oarsman|
oarswoman	n|a woman oarsman|
oas	n|an association including most countries in the western hemisphere; created in 1948 to promote military and economic and social and cultural cooperation|
oasis	n|a fertile tract in a desert (where the water table approaches the surface)|	n|a shelter serving as a place of safety or sanctuary|
oast	n|a kiln for drying hops|
oast house	n|a building containing an oast (a kiln for drying hops); usually has a conical or pyramidal roof|
oat	n|annual grass of Europe and North Africa; grains used as food and fodder (referred to primarily in the plural: `oats')|	n|seed of the annual grass Avena sativa (spoken of primarily in the plural as `oats')|
oat cell carcinoma	n|highly malignant carcinoma composed of small round or egg-shaped cells with little cytoplasm; lung cancers are frequently oat cell carcinomas|
oatcake	n|thin flat unleavened cake of baked oatmeal|
oaten	adj|of or related to or derived from oats|oaten bread
oates	n|English conspirator who claimed that there was a Jesuit plot to assassinate Charles II (1649-1705)|
oath	n|profane or obscene expression usually of surprise or anger|expletives were deleted	n|a commitment to tell the truth (especially in a court of law); to lie under oath is to become subject to prosecution for perjury|	n|a solemn promise, usually invoking a divine witness, regarding your future acts or behavior|they took an oath of allegiance
oatmeal	n|porridge made of rolled oats|	n|meal made from rolled or ground oats|
oatmeal cookie	n|cookies containing rolled oats|
oaxaca	n|a city of southeastern Mexico|
oaxaca de juarez	n|a city of southeastern Mexico|
ob	n|a major river of western Siberia; flows generally northward and westward to the Gulf of Ob and the Kara Sea|	n|the branch of medicine dealing with childbirth and care of the mother|
ob river	n|a major river of western Siberia; flows generally northward and westward to the Gulf of Ob and the Kara Sea|
obadiah	n|a Hebrew minor prophet|	n|an Old Testament book telling Obadiah's prophecies; the shortest book in the Christian Bible|
obbligato	n|a persistent but subordinate motif|	n|a part of the score that must be performed without change or omission|
obduracy	n|resoluteness by virtue of being unyielding and inflexible|
obdurate	adj|stubbornly persistent in wrongdoing|	adj|showing unfeeling resistance to tender feelings|his flinty gaze
obdurately	adv|in a stubborn unregenerate manner|she remained stubbornly in the same position
obeah	n|(West Indies) followers of a religious system involving witchcraft and sorcery|	n|a religious belief of African origin involving witchcraft and sorcery; practiced in parts of the West Indies and tropical Americas|
obeche	n|the wood of an African obeche tree; used especially for veneering|	n|large west African tree having large palmately lobed leaves and axillary cymose panicles of small white flowers and one-winged seeds; yields soft white to pale yellow wood|
obechi	n|large west African tree having large palmately lobed leaves and axillary cymose panicles of small white flowers and one-winged seeds; yields soft white to pale yellow wood|
obedience	n|the act of obeying; dutiful or submissive behavior with respect to another person|	n|the trait of being willing to obey|	n|behavior intended to please your parents|their children were never very strong on obedience
obedience plant	n|white-flowered West Indian plant whose root yields arrowroot starch|
obedient	adj|dutifully complying with the commands or instructions of those in authority; the refractory remain unburdened"- Edmund Burke|an obedient soldier
obediently	adv|in an obedient manner|obediently she slipped off her right shoe and stocking
obeisance	n|bending the head or body or knee as a sign of reverence or submission or shame or greeting|	n|the act of obeying; dutiful or submissive behavior with respect to another person|
obelion	n|the craniometric point on the sagittal suture near the lamboid suture|
obelisk	n|a stone pillar having a rectangular cross section tapering towards a pyramidal top|	n|a character used in printing to indicate a cross reference or footnote|
oberson	n|(Middle Ages) the king of the fairies and husband of Titania in medieval folklore|
obese	adj|excessively fat|a weighty man
obesity	n|more than average fatness|
obesity diet	n|a diet designed to help you lose weight (especially fat)|
obey	v|be obedient to|
obfuscate	v|make obscure or unclear|
obfuscation	n|confusion resulting from failure to understand|	n|the activity of obscuring people's understanding, leaving them baffled or bewildered|	n|darkening or obscuring the sight of something|
obi	n|(West Indies) followers of a religious system involving witchcraft and sorcery|	n|a religious belief of African origin involving witchcraft and sorcery; practiced in parts of the West Indies and tropical Americas|
obidoxime chloride	n|a chloride used as an antidote for nerve gases such as sarin or VX|
obiism	n|belief in a kind of sorcery that originated in Africa and is practiced in the West Indies|
obit	n|a notice of someone's death; usually includes a short biography|
obiter dictum	n|an incidental remark|	n|an opinion voiced by a judge on a point of law not directly bearing on the case in question and therefore not binding|
obituary	n|a notice of someone's death; usually includes a short biography|
object	n|a tangible and visible entity; an entity that can cast a shadow|it was full of rackets, balls and other objects	n|the goal intended to be attained (and which is believed to be attainable)|the sole object of her trip was to see her children	n|(grammar) a constituent that is acted upon|the object of the verb	n|the focus of cognitions or feelings|objects of thought
object ball	n|the billiard ball that is intended to be the first ball struck by the cue ball|
object code	n|the machine-language output of a compiler that is ready for execution on a particular computer|
object glass	n|the lens or system of lenses in a telescope or microscope that is nearest the object being viewed|
object language	n|a computer language into which something written in another computer language is to be translated|	n|the language into which a text written in another language is to be translated|
object lens	n|the lens or system of lenses in a telescope or microscope that is nearest the object being viewed|
object lesson	n|punishment intended as a warning to others|they decided to make an example of him
object of a preposition	n|the object governed by a preposition|
object of the verb	n|the object that receives the direct action of the verb|
object program	n|a fully compiled or assembled program ready to be loaded into the computer|
object recognition	n|the visual perception of familiar objects|
object-oriented database	n|a database in which the operations carried out on information items (data objects) are considered part of their definition|
object-oriented database management system	n|a database management system designed to manage an object-oriented database|
object-oriented programing	n|creating a program that can use and support objects|
object-oriented programing language	n|(computer science) a programming language that enables the programmer to associate a set of procedures with each type of data structure|C++ is an object-oriented programming language that is an extension of C
object-oriented programming	n|creating a program that can use and support objects|
object-oriented programming language	n|(computer science) a programming language that enables the programmer to associate a set of procedures with each type of data structure|C++ is an object-oriented programming language that is an extension of C
objectification	n|the act of representing an abstraction as a physical thing|	n|a concrete representation of an abstract idea or principle|
objectify	v|make external or objective, or give reality to|language externalizes our thoughts	v|make impersonal or present as an object|Will computers depersonalize human interactions?
objection	n|the act of expressing earnest opposition or protest|	n|the speech act of objecting|	n|the act of protesting; a public (often organized) manifestation of dissent|	n|(law) a procedure whereby a party to a suit says that a particular line of questioning or a particular witness or a piece of evidence or other matter is improper and should not be continued and asks the court to rule on its impropriety or illegality|
objectionable	adj|causing disapproval or protest|a vulgar and objectionable person	adj|liable to objection or debate; used of something one might take exception to|a thoroughly unpleasant highly exceptionable piece of writing
objectionableness	n|the quality of being hateful|
objectionably	adv|in an obnoxious manner|he said so in one of his more offensively intellectually arrogant sentences
objective	adj|undistorted by emotion or personal bias; based on observable phenomena|an objective appraisal	adj|serving as or indicating the object of a verb or of certain prepositions and used for certain other purposes|objective case	adj|emphasizing or expressing things as perceived without distortion of personal feelings or interpretation|objective art	adj|belonging to immediate experience of actual things or events|objective benefits
objective case	n|the case of nouns serving as the direct object of a verb|
objective lens	n|the lens or system of lenses in a telescope or microscope that is nearest the object being viewed|
objectively	adv|with objectivity|we must look at the facts objectively
objectiveness	n|judgment based on observable phenomena and uninfluenced by emotions or personal prejudices|
objectivity	n|judgment based on observable phenomena and uninfluenced by emotions or personal prejudices|
objector	n|a person who dissents from some established policy|
objet d'art	n|a work of art of some artistic value|this store sells only objets d'art
objurgate	v|express strong disapproval of|We condemn the racism in South Africa	v|censure severely|She chastised him for his insensitive remarks
objurgation	n|rebuking a person harshly|
oblanceolate	adj|(of a leaf shape) having a broad rounded apex and a tapering base|
oblanceolate leaf	n|a leaf having a rounded apex and tapering base|
oblate	adj|having the equatorial diameter greater than the polar diameter; being flattened at the poles|	n|a lay person dedicated to religious work or the religious life|
oblateness	n|the property possessed by a round shape that is flattened at the poles|the oblateness of the planet
oblation	n|the act of contributing to the funds of a church or charity|oblations for aid to the poor	n|the act of offering the bread and wine of the Eucharist|
obligate	adj|restricted to a particular condition of life|an obligate anaerobe can survive only in the absence of oxygen	v|force somebody to do something|We compel all students to fill out this form	v|commit in order to fulfill an obligation|obligate money	v|bind by an obligation; cause to be indebted|He's held by a contract
obligate anaerobe	n|an organism that cannot grow in the presence of oxygen|
obligated	adj|caused by law or conscience to follow a certain course|felt obligated to repay the kindness
obligation	n|the social force that binds you to the courses of action demanded by that force; every opportunity, an obligation; every possession, a duty"- John D.Rockefeller Jr|we must instill a sense of duty in our children	n|the state of being obligated to do or pay something|he is under an obligation to finish the job	n|a personal relation in which one is indebted for a service or favor|	n|a written promise to repay a debt|
obligational	adj|relating or constituting or qualified to create a legal or financial obligation|obligational authority
obligato	n|a persistent but subordinate motif|	n|a part of the score that must be performed without change or omission|
obligatorily	adv|in an obligatory manner|this rule applies obligatorily	adv|in a manner that cannot be evaded|the ministry considers that contributions to such a fund should be met from voluntary donations rather than from rates compulsorily levied.
obligatory	adj|morally or legally constraining or binding|attendance is obligatory	adj|required by obligation or compulsion or convention|he made all the obligatory apologies
oblige	v|force somebody to do something|We compel all students to fill out this form	v|bind by an obligation; cause to be indebted|He's held by a contract	v|provide a service or favor for someone|We had to oblige him
obliged	adj|under a moral obligation to do something|
obliger	n|someone who performs a service or does a favor|
obliging	adj|showing a cheerful willingness to do favors for others|to close one's eyes like a complaisant husband whose wife has taken a lover
obligingly	adv|in accommodation|obligingly, he lowered his voice
obligingness	n|a disposition or tendency to yield to the will of others|
oblique	adj|slanting or inclined in direction or course or position--neither parallel nor perpendicular nor right-angled|the oblique rays of the winter sun	adj|indirect in departing from the accepted or proper way; misleading|used devious means to achieve success	n|any grammatical case other than the nominative|	n|a diagonally arranged abdominal muscle on either side of the torso|
oblique angle	n|an angle that is not a right angle or a multiple of a right angle|
oblique bandage	n|a bandage in which successive turns proceed obliquely up or down a limb|
oblique case	n|any grammatical case other than the nominative|
oblique triangle	n|a triangle that contains no right angle|
oblique vein of the left atrium	n|a tributary of the coronary sinus; on the posterior wall of the left atrium|
oblique-angled	adj|having oblique angles|
obliquely	adv|to, toward or at one side|darting eyes looking sidelong out of a wizened face	adv|at an oblique angle|the sun shone aslant into his face
obliqueness	n|the property of being neither parallel nor perpendicular, but at a slanting angle|	n|the quality of being oblique and rambling indirectly|
obliquity	n|the presentation during labor of the head of the fetus at an abnormal angle|	n|the quality of being deceptive|
obliterable	adj|able to be obliterated completely|
obliterate	v|mark for deletion, rub off, or erase|kill these lines in the President's speech	v|make undecipherable or imperceptible by obscuring or concealing|a hidden message	v|remove completely from recognition or memory|efface the memory of the time in the camps	v|do away with completely, without leaving a trace|
obliterated	adj|reduced to nothingness|
obliteration	n|destruction by annihilating something|	n|the complete destruction of every trace of something|
obliterator	n|an eliminator that does away with all traces|
oblivion	n|the state of being disregarded or forgotten|	n|total forgetfulness|he sought the great oblivion of sleep
oblivious	adj|(followed by `to' or `of') lacking conscious awareness of|oblivious of the mounting pressures for political reform	adj|failing to keep in mind|forgetful of her responsibilities
obliviousness	n|total forgetfulness|he sought the great oblivion of sleep
oblong	adj|(of a leaf shape) having a somewhat elongated form with approximately parallel sides|	adj|deviating from a square or circle or sphere by being elongated in one direction|	n|a plane figure that deviates from a square or circle due to elongation|
oblong leaf	n|a simple leaf that is rounded at each end with parallel sides|
oblong woodsia	n|a common rock-inhabiting fern of northern temperate regions having rusty-brown stipes and lanceolate pinnate fronds|
oblongness	n|the property of being shaped like a rectangle|
obloquy	n|state of disgrace resulting from public abuse|	n|a false accusation of an offense or a malicious misrepresentation of someone's words or actions|
obnoxious	adj|causing disapproval or protest|a vulgar and objectionable person
obnoxiously	adv|in an obnoxious manner|he said so in one of his more offensively intellectually arrogant sentences
obnoxiousness	n|the quality of being hateful|
obnubilate	v|make less visible or unclear|The stars are obscured by the clouds	v|make unclear, indistinct, or blurred|Her remarks confused the debate
oboe	n|a slender double-reed instrument; a woodwind with a conical bore and a double-reed mouthpiece|
oboe d'amore	n|an oboe pitched a minor third lower than the ordinary oboe; used to perform baroque music|
oboe da caccia	n|an alto oboe; precursor of the English horn|
oboist	n|a musician who plays the oboe|
obolus	n|a Greek unit of weight equal to one tenth of a gram|
obovate	adj|(of a leaf shape) egg-shaped with the narrower end at the base|
obovate leaf	n|an egg-shaped leaf with the narrower end at the base|
obscene	adj|designed to incite to indecency or lust|the dance often becomes flagrantly obscene"-Margaret Mead	adj|offensive to the mind|an abhorrent deed	adj|suggestive of or tending to moral looseness|lewd pictures
obscenely	adv|to an obscene degree|this man is obscenely rich	adv|in a lewd and obscene manner|he had seen how in their dances the white men and women held one another obscenely
obscenity	n|the trait of behaving in an obscene manner|	n|an offensive or indecent word or phrase|	n|an obscene act|
obscurantism	n|a policy of opposition to enlightenment or the spread of knowledge|	n|a deliberate act intended to make something obscure|
obscurantist	n|a person who is deliberately vague|
obscure	v|make less visible or unclear|The stars are obscured by the clouds	v|make unclear, indistinct, or blurred|Her remarks confused the debate	v|make obscure or unclear|The distinction was obscured	v|reduce a vowel to a neutral one, such as a schwa|
obscurely	adv|in an obscure manner|this work is obscurely written
obscureness	n|the state of being humble and unimportant|	n|the state of being indistinct or indefinite for lack of adequate illumination|	n|the quality of being unclear or abstruse and hard to understand|
obscurity	n|the quality of being unclear or abstruse and hard to understand|	n|an obscure and unimportant standing; not well known|he worked in obscurity for many years	n|the state of being indistinct or indefinite for lack of adequate illumination|
obsequious	adj|attempting to win favor from influential people by flattery|	adj|attentive in an ingratiating or servile manner|obsequious shop assistants
obsequiously	adv|in an obsequious manner|she acts obsequiously toward her boss
obsequiousness	n|abject or cringing submissiveness|
obsequy	n|a ceremony at which a dead person is buried or cremated|hundreds of people attended his funeral
observable	adj|capable of being seen or noticed|a discernible change in attitude
observably	adv|in a noticeable manner|he changed noticeably over the years
observance	n|the act of observing; taking a patient look|	n|a formal event performed on a special occasion|a ceremony commemorating Pearl Harbor	n|the act of noticing or paying attention|he escaped the notice of the police	n|conformity with law or custom or practice etc.|
observant	adj|paying close attention especially to details|	adj|quick to notice; showing quick and keen perception|	adj|(of individuals) adhering strictly to laws and rules and customs|law-abiding citizens
observantly	adv|in an observant manner|
observation	n|the act of making and recording a measurement|	n|the act of observing; taking a patient look|	n|a remark expressing careful consideration|	n|facts learned by observing|he reported his observations to the mayor
observation dome	n|lookout consisting of a dome-shaped observatory|
observation post	n|an elevated post affording a wide view|
observation station	n|a station set up for making observations of something|
observation tower	n|a structure commanding a wide view of its surroundings|
observational	adj|relying on observation or experiment|experimental results that supported the hypothesis
observatory	n|a building designed and equipped to observe astronomical phenomena|	n|a structure commanding a wide view of its surroundings|
observe	v|discover or determine the existence, presence, or fact of|She detected high levels of lead in her drinking water	v|make mention of|She observed that his presentation took up too much time	v|observe with care or pay close attention to|Take note of this chemical reaction	v|watch attentively|Please observe the reaction of these two chemicals
observed	adj|discovered or determined by scientific observation|variation in the ascertained flux depends on a number of factors
observed fire	n|fire for which the point of impact (the burst) can be seen by an observer; fire can be adjusted on the basis of the observations|
observer	n|a person who becomes aware (of things or events) through the senses|	n|an expert who observes and comments on something|
observer's meridian	n|a meridian that passes through the observer's zenith|
observing	adj|quick to notice; showing quick and keen perception|
observingly	adv|in an observant manner|
obsess	v|haunt like a ghost; pursue|Fear of illness haunts her	v|be preoccupied with something|She is obsessing over her weight
obsessed	adj|having or showing excessive or compulsive concern with something|became more and more haunted by the stupid riddle	adj|influenced or controlled by a powerful force such as a strong emotion|by love possessed
obsession	n|an irrational motive for performing trivial or repetitive actions, even against your will|her compulsion to wash her hands repeatedly	n|an unhealthy and compulsive preoccupation with something or someone|
obsessional	adj|characterized by or constituting an obsession|the obsessional character of his response
obsessionally	adv|in a compulsive manner|he cleaned his shoes compulsively after every walk
obsessive	adj|characterized by or constituting an obsession|the obsessional character of his response	n|a person who has obsessions|
obsessive-compulsive	adj|characterized by obsessions and compulsions|obsessive-compulsive neurosis	n|a person with obsessive-compulsive characteristics|
obsessive-compulsive disorder	n|an anxiety disorder characterized by recurrent and persistent thoughts and feelings and repetitive, ritualized behaviors|
obsessive-compulsive personality	n|personality characterized by a strong need to repeat certain acts or rituals|
obsessively	adv|in a compulsive manner|he cleaned his shoes compulsively after every walk
obsessiveness	n|extreme compulsiveness|
obsessivity	n|extreme compulsiveness|
obsidian	n|acid or granitic glass formed by the rapid cooling of lava without crystallization; usually dark, but transparent in thin pieces|
obsolesce	v|become obsolete, fall into disuse|This word has not obsolesced, although it is rarely used
obsolescence	n|the process of becoming obsolete; falling into disuse or becoming out of date|a policy of planned obsolescence
obsolescent	adj|becoming obsolete|
obsolete	adj|no longer in use|obsolete words
obsoleteness	n|the property of being out of date and not current|
obstacle	n|something immaterial that stands in the way and must be circumvented or surmounted|lack of imagination is an obstacle to one's advancement	n|an obstruction that stands in the way (and must be removed or surmounted or circumvented)|
obstacle race	n|a race in which competitors must negotiate obstacles|
obstetric	adj|of or relating to or used in or practicing obstetrics|obstetric hospital
obstetrical	adj|of or relating to or used in or practicing obstetrics|obstetric hospital
obstetrical delivery	n|the act of delivering a child|
obstetrical toad	n|European toad whose male carries the fertilized eggs wrapped around its hind legs until they hatch|
obstetrician	n|a physician specializing in obstetrics|
obstetrics	n|the branch of medicine dealing with childbirth and care of the mother|
obstinacy	n|the trait of being difficult to handle or overcome|	n|resolute adherence to your own ideas or desires|
obstinance	n|the trait of being difficult to handle or overcome|	n|resolute adherence to your own ideas or desires|
obstinate	adj|tenaciously unwilling or marked by tenacious unwillingness to yield|	adj|stubbornly persistent in wrongdoing|	adj|resistant to guidance or discipline|Mary Mary quite contrary	v|persist stubbornly|he obstinates himself against all rational arguments
obstinately	adv|in a stubborn unregenerate manner|she remained stubbornly in the same position
obstipate	v|constipate severely|
obstipation	n|severe constipation resulting from an obstruction in the intestines|
obstreperous	adj|noisily and stubbornly defiant|obstreperous boys	adj|boisterously and noisily aggressive|kept up an obstreperous clamor
obstreperously	adv|in manner that attracts attention|obstreperously, he demanded to get service
obstreperousness	n|noisy defiance|
obstruct	v|hinder or prevent the progress or accomplishment of|His brother blocked him at every turn	v|block passage through|obstruct the path	v|shut out from view or get in the way so as to hide from sight|The thick curtain blocked the action on the stage
obstructed	adj|shut off to passage or view or hindered from action|a partially obstructed passageway
obstructer	n|someone who systematically obstructs some action that others want to take|	n|any structure that makes progress difficult|
obstruction	n|any structure that makes progress difficult|	n|the physical condition of blocking or filling a passage with an obstruction|	n|something immaterial that stands in the way and must be circumvented or surmounted|lack of imagination is an obstacle to one's advancement	n|the act of obstructing|obstruction of justice
obstruction of justice	n|impeding those who seek justice in a court (as by trying to influence or intimidate any juror or witness or officer of the court); can result in a finding of contempt of court|
obstructionism	n|deliberate interference|
obstructionist	n|someone who systematically obstructs some action that others want to take|
obstructive	adj|preventing movement|the clogging crowds of revelers overflowing into the street
obstructive shock	n|shock caused by obstruction of blood flow|
obstructively	adv|in an obstructive manner|he acted very obstructively when we tried to carry out our project
obstructor	n|someone who systematically obstructs some action that others want to take|	n|any structure that makes progress difficult|
obstruent	n|a consonant that is produced with a partial or complete blockage of the airflow from the lungs through the nose or mouth|
obtain	v|come into possession of|How did you obtain the visa?	v|receive a specified treatment (abstract)|These aspects of civilization do not find expression or receive an interpretation	v|be valid, applicable, or true|This theory still holds
obtainable	adj|capable of being obtained|savings of up to 50 percent are obtainable
obtainment	n|the act of obtaining|
obtention	n|the act of obtaining|
obtrude	v|push to thrust outward|	v|thrust oneself in as if by force|The colors don't intrude on the viewer
obtrude upon	v|to intrude upon, infringe, encroach on, violate|This new colleague invades my territory
obtrusive	adj|sticking out; protruding|	adj|undesirably noticeable|the obtrusive behavior of a spoiled child
obtrusively	adv|in an obtrusive manner|
obtrusiveness	n|an unwelcome conspicuousness|
obtund	v|reduce the edge or violence of|obtunded reflexes
obturate	v|block passage through|obstruct the path
obturator	n|a prosthesis used to close an opening (as to close an opening of the hard palate in cases of cleft palate)|
obturator vein	n|a vein formed by the union of tributaries that drain the hip joints and thigh muscles; empties into the internal iliac vein|
obtuse	adj|of an angle; between 90 and 180 degrees|	adj|(of a leaf shape) rounded at the apex|	adj|lacking in insight or discernment|too obtuse to grasp the implications of his behavior	adj|slow to learn or understand; lacking intellectual acuity|so dense he never understands anything I say to him
obtuse angle	n|an angle between 90 and 180 degrees|
obtuse leaf	n|a simple leaf having a rounded or blunt tip|
obtuse triangle	n|a triangle that contains an obtuse interior angle|
obtuse-angled triangle	n|a triangle that contains an obtuse interior angle|
obtusely	adv|in a stupid manner|he had so rapaciously desired and so obtusely expected to find her alone
obtuseness	n|the quality of being slow to understand|	n|the quality of lacking a sharp edge or point|
obverse	n|the more conspicuous of two alternatives or cases or sides|the obverse of this issue	n|the side of a coin or medal bearing the principal stamp or design|
obviate	v|do away with|	v|prevent the occurrence of; prevent from happening|Let's avoid a confrontation
obviating	adj|made impossible|
obviation	n|the act of preventing something by anticipating and disposing of it effectively|
obvious	adj|easily perceived by the senses or grasped by the mind|obvious errors
obviously	adv|unmistakably (`plain' is often used informally for `plainly')|the answer is obviously wrong
obviousness	n|the property of being easy to see and understand|
ocarina	n|egg-shaped terra cotta wind instrument with a mouthpiece and finger holes|
occam	n|English scholastic philosopher and assumed author of Occam's Razor (1285-1349)|
occam's razor	n|the principle that entities should not be multiplied needlessly; the simplest of two competing theories is to be preferred|
occasion	n|an event that occurs at a critical time|at such junctures he always had an impulse to leave	n|a vaguely specified social event|the party was quite an affair	n|reason|there was no occasion for complaint	n|the time of a particular event|on the occasion of his 60th birthday
occasional	adj|occurring from time to time|took an occasional glass of wine	adj|occurring or appearing at usually irregular intervals|episodic in his affections	adj|occurring on a temporary or irregular basis|casual employment	adj|recurring or reappearing from time to time|periodic feelings of anxiety
occasionally	adv|sporadically and infrequently|he was arrogant and occasionally callous
occasions	n|something you have to do|he minded his own specialized occasions
occident	n|the countries of (originally) Europe and (now including) North America and South America|	n|the hemisphere that includes North America and South America|
occidental	n|a native inhabitant of the Occident|	n|an artificial language|	adj|denoting or characteristic of countries of Europe and the western hemisphere|occidental civilization
occidentalise	v|make western in character|The country was Westernized after it opened up
occidentalism	n|the scholarly knowledge of western cultures and languages and people|	n|the quality or customs or mannerisms characteristic of Western civilizations|
occidentalize	v|make western in character|The country was Westernized after it opened up
occipital	adj|of or relating to the occiput|occipital bone
occipital bone	n|a saucer-shaped membrane bone that forms the back of the skull|
occipital cortex	n|that part of the cerebral cortex in either hemisphere of the brain lying in the back of the head|
occipital gyrus	n|any of the convolutions of the outer surface of the occipital lobe of the cerebrum|
occipital lobe	n|that part of the cerebral cortex in either hemisphere of the brain lying in the back of the head|
occipital protuberance	n|prominence on the outer surface of the occipital bone|
occipital vein	n|a vein that drains the occipital region|
occipitomastoid suture	n|the suture between the occipital and the temporal bones; a continuation of the lamboid suture|
occiput	n|back part of the head or skull|
occitan	n|the medieval dialects of Langue d'oc (southern France)|
occlude	v|block passage through|obstruct the path
occluded	adj|closed off|an occluded artery	adj|(of a substance) taken into and retained in another substance|the sorbed oil mass
occluded front	n|(meteorology) a composite front when colder air surrounds a mass of warm air and forces it aloft|
occlusion	n|closure or blockage (as of a blood vessel)|	n|(meteorology) a composite front when colder air surrounds a mass of warm air and forces it aloft|	n|(dentistry) the normal spatial relation of the teeth when the jaws are closed|	n|an obstruction in a pipe or tube|we had to call a plumber to clear out the blockage in the drainpipe
occlusive	adj|tending to occlude|	n|a consonant produced by stopping the flow of air at some point and suddenly releasing it|his stop consonants are too aspirated
occult	adj|hidden and difficult to see|an occult fracture	adj|having an import not apparent to the senses nor obvious to the intelligence; beyond ordinary understanding|mysterious symbols	n|supernatural forces and events and beings collectively|She doesn't believe in the supernatural	n|supernatural practices and techniques|he is a student of the occult
occult arts	n|supernatural practices and techniques|he is a student of the occult
occultation	n|one celestial body obscures another|
occultism	n|the study of the supernatural|	n|a belief in supernatural powers and the possibility of bringing them under human control|
occultist	n|a believer in occultism; someone versed in the occult arts|
occupancy	n|an act of being a tenant or occupant|	n|the act of occupying or taking possession of a building|occupation of a building without a certificate of occupancy is illegal
occupancy rate	n|the percentage of all rental units (as in hotels) are occupied or rented at a given time|
occupant	n|someone who lives at a particular place for a prolonged period or who was born there|
occupation	n|the principal activity in your life that you do to earn money|he's not in my line of business	n|the control of a country by military forces of a foreign power|	n|any activity that occupies a person's attention|he missed the bell in his occupation with the computer game	n|the act of occupying or taking possession of a building|occupation of a building without a certificate of occupancy is illegal
occupation licence	n|a license to pursue a particular occupation|
occupation license	n|a license to pursue a particular occupation|
occupational	adj|of or relating to the activity or business for which you are trained|occupational hazard
occupational disease	n|disease or disability resulting from conditions of employment (usually from long exposure to a noxious substance or from continuous repetition of certain acts)|
occupational group	n|a body of people doing the same kind of work|
occupational hazard	n|any condition of a job that can result in illness or injury|
occupational safety and health administration	n|a government agency in the Department of Labor to maintain a safe and healthy work environment|
occupational therapy	n|therapy based on engagement in meaningful activities of daily life, especially to enable or encourage participation in such activities in spite of impairments or limitations in physical or mental functions|
occupied	adj|held or filled or in use|she keeps her time well occupied	adj|seized and controlled as by military invasion|the occupied countries of Europe	adj|resided in; having tenants|not all the occupied (or tenanted) apartments were well kept up	adj|having ones attention or mind or energy engaged|she keeps herself fully occupied with volunteer activities
occupier	n|someone who lives at a particular place for a prolonged period or who was born there|	n|a member of a military force who is residing in a conquered foreign country|
occupy	v|keep busy with|She busies herself with her butterfly collection	v|live (in a certain place)|She resides in Princeton	v|occupy the whole of|The liquid fills the container	v|be on the mind of|I worry about the second Germanic consonant shift
occur	v|come to pass|What is happening?	v|come to one's mind; suggest itself|It occurred to me that we should hire another secretary	v|to be found to exist|sexism occurs in many workplaces
occurrence	n|an event that happens|	n|an instance of something occurring|a disease of frequent occurrence
occurrent	adj|presently occurring (either causally or incidentally)|technical terms are rarely occurrent in literature	n|an event that happens|
ocean	n|a large body of water constituting a principal part of the hydrosphere|	n|anything apparently limitless in quantity or volume|
ocean bottom	n|the bottom of a sea or ocean|
ocean current	n|the steady flow of surface ocean water in a prevailing direction|
ocean floor	n|the bottom of a sea or ocean|
ocean liner	n|a large commercial ship (especially one that carries passengers on a regular schedule)|
ocean perch	n|North Atlantic rockfish|	n|large fish of northern Atlantic coasts of America and Europe|
ocean pout	n|common along northeastern coast of North America|
ocean state	n|a state in New England; one of the original 13 colonies; the smallest state|
ocean sunfish	n|among the largest bony fish; pelagic fish having an oval compressed body with high dorsal and anal fins and caudal fin reduced to a rudder-like lobe; worldwide in warm waters|
ocean trip	n|an act of traveling by water|
oceanaut	n|a skilled worker who can live in underwater installations and participate in scientific research|
oceanfront	n|land bordering an ocean|
oceangoing	adj|used on the high seas|seafaring vessels
oceania	n|a large group of islands in the south Pacific including Melanesia and Micronesia and Polynesia (and sometimes Australasia and the Malay Archipelago)|
oceanic	adj|relating to or occurring or living in or frequenting the open ocean|oceanic islands like Bermuda	adj|resembling the ocean in apparent limitlessness in extent or degree|the oceanic violence of his rage	adj|constituting or living in the open sea|oceanic waters	n|an eastern subfamily of Malayo-Polynesian languages|
oceanic abyss	n|a long steep-sided depression in the ocean floor|
oceanic bird	n|bird of the open seas|
oceanic bonito	n|fish whose flesh is dried and flaked for Japanese cookery; may be same species as skipjack tuna|
oceanic whitetip shark	n|large deep-water shark with white-tipped dorsal fin; worldwide distribution; most dangerous shark|
oceanica	n|a large group of islands in the south Pacific including Melanesia and Micronesia and Polynesia (and sometimes Australasia and the Malay Archipelago)|
oceanid	n|(Greek mythology) sea nymph who was a daughter of Oceanus and Tethys|
oceanites	n|a genus of Hydrobatidae|
oceanites oceanicus	n|medium-sized storm petrel|
oceanographer	n|a scientist who studies physical and biological aspects of the seas|
oceanography	n|the branch of science dealing with physical and biological aspects of the oceans|
oceanology	n|the branch of science dealing with physical and biological aspects of the oceans|
oceanus	n|(Greek mythology) god of the stream that flowed around the earth in ancient mythology|
ocellated	adj|having ocelli|
ocellated turkey	n|wild turkey of Central America and northern South America|
ocellus	n|an eye having a single lens|	n|an eyelike marking (as on the wings of some butterflies); usually a spot of color inside a ring of another color|
ocelot	n|nocturnal wildcat of Central America and South America having a dark-spotted buff-brown coat|
ocher	n|a moderate yellow-orange to orange color|	n|any of various earths containing silica and alumina and ferric oxide; used as a pigment|	adj|of a moderate orange-yellow color|
ochlocracy	n|a political system in which a mob is the source of control; government by the masses|
ochna	n|type genus of Ochnaceae; evergreen trees and shrubs of Old World tropics|
ochna family	n|family of tropical evergreen trees and shrubs with thick shining parallel-veined leaves|
ochna serrulata	n|shrub with narrow-elliptic glossy evergreen leaves and yellow flowers with leathery petaloid sepals|
ochnaceae	n|family of tropical evergreen trees and shrubs with thick shining parallel-veined leaves|
ochotona	n|type genus of the Ochotonidae|
ochotona collaris	n|similar to little chief hare and may be same species|
ochotonidae	n|pikas and extinct forms|
ochre	adj|of a moderate orange-yellow color|	n|any of various earths containing silica and alumina and ferric oxide; used as a pigment|	n|a moderate yellow-orange to orange color|
ochroma	n|one species: balsa|
ochroma lagopus	n|forest tree of lowland Central America having a strong very light wood; used for making floats and rafts and in crafts|
ochronosis	n|an accumulation of dark pigment in cartilage and other connective tissue; usually a symptom of alkaptonuria or phenol poisoning|
ocimum	n|basil|
ocimum basilicum	n|annual or perennial of tropical Asia having spikes of small white flowers and aromatic leaves; one of the most important culinary herbs; used in salads, casseroles, sauces and some liqueurs|
ockham	n|English scholastic philosopher and assumed author of Occam's Razor (1285-1349)|
ockham's razor	n|the principle that entities should not be multiplied needlessly; the simplest of two competing theories is to be preferred|
oct	n|the month following September and preceding November|
octad	n|the cardinal number that is the sum of seven and one|
octadecanoic acid	n|a waxy saturated fatty acid; occurs widely as a glyceride in animal and vegetable fats|
octagon	n|an eight-sided polygon|
octagonal	adj|of or relating to or shaped like an octagon|
octahedron	n|any polyhedron having eight plane faces|
octal	adj|of or pertaining to a number system having 8 as its base|an octal digit
octal digit	n|a digit from 0 to 7 in octal notation|
octal notation	n|any mathematical notation that uses 8 different characters (usually the digits 0 to 7)|
octal number system	n|a positional system of numeration that uses octal digits and a radix of eight|
octal numeration system	n|a positional system of numeration that uses octal digits and a radix of eight|
octameter	n|a verse line having eight metrical feet|
octane	n|any isomeric saturated hydrocarbon found in petroleum and used as a fuel and solvent|
octane number	n|a measure of the antiknock properties of gasoline|
octane rating	n|a measure of the antiknock properties of gasoline|
octanedioic acid	n|a dicarboxylic acid found in cork|
octangular	adj|of or relating to or shaped like an octagon|
octans	n|the constellation that includes the southern celestial pole|
octant	n|a measuring instrument for measuring angles to a celestial body; similar to a sextant but with 45 degree calibration|
octave	n|a feast day and the seven days following it|	n|a musical interval of eight tones|	n|a rhythmic group of eight lines of verse|
octavian	n|Roman statesman who established the Roman Empire and became emperor in 27 BC; defeated Mark Antony and Cleopatra in 31 BC at Actium (63 BC - AD 14)|
octavo	n|the size of a book whose pages are made by folding a sheet of paper three times to form eight leaves|
octet	n|the cardinal number that is the sum of seven and one|	n|eight performers or singers who perform together|	n|a set of eight similar things considered as a unit|	n|eight people considered as a unit|
octette	n|eight performers or singers who perform together|	n|a set of eight similar things considered as a unit|	n|eight people considered as a unit|	n|a musical composition written for eight performers|
octillion	n|the number that is represented as a one followed by 27 zeros|
october	n|the month following September and preceding November|
october 12	n|a legal holiday commemorating the discovery of America by Christopher Columbus|
october 24	n|a day for celebrating the founding of the United Nations|
october revolution	n|the coup d'etat by the Bolsheviks under Lenin in November 1917 that led to a period of civil war which ended in victory for the Bolsheviks in 1922|
octoberfest	n|a strong lager made originally in Germany for the Oktoberfest celebration; sweet and copper-colored|
octogenarian	adj|being from 80 to 89 years old|	n|someone whose age is in the eighties|
octonary	n|the cardinal number that is the sum of seven and one|
octopod	n|a cephalopod with eight arms but lacking an internal shell|
octopoda	n|octopuses and paper nautilus|
octopodidae	n|a family of Octopoda|
octopus	n|tentacles of octopus prepared as food|	n|bottom-living cephalopod having a soft oval body with eight long tentacles|
octoroon	n|an offspring of a quadroon and a white parent; a person who is one-eighth black|
octosyllabic	adj|having or characterized by or consisting of eight syllables|
octosyllable	n|a verse line having eight syllables or a poem of octosyllabic lines|
octroi	n|a tax on various goods brought into a town|
octuple	adj|having eight units or components|
ocular	adj|of or relating to or resembling the eye|ocular muscles	adj|relating to or using sight|ocular inspection	adj|visible; give me the ocular proof"- Shakespeare|be sure of it	n|combination of lenses at the viewing end of optical instruments|
ocular muscle	n|one of the small muscles of the eye that serve to rotate the eyeball|
oculism	n|the craft of an oculist|
oculist	n|a person skilled in testing for defects of vision in order to prescribe corrective glasses|	n|a medical doctor specializing in the diagnosis and treatment of diseases of the eye|
oculomotor	n|supplies extrinsic muscles of the eye|
oculomotor nerve	n|supplies extrinsic muscles of the eye|
oculopharyngeal muscular dystrophy	n|a form of muscular dystrophy that usually begins between early adulthood and middle age and first affects muscles of the eyelid and throat; progresses slowly with swallowing problems common as the disease progresses; inheritance is autosomal dominant|
oculus	n|the organ of sight|
oculus dexter	n|the right eye|
oculus sinister	n|the left eye|
ocyurus	n|snappers|
ocyurus chrysurus	n|superior food fish of the tropical Atlantic and Caribbean with broad yellow stripe along the sides and on the tail|
od	n|a doctor's degree in optometry|	n|the right eye|
odalisque	n|a woman slave in a harem|
odd	adj|not divisible by two|	adj|not easily explained|it is odd that his name is never mentioned	adj|an indefinite quantity more than that specified|invited 30-odd guests	adj|beyond or deviating from the usual or expected|a curious hybrid accent
odd fellow	n|someone regarded as eccentric or crazy and standing out from a group|
odd fish	n|someone regarded as eccentric or crazy and standing out from a group|
odd hassel	n|Norwegian chemist noted for his research on organic molecules (1897-1981)|
odd man out	n|someone regarded as eccentric or crazy and standing out from a group|
odd-even check	n|a system of checking for errors in computer functioning|
odd-job	adj|not regular or skilled|found only odd-job employment
odd-job man	n|a man skilled in various odd jobs and other small tasks|
odd-leg caliper	n|caliper having the points on its legs both curve in the same direction|
odd-pinnate	adj|(a leaf shape) pinnate with a single leaflet at the apex|
odd-pinnate leaf	n|a pinnate leaf with a single leaflet at the apex|
odd-toed ungulate	n|placental mammals having hooves with an odd number of toes on each foot|
oddball	n|a person with an unusual or odd personality|
oddish	adj|somewhat strange|
oddity	n|eccentricity that is not easily explained|	n|a strange attitude or habit|	n|something unusual -- perhaps worthy of collecting|
oddly	adv|in a manner differing from the usual or expected|had a curiously husky voice	adv|in a strange manner|a queerly inscribed sheet of paper
oddment	n|a piece of cloth that is left over after the rest has been used or sold|	n|something unusual -- perhaps worthy of collecting|
oddments	n|a motley assortment of things|
oddness	n|the parity of odd numbers (not divisible by two)|	n|eccentricity that is not easily explained|
oddone colonna	n|Italian pope from 1417 to 1431 whose election as pope ended the Great Schism (1368-1431)|
odds	n|the likelihood of a thing occurring rather than not occurring|	n|the ratio by which one better's wager is greater than that of another|he offered odds of two to one
odds and ends	n|a motley assortment of things|
odds-maker	n|someone who sets the betting odds based on calculations of the outcome of a contest (especially a horse race)|
odds-on	adj|having a better than even chance of success|the odds-on favorite
ode	n|a lyric poem with complex stanza forms|
oder	n|a European river; flows into the Baltic Sea|
oder river	n|a European river; flows into the Baltic Sea|
odesa	n|a port city of south central Ukraine on an arm of the Black Sea|
odessa	n|a port city of south central Ukraine on an arm of the Black Sea|	n|a city in western Texas|
odin	n|(Norse mythology) ruler of the Aesir; supreme god of war and poetry and knowledge and wisdom (for which he gave an eye) and husband of Frigg; identified with the Teutonic Wotan|
odious	adj|unequivocally detestable|abominable treatment of prisoners
odiously	adv|in an offensive and hateful manner|I don't know anyone who could have behaved so abominably
odiousness	n|the quality of being offensive|
odist	n|a poet who writes odes|
odium	n|state of disgrace resulting from detestable behavior|	n|hate coupled with disgust|
odo	n|French pope from 1088 to 1099 whose sermons called for the First Crusade (1042-1099)|
odo of lagery	n|French pope from 1088 to 1099 whose sermons called for the First Crusade (1042-1099)|
odoacer	n|Germanic barbarian leader who ended the Western Roman Empire in 476 and became the first barbarian ruler of Italy (434-493)|
odobenidae	n|walruses and extinct forms|
odobenus	n|type genus of the Odobenidae: walruses|
odobenus divergens	n|a walrus of the Bering Sea and northern Pacific|
odobenus rosmarus	n|a walrus of northern Atlantic and Arctic waters|
odocoileus hemionus	n|long-eared deer of western North America with two-pronged antlers|
odocoileus hemionus columbianus	n|mule deer of western Rocky Mountains|
odometer	n|a meter that shows mileage traversed|
odonata	n|dragonflies and damselflies|
odonate	n|large primitive predatory aquatic insect having two pairs of membranous wings|
odontalgia	n|an ache localized in or around a tooth|
odontaspididae	n|sand sharks; in some classifications coextensive with family Carcharhinidae|
odontaspis	n|type and sole genus of Carchariidae: sand sharks|
odontaspis taurus	n|shallow-water shark with sharp jagged teeth found on both sides of Atlantic; sometimes dangerous to swimmers|
odontiasis	n|the eruption through the gums of baby teeth|
odontoceti	n|toothed whales: dolphins; porpoises; sperm whales; beaked whales|
odontoglossum	n|any of numerous and diverse orchids of the genus Odontoglossum having racemes of few to many showy usually large flowers in many colors|
odontoid process	n|a toothlike process at the back of 2nd vertebra of the neck|
odontology	n|the branch of medicine dealing with the anatomy and development and diseases of the teeth|
odor	n|any property detected by the olfactory system|	n|the sensation that results when olfactory receptors in the nose are stimulated by particular chemicals in gaseous form|she loved the smell of roses
odoriferous	adj|emitting an odor|odorous salt pork and weevily hardtack	adj|having a natural fragrance|odoriferous spices
odorize	v|cause to smell or be smelly|
odorless	adj|having no odor|odorless gas
odorous	adj|having odor or a characteristic odor|odorous jasmine flowers	adj|emitting an odor|odorous salt pork and weevily hardtack	adj|having a natural fragrance|odoriferous spices
odour	n|the sensation that results when olfactory receptors in the nose are stimulated by particular chemicals in gaseous form|she loved the smell of roses	n|any property detected by the olfactory system|
odourise	v|cause to smell or be smelly|
odourless	adj|having no odor|odorless gas
odovacar	n|Germanic barbarian leader who ended the Western Roman Empire in 476 and became the first barbarian ruler of Italy (434-493)|
odovakar	n|Germanic barbarian leader who ended the Western Roman Empire in 476 and became the first barbarian ruler of Italy (434-493)|
odynophagia	n|severe pain on swallowing due to a disorder of the esophagus|
odysseus	n|(Greek mythology) a famous mythical Greek hero; his return to Ithaca after the siege of Troy was described in the Odyssey|
odyssey	n|a long wandering and eventful journey|	n|a Greek epic poem (attributed to Homer) describing the journey of Odysseus after the fall of Troy|
oecanthus	n|tree crickets|
oecanthus fultoni	n|pale yellowish tree cricket widely distributed in North America|
oecumenic	adj|concerned with promoting unity among churches or religions|ecumenical thinking
oecumenical	adj|concerned with promoting unity among churches or religions|ecumenical thinking	adj|of worldwide scope or applicability|an issue of cosmopolitan import
oecumenism	n|a movement promoting union between religions (especially between Christian churches)|
oed	n|an unabridged dictionary constructed on historical principles|
oedema	n|swelling from excessive accumulation of watery fluid in cells, tissues, or serous cavities|
oedipal complex	n|a complex of males; desire to possess the mother sexually and to exclude the father; said to be a source of personality disorders if unresolved|
oedipus	n|(Greek mythology) a tragic king of Thebes who unknowingly killed his father Laius and married his mother Jocasta; the subject of the drama `Oedipus Rex' by Sophocles|
oedipus complex	n|a complex of males; desire to possess the mother sexually and to exclude the father; said to be a source of personality disorders if unresolved|
oedipus rex	n|(Greek mythology) a tragic king of Thebes who unknowingly killed his father Laius and married his mother Jocasta; the subject of the drama `Oedipus Rex' by Sophocles|
oedogoniaceae	n|filamentous green algae|
oedogoniales	n|simple or branched filamentous freshwater green algae|
oedogonium	n|type genus of Oedogoniaceae; freshwater green algae having long unbranched filaments; usually free-floating when mature|
oeil de boeuf	n|a circular or oval window; 17th or 18th century French architecture|
oenanthe	n|poisonous herbs: water dropworts|	n|wheatears|
oenanthe aquatica	n|European poisonous herb with fibrous roots|
oenanthe crocata	n|European poisonous herb having tuberous roots, yellow juice that stains the skin, yellow flowers and foliage resembling celery; all parts extremely poisonous|
oengus	n|Celtic god of love and beauty; patron deity of young men and women|
oenologist	n|a specialist in wine making|
oenology	n|the art of wine making|
oenomel	n|wine mixed with honey|
oenophile	n|someone who appreciates wine|
oenothera biennis	n|a coarse biennial of eastern North America with yellow flowers that open in the evening; naturalized in Europe|
oenothera fruticosa	n|a day-flowering biennial or perennial of the genus Oenothera|
oersted	n|the magnetic field strength 1 cm from a unit magnetic pole|	n|Danish physicist (1777-1851)|
oesophageal reflux	n|reflux of stomach contents into the esophagus|
oesophageal veins	n|small veins from the esophagus emptying into the brachiocephalic vein or the azygos veins|
oesophagitis	n|inflammation of the esophagus; often caused by gastroesophageal reflux|
oesophagogastric junction	n|the junction between the esophagus and the stomach epithelium|
oesophagoscope	n|an optical instrument for examining the inside of the esophagus|
oesophagus	n|the passage between the pharynx and the stomach|
oesterreich	n|a mountainous republic in central Europe; under the Habsburgs (1278-1918) Austria maintained control of the Holy Roman Empire and was a leader in European politics until the 19th century|
oestradiol	n|the most powerful female hormone that occurs naturally; synthesized and used to treat estrogen deficiency and breast cancer|
oestridae	n|warble flies|
oestriol	n|a naturally occurring estrogenic hormone; a synthetic form is used to treat estrogen deficiency|
oestrogen	n|a general term for female steroid sex hormones that are secreted by the ovary and responsible for typical female sexual characteristics|
oestrone	n|a naturally occurring weak estrogenic hormone secreted by the mammalian ovary; synthesized (trade name Estronol) and used to treat estrogen deficiency|
oestrus	n|applies to nonhuman mammals: a state or period of heightened sexual arousal and activity|	n|type genus of the Oestridae: sheep botflies|
oestrus ovis	n|larvae are parasitic on sheep|
oeuvre	n|the total output of a writer or artist (or a substantial part of it)|he studied the entire Wagnerian oeuvre
of a sudden	adv|happening unexpectedly|suddenly she felt a sharp pain in her side
of age	adj|having attained a specific age; (`aged' is pronounced as one syllable)|aged ten
of all time	adv|at any time|did you ever smoke?
of course	adv|as might be expected|naturally, the lawyer sent us a huge bill
of import	adj|of great significance or value|important people
of late	adv|in the recent past|he was in Paris recently
of necessity	adv|in such a manner as could not be otherwise|it is necessarily so
of sound mind	adj|of sound mind, memory, and understanding; in law, competent to go to trial|
of the essence	adj|of the greatest importance|the all-important subject of disarmament
of unsound mind	adj|not of sound mind, memory, or understanding; in law, not competent to go to trial|
off	adv|from a particular thing or place or position (`forth' is obsolete)|ran away from the lion	adv|at a distance in space or time|the boat was 5 miles off (or away)	adv|no longer on or in contact or attached|clean off the dirt	adj|not in operation or operational|the oven is off
off and on	adv|not regularly|they phone each other off and on
off guard	adj|not prepared or vigilant|the blow caught him napping
off her guard	adj|not prepared or vigilant|the blow caught him napping
off his guard	adj|not prepared or vigilant|the blow caught him napping
off one's guard	adj|not prepared or vigilant|the blow caught him napping
off the beaten path	adv|not along the usual route|in order to experience something different, you need to go off the beaten path
off the beaten track	adj|remote from populous or much-traveled regions|they found a quiet out-of-the-way resort	adv|not along the usual route|in order to experience something different, you need to go off the beaten path
off the cuff	adv|without preparation|the presidential candidate made a remark off the cuff
off the hook	adj|freed from danger or blame or obligation|I let him off the hook with a mild reprimand
off the record	adv|not for quotation|he spoke to the reporter off the record
off year	n|a year in which productivity is low or inferior|	n|a year in which no major political elections are held|
off your guard	adj|not prepared or vigilant|the blow caught him napping
off-and-on	adj|intermittently stopping and starting|fitful (or interrupted) sleep
off-axis reflector	n|a reflecting telescope with the mirror slightly tilted to throw the image to the side where it can be viewed|
off-base	adj|located outside a military base|off-base housing
off-broadway	n|low-budget theaters located outside the Broadway area in Manhattan|
off-center	adj|situated away from the center or axis|
off-centered	adj|situated away from the center or axis|
off-color	adj|in violation of good taste even verging on the indecent|an indelicate remark	adj|humorously vulgar|bawdy songs
off-colour	adj|in violation of good taste even verging on the indecent|an indelicate remark
off-day	n|a day when things go poorly|I guess this is one of my off-days
off-guard	adj|not prepared or vigilant|the blow caught him napping
off-hand	adv|without preparation|I don't know the figures off-hand
off-key	adj|inaccurate in pitch|a false (or sour) note
off-licence	n|a store that sells alcoholic beverages for consumption elsewhere|
off-limits	adj|barred to a designated group|that area is off-limits
off-line	adj|not on a regular route of a transportation system|an off-line ticket office	adj|not connected to a computer network|off-line resources
off-line equipment	n|electronic equipment not in direct communication (or under the control of) the central processing unit|
off-line operation	n|a operation performed by off-line equipment not under the control of the central processing unit|
off-putting	adj|causing annoyance or repugnance|an off-putting remark	adj|tending to repel|The trappings of upper-class life are off-putting and sterile"- Elizabeth Hess
off-roader	n|a bicycle with a sturdy frame and fat tires; originally designed for riding in mountainous country|
off-season	n|the season when travel is least active and rates are lowest|
off-site	adj|taking place or located away from the site|an off-site waste treatment operation
off-speed pitch	n|a baseball thrown with little velocity when the batter is expecting a fastball|
off-street	adj|not on the streets|off-street parking
off-the-clock	adv|overtime without extra compensation|she often has to work off-the-clock
off-the-cuff	adj|with little or no preparation or forethought|his ad-lib comments showed poor judgment
off-the-peg	adj|(especially of clothing) made in standard sizes and available from merchandise in stock|a ready-made jacket
off-the-rack	adj|(especially of clothing) made in standard sizes and available from merchandise in stock|a ready-made jacket
off-the-shelf	adj|(especially of clothing) made in standard sizes and available from merchandise in stock|a ready-made jacket
off-the-shoulder	adj|not covering the shoulders (especially in the case of a blouse or dress)|
off-the-wall	adj|conspicuously or grossly unconventional or unusual|restaurants of bizarre design--one like a hat, another like a rabbit
off-white	adj|of something having a color tending toward white|	n|a shade of white the color of bleached bones|
offal	n|viscera and trimmings of a butchered animal often considered inedible by humans|
offbeat	adj|(informal) strikingly unconventional|	n|an unaccented beat (especially the last beat of a measure)|
offenbach	n|French composer of many operettas and an opera (1819-1880)|
offence	n|the action of attacking an enemy|	n|the team that has the ball (or puck) and is trying to score|	n|a feeling of anger caused by being offended|he took offence at my question	n|a lack of politeness; a failure to show regard for others; wounding the feelings or others|
offenceless	adj|incapable of offending or attacking|
offend	v|cause to feel resentment or indignation|Her tactless remark offended me	v|act in disregard of laws, rules, contracts, or promises|offend all laws of humanity	v|strike with disgust or revulsion|The scandalous behavior of this married woman shocked her friends	v|hurt the feelings of|She hurt me when she did not include me among her guests
offended	adj|emotionally hurt or upset or annoyed|she looked offended
offender	n|a person who transgresses moral or civil law|
offending	adj|offending against or breaking a law or rule|contracts offending against the statute were canceled
offense	n|a lack of politeness; a failure to show regard for others; wounding the feelings or others|	n|a feeling of anger caused by being offended|he took offence at my question	n|a transgression that constitutes a violation of what is judged to be right|	n|the team that has the ball (or puck) and is trying to score|
offenseless	adj|incapable of offending or attacking|
offensive	adj|violating or tending to violate or offend against|violative of the principles of liberty	adj|for the purpose of attack rather than defense|offensive weapons	adj|causing anger or annoyance|offensive remarks	adj|morally offensive|an unsavory reputation
offensive activity	n|a lack of politeness; a failure to show regard for others; wounding the feelings or others|
offensively	adv|in an unpleasantly offensive manner|he smelled offensively unwashed	adv|in an obnoxious manner|he said so in one of his more offensively intellectually arrogant sentences	adv|in an aggressive manner|`In this crisis, we must act offensively,' the President said
offensiveness	n|the quality of being offensive|
offer	v|make available or accessible, provide or furnish|The conference center offers a health spa	v|present for acceptance or rejection|She offered us all a cold drink	v|agree freely|She volunteered to drive the old lady home	v|put forward for consideration|He offered his opinion
offer price	n|(stock market) the price at which a broker is willing to sell a certain security|
offer up	v|present as an act of worship|offer prayers to the gods
offerer	n|someone who presents something to another for acceptance or rejection|
offering	n|something offered (as a proposal or bid)|noteworthy new offerings for investors included several index funds	n|money contributed to a religious organization|	n|the verbal act of offering|a generous offer of assistance	n|the act of contributing to the funds of a church or charity|oblations for aid to the poor
offeror	n|someone who presents something to another for acceptance or rejection|
offertory	n|the offerings of the congregation at a religious service|	n|the part of the Eucharist when bread and wine are offered to God|
offhand	adj|with little or no preparation or forethought|his ad-lib comments showed poor judgment	adj|casually thoughtless or inconsiderate|an offhand manner	adv|without previous thought or preparation|couldn't give the figures offhand	adv|in a casually inconsiderate manner|replied offhand, his mind a million miles away
offhanded	adj|with little or no preparation or forethought|his ad-lib comments showed poor judgment	adj|casually thoughtless or inconsiderate|an offhand manner	adv|without previous thought or preparation|couldn't give the figures offhand	adv|in a casually inconsiderate manner|replied offhand, his mind a million miles away
offhandedly	adv|without previous thought or preparation|couldn't give the figures offhand	adv|in a casually inconsiderate manner|replied offhand, his mind a million miles away
office	n|place of business where professional or clerical duties are performed|he rented an office in the new building	n|an administrative unit of government|the Central Intelligence Agency	n|the actions and activities assigned to or required or expected of a person or group|the function of a teacher	n|(of a government or government official) holding an office means being in power|being in office already gives a candidate a great advantage
office block	n|a building containing offices where work is done|
office boy	n|a young man who is employed to do odd jobs in a business office|
office building	n|a building containing offices where work is done|
office furniture	n|furniture intended for use in an office|
office of inspector general	n|the investigative arm of the Federal Trade Commission|
office of intelligence support	n|agency that oversees the intelligence relationships of the Treasury's offices and bureaus and provides a link between the Intelligence Community and officials responsible for international economic policy|
office of management and budget	n|the executive agency that advises the President on the federal budget|
office of the dead	n|an office read or sung before a burial mass in the Roman Catholic Church|
office staff	n|professional or clerical workers in an office|the whole office was late the morning of the blizzard
office-bearer	n|the person who holds an office|
officeholder	n|someone who is appointed or elected to an office and who holds a position of trust|he is an officer of the court	n|the official who holds an office|
officer	n|any person in the armed services who holds a position of authority or command|an officer is responsible for the lives of his men	n|someone who is appointed or elected to an office and who holds a position of trust|he is an officer of the court	n|a member of a police force|it was an accident, officer	n|a person authorized to serve in a position of authority on a vessel|he is the officer in charge of the ship's engines
officer's mess	n|a mess for the exclusive use of officers|
official	adj|having official authority or sanction|official permission	adj|of or relating to an office|official privileges	adj|verified officially|the election returns are now official	adj|conforming to set usage, procedure, or discipline|in prescribed order
official document	n|(law) a document that states some contractual relationship or grants some right|
official emissary	n|a member of a legation|
official immunity	n|personal immunity accorded to a public official from liability to anyone injured by actions that are the consequence of exerting official authority|
officialdom	n|people elected or appointed to administer a government|
officialese	n|the style of writing characteristic of some government officials: formal and obscure|
officialise	v|make official|We officialized our relationship
officialize	v|make official|We officialized our relationship
officially	adv|in an official role|officially, he is in charge	adv|with official authorization|the club will be formally recognized
officiant	n|a clergyman who officiates at a religious ceremony or service|
officiate	v|act in an official capacity in a ceremony or religious ritual, such as a wedding|Who officiated at your wedding?	v|perform duties attached to a particular office or place or function|His wife officiated as his private secretary
officiating	n|the act of umpiring|the officiating was excellent
officiation	n|the act of umpiring|the officiating was excellent	n|the performance of a religious or ceremonial or public duty|
officious	adj|intrusive in a meddling or offensive manner|an interfering old woman
officiously	adv|in an officious manner|nothing so fatal as to strive too officiously for an abstract quality like beauty
officiousness	n|aggressiveness as evidenced by intruding; by advancing yourself or your ideas without invitation|
offing	n|the near or foreseeable future|there was a wedding in the offing	n|the part of the sea that can be seen from the shore and is beyond the anchoring area|there was a ship in the offing
offish	adj|lacking cordiality; unfriendly|a standoffish manner
offload	v|transfer to a peripheral device, of computer data|	v|remove the load from (a container or vehicle)|unload the truck
offprint	n|a separately printed article that originally appeared in a larger publication|
offsaddle	v|remove the saddle from|They unsaddled their mounts
offset	v|compensate for or counterbalance|offset deposits and withdrawals	v|make up for|His skills offset his opponent's superior strength	v|cause (printed matter) to transfer or smear onto another surface|	v|create an offset in|offset a wall
offset lithography	n|offset printing by lithography|
offset printing	n|a plate makes an inked impression on a rubber-blanketed cylinder, which in turn transfers it to the paper|
offsetting balance	n|a minimum credit balance that a bank may require a borrower to keep on deposit as a condition for granting a loan; a common requirement for establishing a line of credit at a bank|the compensating balance increases the effective interest rate to the bank since the net amount loaned is reduced but the interest paid is unchanged
offshoot	n|a natural consequence of development|
offshore	adv|away from shore; away from land|cruising three miles offshore	adj|(of winds) coming from the land|offshore winds	adj|at some distance from the shore|offshore oil reserves
offshore rig	n|drilling rig consisting of an offshore platform (floating or fixed to the sea bed) from which many oil wells can be bored radially|
offside	adj|illegally beyond a prescribed line or area or ahead of the ball or puck|the touchdown was nullified because the left tackle was offside	adv|illegally in advance of the ball or puck|	n|(sport) the mistake of occupying an illegal position on the playing field (in football, soccer, ice hockey, field hockey, etc.)|
offsides	adj|illegally beyond a prescribed line or area or ahead of the ball or puck|the touchdown was nullified because the left tackle was offside
offspring	n|the immediate descendants of a person|she was the mother of many offspring	n|something that comes into existence as a result|industrialism prepared the way for acceptance of the French Revolution's various socialistic offspring	n|any immature animal|
offstage	n|a stage area out of sight of the audience|	adj|situated or taking place in the area of a stage not visible to the audience|offstage noises	adj|concealed from public view or attention|offstage political meetings	adv|behind the scenes; not on stage|the actors were waiting offstage
ofo	n|a member of the Siouan people living in the Yazoo river valley in Mississippi|	n|a Siouan language spoken by the Ofo|
oft	adv|many times at short intervals|we often met over a cup of coffee
often	adv|many times at short intervals|we often met over a cup of coffee	adv|frequently or in great quantities|I don't drink much	adv|in many cases or instances|
oftener	adv|more often or more frequently|
oftenness	n|the number of occurrences within a given time period|the frequency of modulation was 40 cycles per second
oftentimes	adv|many times at short intervals|we often met over a cup of coffee
ofttimes	adv|many times at short intervals|we often met over a cup of coffee
ogalala	n|a member of the Siouan people who constituted a division of the Teton Sioux and who formerly inhabited the Black Hills of western South Dakota|	n|a Siouan language spoken by the Oglala|
ogcocephalidae	n|batfishes: sluggish bottom-dwelling spiny fishes|
ogden	n|English psychologist who collaborated with I. A. Richards in designing Basic English (1889-1957)|	n|a town in northern Utah settled by Mormons|
ogdoad	n|the cardinal number that is the sum of seven and one|
ogee	n|a molding that (in section) has the shape of an S with the convex part above and the concave part below|
ogee arch	n|a pointed arch having an S-shape on both sides|
ogive	n|front consisting of the conical head of a missile or rocket that protects the payload from heat during its passage through the atmosphere|
oglala	n|a member of the Siouan people who constituted a division of the Teton Sioux and who formerly inhabited the Black Hills of western South Dakota|	n|a Siouan language spoken by the Oglala|
ogle	v|look at with amorous intentions|
ogler	n|a viewer who gives a flirtatious or lewd look at another person|
ogre	n|a cruel wicked and inhuman person|	n|(folklore) a giant who likes to eat human beings|
ogress	n|(folklore) a female ogre|
ohio	n|a river that is formed in western Pennsylvania and flows westward to become a tributary of the Mississippi River|
ohio goldenrod	n|a variety of goldenrod|
ohio river	n|a river that is formed in western Pennsylvania and flows westward to become a tributary of the Mississippi River|
ohio state university	n|a university in Columbus, Ohio|
ohioan	n|a native or resident of Ohio|
ohm	n|a unit of electrical resistance equal to the resistance between two points on a conductor when a potential difference of one volt between them produces a current of one ampere|	n|German physicist who formulated Ohm's law (1787-1854)|
ohm's law	n|electric current is directly proportional to voltage and inversely proportional to resistance; I = E/R|
ohmage	n|the ohmic resistance of a conductor|
ohmic	adj|of or relating to or measured in ohms|
ohmic resistance	n|a material's opposition to the flow of electric current; measured in ohms|
ohmmeter	n|a meter for measuring electrical resistance in ohms|
oig	n|the investigative arm of the Federal Trade Commission|
oil	n|a slippery or viscous liquid or liquefiable substance not miscible with water|	n|oil paint containing pigment that is used by an artist|	n|a dark oil consisting mainly of hydrocarbons|	n|any of a group of liquid edible fats that are obtained from plants|
oil beetle	n|any of various beetles that exude an oily substance from the leg joints that deters enemies|
oil burner	n|a furnace that burns oil|
oil business	n|an industry that produces and delivers oil and oil products|
oil cake	n|mass of e.g. linseed or cottonseed or soybean from which the oil has been pressed; used as food for livestock|
oil cartel	n|a cartel of companies or nations formed to control the production and distribution of oil|
oil change	n|replacing dirty oil with clean|
oil color	n|oil paint containing pigment that is used by an artist|
oil colour	n|oil paint containing pigment that is used by an artist|
oil company	n|a company that sells oil|
oil conservation	n|the conservation of petroleum resources|
oil filter	n|a filter that removes impurities from the oil used to lubricate an internal-combustion engine|
oil furnace	n|a furnace that burns oil|
oil future	n|petroleum bought or sold at an agreed price for delivery at a specified future date|
oil geologist	n|a specialist in petroleum geology|
oil gland	n|a gland that secretes oil|
oil heater	n|heater that burns oil (as kerosine) for heating or cooking|
oil industry	n|an industry that produces and delivers oil and oil products|
oil lamp	n|a lamp that burns oil (as kerosine) for light|
oil meal	n|ground oil cake|
oil nut	n|oily drupaceous fruit of rabbitwood|
oil of cloves	n|essential oil obtained from cloves and used to flavor medicines|
oil of turpentine	n|volatile liquid distilled from turpentine oleoresin; used as paint thinner and solvent and medicinally|
oil of vitriol	n|(H2SO4) a highly corrosive acid made from sulfur dioxide; widely used in the chemical industry|
oil of wintergreen	n|oil or flavoring obtained from the creeping wintergreen or teaberry plant|
oil paint	n|paint in which a drying oil is the vehicle|
oil painter	n|a painter who uses oil paints|
oil painting	n|a picture painted with oil paints|	n|the art or method of painting with oil paints|
oil palm	n|pinnate-leaved palms of the genus Elaeis having dense clusters of crowded flowers and bright red fruit and yielding high quality palm oils|
oil pipeline	n|a pipeline used to transport oil|
oil pressure	n|pressure that keeps oil on the moving parts of an internal-combustion engine|
oil production	n|the act of drilling a hole in the earth in the hope of producing petroleum|
oil pump	n|a pump that keeps a supply of oil on moving parts|
oil refinery	n|a refinery for petroleum|
oil rig	n|rig used in drilling for oil or gas|
oil rigger	n|someone who works on an oil rig|
oil shale	n|shale from which oil can be obtained by heating|
oil slick	n|a thin film of oil floating on top of water (especially crude oil spilled from a ship)|
oil stain	n|a stain produced by oil|
oil tanker	n|a cargo ship designed to carry crude oil in bulk|
oil tycoon	n|a powerful person in the oil business|
oil well	n|a well that yields or has yielded oil|
oil-bearing	adj|containing oil|oil-bearing shale
oil-fired	adj|fueled by burning oil|an oil-fired furnace
oil-hardened steel	n|steel that is quenched in oil|
oil-industry analyst	n|an analyst of the oil industry|
oil-rich seed	n|any of several seeds that yield oil|
oil-soluble	adj|soluble in oil|oil-soluble pigments
oil-water interface	n|an interface forming the boundary between the non-miscible liquids oil and water|
oilbird	n|nocturnal fruit-eating bird of South America that has fatty young yielding an oil that is used instead of butter|
oilcan	n|a can with a long nozzle to apply oil to machinery|
oilcloth	n|cloth treated on one side with a drying oil or synthetic resin|
oiled	adj|treated with oil|oiled country roads
oiler	n|a worker who oils engines or machinery|	n|a well that yields or has yielded oil|	n|a cargo ship designed to carry crude oil in bulk|
oilfield	n|a region rich in petroleum deposits (especially one with producing oil wells)|
oilfish	n|very large deep-water snake mackerel|
oiliness	n|consisting of or covered with oil|	n|smug self-serving earnestness|
oilman	n|a person who owns or operates oil wells|	n|a worker who produces or sells petroleum|
oilpaper	n|paper that has been made translucent and waterproof by soaking in oil|
oilrig	n|rig used in drilling for oil or gas|
oilseed	n|any of several seeds that yield oil|
oilskin	n|a macintosh made from cotton fabric treated with oil and pigment to make it waterproof|
oilstone	n|a whetstone for use with oil|
oilstove	n|heater that burns oil (as kerosine) for heating or cooking|
oily	adj|containing an unusual amount of grease or oil|greasy hamburgers	adj|unpleasantly and excessively suave or ingratiating in manner or speech|buttery praise	adj|coated or covered with oil|oily puddles in the streets	adj|smeared or soiled with grease or oil|greasy coveralls
oink	n|the short low gruff noise of the kind made by hogs|	v|utter a high-pitched cry, characteristic of pigs|
ointment	n|semisolid preparation (usually containing a medicine) applied externally as a remedy or for soothing an irritation|	n|toiletry consisting of any of various substances in the form of a thick liquid that have a soothing and moisturizing effect when applied to the skin|
oireachtas	n|the parliament of the Irish Republic|
ois	n|agency that oversees the intelligence relationships of the Treasury's offices and bureaus and provides a link between the Intelligence Community and officials responsible for international economic policy|
ojibwa	n|a member of an Algonquian people who lived west of Lake Superior|	n|the Algonquian language spoken by the Ojibwa|
ojibway	n|a member of an Algonquian people who lived west of Lake Superior|	n|the Algonquian language spoken by the Ojibwa|
ojos del salado	n|a mountain in the Andes on the border between Argentina and Chile (22,572 feet high)|
ok	adv|an expression of agreement normally occurring at the beginning of a sentence|	adj|being satisfactory or in satisfactory condition|an all-right movie	n|an endorsement|they gave us the O.K. to go ahead
oka	n|a Turkish unit of weight equal to about 2.75 pounds|	n|a Turkish liquid unit equal to 1.3 pints|
okapi	n|similar to the giraffe but smaller with much shorter neck and stripe on the legs|
okapia	n|okapis|
okapia johnstoni	n|similar to the giraffe but smaller with much shorter neck and stripe on the legs|
okay	adj|being satisfactory or in satisfactory condition|an all-right movie	adv|in a satisfactory or adequate manner; (`alright' is a nonstandard variant of `all right')|she'll do okay on her own	n|an endorsement|they gave us the O.K. to go ahead	v|give sanction to|I approve of his educational policies
okeechobee	n|a lake in southeast Florida to the north of the Everglades|
okeechobee waterway	n|a waterway used by small boats to travel between the Atlantic Ocean and the Gulf of Mexico through Lake Okeechobee and the Caloosahatchee Canal and the Caloosahatchee River|
okefenokee swamp	n|a large swampy area of northeast Florida and southeast Georgia|
okeh	n|an endorsement|they gave us the O.K. to go ahead
oken	n|German naturalist whose speculations that plants and animals are made up of tiny living `infusoria' led to the cell theory (1779-1851)|
okenfuss	n|German naturalist whose speculations that plants and animals are made up of tiny living `infusoria' led to the cell theory (1779-1851)|
okey	n|an endorsement|they gave us the O.K. to go ahead
okinawa	n|the largest island of the central Ryukyu Islands|
oklahoma city	n|capital and largest city of Oklahoma; the economy is based on oil and livestock|
oklahoman	n|a native or resident of Oklahoma|
okra	n|long green edible beaked pods of the okra plant|	n|long mucilaginous green pods; may be simmered or sauteed but used especially in soups and stews|
oktoberfest	n|a strong lager made originally in Germany for the Oktoberfest celebration; sweet and copper-colored|	n|an autumn festival that involves merrymaking and drinking beer|
ola	n|leaf or strip from a leaf of the talipot palm used in India for writing paper|
olaf ii	n|King and patron saint of Norway (995-1030)|
olav ii	n|King and patron saint of Norway (995-1030)|
old	adj|(used especially of persons) having lived for a relatively long time or attained a specific age|his mother is very old	adj|of long duration; not new|old tradition	adj|(used for emphasis) very familiar|good old boy	adj|skilled through long experience|an old offender
old age	n|a late time of life|old age is not for sissies
old bag	n|an ugly or ill-tempered woman|he was romancing the old bag for her money
old bailey	n|the central criminal court in London|
old boy	n|a familiar term of address for a man|	n|a vivacious elderly man|	n|a former male pupil of a school|
old boy network	n|an exclusive informal network linking members of a social class or profession or organization in order to provide connections and information and favors (especially in business or politics)|professional women have developed an old boy network of their own
old bulgarian	n|the Slavic language into which the Bible was translated in the 9th century|
old catholic	n|a member of the church formed in the 19th century by German Catholics who refused to accept the infallibility of the Pope|
old catholic church	n|Catholic churches that broke away from the Roman Catholic Church in the 18th century|
old church slavic	n|the Slavic language into which the Bible was translated in the 9th century|
old church slavonic	n|the Slavic language into which the Bible was translated in the 9th century|
old codger	n|used affectionately to refer to an eccentric but amusing old man|
old colony	n|a state in New England; one of the original 13 colonies|
old country	n|the country of origin of an immigrant|
old english	n|English prior to about 1100|
old english sheepdog	n|large sheepdog with a profuse shaggy bluish-grey-and-white coat and short tail; believed to trace back to the Roman occupation of Britain|
old faithful	n|a geyser in Yellowstone National Park that erupts for about 4 minutes about every 65 minutes|
old fashioned	n|a cocktail made of whiskey and bitters and sugar with fruit slices|
old french	n|the earliest form of the French language; 9th to 15th century|
old frisian	n|the Frisian language until the 16th century; the Germanic language of ancient Frisia|
old geezer	n|an elderly man|
old gold	n|a dark yellow|
old growth	n|forest or woodland having a mature or overly mature ecosystem more or less uninfluenced by human activity|
old guard	n|a faction that is unwilling to accept new ideas|
old hand	n|an experienced person who has been through many battles; someone who has given long service|
old high german	n|High German prior to 1200|
old icelandic	n|the extinct dialect of Old Norse that was spoken in Iceland up until about 1600|
old irish	n|Irish Gaelic up to about 1100|
old italian	n|the Italian language up to the middle of the 16th century|
old lady	n|your own wife|meet my old lady
old latin	n|the oldest recorded Latin (dating back at early as the 6th century B.C.)|
old line state	n|a Mid-Atlantic state; one of the original 13 colonies|
old maid	n|an elderly unmarried woman|	n|any of various plants of the genus Zinnia cultivated for their variously and brightly colored flower heads|	n|commonly cultivated Old World woody herb having large pinkish to red flowers|	n|the loser in a game of old maid|
old maid flower	n|any of various plants of the genus Zinnia cultivated for their variously and brightly colored flower heads|
old man	n|a man who is very old|	n|a familiar term of address for a man|	n|an informal term for your father|	n|aromatic herb of temperate Eurasia and North Africa having a bitter taste used in making the liqueur absinthe|
old man's beard	n|vigorous deciduous climber of Europe to Afghanistan and Lebanon having panicles of fragrant green-white flowers in summer and autumn|	n|common climber of eastern North America that sprawls over other plants and bears numerous panicles of small creamy white flowers|
old master	n|a great European painter prior to 19th century|
old money	n|the inherited wealth of established upper-class families|he was born with a silver spoon in his mouth
old nick	n|(Judeo-Christian and Islamic religions) chief spirit of evil and adversary of God; tempter of mankind; master of Hell|
old norse	n|the extinct Germanic language of medieval Scandinavia and Iceland from about to 700 to 1350|
old north french	n|the medieval Norman dialect of Old French|
old person	n|an elderly person|
old prussian	n|a dead language of the (non-German) Prussians (extinct after 1700); thought to belong to the Baltic branch of Indo-European|
old rose	n|a greyish-pink color|
old salt	n|a man who serves as a sailor|
old saxon	n|Low German prior to 1200|
old school	n|a class of people favoring traditional ideas|
old school tie	n|necktie indicating the school the wearer attended|
old sledge	n|a form of all fours in which a total of seven points is game|
old stager	n|an experienced person who has been through many battles; someone who has given long service|
old style	n|a typeface (based on an 18th century design) distinguished by irregularity and slanted ascender serifs and little contrast between light and heavy strokes|
old style calendar	n|the solar calendar introduced in Rome in 46 b.c. by Julius Caesar and slightly modified by Augustus, establishing the 12-month year of 365 days with each 4th year having 366 days and the months having 31 or 30 days except for February|
old style font	n|a typeface (based on an 18th century design) distinguished by irregularity and slanted ascender serifs and little contrast between light and heavy strokes|
old testament	n|the collection of books comprising the sacred scripture of the Hebrews and recording their history as the chosen people; the first half of the Christian Bible|
old times	n|past times remembered with nostalgia|
old wives' tale	n|a bit of lore passed on by word of mouth|
old woman	n|a woman who is old|	n|herb with greyish leaves found along the east coast of North America; used as an ornamental plant|
old world	n|the regions of the world that were known to Europeans before the discovery of the Americas|
old world beaver	n|a European variety of beaver|
old world buffalo	n|any of several Old World animals resembling oxen including, e.g., water buffalo; Cape buffalo|
old world chat	n|songbirds having a chattering call|
old world coot	n|a coot found in Eurasia|
old world coral snake	n|any of various venomous elapid snakes of Asia and Africa and Australia|
old world crayfish	n|small crayfish of Europe and Asia and western North America|
old world flycatcher	n|any of a large group of small songbirds that feed on insects taken on the wing|
old world hop hornbeam	n|medium-sized hop hornbeam of southern Europe and Asia Minor|
old world jay	n|a European jay|
old world least weasel	n|of Europe|
old world leishmaniasis	n|leishmaniasis of the skin; characterized by ulcerative skin lesions|
old world mistletoe	n|Old World parasitic shrub having branching greenish stems with leathery leaves and waxy white glutinous berries; the traditional mistletoe of Christmas|
old world monkey	n|of Africa or Arabia or Asia; having nonprehensile tails and nostrils close together|
old world oriole	n|mostly tropical songbird; the male is usually bright orange and black|
old world porcupine	n|terrestrial porcupine|
old world quail	n|small game bird with a rounded body and small tail|
old world rabbit	n|common greyish-brown burrowing animal native to southern Europe and northern Africa but introduced elsewhere; widely domesticated and developed in various colors and for various needs; young are born naked and helpless|
old world robin	n|small Old World songbird with a reddish breast|
old world scops owl	n|European scops owl|
old world vulture	n|any of several large vultures of Africa and Eurasia|
old world warbler	n|small active brownish or greyish Old World birds|
old world yew	n|predominant yew in Europe; extraordinarily long-lived and slow growing; one of the oldest species in the world|
old-age insurance	n|insurance paid to the elderly|
old-age pension	n|a monthly payment made to someone who is retired from work|
old-age pensioner	n|an old person who receives an old-age pension|
old-fashioned	adj|out of fashion|a suit of rather antique appearance
old-fashionedness	n|the property of being no longer fashionable|
old-hat	adj|repeated too often; overfamiliar through overuse|bromidic sermons	adj|out of fashion|a suit of rather antique appearance
old-line	adj|adhering to conservative or reactionary principles|an oldline senator	adj|long-established|
old-maid's bonnet	n|stout perennial of eastern and central North America having palmate leaves and showy racemose blue flowers|
old-maidish	adj|primly fastidious|
old-man-of-the-woods	n|edible mild-tasting mushroom found in coniferous woodlands of eastern North America|
old-time	adj|attractively old-fashioned (but not necessarily authentic)|houses with quaint thatched roofs
old-timer	n|an experienced person who has been through many battles; someone who has given long service|	n|an elderly man|
old-womanish	adj|primly fastidious|
old-world	adj|characteristic of former times especially in Europe|an old-world cottage
olde worlde	adj|attractively old-fashioned (but not necessarily authentic)|houses with quaint thatched roofs
olden	adj|relating to time long past|olden days
older	adj|advanced in years; (`aged' is pronounced as two syllables)|aged members of the society	adj|used of the older of two persons of the same name especially used to distinguish a father from his son|Bill Adams, Sr.	adj|skilled through long experience|an old offender
oldie	n|a song that was formerly popular|
oldish	adj|somewhat elderly|
oldline	adj|adhering to conservative or reactionary principles|an oldline senator	adj|long-established|
oldness	n|the opposite of youngness|	n|the quality of being old; the opposite of newness|
oldster	n|an elderly person|
oldtimer	n|an experienced person who has been through many battles; someone who has given long service|	n|an elderly man|
olduvai gorge	n|a gorge in northeastern Tanzania where anthropologists have found some of the earliest human remains|
oldwench	n|tropical Atlantic fish|
oldwife	n|tropical Atlantic fish|
olea	n|evergreen trees and shrubs having oily one-seeded fruits|
olea cunninghamii	n|northern Zealand tree having dense hard light-brown wood|
olea europaea	n|evergreen tree cultivated in the Mediterranean region since antiquity and now elsewhere; has edible shiny black fruits|
olea lanceolata	n|small New Zealand tree having red pulpy one-seeded fruit|
oleaceae	n|trees and shrubs having berries or drupes or capsules as fruits; sometimes placed in the order Oleales: olive; ash; jasmine; privet; lilac|
oleaceous	adj|of or pertaining to or characteristic of trees or shrubs of the olive family|
oleaginous	adj|unpleasantly and excessively suave or ingratiating in manner or speech|buttery praise	adj|containing an unusual amount of grease or oil|greasy hamburgers
oleaginousness	n|consisting of or covered with oil|	n|smug self-serving earnestness|
oleales	n|coextensive with the family Oleaceae; in some classifications included in the order Gentianales|
oleander	n|an ornamental but poisonous flowering shrub having narrow evergreen leaves and clusters of fragrant white to pink or red flowers: native to East Indies but widely cultivated in warm regions|
oleander fern	n|tropical fern having leathery fronds resembling oleander; found from Asia to Polynesia|
oleandra	n|or family Polypodiaceae: tropical epiphytic or terrestrial ferns|
oleandra mollis	n|tropical fern having leathery fronds resembling oleander; found from Asia to Polynesia|
oleandra neriiformis	n|tropical fern having leathery fronds resembling oleander; found from Asia to Polynesia|
oleandraceae	n|one of a number of families into which Polypodiaceae has been subdivided in some classification systems|
olearia	n|large genus of Australian evergreen shrubs or small trees with large daisylike flowers|
olearia argophylla	n|musk-scented shrub or tree of southern and southeastern Australia having creamy-yellow flower heads|
olearia haastii	n|bushy New Zealand shrub cultivated for its fragrant white flower heads|
oleaster	n|any of several shrubs of the genus Elaeagnus having silver-white twigs and yellow flowers followed by olivelike fruits|
oleaster family	n|shrubs or small trees often armed|
olecranon	n|process of the ulna that forms the outer bump of the elbow and fits into the fossa of the humerus when the arm is extended|
olecranon process	n|process of the ulna that forms the outer bump of the elbow and fits into the fossa of the humerus when the arm is extended|
oled	n|a self-luminous diode (it glows when an electrical field is applied to the electrodes) that does not require backlighting or diffusers|
olefin	n|any unsaturated aliphatic hydrocarbon|
olefine	n|any unsaturated aliphatic hydrocarbon|
oleic acid	n|a colorless oily liquid occurring as a glyceride; it is the major fatty acid in olive oil and canola oil; used in making soap and cosmetics and ointments and lubricating oils|
olein	n|a naturally occurring glyceride of oleic acid that is found in fats and oils|
oleo	n|a spread made chiefly from vegetable oils and used as a substitute for butter|
oleo oil	n|obtained from beef fat; used in making margarine and soap and in lubrication|
oleomargarine	n|a spread made chiefly from vegetable oils and used as a substitute for butter|
oleophilic	adj|having a strong affinity for oils rather than water|
oleophobic	adj|lacking affinity for oils|
oleoresin	n|a naturally occurring mixture of a resin and an essential oil; obtained from certain plants|
oleoresin capiscum	n|an oleoresin extracted from the capsicum pepper plant|
olfaction	n|the faculty that enables us to distinguish scents|
olfactive	adj|of or relating to olfaction|
olfactory	adj|of or relating to olfaction|
olfactory brain	n|a center in the cerebral hemispheres that governs the sense of smell in lower animals; in humans it seems to mediate complex emotional behavior|
olfactory bulb	n|one of two enlargements at the terminus of the olfactory nerve at the base of the brain just above the nasal cavities|
olfactory impairment	n|a disorder in the sense of smell|
olfactory modality	n|the faculty that enables us to distinguish scents|
olfactory nerve	n|a collective term for numerous olfactory filaments in the nasal mucosa|
olfactory organ	n|the organ of smell and entrance to the respiratory tract; the prominent part of the face of man or other mammals|he has a cold in the nose
olfactory perception	n|the sensation that results when olfactory receptors in the nose are stimulated by particular chemicals in gaseous form|she loved the smell of roses
olfactory property	n|any property detected by the olfactory system|
olfactory sensation	n|the sensation that results when olfactory receptors in the nose are stimulated by particular chemicals in gaseous form|she loved the smell of roses
olfersia	n|genus of fern having only one species|
olga korbut	n|Soviet gymnast (born in 1955)|
olibanum	n|an aromatic gum resin obtained from various Arabian or East African trees; formerly valued for worship and for embalming and fumigation|
oligarch	n|one of the rulers in an oligarchy|
oligarchic	adj|of or relating to or supporting or characteristic of an oligarchy|
oligarchical	adj|of or relating to or supporting or characteristic of an oligarchy|
oligarchy	n|a political system governed by a few people|one of his cardinal convictions was that Britain was not run as a democracy but as an oligarchy
oligo	n|(biochemistry) a polynucleotide whose molecules contain relatively few nucleotides|
oligocene	n|from 40 million to 25 million years ago; appearance of sabertoothed cats|
oligocene epoch	n|from 40 million to 25 million years ago; appearance of sabertoothed cats|
oligochaeta	n|earthworms|
oligochaete	n|hermaphroditic terrestrial and aquatic annelids having bristles borne singly along the length of the body|
oligochaete worm	n|hermaphroditic terrestrial and aquatic annelids having bristles borne singly along the length of the body|
oligoclase	n|any of a series of triclinic feldspars that form rocks|
oligodactyly	n|congenital condition in which some fingers or toes are missing|
oligodendria	n|tissue consisting of glial cells with sheetlike processes that form the myelin sheath of nerve fibers|
oligodendrocyte	n|a cell of the oligodendroglia|
oligodendroglia	n|tissue consisting of glial cells with sheetlike processes that form the myelin sheath of nerve fibers|
oligodontia	n|congenital condition in which some of the teeth are missing|
oligomenorrhea	n|abnormally light or infrequent menstruation|
oligonucleotide	n|(biochemistry) a polynucleotide whose molecules contain relatively few nucleotides|
oligoplites	n|leatherjackets|
oligopoly	n|(economics) a market in which control over the supply of a commodity is in the hands of a small number of producers and each one can influence prices and affect competitors|
oligoporus	n|a genus of fungi belonging to the family Polyporaceae|
oligosaccharide	n|any of the carbohydrates that yield only a few monosaccharide molecules on complete hydrolysis|
oligospermia	n|insufficient spermatozoa in the semen|
oliguria	n|abnormally small production of urine; can be a symptom of kidney disease or obstruction of the urinary tract or edema or an imbalance of fluids and electrolytes in the body|	n|production of an abnormally small amount of urine|
olimbos	n|a mountain peak in northeast Greece near the Aegean coast; believed by ancient Greeks to be the dwelling place of the gods (9,570 feet high)|
olive	adj|of a yellow-green color similar to that of an unripe olive|	n|small ovoid fruit of the European olive tree; important food and source of oil|	n|evergreen tree cultivated in the Mediterranean region since antiquity and now elsewhere; has edible shiny black fruits|	n|hard yellow often variegated wood of an olive tree; used in cabinetwork|
olive branch	n|something offered to an adversary in the hope of obtaining peace|
olive brown	n|a shade of brown tinged with green|
olive drab	n|a dull greyish to yellowish or light olive brown|	n|a cloth of an olive-brown color used for military uniforms|
olive family	n|trees and shrubs having berries or drupes or capsules as fruits; sometimes placed in the order Oleales: olive; ash; jasmine; privet; lilac|
olive green	n|a color that is lighter and greener than olive|
olive oil	n|oil from olives|
olive ridley	n|olive-colored sea turtle of tropical Pacific and Indian and the southern Atlantic oceans|
olive tree	n|a tree of the genus Olea cultivated for its fruit|
olive-brown	adj|of a brown color with a greenish tinge|
olive-colored	adj|having the color of green olives|
olive-coloured	adj|having the color of green olives|
olive-drab	adj|of a light brownish green color|
olive-gray	adj|of grey tinged with olive|
olive-green	n|a color that is lighter and greener than olive|
olive-grey	adj|of grey tinged with olive|
olive-like	adj|resembling an olive|
olive-sized	adj|about the size of an olive|
olive-tree agaric	n|red luminescent mushroom of Europe|
olivelike	adj|resembling an olive|
olivenite	n|rare green to black mineral consisting of hydrated copper arsenate that is found in copper deposits|
oliver goldsmith	n|Irish writer of novels and poetry and plays and essays (1728-1774)|
oliver heaviside	n|English physicist and electrical engineer who helped develop telegraphic and telephonic communications; in 1902 (independent of A. E. Kennelly) he suggested the existence of an atmospheric layer that reflects radio waves back to earth (1850-1925)|
olivier	n|English actor best know for his Shakespearean roles (1907-1989)|
olivine	n|a mineral consisting of magnesium iron silicate; a source of magnesium|
olla	n|leaf or strip from a leaf of the talipot palm used in India for writing paper|
olla podrida	n|Spanish version of burgoo|
ollari	n|a Dravidian language spoken in south central India|
olm	n|European aquatic salamander with permanent external gills that lives in caves|
olmec	n|a member of an early Mesoamerican civilization centered around Veracruz that flourished between 1300 and 400 BC|
ology	n|an informal word (abstracted from words with this ending) for some unidentified branch of knowledge|
olympia	n|capital of the state of Washington; located in western Washington on Puget Sound|	n|a plain in Greece in the northwestern Peloponnese; the chief sanctuary of Zeus and the site of the original Olympian Games|
olympiad	n|one of the four-year intervals between Olympic Games; used to reckon time in ancient Greece for twelve centuries beginning in 776 BC|	n|the modern revival of the ancient games held once every 4 years in a selected country|
olympian	adj|of the region of Olympia in Greece or its inhabitants|Olympian plain	adj|of or pertaining to the greater gods of ancient Greece whose abode was Mount Olympus|Olympian deities	adj|majestic in manner or bearing; superior to mundane matters|his majestic presence	adj|far beyond what is usual in magnitude or degree|a night of exceeding darkness
olympian games	n|the ancient Panhellenic celebration at Olympia in honor of Zeus; held every 4 years beginning in 776 BC|
olympian zeus	n|a seated statue of the supreme god of ancient Greek mythology created for the temple at Olympia; the statue was 40 feet tall and rested on a base that was 12 feet high|
olympic	adj|of or relating to the Olympic Games|Olympic winners	adj|of the region of Olympia in Greece or its inhabitants|Olympian plain
olympic games	n|the modern revival of the ancient games held once every 4 years in a selected country|	n|the ancient Panhellenic celebration at Olympia in honor of Zeus; held every 4 years beginning in 776 BC|
olympic god	n|a classical Greek god after the overthrow of the Titans|
olympic national park	n|a national park in Washington having rain forests of giant evergreens|
olympics	n|the modern revival of the ancient games held once every 4 years in a selected country|
olympus	n|a mountain peak in northeast Greece near the Aegean coast; believed by ancient Greeks to be the dwelling place of the gods (9,570 feet high)|
omaha	n|a member of the Siouan people formerly living in the Missouri river valley in northeastern Nebraska|	n|largest city in Nebraska; located in eastern Nebraska on the Missouri river; a major transportation center of the Midwest|	n|the Dhegiha dialect spoken by the Omaha|	n|thoroughbred that won the triple crown in 1935|
oman	n|a strategically located monarchy on the southern and eastern coasts of the Arabian Peninsula; the economy is dominated by oil|
omani	adj|of or relating to Oman or its people|Omani oil producers	n|a native or inhabitant of Oman|
omani monetary unit	n|monetary unit in Oman|
omani rial	n|the basic unit of money in Oman|
omar khayyam	n|Persian poet and mathematician and astronomer whose poetry was popularized by Edward Fitzgerald's translation (1050-1123)|
omasum	n|the third compartment of the stomach of a ruminant|
omayyad	n|the first dynasty of Arab caliphs whose capital was Damascus|
omb	n|the executive agency that advises the President on the federal budget|
ombu	n|fast-growing herbaceous evergreen tree of South America having a broad trunk with high water content and dark green oval leaves|
ombudsman	n|a government appointee who investigates complaints by private persons against the government|
omdurman	n|a city of Sudan; located in the central Sudan on the White Nile opposite Khartoum|	n|a battle (1898) in which an English and Egyptian army under Kitchener defeated the Sudanese|
omega	n|the ending of a series or sequence|the Alpha and the Omega, the first and the last, the beginning and the end"--Revelation	n|the last (24th) letter of the Greek alphabet|
omega centauri	n|a global cluster in the constellation Centaurus|
omega-3	n|a polyunsaturated fatty acid whose carbon chain has its first double valence bond three carbons from the beginning|
omega-3 fatty acid	n|a polyunsaturated fatty acid whose carbon chain has its first double valence bond three carbons from the beginning|
omega-6	n|a polyunsaturated fatty acid whose carbon chain has its first double valence bond six carbons from the beginning|
omega-6 fatty acid	n|a polyunsaturated fatty acid whose carbon chain has its first double valence bond six carbons from the beginning|
omelet	n|beaten eggs or an egg mixture cooked until just set; may be folded around e.g. ham or cheese or jelly|
omelet pan	n|pan for cooking omelets|
omelette	n|beaten eggs or an egg mixture cooked until just set; may be folded around e.g. ham or cheese or jelly|
omelette pan	n|pan for cooking omelets|
omen	n|a sign of something about to happen|he looked for an omen before going into battle	v|indicate, as with a sign or an omen|These signs bode bad news
omental bursa	n|an isolated part of the peritoneal cavity that is dorsal to the stomach|
omentum	n|a fold of peritoneum supporting the viscera|
omeprazole	n|antacid (trade name Prilosec) that suppresses acid secretion in the stomach|
omerta	n|a code of silence practiced by the Mafia; a refusal to give evidence to the police about criminal activities|
omicron	n|the 15th letter of the Greek alphabet|
ominous	adj|threatening or foreshadowing evil or tragic developments|a baleful look	adj|presaging ill fortune|ill omens
ominously	adv|in an ominous manner|the sun darkened ominously
omissible	adj|capable of being left out|
omission	n|a mistake resulting from neglect|	n|something that has been omitted|she searched the table for omissions	n|any process whereby sounds or words are left out of spoken words or phrases|	n|neglecting to do something; leaving out or passing over something|
omissive	adj|characterized by omissions|omissive crimes
omit	v|prevent from being included or considered or accepted|The bad results were excluded from the report	v|leave undone or leave out|How could I miss that typo?
omiya	n|a city of east central Honshu; a suburb of Tokyo|
ommastrephes	n|extremely active cylindrical squid with short strong arms and large rhombic terminal fins|
ommatidium	n|any of the numerous small cone-shaped eyes that make up the compound eyes of some arthropods|
ommiad	n|the first dynasty of Arab caliphs whose capital was Damascus|
omnibus	adj|providing for many things at once|an omnibus law	n|an anthology of articles on a related subject or an anthology of the works of a single author|	n|a vehicle carrying many passengers; used for public transport|he always rode the bus to work
omnidirectional	adj|not directional|omnidirectional antenna
omnidirectional antenna	n|an antenna that sends or receives signals equally in all directions|
omnidirectional radio range	n|a navigational system consisting of a network of radio beacons that provide aircraft with information about exact position and bearing|
omnidirectional range	n|a navigational system consisting of a network of radio beacons that provide aircraft with information about exact position and bearing|
omnifarious	adj|of all varieties or forms or kinds|omnifarious reading
omnipotence	n|the state of being omnipotent; having unlimited power|
omnipotent	adj|having unlimited power|
omnipresence	n|the state of being everywhere at once (or seeming to be everywhere at once)|
omnipresent	adj|being present everywhere at once|
omnirange	n|a navigational system consisting of a network of radio beacons that provide aircraft with information about exact position and bearing|
omniscience	n|the state of being omniscient; having infinite knowledge|
omniscient	adj|infinitely wise|
omnium-gatherum	n|a motley assortment of things|
omnivore	n|a person who eats all kinds of foods|	n|an animal that feeds on both animal and vegetable substances|
omnivorous	adj|feeding on both plants and animals|
omomyid	n|extinct tiny nocturnal lower primates that fed on fruit and insects; abundant in North America and Europe 30 to 50 million years ago; probably gave rise to the tarsiers; some authorities consider them ancestral to anthropoids but others consider them only cousins|
omomyid group	n|extinct tiny nocturnal lower primates that fed on fruit and insects; abundant in North America and Europe 30 to 50 million years ago; probably gave rise to the tarsiers; some authorities consider them ancestral to anthropoids but others consider them only cousins|
omophagia	n|the eating of raw food|
omotic	n|a group of related languages spoken in a valley of southern Ethiopia; closely related to Cushitic languages|
omphalocele	n|protrusion of the intestine and omentum through a hernia in the abdominal wall near the navel; usually self correcting after birth|
omphalos	n|a scar where the umbilical cord was attached|you were not supposed to show your navel on television
omphaloskepsis	n|literally, the contemplation of one's navel, which is an idiom usually meaning complacent self-absorption|
omphalotus	n|a genus of fungi with a depressed disc in the cap|
omphalotus illudens	n|a large poisonous agaric with orange caps and narrow clustered stalks; the gills are luminescent|
omphalus	n|a scar where the umbilical cord was attached|you were not supposed to show your navel on television
omsk	n|a city in the Asian part of Russia|
on	adv|with a forward motion|we drove along admiring the view	adv|indicates continuity or persistence or concentration|his spirit lives on	adv|in a state required for something to function or be effective|turn the lights on	adj|in operation or operational|left the oven on
on a higher floor	adv|on a floor above|they lived upstairs
on a lower floor	adv|on a floor below|the tenants live downstairs
on a regular basis	adv|in a regular manner|letters arrived regularly from his children
on air	adv|very happily|we were floating on air at the news
on all fours	adv|on hands and knees|he got down on all fours to play with his grandson
on an individual basis	adv|apart from others|taken individually, the rooms were, in fact, square
on an irregular basis	adv|in an irregular manner|her letters arrived irregularly
on and off	adv|not regularly|they phone each other off and on
on approval	adv|for examination (with an option to buy)|they took the VCR on approval
on average	adv|typically|on average he watches three movies a week
on board	adv|on a ship, train, plane or other vehicle|
on camera	adv|within range of a movie or television camera|the senator didn't realize that he was speaking on camera
on earth	adv|used with question words to convey surprise|what on earth are you doing?
on faith	adv|with trust and confidence|we accepted him on faith
on fire	adj|lighted up by or as by fire or flame|forests set ablaze (or afire) by lightning
on guard	adj|vigilant|on guard against con artists
on hand	adj|readily available|there will be a wealth of information on hand from the lawyers
on it	adv|on that|text and commentary thereon
on occasion	adv|sporadically and infrequently|he was arrogant and occasionally callous
on one hand	adv|from one point of view|on the one hand, she is a gifted chemist
on one's guard	adj|vigilant|on guard against con artists
on paper	adv|as written or printed|this is exactly what the composer had set down on paper
on purpose	adv|with intention; in an intentional manner|he used that word intentionally
on request	adv|on the occasion of a request|advice was free for the asking
on tap	adj|(of liquids) available by turning a tap|ale on tap	adj|available for immediate use|extra personnel on tap
on that	adv|on that|text and commentary thereon
on the average	adv|typically|on average he watches three movies a week
on the button	adj|being precise with regard to a prescribed or specified criterion|his guess was on the nose	adv|just as it should be|`Precisely, my lord,' he said
on the coattails	adv|immediately following or undeservedly benefiting from|the CEO resigned on the coattails of the scandal
on the contrary	adv|contrary to expectations; on the contrary, he went out with his friends"|he didn't stay home
on the dot	adv|just as it should be|`Precisely, my lord,' he said
on the face of it	adv|from appearances alone|irrigation often produces bumper crops from apparently desert land
on the fence	adj|characterized by indecision|some who had been on the fence came out in favor of the plan
on the fly	adv|while in motion|he caught the punt on the fly	adv|on the run or in a hurry|she wrote those letters on the fly
on the go	adj|(of a person) very busy and active|is always on the go
on the hook	adj|caught in a difficult or dangerous situation|there I was back on the hook
on the job	adj|actively engaged in paid work|the working population
on the loose	adj|having escaped, especially from confinement|a convict still at large
on the nose	adj|being precise with regard to a prescribed or specified criterion|his guess was on the nose	adv|just as it should be|`Precisely, my lord,' he said
on the offensive	adj|actively attacking|
on the one hand	adv|from one point of view|on the one hand, she is a gifted chemist
on the other hand	adv|(contrastive) from another point of view|on the other hand, she is too ambitious for her own good
on the q.t.	adv|in secrecy; not openly|met secretly to discuss the invasion plans
on the qt	adv|in secrecy; not openly|met secretly to discuss the invasion plans
on the qui vive	n|lively attentiveness|
on the road	n|travelling about|they took the show on the road
on the side	adv|without official authorization|he had made some money on the side
on the sly	adv|in a furtive manner|the soldiers were furtively crawling through the night
on the spot	adv|without delay or immediately|we hired her on the spot	adv|in a difficult situation|that question really put him on the spot	adv|at the place in question; there|they were on the spot when it happened
on the spur of the moment	adv|on impulse; without premeditation|he decided to go to Chicago on the spur of the moment
on the table	adj|able to be negotiated or arranged by compromise|negotiable demands
on the way	adv|on a route to some place|help is on the way
on the whole	adv|with everything considered (and neglecting details)|altogether, I'm sorry it happened
on the wing	adv|flying through the air|we saw the ducks in flight
on time	adj|acting or arriving or performed exactly at the time appointed|she expected guests to be punctual at meals	adj|payable in installments within a designated period of time|we were short of cash, so we purchased our refrigerator on time	adv|at the expected or proper time|she always arrives on time
on tour	n|travelling about|they took the show on the road
on trial	adj|in the process of being tested or tried|
on your guard	adj|vigilant|on guard against con artists
on-going	adj|currently happening|an ongoing economic crisis
on-key	adj|in tune; accurate in pitch|a true note
on-license	n|a license to sell liquor for consumption on the premises|
on-line	adj|on a regular route of a railroad or bus or airline system|on-line industries	adj|connected to a computer network or accessible by computer|an on-line database	adj|being in progress now|on-line editorial projects
on-line database	n|(computer science) a database that can be accessed by computers|
on-off switch	n|a hinged switch that can assume either of two positions|
on-site	adj|taking place or located at the site|on-site inspection
on-street	adj|at the sides of streets|on-street parking is prohibited at rush hour
on-the-job	adj|relating to or associated with a job or employment|on-the-job training
on-the-scene	adj|at the scene of action|an on-the-spot reporter
on-the-spot	adj|at the scene of action|an on-the-spot reporter
on/off switch	n|a hinged switch that can assume either of two positions|
onager	n|an engine that provided medieval artillery used during sieges; a heavy war engine for hurling large stones and other missiles|	n|Asiatic wild ass|
onagraceae	n|a large and widely distributed family of plants of the order Myrtales|
onanism	n|manual stimulation of the genital organs (of yourself or another) for sexual pleasure|	n|a method of birth control in which coitus is initiated but the penis is deliberately withdrawn before ejaculation|
onanist	n|a person who practices masturbation|
once	adv|on one occasion|once I ran into her	adv|as soon as|once we are home, we can rest	adv|at a previous time|at one time he loved her
once again	adv|anew|she tried again
once and for all	adv|in a conclusive way|we settled the problem conclusively
once in a while	adv|sporadically and infrequently|he was arrogant and occasionally callous
once more	adv|anew|she tried again
once-over	n|a swift cursory examination or inspection|I gave him the once-over
onchocerciasis	n|infestation with slender threadlike roundworms (filaria) deposited under the skin by the bite of black fleas; when the eyes are involved it can result in blindness; common in Africa and tropical America|
oncidium	n|any orchid of the genus Oncidium: characterized by slender branching sprays of small yellow and brown flowers; often grown as houseplants|
oncidium papilio	n|orchid of South America and Trinidad having large yellow and reddish-brown flowers; sometimes placed in genus Oncidium|
oncidium papilio kramerianum	n|orchid of South and Central America having flowers similar to but smaller than Psychopsis papilio; sometimes placed in genus Oncidium|
oncogene	n|a gene that disposes normal cells to change into cancerous tumor cells|
oncologic	adj|of or relating to or practicing oncology|oncological nurse
oncological	adj|of or relating to or practicing oncology|oncological nurse
oncologist	n|a specialist in oncology|
oncology	n|the branch of medicine concerned with the study and treatment of tumors|
oncoming	adj|moving toward one|	n|the beginning or early stages|the onset of pneumonia
oncorhynchus	n|Pacific salmon including sockeye salmon; chinook salmon; chum salmon; coho salmon|
oncorhynchus keta	n|a large Pacific salmon with small spots on its back; an important food fish|
oncorhynchus kisutch	n|small salmon of northern Pacific coasts and the Great Lakes|
oncorhynchus nerka	n|small salmon with red flesh; found in rivers and tributaries of the northern Pacific and valued as food; adults die after spawning|
oncorhynchus tshawytscha	n|large Pacific salmon valued as food; adults die after spawning|
oncovin	n|periwinkle plant derivative used as an antineoplastic drug (trade name Oncovin); used to treat cancer of the lymphatic system|
ondaatje	n|Canadian writer (born in Sri Lanka in 1943)|
ondatra	n|muskrats|
ondatra zibethica	n|beaver-like aquatic rodent of North America with dark glossy brown fur|
one	adj|used of a single unit or thing; not two or more|`ane' is Scottish	adj|having the indivisible character of a unit|a unitary action	adj|of the same kind or quality|two animals of one species	adj|(informal) very; used informally as an intensifier|that is one fine dog
one after another	adv|following one another in quick succession|
one after the other	adv|following one another in quick succession|
one and only	adj|eminent beyond or above comparison|matchless beauty
one at a time	adv|in succession|the prisoners came out one by one
one by one	adv|in succession|the prisoners came out one by one	adv|one piece at a time|she sold the plates by the piece	adv|apart from others|taken individually, the rooms were, in fact, square
one c	n|ten 10s|
one dollar bill	n|a piece of paper money worth one dollar|
one hundred	adj|being ten more than ninety|
one hundred eighty	adj|being ten more than one hundred seventy|
one hundred fifteen	adj|being five more than one hundred ten|
one hundred fifty	adj|being ten more than one hundred forty|
one hundred fifty-five	adj|being five more than one hundred fifty|
one hundred five	adj|being five more than one hundred|
one hundred forty	adj|being ten more than one hundred thirty|
one hundred forty-five	adj|being five more than one hundred forty|
one hundred ninety	adj|being ten more than one hundred eighty|
one hundred one	adj|being one more than one hundred|
one hundred seventy	adj|being ten more than one hundred sixty|
one hundred seventy-five	adj|being five more than one hundred seventy|
one hundred sixty	adj|being ten more than one hundred fifty|
one hundred sixty-five	adj|being five more than one hundred sixty|
one hundred ten	adj|being ten more than one hundred|
one hundred thirty	adj|being ten more than one hundred twenty|
one hundred thirty-five	adj|being five more than one hundred thirty|
one hundred twenty	adj|being ten more than one hundred ten|
one hundred twenty-five	adj|being five more than one hundred twenty|
one iron	n|(golf) the long iron with the most nearly vertical face|
one million million	n|the number that is represented as a one followed by 12 zeros|in England they call a trillion a billion
one million million million	n|the number that is represented as a one followed by 18 zeros|in England they call a quintillion a trillion
one of the boys	n|a man who has been socially accepted into a group of other men|he quickly became one of the boys
one one's coattails	adv|immediately following or undeservedly benefiting from|the CEO resigned on the coattails of the scandal
one percent	n|one part in a hundred equal parts|
one shot	n|a charge of ammunition for a single shot|
one thousand	adj|denoting a quantity consisting of 1,000 items or units|	n|the cardinal number that is the product of 10 and 100|
one thousand million	n|the number that is represented as a one followed by 9 zeros|
one thousand thousand	n|the number that is represented as a one followed by 6 zeros|
one time	adv|on one occasion|once I ran into her
one-and-one	n|a foul shot that must be made in order to earn the right to a second foul shot|
one-armed	adj|having one arm|a one-armed veteran
one-armed bandit	n|a slot machine that is used for gambling|they spend hours and hours just playing the slots
one-billionth	n|one part in a billion equal parts|
one-celled	adj|having a single cell (and thus not divided into cells)|
one-dimensional	adj|relating to a single dimension or aspect; having no depth or scope|a prose statement of fact is unidimensional, its value being measured wholly in terms of its truth"- Mary Sheehan	adj|of or in or along or relating to a line; involving or having a single dimension|a linear measurement
one-dimensional language	n|a programming language whose expressions are represented by strings of characters|
one-dimensionality	n|the property of having one dimension|
one-eared	adj|having a single ear|
one-eighth	n|one part in eight equal parts|
one-eyed	adj|having or showing only one eye|one-eyed Jacks are wild
one-fifth	n|one part in five equal parts|
one-flowered pyrola	n|delicate evergreen dwarf herb of north temperate regions having a solitary white terminal flower; sometimes placed in genus Pyrola|
one-flowered wintergreen	n|delicate evergreen dwarf herb of north temperate regions having a solitary white terminal flower; sometimes placed in genus Pyrola|
one-fourth	n|one of four equal parts|a quarter of a pound
one-half	n|one of two equal parts of a divisible whole|half a loaf
one-handed	adj|having or using a single hand|one-handed golfers
one-hitter	n|a game in which a pitcher allows the opposing team only one hit|
one-horse	adj|small and remote and insignificant|a jerkwater college
one-humped	adj|having one hump|a one-humped camel
one-hundred-millionth	n|one part in a hundred million equal parts|
one-hundred-thousandth	n|one part in a hundred thousand equal parts|
one-hundredth	n|one part in a hundred equal parts|
one-liner	n|a one-line joke|
one-man	adj|designed for or restricted to a single person|a one-man show
one-man rule	n|a form of government in which the ruler is an absolute dictator (not restricted by a constitution or laws or opposition etc.)|
one-member	adj|based on the system of having only one member from each district (as of a legislature)|a uninominal electoral system
one-millionth	n|one part in a million equal parts|
one-night stand	n|a brief sexual encounter lasting only for a single night|he ran through a series of loveless one-night stands	n|a performance in one place on one night only|
one-ninth	n|one part in nine equal parts|
one-off	n|a happening that occurs only once and is not repeated|
one-on-one	adj|directly between two individuals|one-on-one instruction	adj|being a system of play in which an individual defensive player guards an individual offensive player|one-on-one defense	adv|(of two persons) in direct encounter|preferred to settle the matter one-on-one
one-party	adj|determined by a single party|
one-person	adj|designed for or restricted to a single person|a one-man show
one-piece	adj|(of clothing) consisting of or fashioned in a single whole piece|a one-piece garment
one-quadrillionth	n|one part in a quadrillion equal parts|
one-quarter	n|one of four equal parts|a quarter of a pound
one-quintillionth	n|one part in a quintillion equal parts|
one-seed	adj|having a single seed|
one-seeded	adj|having a single seed|
one-seventh	n|one part in seven equal parts|
one-sided	adj|not reversible or capable of having either side out|	adj|involving only one part or side|unilateral paralysis	adj|favoring one person or side over another|a biased account of the trial
one-sidedly	adv|in a unilateral manner; by means of one part or party|they worked out an agreement unilaterally
one-sixteenth	n|one part in sixteen equal parts|
one-sixth	n|one part in six equal parts|
one-sixtieth	n|one part in sixty equal parts|
one-sixty-fourth	n|one part in sixty-four equal parts|
one-spot	n|a domino or die whose upward face shows one pip|
one-step	n|an early ballroom dance; precursor to the fox-trot|	v|dance the one-step|
one-ten-thousandth	n|one part in ten thousand equal parts|
one-tenth	n|a tenth part; one part in ten equal parts|
one-third	n|one of three equal parts of a divisible whole|it contains approximately a third of the minimum daily requirement
one-thirty-second	n|one part in thirty-two equal parts|
one-thousandth	n|one part in a thousand equal parts|
one-time	adj|belonging to some prior time|erstwhile friend
one-to-one	adj|used of relations such that each member of one set is associated with one member of a second set|
one-trillionth	n|one part in a trillion equal parts|
one-twelfth	n|one part in twelve equal parts|
one-upmanship	n|the practice of keeping one jump ahead of a friend or competitor|
one-way	adj|moving or permitting movement in one direction only|one-way streets
one-way light time	n|the elapsed time it takes for light (or radio signals) to travel between the Earth and a celestial object|
one-way street	n|unilateral interaction|cooperation cannot be a one-way street	n|a street on which vehicular traffic is allowed to move in only one direction|
one-winged	adj|having a single wing|
one-woman	adj|designed for or restricted to a single person|a one-man show
one-year	adj|completing its life cycle within a year|a border of annual flowering plants
one-year-old	adj|one year of age|
onega	n|lake in northwestern Russia near the border with Finland; second largest lake in Europe|
oneida	n|a member of the Iroquoian people formerly living east of Lake Ontario|	n|the Iroquoian language spoken by the Oneida|
oneiric	adj|of or relating to or suggestive of dreams|
oneirism	n|absentminded dreaming while awake|
oneiromancer	n|someone who divines through the interpretation of dreams|
oneiromancy	n|divination through the interpretation of dreams|
oneness	n|the quality of being united into one|
onerous	adj|not easily borne; wearing; I only had to greet the guests"|the burdensome task of preparing the income tax return
onerously	adv|in an onerous manner|
onerousness	n|unwelcome burdensome difficulty|
onetime	adj|belonging to some prior time|erstwhile friend
ongoing	adj|currently happening|an ongoing economic crisis
onion	n|the bulb of an onion plant|	n|bulbous plant having hollow leaves cultivated worldwide for its rounded edible bulb|	n|an aromatic flavorful vegetable|
onion bagel	n|bagel flavored with onion|
onion bread	n|bread containing finely minced onions|
onion butter	n|butter blended with minced onion|
onion dome	n|a dome that is shaped like a bulb; characteristic of Russian and Byzantine church architecture|
onion louse	n|injurious to onion plants and sometimes tobacco|
onion mildew	n|fungus causing a downy mildew on onions|
onion plant	n|bulbous plant having hollow leaves cultivated worldwide for its rounded edible bulb|
onion roll	n|yeast-raised roll flavored with onion|
onion salt	n|ground dried onion and salt|
onion smut	n|smut fungus causing blackish blisters on scales and leaves of onions; especially destructive to seedlings|
onion stem	n|a white agaric that tends to cluster and has a club-shaped base|
onion thrips	n|injurious to onion plants and sometimes tobacco|
onion yellow dwarf	n|the yellow dwarf disease of onion plants|
onion yellow-dwarf virus	n|the virus that produces stunting and yellowing of the leaves of onion plants|
onionskin	n|a thin strong lightweight translucent paper used especially for making carbon copies|
oniscidae	n|a family of Isopoda|
oniscus	n|type genus of the Oniscidae; woodlice that cannot roll into a ball|
online	adj|on a regular route of a railroad or bus or airline system|on-line industries	adj|connected to a computer network or accessible by computer|an on-line database	adj|being in progress now|on-line editorial projects
onlooker	n|someone who looks on|
only	adv|and nothing more|I was merely asking	adv|without any others being included or involved|was entirely to blame	adv|with nevertheless the final result|He arrived only to find his wife dead	adv|in the final outcome|These news will only make you more upset
only if	adv|never except when|call me only if your cold gets worse
only too	adv|to a high degree|she is all too ready to accept the job
only when	adv|never except when|call me only if your cold gets worse
onobrychis	n|genus of Old World herbs having pinnate leaves and pink or whites racemose flowers followed by flat unjointed pods|
onobrychis viciaefolia	n|Eurasian perennial herb having pale pink flowers and curved pods; naturalized in Britain and North America grasslands on calcareous soils; important forage crop and source of honey in Britain|
onobrychis viciifolia	n|Eurasian perennial herb having pale pink flowers and curved pods; naturalized in Britain and North America grasslands on calcareous soils; important forage crop and source of honey in Britain|
onoclea	n|one species: sensitive fern; in some classifications included in Polypodiaceae|
onoclea sensibilis	n|beautiful spreading fern of eastern North America and eastern Asia naturalized in western Europe; pinnately divided fronds show a slight tendency to fold when touched; pinnules enclose groups of sori in beadlike lobes|
onoclea struthiopteris	n|tall fern of northern temperate regions having graceful arched fronds and sporophylls resembling ostrich plumes|
onomancer	n|one who practices onomancy|
onomancy	n|divination by the letters of a name|
onomastic	adj|of or related to onomastics|he published a collection of his onomastic essays
onomasticon	n|a list of proper nouns naming persons or places|
onomastics	n|the branch of lexicology that studies the forms and origins of proper names|
onomatomania	n|obsession with a particular word which the person uses repeatedly or which intrudes into consciousness|
onomatopoeia	n|using words that imitate the sound they denote|
onomatopoeic	adj|of or relating to or characterized by onomatopoeia|	adj|(of words) formed in imitation of a natural sound|onomatopoeic words are imitative of noises
onomatopoeical	adj|(of words) formed in imitation of a natural sound|onomatopoeic words are imitative of noises
onomatopoetic	adj|of or relating to or characterized by onomatopoeia|	adj|(of words) formed in imitation of a natural sound|onomatopoeic words are imitative of noises
onondaga	n|a member of the Iroquoian people formerly living between Lake Champlain and the Saint Lawrence River|	n|the Iroquoian language spoken by the Onondaga|
ononis	n|genus of European subshrubs or herbs having pink or purple or yellow solitary or clustered flowers: restharrow|
ononis repens	n|European woody plant having pink flowers and unifoliate leaves and long tough roots; spreads by underground runners|
ononis spinosa	n|Eurasian plant having loose racemes of pink or purple flowers and spiny stems and tough roots|
onopordon	n|a genus of Eurasian herbs of the family Compositae with prickly foliage and large purplish flowers|
onopordon acanthium	n|biennial Eurasian white hairy thistle having pale purple flowers; naturalized in North America|
onopordum	n|a genus of Eurasian herbs of the family Compositae with prickly foliage and large purplish flowers|
onopordum acanthium	n|biennial Eurasian white hairy thistle having pale purple flowers; naturalized in North America|
onrush	n|(military) an offensive against an enemy (using weapons)|the attack began at dawn	n|a forceful forward rush or flow|from the bow she stared at the mesmerising onrush of the sea where it split and foamed
onset	n|the beginning or early stages|the onset of pneumonia	n|(military) an offensive against an enemy (using weapons)|the attack began at dawn
onshore	adj|(of winds) coming from the sea toward the land|an inshore breeze	adj|on the edge of the land|an onshore lighthouse	adv|on or toward the land|they were living onshore
onside	adj|not offside; being within the prescribed area of play|
onslaught	n|a sudden and severe onset of trouble|	n|(military) an offensive against an enemy (using weapons)|the attack began at dawn	n|the rapid and continuous delivery of linguistic communication (spoken or written)|a barrage of questions
onstage	adj|situated or taking place on the area of a stage visible to the audience|	adv|on the stage|it was time for her to go onstage
ontario	n|the smallest of the Great Lakes|	n|a prosperous and industrialized province in central Canada|
ontogenesis	n|(biology) the process of an individual organism growing organically; a purely biological unfolding of events involved in an organism changing gradually from a simple to a more complex level|he proposed an indicator of osseous development in children
ontogenetic	adj|of or relating to the origin and development of individual organisms|ontogenetic development
ontogeny	n|(biology) the process of an individual organism growing organically; a purely biological unfolding of events involved in an organism changing gradually from a simple to a more complex level|he proposed an indicator of osseous development in children
ontological	adj|of or relating to ontology|ontological speculations
ontology	n|(computer science) a rigorous and exhaustive organization of some knowledge domain that is usually hierarchical and contains all the relevant entities and their relations|	n|the metaphysical study of the nature of being and existence|
onus	n|an onerous or difficult concern|the burden of responsibility
onward	adv|forward in time or order or degree|from that time forth	adv|in a forward direction|go ahead
onward motion	n|the act of moving forward (as toward a goal)|
onwards	adv|in a forward direction|go ahead
onychium	n|small terrestrial ferns of Old World tropics and subtropics: clawed ferns; sometimes placed in family Cryptogrammataceae|
onychogalea	n|a genus of Macropodidae|
onycholysis	n|separation of a nail from its normal attachment to the nail bed|
onychomys	n|grasshopper mice|
onychophora	n|enigmatic small elongated wormlike terrestrial invertebrates of damp dark habitats in warm regions; distinct from the phylum Annelida; resemble slugs with legs and are sometimes described as the missing link between arthropods and annelids|
onychophoran	n|any of numerous velvety-skinned wormlike carnivorous animals common in tropical forests having characteristics of both arthropods and annelid worms|
onychosis	n|any disease or disorder of the nails|
onymous	adj|bearing a name|articles in magazines are usually onymous
onyx	n|a chalcedony with alternating black and white bands; used in making cameos|
onyx marble	n|a hard compact kind of calcite|
onyxis	n|toenail having its free tip or edges embedded in the surrounding flesh|
oocyte	n|a female gametocyte that develops into an ovum after two meiotic divisions|
oodles	n|a large number or amount|made lots of new friends
oogenesis	n|development of ova|
ooh	v|express admiration and pleasure by uttering `ooh' or `aah'|They oohed and aahed when they unwrapped the presents
oology	n|the branch of zoology that studies eggs (especially birds' eggs and their size, shape, coloration, and number)|
oolong	n|Chinese tea leaves that have been partially fermented before being dried|
oom paul kruger	n|Boer statesman (1825-1904)|
oomph	n|attractiveness to the opposite sex|	n|the activeness of an energetic personality|
oomycetes	n|nonphotosynthetic fungi that resemble algae and that reproduce by forming oospores; sometimes classified as protoctists|
oophorectomy	n|surgical removal of one of both ovaries|
oophoritis	n|inflammation of one or both ovaries|
oophorosalpingectomy	n|surgical removal of one or both ovaries and the corresponding Fallopian tubes|
oort	n|Dutch astronomer who proved that the galaxy is rotating and proposed the existence of the Oort cloud (1900-1992)|
oort cloud	n|(astronomy) a hypothetical huge collection of comets orbiting the sun far beyond the orbit of Pluto; perturbations (as by other stars) can upset a comet's orbit and may send it tumbling toward the sun|
oosphere	n|a gamete; used especially of lower plants|
oospore	n|a thick-walled sexual spore that develops from a fertilized oosphere in some algae and fungi|
ootid	n|mature ovum after penetration by sperm but before the formation of a zygote|
ooze	n|any thick, viscous matter|	n|the process of seeping|	v|pass gradually or leak through or as if through small openings|	v|release (a liquid) in drops or small quantities|exude sweat through the pores
ooze leather	n|a very soft leather made from the skins of calves and having a suede finish on the flesh side|
ooze out	v|release (a liquid) in drops or small quantities|exude sweat through the pores
ooze through	v|run slowly and gradually|Blood oozed through the bandage
oozing	adj|leaking out slowly|	n|the process of seeping|
oozy	adj|leaking out slowly|
op art	n|a style of abstractionism popular in the 1960s; produces dramatic visual effects with colors and contrasts that are difficult for the eye to resolve|
opacification	n|the process of becoming cloudy or opaque|
opacify	v|make opaque|The glass was opacified more greater privacy	v|become opaque|the tissue in the eye's cornea may opacify and the patient may go blind
opacity	n|the phenomenon of not permitting the passage of electromagnetic radiation|	n|incomprehensibility resulting from obscurity of meaning|	n|the quality of being opaque to a degree; the degree to which something reduces the passage of light|
opah	n|large elliptical brightly colored deep-sea fish of Atlantic and Pacific and Mediterranean|
opal	n|a translucent mineral consisting of hydrated silica of variable color; some varieties are used as gemstones|
opal glass	n|a milky white translucent or opaque glass|
opalesce	v|reflect light or colors like an opal|Distant clouds opalesce like pale brocade	v|exhibit a play of colors like that of an opal|This nitrate opalesces under certain conditions
opalescence	n|the visual property of something having a milky brightness and a play of colors from the surface|
opalescent	adj|having a play of lustrous rainbow colors|an iridescent oil slick
opaline	adj|having a play of lustrous rainbow colors|an iridescent oil slick
opalise	v|make opalescent|	v|replace or convert into opal|opalized tree trunks
opalize	v|make opalescent|	v|replace or convert into opal|opalized tree trunks
opaque	adj|not transmitting or reflecting light or radiant energy; impenetrable to sight|opaque windows of the jail	adj|hard or impossible to understand|
opaque gem	n|a gemstone that is opaque|
opaquely	adv|in an opaque manner|he referred opaquely to her recent past
opaqueness	n|incomprehensibility resulting from obscurity of meaning|	n|the quality of being opaque to a degree; the degree to which something reduces the passage of light|
opcw	n|international organization for chemical disarmament; administers the Chemical Weapons Convention|
opec	n|an organization of countries formed in 1961 to agree on a common policy for the production and sale of petroleum|
opel	n|German industrialist who was the first in Germany to use an assembly line in manufacturing automobiles (1871-1948)|
open	adj|affording unobstructed entrance and exit; not shut or closed|an open door	adj|affording free passage or access|open drains	adj|with no protection or shield|the exposed northeast frontier	adj|open to or in view of all|an open protest
open account	n|credit extended by a business to a customer|	n|an unpaid credit order|
open air	n|where the air is unconfined|he wanted to get outdoors a little
open chain	n|a chain of atoms in a molecule whose ends are not joined to form a ring|
open circuit	n|an incomplete electrical circuit in which no current flows|
open door	n|the policy of granting equal trade opportunities to all countries|	n|freedom of access|he maintained an open door for all employees
open fire	v|start firing a weapon|
open fireplace	n|an open recess in a wall at the base of a chimney where a fire can be built|the fireplace was so large you could walk inside it
open fracture	n|bone fracture associated with lacerated soft tissue or an open wound|
open frame	n|any frame in which a bowler fails to make a strike or spare|the break in the eighth frame cost him the match
open house	n|an informal party of people with hospitality for all comers|
open interval	n|an interval that does not include its endpoints|
open letter	n|a letter of protest; addressed to one person but intended for the general public|
open marriage	n|a marriage in which each partner is free to enter into extraneous sexual relationships without guilt or jealousy from the other|
open order	n|a military formation leaving enough space between ranks to allow an inspecting officer to pass|
open primary	n|a primary in which any registered voter can vote (but must vote for candidates of only one party)|
open sandwich	n|sandwich without a covering slice of bread|
open secret	n|something that is supposed to be secret but is generally known|their love affair was an open secret
open sesame	n|any very successful means of achieving a result|	n|a magical command; used by Ali Baba|
open shop	n|a company whose workers are hired without regard to their membership in a labor union|
open sight	n|rear gunsight having an open notch instead of a peephole or telescope|
open society	n|a society that allows its members considerable freedom (as in a democracy)|America's open society has made it an easy target for terrorists
open university	n|a British university that is open to people without formal academic qualifications and where teaching is by correspondence or broadcasting or summer school|
open up	v|cause to open or to become open|Mary opened the car door	v|become available|an opportunity opened up	v|make available|This opens up new possibilities	v|open up an area or prepare a way|She pioneered a graduate program for women students
open weave	n|a weave in which warp threads never come together, leaving interstices in the fabric|
open-air	adj|in the open air|an alfresco lunch
open-air market	n|a public marketplace where food and merchandise is sold|
open-air marketplace	n|a public marketplace where food and merchandise is sold|
open-and-shut	adj|so obvious as to be easily solved or decided|an open-and-shut case
open-angle glaucoma	n|glaucoma caused by blockage of the canal of Schlemm; produces gradual loss of peripheral vision|open-angle glaucoma is the most common type of glaucoma
open-chain	adj|having an open chain structure|
open-class word	n|a word to which an independent meaning can be assigned|
open-collared	adj|of a shirt; not buttoned at the neck|dressed casually in shorts and an open-collared shirt
open-door policy	n|the policy of granting equal trade opportunities to all countries|
open-end credit	n|a consumer credit line that can be used up to a certain limit or paid down at any time|
open-end fund	n|a regulated investment company with a pool of assets that regularly sells and redeems its shares|
open-end investment company	n|a regulated investment company with a pool of assets that regularly sells and redeems its shares|
open-end wrench	n|a wrench having parallel jaws at fixed separation (often on both ends of the handle)|
open-ended	adj|without fixed limits or restrictions|an open-ended discussion	adj|allowing for a spontaneous response|an open-ended question	adj|allowing for future changes or revisions|open-ended agreements
open-eyed	adj|carefully observant or attentive; on the lookout for possible danger|a policy of open-eyed awareness
open-face sandwich	n|sandwich without a covering slice of bread|
open-heart surgery	n|heart surgery in which the rib cage is spread open, the heart is stopped and blood is detoured through a heart-lung machine while a heart valve or coronary artery is surgically repaired|
open-hearth	adj|of or relating to or produced by the open-hearth process|open-hearth steel
open-hearth furnace	n|a furnace for making steel in which the steel is placed on a shallow hearth and flames of burning gas and hot air play over it|
open-hearth process	n|a process for making steel using an open-hearth furnace|
open-minded	adj|ready to entertain new ideas|an open-minded curiosity
open-plan	adj|(of rooms or buildings) having large rooms with few dividing partitions|
open-source	adj|of or relating to or being computer software for which the source code is freely available|
openbill	n|stork with a grooved bill whose upper and lower parts touch only at the base and tip|
opencast	adj|(of mines and mining) worked from the exposed surface|opencast mining
opencast mining	n|the mining of ore or coal from an open mine|
opencut	adj|(of mines and mining) worked from the exposed surface|opencast mining
opened	adj|used of mouth or eyes|keep your eyes open	adj|made open or clear|the newly opened road	adj|not sealed or having been unsealed|the letter was already open
opener	n|the first event in a series|she played Chopin for her opener	n|a person who unfastens or unwraps or opens|children are talented undoers of their shoelaces	n|a hand tool used for opening sealed containers (bottles or cans)|
openhanded	adj|given or giving freely|was a big tipper
openhandedness	n|liberality in bestowing gifts; extremely liberal and generous of spirit|
openhearted	adj|showing or motivated by sympathy and understanding and generosity|was charitable in his opinions of others	adj|freely communicative; candidly straightforward|openhearted advice
opening	n|an open or empty space in or between things|there was a small opening between the trees	n|a ceremony accompanying the start of some enterprise|	n|becoming open or being made open|the opening of his arms was the sign I was waiting for	n|the first performance (as of a theatrical production)|the opening received good critical reviews
opening line	n|the first line of a piece of writing (as a newspaper story)|
opening move	n|the first of a series of actions|
opening night	n|the first performance (as of a theatrical production)|the opening received good critical reviews
openly	adv|in an open way|he openly flaunted his affection for his sister
openmouthed	adj|with eyes or mouth open in surprise|
openness	n|without obstructions to passage or view|the openness of the prairies	n|characterized by an attitude of ready accessibility (especially about one's actions or purposes); without concealment; not secretive|	n|willingness or readiness to receive (especially impressions or ideas)|he was testing the government's receptiveness to reform
openside plane	n|a woodworking plane designed to cut rabbets|
openwork	n|ornamental work (such as embroidery or latticework) having a pattern of openings|
opepe	n|large African forest tree yielding a strong hard yellow to golden brown lumber; sometimes placed in genus Sarcocephalus|
opera	n|a drama set to music; consists of singing with orchestral accompaniment and an orchestral overture and interludes|	n|a commercial browser|	n|a building where musical dramas are performed|
opera bouffe	n|opera with a happy ending and in which some of the text is spoken|
opera cloak	n|a large cloak worn over evening clothes|
opera comique	n|opera with a happy ending and in which some of the text is spoken|
opera company	n|a company that produces operas|
opera glasses	n|(plural) an optical instrument designed for simultaneous use by both eyes|
opera hat	n|a man's hat with a tall crown; usually covered with silk or with beaver fur|
opera hood	n|a large cloak worn over evening clothes|
opera house	n|a building where musical dramas are performed|
opera star	n|singer of lead role in an opera|
operable	adj|capable of being treated by surgical operation|an operable cancer	adj|fit or ready for use or service|the toaster was still functional even after being dropped	adj|usable for a specific purpose|an operable plan
operagoer	n|a patron of the opera|
operand	n|a quantity upon which a mathematical operation is performed|
operant	adj|having influence or producing an effect|many emotional determinants at work
operant conditioning	n|conditioning in which an operant response is brought under stimulus control by virtue of presenting reinforcement contingent upon the occurrence of the operant response|
operate	v|direct or control; projects, businesses, etc.|She is running a relief operation in the Sudan	v|perform as expected when applied|The washing machine won't go unless it's plugged in	v|handle and cause to function|do not operate machinery after imbibing alcohol	v|perform a movement in military or naval tactics in order to secure an advantage in attack or defense|
operate on	v|perform surgery on|The doctors operated on the patient but failed to save his life
operatic	adj|of or relating to or characteristic of opera|
operatic star	n|singer of lead role in an opera|
operating	adj|involved in a kind of operation|the operating conditions of the oxidation pond	adj|being in effect or operation|de facto apartheid is still operational even in the `new' African nations"- Leslie Marmon Silko
operating budget	n|a budget for current expenses as distinct from financial transactions or permanent improvements|
operating capability	n|the capability of a technological system to perform as intended|
operating capital	n|capital available for the operations of a firm (e.g. manufacturing or transportation) as distinct from financial transactions and long-term improvements|
operating cost	n|the expense of maintaining property (e.g., paying property taxes and utilities and insurance); it does not include depreciation or the cost of financing or income taxes|
operating expense	n|the expense of maintaining property (e.g., paying property taxes and utilities and insurance); it does not include depreciation or the cost of financing or income taxes|
operating instructions	n|a manual usually accompanying a technical device and explaining how to install or operate it|
operating microscope	n|binocular microscope used in surgery to provide a clear view of small and inaccessible parts of the body (as in microsurgery)|
operating procedure	n|a procedure for operating something or for dealing with a given situation|
operating room	n|a room in a hospital equipped for the performance of surgical operations|great care is taken to keep the operating rooms aseptic
operating statement	n|a financial statement that gives operating results for a specific period|
operating surgeon	n|a physician who specializes in surgery|
operating system	n|(computer science) software that controls the execution of computer programs and may provide various services|
operating table	n|table on which the patient lies during a surgical operation|
operating theater	n|a room in a hospital equipped for the performance of surgical operations|great care is taken to keep the operating rooms aseptic
operating theatre	n|a room in a hospital equipped for the performance of surgical operations|great care is taken to keep the operating rooms aseptic
operation	n|the state of being in effect or being operative|that rule is no longer in operation	n|a business especially one run on a large scale|a large-scale farming operation	n|a planned activity involving many people performing various actions|they organized a rescue operation	n|(computer science) data processing in which the result is completely specified by a rule (especially the processing that results from a single instruction)|it can perform millions of operations per second
operation code	n|the portion of a set of operation descriptions that specifies the operation to be performed; the set of operations in a computer|
operational	adj|pertaining to a process or series of actions for achieving a result|operational difficulties	adj|fit or ready for use or service|the toaster was still functional even after being dropped	adj|(military) of or intended for or involved in military operations|	adj|being in effect or operation|de facto apartheid is still operational even in the `new' African nations"- Leslie Marmon Silko
operational casualty	n|loss of military equipment in field operations|
operational cell	n|a terrorist cell that performs clandestine activities|
operational damage	n|loss of military equipment in field operations|
operationalism	n|(philosophy) the doctrine that the meaning of a proposition consists of the operations involved in proving or applying it|
operationalist	adj|of or relating to or espousing operationalism|operationalist doctrine
operationally	adv|in respect to operation|reported the machine operationally satisfactory
operations	n|financial transactions at a brokerage; having to do with the execution of trades and keeping customer records|
operations research	n|research designed to determine most efficient way to do something|
operative	adj|being in force or having or exerting force|operative regulations	adj|relating to or requiring or amenable to treatment by surgery especially as opposed to medicine|a surgical appendix	adj|effective; producing a desired effect|the operative word	adj|(of e.g. a machine) performing or capable of performing|in running (or working) order
operative field	n|the area that is open during surgery|
operatively	adv|in a manner to produce an effect|
operator	n|(mathematics) a symbol or function representing a mathematical operation|	n|an agent that operates some apparatus or machine|the operator of the switchboard	n|someone who owns or operates a business|who is the operator of this franchise?	n|a shrewd or unscrupulous person who knows how to circumvent difficulties|
operator gene	n|a gene that activates the production of messenger RNA by adjacent structural genes|
operculate	adj|having an operculum|
operculated	adj|having an operculum|
operculum	n|a hard flap serving as a cover for (a) the gill slits in fishes or (b) the opening of the shell in certain gastropods when the body is retracted|
operetta	n|a short amusing opera|
operon	n|a segment of DNA containing adjacent genes including structural genes and an operator gene and a regulatory gene|
operose	adj|characterized by effort to the point of exhaustion; especially physical effort|worked their arduous way up the mining valley
operoseness	n|the quality of requiring extended effort|
ophidia	n|snakes|
ophidian	n|limbless scaly elongate reptile; some are venomous|
ophidiidae	n|eellike marine fishes|
ophidism	n|poisoning by snake venom|
ophiodon	n|a genus of Ophiodontidae|
ophiodon elongatus	n|food fish of the northern Pacific related to greenlings|
ophiodontidae	n|fishes closely related to greenlings|
ophioglossaceae	n|a family of succulent ferns of order Ophioglossales; cosmopolitan in distribution|
ophioglossales	n|coextensive with the family Ophioglossaceae|
ophioglossum	n|the type genus of the fern family Ophioglossaceae|
ophioglossum pendulum	n|epiphytic fern with straplike usually twisted fronds of tropical Asia and Polynesia and America|
ophiolatry	n|the worship of snakes|
ophiophagus	n|king cobra|
ophiophagus hannah	n|large cobra of southeastern Asia and the East Indies; the largest venomous snake; sometimes placed in genus Naja|
ophisaurus	n|glass lizards|
ophiuchus	n|a large constellation in the equatorial region between Hercules and Scorpius|
ophiurida	n|brittle stars|
ophiuroidea	n|brittle stars and basket stars|
ophryon	n|the craniometric point in the midline of the forehead immediately above the orbits|
ophrys	n|a hardy genus of terrestrial orchids of Europe and northern Africa and western Asia|
ophrys apifera	n|European orchid whose flowers resemble bumble bees in shape and color|
ophrys insectifera	n|European orchid whose flowers resemble flies|
ophrys muscifera	n|European orchid whose flowers resemble flies|
ophrys sphegodes	n|spring-blooming spider orchid having a flower with yellow or green or pink sepals and a broad brown velvety lip|
ophthalmectomy	n|surgical removal of an eye|
ophthalmia	n|severe conjunctivitis|
ophthalmia neonatorum	n|ophthalmia in newborns; contracted while passing through the birth canal; usually prevented with silver nitrate drops|
ophthalmic	adj|of or relating to ophthalmology|ophthalmic surgery	adj|of or relating to or resembling the eye|ocular muscles
ophthalmic artery	n|a branch of the internal carotid artery that supplies the eye and neighboring structures|
ophthalmic vein	n|either of two veins that serve the eye; empties into the cavernous sinus|
ophthalmitis	n|severe conjunctivitis|
ophthalmologist	n|a medical doctor specializing in the diagnosis and treatment of diseases of the eye|
ophthalmology	n|the branch of medicine concerned with the eye and its diseases|
ophthalmoplegia	n|paralysis of the motor nerves of the eye|
ophthalmoscope	n|medical instrument for examining the retina of the eye|
ophthalmoscopy	n|examination of the interior of an eye using an ophthalmoscope|
opiate	n|a narcotic drug that contains opium or an opium derivative|
opiliones	n|harvestmen|
opine	v|express one's opinion openly and without fear or hesitation|John spoke up at the meeting	v|expect, believe, or suppose|I imagine she earned a lot of money with her new novel
opinion	n|a personal belief or judgment that is not founded on proof or certainty|my opinion differs from yours	n|a message expressing a belief about something; the expression of a belief that is held with confidence but not substantiated by positive knowledge or proof|his opinions appeared frequently on the editorial page	n|a belief or sentiment shared by most people; the voice of the people|he asked for a poll of public opinion	n|the legal document stating the reasons for a judicial decision|opinions are usually written by a single judge
opinion poll	n|an inquiry into public opinion conducted by interviewing a random sample of people|
opinionated	adj|obstinate in your opinions|
opinionative	adj|obstinate in your opinions|
opisthobranchia	n|gastropods having the gills when present posterior to the heart and having no operculum: includes sea slugs; sea butterflies; sea hares|
opisthocomidae	n|comprising the hoatzins|
opisthocomus	n|type genus of the Opisthocomidae: hoatzins|
opisthognathidae	n|jawfishes|
opisthognathous	adj|having receding jaws|
opisthorchiasis	n|infestation with flukes obtained from eating raw fish; common in eastern Asia|
opisthotonos	n|severe spasm in which the back arches and the head bends back and heels flex toward the back|
opium	n|an addictive narcotic extracted from seed capsules of the opium poppy|
opium addict	n|someone addicted to opium|
opium den	n|a building where opium is sold and used|
opium poppy	n|southwestern Asian herb with greyish leaves and white or reddish flowers; source of opium|
opium taker	n|someone addicted to opium|
opopanax	n|an odorous gum resin formerly used in medicines|
oporto	n|port city in northwest Portugal; noted for port wine|
opossum	n|small furry Australian arboreal marsupials having long usually prehensile tails|	n|nocturnal arboreal marsupial having a naked prehensile tail found from southern North America to northern South America|
opossum rat	n|terrestrial marsupials of southern South America that resemble shrews|
opossum shrimp	n|shrimp-like crustaceans whose females carry eggs and young in a pouch between the legs|
opossum wood	n|medium-sized tree of West Virginia to Florida and Texas|
opponent	n|a contestant that you are matched against|	n|someone who offers opposition|	adj|characterized by active hostility|opponent (or opposing) armies
opportune	adj|suitable or at a time that is suitable or advantageous especially for a particular purpose|an opportune place to make camp
opportunely	adv|at an opportune time|he arrived rather opportunely just when we needed a new butler
opportuneness	n|timely convenience|
opportunism	n|taking advantage of opportunities without regard for the consequences for others|
opportunist	adj|taking immediate advantage, often unethically, of any circumstance of possible benefit|	n|a person who places expediency above principle|
opportunistic	adj|taking immediate advantage, often unethically, of any circumstance of possible benefit|
opportunistic infection	n|any infection caused by a microorganism that does not normally cause disease in humans; occurs in persons with abnormally functioning immune systems (as AIDS patients or transplant patients receiving immunosuppressive drugs)|
opportunity	n|a possibility due to a favorable combination of circumstances|the holiday gave us the opportunity to visit Washington
opportunity cost	n|cost in terms of foregoing alternatives|
opposable	adj|capable of being placed opposite to something|the thumb is opposable to the forefinger
oppose	v|be against; express opposition to|We oppose the ban on abortion	v|fight against or resist strongly|The senator said he would oppose the bill	v|contrast with equal weight or force|	v|set into opposition or rivalry|let them match their best athletes against ours
opposed	adj|being in opposition or having an opponent|two bitterly opposed schools of thought
opposer	n|someone who offers opposition|
opposing	adj|characterized by active hostility|opponent (or opposing) armies
opposite	adj|being directly across from each other; facing|And I on the opposite shore will be, ready to ride and spread the alarm"- Longfellow	adj|of leaves etc; growing in pairs on either side of a stem|opposite leaves	adj|moving or facing away from each other|looking in opposite directions	adj|the other one of a complementary pair|the opposite sex
opposite number	n|a person or thing having the same function or characteristics as another|
opposite word	n|a word that expresses a meaning opposed to the meaning of another word, in which case the two words are antonyms of each other|to him the antonym of `gay' was `depressed'
oppositely	adv|in an opposite position|
oppositeness	n|the relation between opposed entities|
opposition	n|the action of opposing something that you disapprove or disagree with|he encountered a general feeling of resistance from many citizens	n|the relation between opposed entities|	n|the act of hostile groups opposing each other|the government was not ready for a confrontation with the unions	n|a contestant that you are matched against|
oppositive	adj|expressing antithesis or opposition|the adversative conjunction `but' in `poor but happy'
oppress	v|come down on or keep down by unjust use of one's authority|The government oppresses political activists	v|cause to suffer|Some religious groups are persecuted in some countries
oppressed	adj|burdened psychologically or mentally|laden with grief
oppression	n|the act of subjugating by cruelty|the tyrant's oppression of the people	n|the state of being kept down by unjust use of force or authority: "after years of oppression they finally revolted"|	n|a feeling of being oppressed|
oppressive	adj|weighing heavily on the senses or spirit|the atmosphere was oppressive	adj|marked by unjust severity or arbitrary behavior|the oppressive government
oppressively	adv|in a heavy and oppressive way|it was oppressively hot in the office
oppressiveness	n|a feeling of being oppressed|	n|unwelcome burdensome difficulty|
oppressor	n|a person of authority who subjects others to undue pressures|
opprobrious	adj|expressing offensive reproach|	adj|(used of conduct or character) deserving or bringing disgrace or shame|Man...has written one of his blackest records as a destroyer on the oceanic islands"- Rachel Carson
opprobrium	n|state of disgrace resulting from public abuse|	n|a state of extreme dishonor|a date which will live in infamy"- F.D.Roosevelt
oppugn	v|challenge the accuracy, probity, or propriety of|We must question your judgment in this matter
ops	n|(Roman mythology) goddess of abundance and fertility; wife of Saturn; counterpart of Greek Rhea and Cybele of ancient Asia Minor|
opsanus tau	n|bottom-dwelling fish having scaleless slimy skin and a broad thick head with a wide mouth|
opsin	n|retinal protein formed by the action of light on rhodopsin|
opsonin	n|an antibody in blood serum that attaches to invading microorganisms and other antigens to make them more susceptible to the action of phagocytes|
opsonisation	n|process whereby opsonins make an invading microorganism more susceptible to phagocytosis|
opsonization	n|process whereby opsonins make an invading microorganism more susceptible to phagocytosis|
opsonize	v|make (cells) more susceptible to the action of phagocytes|
opt	v|select as an alternative over another|I always choose the fish over the meat courses in this restaurant
opt out	v|choose not to do something, as out of fear of failing|She copped out when she was supposed to get into the hang glider
optative	adj|indicating an option or wish|	adj|relating to a mood of verbs in some languages|optative verb endings	n|a mood (as in Greek or Sanskrit) that expresses a wish or hope; expressed in English by modal verbs|
optative mood	n|a mood (as in Greek or Sanskrit) that expresses a wish or hope; expressed in English by modal verbs|
optez	n|an artificial language|
optic	adj|of or relating to or resembling the eye|ocular muscles	adj|relating to or using sight|ocular inspection	n|the organ of sight|
optic axis	n|in a doubly refracting crystal, the line in the direction of which no double refraction occurs|a crystal may have either one or two optic axes	n|a line that passes through the center of curvature of a lens so that light is neither reflected nor refracted|in a normal eye the optic axis is the direction in which objects are seen most distinctly
optic chiasm	n|the crossing of the optic nerves from the two eyes at the base of the brain|
optic chiasma	n|the crossing of the optic nerves from the two eyes at the base of the brain|
optic cup	n|(embryology) a two-walled cuplike depression that develops into the pigmented and sensory layers of the retina|
optic disc	n|the point where the optic nerve enters the retina; not sensitive to light|
optic disk	n|the point where the optic nerve enters the retina; not sensitive to light|
optic nerve	n|the cranial nerve that serves the retina|
optic radiation	n|a nerve pathway from the lateral geniculate body to the visual cortex|
optic tract	n|the cranial nerve that serves the retina|
optical	adj|of or relating to or involving light or optics|optical supplies	adj|relating to or using sight|ocular inspection	adj|of or relating to or resembling the eye|ocular muscles
optical aberration	n|an optical phenomenon resulting from the failure of a lens or mirror to produce a good image|
optical bench	n|apparatus for observation and measurement of optical phenomena|
optical condenser	n|lens used to concentrate light on an object|
optical crown	n|optical glass of low dispersion and low refractive index|
optical crown glass	n|optical glass of low dispersion and low refractive index|
optical density	n|(physics) a measure of the extent to which a substance transmits light or other electromagnetic radiation|
optical device	n|a device for producing or controlling light|
optical disc	n|a disk coated with plastic that can store digital data as tiny pits etched in the surface; is read with a laser that scans the surface|
optical disk	n|a disk coated with plastic that can store digital data as tiny pits etched in the surface; is read with a laser that scans the surface|
optical fiber	n|a very thin fiber made of glass that functions as a waveguide for light; used in bundles to transmit images|
optical fibre	n|a very thin fiber made of glass that functions as a waveguide for light; used in bundles to transmit images|
optical flint	n|optical glass of high dispersion and high refractive index|
optical fusion	n|the combining of images from the two eyes to form a single visual percept|
optical glass	n|clear homogeneous glass of known refractive index; used to make lenses|
optical illusion	n|an optical phenomenon that results in a false or deceptive visual impression|
optical instrument	n|an instrument designed to aid vision|
optical lens	n|a lens that focuses the image in a camera|
optical maser	n|an acronym for light amplification by stimulated emission of radiation; an optical device that produces an intense monochromatic beam of coherent light|
optical opacity	n|opacity to light|
optical phenomenon	n|a physical phenomenon related to or involving light|
optical prism	n|optical device having a triangular shape and made of glass or quartz; used to deviate a beam or invert an image|
optical pyrometer	n|a pyrometer that uses the color of the light emitted by a hot object|
optical telescope	n|an astronomical telescope designed to collect and record light from cosmic sources|
optically	adv|in an optical manner|optically distorted
optician	n|a worker who makes glasses for remedying defects of vision|
optics	n|the branch of physics that studies the physical properties of light|	n|optical properties|the optics of a telescope
optimal	adj|most desirable possible under a restriction expressed or implied|an optimum return on capital
optimally	adv|in an optimal and most desirable way|
optimisation	n|the act of rendering optimal|the simultaneous optimization of growth and profitability
optimise	v|make optimal; get the most out of; use best|optimize your resources	v|modify to achieve maximum efficiency in storage capacity or time or cost|optimize a computer program	v|act as an optimist and take a sunny view of the world|
optimism	n|the optimistic feeling that all is going to turn out well|	n|a general disposition to expect the best in all things|
optimist	n|a person disposed to take a favorable view of things|
optimistic	adj|expecting the best in this best of all possible worlds|in an optimistic mood	adj|expecting the best|an affirmative outlook
optimistically	adv|with optimism; in an optimistic manner|`We have a good chance of winning,' he exclaimed optimistically
optimization	n|the act of rendering optimal|the simultaneous optimization of growth and profitability
optimize	v|make optimal; get the most out of; use best|optimize your resources	v|modify to achieve maximum efficiency in storage capacity or time or cost|optimize a computer program	v|act as an optimist and take a sunny view of the world|
optimum	adj|most desirable possible under a restriction expressed or implied|an optimum return on capital	n|most favorable conditions or greatest degree or amount possible under given circumstances|
option	n|the right to buy or sell property at an agreed price; the right is purchased and if it is not exercised by a stated date the money is forfeited|	n|one of a number of things from which only one can be chosen|what option did I have?	n|the act of choosing or selecting|your choice of colors was unfortunate
optional	adj|possible but not necessary; left to personal choice|
optionally	adv|in an optional manner|this rule is applied optionally
optometrist	n|a person skilled in testing for defects of vision in order to prescribe corrective glasses|
optometry	n|the practice of an optometrist|
opulence	n|wealth as evidenced by sumptuous living|
opulent	adj|ostentatiously rich and superior in quality|a princely sum
opulently	adv|in a sumptuous and opulent manner|this government building is sumptuously appointed
opuntia	n|large genus of cactuses native to America: prickly pears|
opuntia lindheimeri	n|cactus having yellow flowers and purple fruits|
opuntiales	n|coextensive with the family Cactaceae: cactuses|
opus	n|a musical work that has been created|the composition is written in four movements
opv	n|an oral vaccine (containing live but weakened poliovirus) that is given to provide immunity to poliomyelitis|
or	n|a room in a hospital equipped for the performance of surgical operations|great care is taken to keep the operating rooms aseptic
or circuit	n|a gate circuit in a computer that fires when any of its inputs fire|
or else	adv|in place of, or as an alternative to|Felix became a herpetologist instead
or gate	n|a gate circuit in a computer that fires when any of its inputs fire|
or so	adv|(of quantities) imprecise but fairly close to correct|lasted approximately an hour
orach	n|any of various herbaceous plants of the genus Atriplex that thrive in deserts and salt marshes|
orache	n|any of various herbaceous plants of the genus Atriplex that thrive in deserts and salt marshes|
oracle	n|an authoritative person who divines the future|	n|a prophecy (usually obscure or allegorical) revealed by a priest or priestess; believed to be infallible|	n|a shrine where an oracular god is consulted|
oracle of apollo	n|(Greek mythology) the oracle at Delphi where a priestess supposedly delivered messages from Apollo to those who sought advice; the messages were usually obscure or ambiguous|
oracle of delphi	n|(Greek mythology) the oracle at Delphi where a priestess supposedly delivered messages from Apollo to those who sought advice; the messages were usually obscure or ambiguous|
oracular	adj|of or relating to an oracle|able by oracular means to expose a witch	adj|obscurely prophetic|Delphic pronouncements	adj|resembling an oracle in obscurity of thought|the oracular sayings of Victorian poets
orad	adv|toward the mouth or oral region|
oradexon	n|a corticosteroid drug (trade names Decadron or Dexamethasone Intensol or Dexone or Hexadrol or Oradexon) used to treat allergies or inflammation|
oral	adj|using speech rather than writing|an oral tradition	adj|of or relating to or affecting or for use in the mouth|oral hygiene	adj|of or involving the mouth or mouth region or the surface on which the mouth is located|the oral cavity	adj|a stage in psychosexual development when the child's interest is concentrated in the mouth; fixation at this stage is said to result in dependence, selfishness, and aggression|
oral cancer	n|malignant neoplasm of the lips of mouth; most common in men over the age of 60|
oral cavity	n|the opening through which food is taken in and vocalizations emerge|he stuffed his mouth with candy
oral communication	n|(language) communication by word of mouth|his speech was garbled
oral contraception	n|contraception achieved by taking oral contraceptive pills|
oral contraceptive	n|a contraceptive in the form of a pill containing estrogen and progestin to inhibit ovulation and so prevent conception|
oral contraceptive pill	n|a contraceptive in the form of a pill containing estrogen and progestin to inhibit ovulation and so prevent conception|
oral contract	n|an agreement that is not in writing and is not signed by the parties but is a real existing contract that lacks only the formal requirement of a memorandum to render it enforceable in litigation|
oral exam	n|an examination conducted by spoken communication|
oral examination	n|an examination conducted by spoken communication|
oral fissure	n|the opening through which food is taken in and vocalizations emerge|he stuffed his mouth with candy
oral herpes	n|caused by herpes simplex virus type 1 (HSV-1)|
oral personality	n|(psychoanalysis) a personality characterized either by generous optimism or aggressive and ambitious selfishness; formed in early childhood by fixation during the oral stage of development|
oral phase	n|(psychoanalysis) the first sexual and social stage of an infant's development; the mouth is the focus of the libido and satisfaction comes from suckling and chewing and biting|
oral poliovirus vaccine	n|an oral vaccine (containing live but weakened poliovirus) that is given to provide immunity to poliomyelitis|
oral presentation	n|delivering an address to a public audience|people came to see the candidates and hear the speechmaking
oral sex	n|oral stimulation of the genitals|they say he gives good head
oral smear	n|alimentary tract smear of material obtained from the mouth|
oral stage	n|(psychoanalysis) the first sexual and social stage of an infant's development; the mouth is the focus of the libido and satisfaction comes from suckling and chewing and biting|
orally	adv|(of drugs) through the mouth rather than through injection; by mouth|he was administered the drug orally	adv|by spoken rather than written means|these stories were transmitted by word of mouth
oran	n|a port city in northwestern Algeria and the country's 2nd largest city|
orang	n|large long-armed ape of Borneo and Sumatra having arboreal habits|
orange	n|round yellow to orange fruit of any of several citrus trees|	n|orange color or pigment; any of a range of colors between red and yellow|	n|any citrus tree bearing oranges|	n|any pigment producing the orange color|
orange bat	n|a common bat of northwestern Australia having orange or yellow fur|
orange daisy	n|mat-forming herb of Turkestan with nearly double orange-yellow flowers|
orange fleabane	n|mat-forming herb of Turkestan with nearly double orange-yellow flowers|
orange free state	n|a province in central South Africa that was colonized by the Boers; named Free State in 1997|
orange group	n|a terrorist group of Protestants who oppose any political settlement with Irish nationalists; a paramilitary group that attacks Catholic interests in Northern Ireland|
orange grove	n|grove of orange trees|
orange hawkweed	n|European hawkweed having flower heads with bright orange-red rays; a troublesome weed especially as naturalized in northeastern North America; sometimes placed in genus Hieracium|
orange horseshoe bat	n|a common bat of northwestern Australia having orange or yellow fur|
orange juice	n|bottled or freshly squeezed juice of oranges|
orange liqueur	n|liqueur flavored with orange|
orange marmalade	n|marmalade made from oranges|
orange mushroom pimple	n|a variety of mushroom pimple|
orange order	n|a Protestant political organization in Northern Ireland|
orange peel	n|the rind of an orange|	n|strips of orange peel cooked in sugar and coated with sugar|
orange peel fungus	n|a discomycete with bright orange cup-shaped or saucer-shaped fruiting bodies and pale orange exteriors|
orange pekoe	n|a superior grade of black tea; grown in India and Sri Lanka and Java|
orange red	n|a variable color that is vivid red but sometimes with an orange tinge|
orange rind	n|the rind of an orange|
orange river	n|a river in South Africa that flows generally westward to the Atlantic Ocean|
orange soda	n|orange-flavored carbonated drink|
orange toast	n|buttered toast with sugar and grated orange rind and a little orange juice|
orange tortrix	n|California moth whose larvae live in especially oranges|
orange tree	n|any citrus tree bearing oranges|
orange yellow	n|a shade of yellow tinged with orange|
orange zest	n|tiny bits of orange peel|
orange-blossom orchid	n|diminutive Australian orchid with loose racemes of fragrant white flowers with purple and orange markings on the lip|
orange-brown	adj|of brown tinged with orange|
orange-colored	adj|having the color of ripe oranges|
orange-coloured	adj|having the color of ripe oranges|
orange-flowered	adj|having orange flowers|
orange-hued	adj|having the color of ripe oranges|
orange-juice concentrate	n|orange juice that has been concentrated and frozen|
orange-red	adj|of red tinged with orange|
orange-sized	adj|having the approximate size of an orange|
orangeade	n|sweetened beverage of diluted orange juice|
orangeman	n|a member of a society founded in Ireland in 1795 to uphold Protestantism and the British sovereign|
orangeness	n|orange color or pigment; any of a range of colors between red and yellow|
orangery	n|a place where oranges are grown; a plantation of orange trees in warm climes or a greenhouse in cooler areas|
orangewood	n|fine-grained wood of an orange tree; used in fine woodwork|
orangish	adj|of the color between red and yellow; similar to the color of a ripe orange|
orangish-red	adj|of red tinged with orange|
orangutan	n|large long-armed ape of Borneo and Sumatra having arboreal habits|
orangutang	n|large long-armed ape of Borneo and Sumatra having arboreal habits|
orasone	n|a dehydrogenated analogue of cortisol (trade names Orasone or Deltasone or Liquid Pred or Meticorten); used as an anti-inflammatory drug in the treatment of arthritis and as an immunosuppressant|
orate	v|talk pompously|
oration	n|an instance of oratory|he delivered an oration on the decline of family values
orator	n|a person who delivers a speech or oration|
oratorical	adj|characteristic of an orator or oratory|oratorical prose
oratorio	n|a musical composition for voices and orchestra based on a religious text|
oratory	n|addressing an audience formally (usually a long and rhetorical address and often pompous)|he loved the sound of his own oratory
orb	n|the ball-shaped capsule containing the vertebrate eye|	n|an object with a spherical shape|a ball of fire	v|move in an orbit|The moon orbits around the Earth
orb web	n|a circular spider web|
orb-weaver	n|spiders that spin orb webs; cosmopolitan in distribution|
orb-weaving	adj|of spiders who weave circular webs|
orb-weaving spider	n|a spider that spins a circular (or near circular) web|
orbicular	adj|circular or nearly circular|	adj|having the shape of a sphere or ball|a spherical object
orbiculate	adj|circular or nearly circular|
orbiculate leaf	n|circular or nearly circular leaf|
orbignya	n|palms of southern Mexico to northern South America: babassu palm|
orbignya martiana	n|tall feather palm of northern Brazil with hard-shelled nuts yielding valuable oil and a kind of vegetable ivory|
orbignya phalerata	n|tall feather palm of northern Brazil with hard-shelled nuts yielding valuable oil and a kind of vegetable ivory|
orbignya spesiosa	n|tall feather palm of northern Brazil with hard-shelled nuts yielding valuable oil and a kind of vegetable ivory|
orbit	n|the (usually elliptical) path described by one celestial body in its revolution about another|he plotted the orbit of the moon	n|a particular environment or walk of life|his social sphere is limited	n|an area in which something acts or operates or has power or control: "the range of a supersonic jet"|a piano has a greater range than the human voice	n|the path of an electron around the nucleus of an atom|
orbit period	n|the time it takes to complete one full orbit around a celestial body|the orbit period depends on the altitude of the satellite
orbital	adj|of or relating to an orbit|orbital revolution	adj|of or relating to the eye socket|orbital scale
orbital cavity	n|the bony cavity in the skull containing the eyeball|
orbital motion	n|motion of an object in an orbit around a fixed point|satellites in orbital rotation
orbital plane	n|(astronomy) the plane on which a body is orbiting|
orbital point	n|the craniometric point at the lowest point on the lower edge of the orbit|
orbital rotation	n|motion of an object in an orbit around a fixed point|satellites in orbital rotation
orbitale	n|the craniometric point at the lowest point on the lower edge of the orbit|
orbiter	n|man-made equipment that orbits around the earth or the moon|
orbitual	adj|describing a circle; moving in a circle|the circular motion of the wheel
orca	n|predatory black-and-white toothed whale with large dorsal fin; common in cold seas|
orchard	n|garden consisting of a small cultivated wood without undergrowth|
orchard apple tree	n|native Eurasian tree widely cultivated in many varieties for its firm rounded edible fruits|
orchard grass	n|widely grown stout Old World hay and pasture grass|
orchard oriole	n|the male is chestnut-and-black|
orchestia	n|type genus of the family Orchestiidae|
orchestiidae	n|beach fleas|
orchestra	n|a musical organization consisting of a group of instrumentalists including string players|	n|seating on the main floor in a theater|
orchestra pit	n|lowered area in front of a stage where an orchestra accompanies the performers|
orchestral	adj|relating to or composed for an orchestra|orchestral score
orchestral bells	n|a percussion instrument consisting of a set of graduated metal bars mounted on a frame and played with small hammers|
orchestrate	v|write an orchestra score for|	v|plan and direct (a complex undertaking)|he masterminded the robbery
orchestrated	adj|arranged for performance by an orchestra|
orchestration	n|an arrangement of a piece of music for performance by an orchestra or band|	n|the act of arranging a piece of music for an orchestra and assigning parts to the different musical instruments|	n|an arrangement of events that attempts to achieve a maximum effect|the skillful orchestration of his political campaign
orchestrator	n|an arranger who writes for orchestras|
orchid	n|any of numerous plants of the orchid family usually having flowers of unusual shapes and beautiful colors|
orchid cactus	n|any cactus of the genus Epiphyllum having flattened jointed irregularly branching stems and showy tubular flowers|
orchid family	n|enormous cosmopolitan family of perennial terrestrial or epiphytic plants with fleshy tubers or rootstocks and unusual flowers|
orchid tree	n|small East Indian tree having orchid-like flowers and hard dark wood|
orchidaceae	n|enormous cosmopolitan family of perennial terrestrial or epiphytic plants with fleshy tubers or rootstocks and unusual flowers|
orchidaceous plant	n|any of numerous plants of the orchid family usually having flowers of unusual shapes and beautiful colors|
orchidales	n|order of plants with irregular flowers having minute seeds: Orchidaceae; Burmanniaceae|
orchidalgia	n|pain in the testes|
orchidectomy	n|surgical removal of one or both testicles|
orchiectomy	n|surgical removal of one or both testicles|
orchil	n|a purplish dye obtained from orchil lichens|	n|any of various lecanoras that yield the dye archil|
orchiopexy	n|operation to bring an undescended testicle into the scrotum|
orchis	n|any of various deciduous terrestrial orchids having fleshy tubers and flowers in erect terminal racemes|	n|one of the two male reproductive glands that produce spermatozoa and secrete androgens|she kicked him in the balls and got away
orchis mascula	n|Eurasian orchid with showy pink or purple flowers in a loose spike|
orchis papilionaceae	n|Mediterranean orchid having usually purple flowers with a fan-shaped spotted or striped rose-red lip|
orchitis	n|inflammation of one or both testes; characterized by pain and swelling|
orchotomy	n|surgical incision into the testis to obtain material for analysis (as in cases of abnormally low sperm count)|
orcinus	n|killer whales|
orcinus orca	n|predatory black-and-white toothed whale with large dorsal fin; common in cold seas|
orcus	n|(Roman mythology) god of the underworld; counterpart of Greek Hades|
orczy	n|British writer (born in Hungary) (1865-1947)|
ordain	v|order by virtue of superior authority; decree|The King ordained the persecution and expulsion of the Jews	v|appoint to a clerical posts|he was ordained in the Church	v|invest with ministerial or priestly authority|The minister was ordained only last month	v|issue an order|
ordained	adj|fixed or established especially by order or command|at the time appointed (or the appointed time)	adj|invested with ministerial or priestly functions|an ordained priest
ordainer	n|a cleric who ordains; a cleric who admits someone to holy orders|
ordeal	n|a severe or trying experience|	n|a primitive method of determining a person's guilt or innocence by subjecting the accused person to dangerous or painful tests believed to be under divine control; escape was usually taken as a sign of innocence|
ordeal bean	n|dark brown highly poisonous seed of the calabar-bean vine; source of physostigmine and used in native witchcraft|
ordeal tree	n|evergreen shrub or tree of South Africa|
order	n|(often plural) a command given by a superior (e.g., a military or law enforcement officer) that must be obeyed|the British ships dropped anchor and waited for orders from London	n|a degree in a continuum of size or quantity|it was on the order of a mile	n|established customary state (especially of society)|order ruled in the streets	n|logical or comprehensible arrangement of separate elements|we shall consider these questions in the inverse order of their presentation
order acarina	n|mites and ticks|
order accipitriformes	n|in some classifications an alternative name for the Falconiformes|
order actinaria	n|sea anemones|
order actiniaria	n|sea anemones|
order actinomycetales	n|filamentous or rod-shaped bacteria|
order actinomyxidia	n|parasites of worms|
order aepyorniformes	n|huge extinct flightless birds: elephant birds|
order agaricales	n|typical gilled mushrooms belonging to the subdivision Basidiomycota|
order alcyonaria	n|corals and sea anemones having eight branches|
order alismales	n|an order of aquatic monocotyledonous herbaceous plants|
order amoebida	n|the animal order including amoebas|
order amoebina	n|the animal order including amoebas|
order amphipoda	n|small flat-bodied semiterrestrial crustaceans: whale lice; sand-hoppers; skeleton shrimp|
order anacanthini	n|at least partially equivalent to the order Gadiformes in some classifications|
order anaspida	n|extinct order of jawless vertebrates|
order andreaeales	n|comprises a single genus: Andreaea|
order anguilliformes	n|elongate fishes with pelvic fins and girdle absent or reduced|
order anoplura	n|sucking lice|
order anostraca	n|small aquatic crustaceans lacking a carapace: fairy shrimps; brine shrimps|
order anseriformes	n|ducks; geese; swans; screamers|
order anthocerotales	n|hornworts; liverworts having a thalloid gametophyte; in some classification systems included in the class Hepaticopsida|
order anura	n|frogs, toads, tree toads|
order aphyllophorales	n|includes chiefly saprophytic fungi typically with shelflike bodies; sometimes placed in class Hymenomycetes or included in Agaricales|
order aplacophora	n|an order of Amphineura|
order apodes	n|elongate fishes with pelvic fins and girdle absent or reduced|
order apodiformes	n|swifts; hummingbirds|
order apterygiformes	n|a ratite bird order: flightless ground birds having vestigial wings and long bills and small eyes: kiwis|
order arales	n|Araceae; Lemnaceae|
order araneae	n|spiders|
order araneida	n|spiders|
order aristolochiales	n|order of plants distinguished by tubular petaloid perianth and inferior ovary|
order arms	n|a position in the manual of arms; the rifle is held vertically on the right side with the butt on the ground; often used as a command|
order artiodactyla	n|an order of hooved mammals of the subclass Eutheria (including pigs and peccaries and hippopotami and members of the suborder Ruminantia) having an even number of functional toes|
order aspergillales	n|order of fungi having a closed ascocarp (cleistothecium) with the asci scattered rather than gathered in a hymenium|
order auriculariales	n|coextensive with the family Auriculariaceae; sometimes included in the order Tremellales|
order batoidei	n|fish with dorsoventrally flattened bodies; includes: rays; skates; guitarfishes; sawfishes|
order batrachia	n|frogs, toads, tree toads|
order belemnoidea	n|order of extinct dibranchiate cephalopods related to the surviving spirulas|
order bennettitales	n|fossil gymnospermous plants of the Carboniferous|
order berycomorphi	n|an order of spiny-finned fish in the superorder Acanthopterygii|
order blastocladiales	n|fungi that carry out asexual reproduction by thick-walled resting spores that produce zoospores upon germination; sometimes placed in class Oomycetes|
order book	n|a printed copy of the order of the day|	n|a book in which customers' orders are entered; usually makes multiple copies of the order|
order branchiura	n|copepods with suctorial mouthparts; parasitic on fishes|
order bryales	n|category used in some classification systems for mosses having the spore case separated from the capsule wall by a hollow intercellular space|
order campanulales	n|an order of plants of the subclass Asteridae including: Campanulaceae; Lobeliaceae; Cucurbitaceae; Goodeniaceae; Compositae|
order caprimulgiformes	n|goatsuckers; frogmouths; oilbirds|
order carnivora	n|cats; lions; tigers; panthers; dogs; wolves; jackals; bears; raccoons; skunks; and members of the suborder Pinnipedia|
order caryophyllales	n|corresponds approximately to the older group Centrospermae|
order casuariiformes	n|a ratite bird order: cassowaries and emus|
order casuarinales	n|order of chiefly Australian trees and shrubs comprising the casuarinas; 1 family: Casuarinaceae|
order caudata	n|salamanders; newts; congo snakes|
order cestida	n|ctenophore having short tentacles; one family|
order cetacea	n|an order of Eutheria|
order charadriiformes	n|large diverse order of aquatic birds found along seacoasts and inland waters: shorebirds and coastal diving birds; most feed on anima life|
order charales	n|small order of macroscopic fresh and brackish water algae with a distinct axis: stoneworts|
order chelonethida	n|false scorpions|
order chelonia	n|tortoises and turtles|
order chiroptera	n|an old order dating to early Eocene: bats: suborder Megachiroptera (fruit bats); suborder Microchiroptera (insectivorous bats)|
order chlorococcales	n|unicellular green algae that reproduce by spores|
order chytridiales	n|simple aquatic fungi mostly saprophytic but some parasitic on higher plants or animals or fresh water fungi; sometimes placed in class Oomycetes|
order ciconiiformes	n|order of chiefly tropical marsh-dwelling fish-eating wading birds with long legs and bills and (except for flamingos) unwebbed feet: herons; storks; spoonbills; flamingos; ibises|
order cilioflagellata	n|in some classifications considered a phylum of the kingdom Protista; in others included in the plant phylum Pyrrophyta|
order coccidia	n|an order in the subclass Telosporidia|
order code	n|the portion of a set of operation descriptions that specifies the operation to be performed; the set of operations in a computer|
order coleoptera	n|beetles|
order collembola	n|minute wingless arthropods: springtails|
order columbiformes	n|sand grouse; pigeons; doves; extinct dodos and solitaires|
order colymbiformes	n|grebes|
order commelinales	n|an order of monocotyledonous herbs|
order coniferales	n|profusely branching and chiefly evergreen trees and some shrubs having narrow or needlelike leaves|
order conodonta	n|extinct order of primitive vertebrates; the precise taxonomy is not clear; in some classifications considered a separate phylum|
order conodontophorida	n|extinct order of primitive vertebrates; the precise taxonomy is not clear; in some classifications considered a separate phylum|
order coraciiformes	n|rollers; kingfishers; hornbills; hoopoes; motmots; bee eaters; todies|
order cordaitales	n|extinct plants having tall arborescent trunks comparable to or more advanced than cycads; known from the Pennsylvanian period; probably extinct since the Mesozoic era|
order corrodentia	n|an order of insects: includes booklice and bark-lice|
order crocodilia	n|crocodiles; alligators; caimans; gavials|
order crocodylia	n|crocodiles; alligators; caimans; gavials|
order cuculiformes	n|cuckoos; touracos; etc.|
order cycadales	n|primitive tropical gymnosperms abundant in the Mesozoic, now reduced to a few scattered tropical forms|
order cycadofilicales	n|fossil gymnospermous trees or climbing plants from the Devonian: seed ferns|
order cyclostomata	n|primitive jawless aquatic vertebrate: lampreys; hagfishes|
order cydippea	n|ctenophores having two long pinnate tentacles|
order cydippida	n|ctenophores having two long pinnate tentacles|
order cydippidea	n|ctenophores having two long pinnate tentacles|
order cypriniformes	n|an order of animals including almost entirely freshwater fishes: characins; loaches; carp; suckers; sometimes classified as a suborder of Ostariophysi|
order decapoda	n|lobsters; crayfish; crabs; shrimps; prawns|	n|squids and cuttlefishes|
order dermaptera	n|earwigs and a few related forms|
order dermoptera	n|flying lemurs|
order diapensiales	n|used in some classifications: coextensive with family Diapensiaceae|
order dicranales	n|widely distributed order of mosses with erect gametophores and sporophytes at the tips of stems|
order dictyoptera	n|in some classifications replaced by the orders (here suborders) Blattodea (cockroaches) and Manteodea (mantids); in former classifications often subsumed under a much broader order Orthoptera|
order dinocerata	n|small order of primitive ungulates of the Paleocene and Eocene|
order dinoflagellata	n|in some classifications considered a phylum of the kingdom Protista; in others included in the plant phylum Pyrrophyta|
order dinornithiformes	n|a ratite bird order: recently extinct flightless birds of New Zealand|
order diptera	n|a large order of insects having a single pair of wings and sucking or piercing mouths; includes true flies and mosquitoes and gnats and crane flies|
order discocephali	n|small order of fishes comprising the remoras|
order ebenales	n|trees or shrubs of the families Ebenaceae or Sapotaceae or Styracaceae or Symplocaceae|
order edentata	n|order of mammals having few or no teeth including: New World anteaters; sloths; armadillos|
order embiodea	n|web spinners|
order embioptera	n|web spinners|
order endomycetales	n|fungi having a zygote or a single cell developing directly into an ascus|
order entomophthorales	n|coextensive with the family Entomophthoraceae|
order ephemerida	n|mayflies|
order ephemeroptera	n|mayflies|
order equisetales	n|lower tracheophytes in existence since the Devonian|
order ericales	n|Ericaceae; Clethraceae; Diapensiaceae; Epacridaceae; Lennoaceae; Pyrolaceae; Monotropaceae|
order erysiphales	n|saprophytic and parasitic fungi that live on plants|
order eubacteriales	n|one of two usually recognized orders of true bacteria; Gram-positive spherical or rod-shaped forms; some are motile; in some classifications considered an order of Schizomycetes|
order eubryales	n|mosses with perennial erect gametophores and stems with rows of leaves and drooping capsules|
order euphausiacea	n|small commonly luminescent crustaceans; important element of marine plankton: krill|
order eurotiales	n|order of fungi having a closed ascocarp (cleistothecium) with the asci scattered rather than gathered in a hymenium|
order eurypterida	n|extinct aquatic arthropods of the Paleozoic|
order exocycloida	n|flat sea urchins|
order fagales	n|an order of dicotyledonous trees of the subclass Hamamelidae|
order falconiformes	n|chiefly diurnal carnivorous birds having hooked beaks and long talons with opposable hind toe: falcons; hawks; eagles; ospreys; caracaras; vultures|
order filicales	n|true (leptosporangiate) ferns|
order foraminifera	n|foraminifers|
order form	n|a form to use when placing an order|
order fucales	n|coextensive with the family Fucaceae|
order gadiformes	n|cods, haddocks, grenadiers; in some classifications considered equivalent to the order Anacanthini|
order galliformes	n|pheasants; turkeys; grouse; partridges; quails; chickens; brush turkeys; curassows; hoatzins|
order ganoidei	n|a group of mostly extinct primitive bony fishes characterized by armor-like bony scales|
order gaviiformes	n|large aquatic birds: loons and some extinct forms|
order gentianales	n|an order of dicotyledonous plants having gamopetalous flowers; Gentianaceae; Apocynaceae; Asclepiadaceae; Loganiaceae; Oleaceae; Salvadoraceae|
order geophilomorpha	n|small elongate centipedes living in soil and under stones and having more than 30 pairs of legs|
order geraniales	n|an order of plants of subclass Rosidae including geraniums and many other plants; see Euphorbiaceae; Geraniaceae; Rutaceae; Malpighiaceae; Simaroubaceae; Meliaceae; Zygophyllaceae; Tropaeolaceae|
order ginkgoales	n|coextensive with the family Ginkgoaceae: plants that first appeared in the Permian and now represented by a single surviving species; often included in Coniferales|
order gnetales	n|chiefly tropical or xerophytic woody plants; practically unknown as fossils but considered close to the ancestral line of angiosperms|
order graminales	n|grasses; sedges; rushes|
order gregarinida	n|an order in the subclass Telosporidia|
order gruiformes	n|inland marsh-dwelling birds with long legs and necks and bills that wade in water in search of food: cranes; rails; bustards|
order guttiferales	n|used in some classifications; coextensive with Parietales|
order gymnophiona	n|an order of amphibians including caecilians|
order haemosporidia	n|an order in the subclass Telosporidia|
order haplosporidia	n|an order in the subclass Acnidosporidia|
order heliozoa	n|mostly freshwater protozoa|
order helotiales	n|order of fungi having asci in a disk-shaped to goblet-shaped apothecium|
order hemiptera	n|plant bugs; bedbugs; some true bugs; also includes suborders Heteroptera (true bugs) and Homoptera (e.g., aphids, plant lice and cicadas)|
order heterosomata	n|flatfishes: halibut; sole; flounder; plaice; turbot; tonguefishes|
order heterotrichales	n|yellow-green algae with simple or branching filaments; comprising the single family Tribonemaceae|
order hymenogastrales	n|an order of fungi belonging to the class Gasteromycetes; has a distinct basidiocarp with a fleshy or waxy gleba (sometimes placed in subclass Homobasidiomycetes)|
order hymenoptera	n|an order of insects including: bees; wasps; ants; ichneumons; sawflies; gall wasps; etc.|
order hypericales	n|a large order of dicotyledonous plants of subclass Dilleniidae|
order hypermastigina	n|cellulose-producing flagellates|
order hypocreales	n|used in some classifications for the family Hypocreaceae|
order hyracoidea	n|hyraxes and some extinct animals|
order ichthyosauria	n|extinct marine reptiles: ichthyosaurs|
order ictodosauria	n|extinct reptiles of the later Triassic period|
order insectivora	n|shrews; moles; hedgehogs; tenrecs|
order insessores	n|a bird with feet adapted for perching (as on tree branches); this order is now generally abandoned by taxonomists|
order isoetales	n|aquatic or marsh-growing fern allies; known to have existed since the Cenozoic; sometimes included in Lycopodiales|
order isopoda	n|woodlice|
order isoptera	n|order of social insects that live in colonies, including: termites; often placed in subclass Exopterygota|
order isospondyli	n|most primitive teleost fishes; all are soft-finned: salmon; trout; herring; shad; sardines; anchovies; whitefish; smelts; tarpon|
order juglandales	n|coextensive with the family Juglandaceae|
order jungermanniales	n|large order of chiefly tropical liverworts|
order lagomorpha	n|rabbits; hares; pikas; formerly considered the suborder Duplicidentata of the order Rodentia|
order laminariales	n|in some classifications coextensive with family Laminariaceae: marine brown algae of cold or polar seas|
order lechanorales	n|category used in some classification systems for all lichens that produce apothecia|
order lepidodendrales	n|fossil arborescent plants arising during the early Devonian and conspicuous throughout the Carboniferous|
order lepidoptera	n|moths and butterflies|
order lichenales	n|category used especially in former classifications for organisms now constituting the division Lichenes|
order liliales	n|an order of monocotyledonous plants including Amaryllidaceae and Liliaceae and Iridaceae|
order lobata	n|ctenophore having tentacles only in the immature stage; body compressed vertically having two large oral lobes and four pointed processes|
order loricata	n|former name for the order Crocodylia|
order lycoperdales	n|small order of basidiomycetous fungi having fleshy often globose fruiting bodies; includes puffballs and earthstars|
order lycopodiales	n|lower vascular plants coextensive with the family Lycopodiaceae; in some classifications includes the Selaginellaceae and Isoetaceae|
order lyginopteridales	n|fossil gymnospermous trees or climbing plants from the Devonian: seed ferns|
order madreporaria	n|stony corals|
order mallophaga	n|biting lice|
order malvales	n|Malvaceae; Bombacaceae; Elaeocarpaceae; Sterculiaceae; Tiliaceae|
order mantophasmatodea	n|an order of insect identified in 2002 in a 45 million year old piece of amber from the Baltic region|
order marattiales	n|lower ferns coextensive with the family Marattiaceae|
order marchantiales	n|liverworts with gametophyte differentiated internally|
order marsupialia	n|coextensive with the subclass Metatheria|
order mecoptera	n|an order of carnivorous insects usually having long membranous wings and long beaklike heads with chewing mouths at the tip|
order moniliales	n|order of imperfect fungi lacking conidiophores of having conidiophores that are superficial and not enclosed in a pycnidium|
order monotremata	n|coextensive with the subclass Prototheria|
order mucorales	n|an order of mostly saprophytic fungi|
order musales	n|tropical plants|
order myaceae	n|clams|
order mycelia sterilia	n|order of imperfect fungi having no known spore stage|
order mycoplasmatales	n|coextensive with the family Mycoplasmataceae|
order mycrosporidia	n|an order in the subclass Cnidosporidia|
order myricales	n|coextensive with the family Myricaceae|
order myrtales	n|Myrtaceae; Combretaceae; Elaeagnaceae; Haloragidaceae; Melastomaceae; Lecythidaceae; Lythraceae; Rhizophoraceae; Onagraceae; Lecythidaceae; Punicaceae|
order mysidacea	n|opossum shrimp|
order myxobacterales	n|an order of higher bacteria|
order myxobacteria	n|an order of higher bacteria|
order myxobacteriales	n|an order of higher bacteria|
order myxosporidia	n|an order in the subclass Cnidosporidia|
order naiadales	n|an order of aquatic monocotyledonous herbaceous plants|
order neuroptera	n|an order of insects including: lacewings; antlions; dobsonflies; alderflies; fish flies; mantispids; spongeflies|
order nidulariales	n|small order of basidiomycetous fungi comprising families Nidulariaceae and Sphaerobolaceae|
order notostraca	n|small freshwater crustaceans with a shield-shaped carapace|
order nudibranchia	n|comprising numerous marine gastropod mollusks lacking a shell in the adult state and usually having a body like a slug|
order octopoda	n|octopuses and paper nautilus|
order odonata	n|dragonflies and damselflies|
order oedogoniales	n|simple or branched filamentous freshwater green algae|
order of business	n|a list of matters to be taken up (as at a meeting)|
order of magnitude	n|a degree in a continuum of size or quantity|it was on the order of a mile	n|a number assigned to the ratio of two quantities; two quantities are of the same order of magnitude if one is less than 10 times as large as the other; the number of magnitudes that the quantities differ is specified to within a power of 10|
order of our lady of mount carmel	n|a Roman Catholic mendicant order founded in the 12th century|
order of payment	n|a document ordering the payment of money; drawn by one person or bank on another|
order of saint benedict	n|a Roman Catholic monastic order founded in the 6th century; noted for liturgical worship and for scholarly activities|
order of the day	n|the order of business for an assembly on a given day|
order oleales	n|coextensive with the family Oleaceae; in some classifications included in the order Gentianales|
order ophioglossales	n|coextensive with the family Ophioglossaceae|
order opiliones	n|harvestmen|
order opuntiales	n|coextensive with the family Cactaceae: cactuses|
order orchidales	n|order of plants with irregular flowers having minute seeds: Orchidaceae; Burmanniaceae|
order ornithischia	n|extinct terrestrial reptiles having bird-like pelvises: armored dinosaurs (thyreophorans); boneheaded and horned dinosaurs (marginocephalians); duck-billed dinosaurs (euronithopods)|
order orthoptera	n|grasshoppers and locusts; crickets|
order ostariophysi	n|in some classifications considered a superorder comprising the Cypriniformes and the Siluriformes|
order osteoglossiformes	n|teleost fish with bony tongues|
order ostracodermi	n|extinct group of armored jawless vertebrates; taxonomy is not clear|
order palmales	n|coextensive with the family Palmae: palms|
order pandanales	n|families Typhaceae; Sparganiaceae; Pandanaceae|
order papaverales	n|an order of dicotyledonous plants|
order paper	n|a printed copy of the order of the day|
order parietales	n|a large order of dicotyledonous plants of subclass Dilleniidae|
order passeriformes	n|largest order of birds comprising about half the known species; rooks; finches; sparrows; tits; warblers; robins; wrens; swallows; etc.; the four suborders are Eurylaimi and Tyranni and Menurae and Oscines or Passeres|
order pectinibranchia	n|large order of gastropods comprising univalve mollusks that have a single gill resembling a comb|
order pediculati	n|anglers and batfishes; spiny-finned marine fishes having pectoral fins at the ends of armlike processes and a long movable spine on the dorsal fin to lure prey to the large mouth|
order pedipalpi	n|whip scorpions|
order pelecaniformes	n|pelicans; frigate birds; gannets; cormorants|
order pelycosauria	n|edaphosaurus; dimetrodon|
order perciformes	n|one of the largest natural groups of fishes of both marine and fresh water: true perches; basses; tuna|
order percomorphi	n|one of the largest natural groups of fishes of both marine and fresh water: true perches; basses; tuna|
order perissodactyla	n|nonruminant ungulates: horses; tapirs; rhinoceros; extinct forms|
order peronosporales	n|order of chiefly parasitic lower fungi: Albuginaceae and Peronosporaceae and Pythiaceae|
order pezizales	n|order of mostly saprophytic fungi having cup-shaped ascocarps|
order phalangida	n|harvestmen|
order phallales	n|order of fungi comprising the stinkhorns and related forms whose mature hymenium is slimy and fetid; sometimes placed in subclass Homobasidiomycetes|
order phasmatodea	n|in some classifications considered a suborder of Orthoptera: stick insects; leaf insects|
order phasmida	n|in some classifications considered a suborder of Orthoptera: stick insects; leaf insects|
order pholidota	n|pangolins; in some former classifications included in the order Edentata|
order picariae	n|term used in some classifications as nearly equivalent to the order Coraciiformes|
order piciformes	n|woodpeckers; jacamars; puffbirds; barbets; honey guides; toucans|
order piperales	n|Piperaceae; Saururaceae; Chloranthaceae|
order plantaginales	n|coextensive with the family Plantaginaceae|
order platyctenea	n|an order of Tentaculata|
order plecoptera	n|stoneflies|
order plectognathi	n|boxfishes; filefishes; globefishes; ocean sunfishes; triggerfishes; puffers|
order pleuronectiformes	n|flatfishes: halibut; sole; flounder; plaice; turbot; tonguefishes|
order plumbaginales	n|coextensive with the family Plumbaginaceae; usually included in order Primulales|
order podicipediformes	n|grebes|
order podicipitiformes	n|grebes|
order polemoniales	n|Polemoniaceae; Solanaceae; Boraginaceae; Labiatae; Lentibulariaceae; Pedaliaceae; in some classifications includes the order Scrophulariales|
order polygonales	n|coextensive with the family Polygonaceae,|
order polymastigina	n|small usually parasitic flagellates|
order polypodiales	n|true (leptosporangiate) ferns|
order primates	n|an animal order including lemurs and tarsiers and monkeys and apes and human beings|
order primulales	n|Primulaceae; Theophrastaceae; Myrsinaceae; and (in some classifications) Plumbaginaceae|
order proboscidea	n|an order of animals including elephants and mammoths|
order procellariiformes	n|petrels; albatrosses; shearwaters; diving petrels|
order proteales	n|coextensive with the family Proteaceae|
order protura	n|minute wingless arthropods: telsontails|
order pseudomonadales	n|one of two usually recognized orders of true bacteria; Gram-negative spiral or spherical or rod-shaped bacteria usually motile by polar flagella; some contain photosynthetic pigments|
order pseudoscorpiones	n|false scorpions|
order pseudoscorpionida	n|false scorpions|
order psilophytales	n|Paleozoic simple dichotomously branched plants of Europe and eastern Canada including the oldest known vascular land plants|
order psilotales	n|lower vascular plants having dichotomously branched sporophyte divided into aerial shoot and rhizome and lacking true roots|
order psittaciformes	n|an order of birds including parrots and amazons and cockatoos and lorikeets and lories and macaws and parakeets|
order psocoptera	n|an order of insects: includes booklice and bark-lice|
order pterosauria	n|extinct flying reptiles: pterosaurs|
order pulmonata	n|large order of gastropods usually breathing by means of a lung-like sac comprising most land snails and slugs and many freshwater snails|
order pycnogonida	n|sea spiders|
order radiolaria	n|marine protozoa|
order rajiformes	n|fish with dorsoventrally flattened bodies; includes: rays; skates; guitarfishes; sawfishes|
order ranales	n|herbs, shrubs and trees: includes families Ranunculaceae; Annonaceae; Berberidaceae; Magnoliaceae; Menispermaceae; Myristicaceae; Nymphaeaceae; Lardizabalaceae; Lauraceae; Calycanthaceae; Ceratophyllaceae; Cercidiphyllaceae|
order ranunculales	n|herbs, shrubs and trees: includes families Ranunculaceae; Annonaceae; Berberidaceae; Magnoliaceae; Menispermaceae; Myristicaceae; Nymphaeaceae; Lardizabalaceae; Lauraceae; Calycanthaceae; Ceratophyllaceae; Cercidiphyllaceae|
order raptores	n|term used in former classifications; erroneously grouped together birds of the orders Falconiformes and Strigiformes|
order rhamnales	n|an order of dicotyledonous plants|
order rheiformes	n|a ratite bird order: birds intermediate in characteristics between ostriches and emus: recent and extinct rheas|
order rhoeadales	n|an order of dicotyledonous plants|
order rhynchocephalia	n|tuataras; extinct forms from middle Triassic|
order rickettsiales	n|pleomorphic Gram-negative microorganisms|
order rodentia	n|small gnawing animals: porcupines; rats; mice; squirrels; marmots; beavers; gophers; voles; hamsters; guinea pigs; agoutis|
order rosales	n|in some classifications this category does not include Leguminosae|
order rubiales	n|an order of dicotyledonous plants of the subclass Asteridae; have opposite leaves and an inferior compound ovary|
order salicales	n|coextensive with the family Salicaceae|
order salientia	n|frogs, toads, tree toads|
order santalales	n|order of plants distinguished by having a one-celled inferior ovary; many are parasitic or partly parasitic usually on roots|
order sapindales	n|an order of dicotyledonous plants|
order saprolegniales	n|order of chiefly aquatic fungi|
order sarcosporidia	n|imperfectly known parasites of the muscles of vertebrates|
order sarraceniales	n|plants that are variously modified to serve as insect traps: families Sarraceniaceae; Nepenthaceae; Droseraceae|
order saurischia	n|extinct terrestrial reptiles: theropods (carnivorous); sauropods (herbivorous)|
order sauropterygia	n|extinct marine reptiles: plesiosaurs; nothosaurs|
order scandentia	n|a small order comprising only the tree shrews: in some classifications tree shrews are considered either primates (and included in the suborder Prosimii) or true insectivores (and included in the order Insectivora)|
order sclerodermatales	n|an order of fungi having a peridium surrounding a gleba (sometimes placed in subclass Homobasidiomycetes)|
order scleroparei	n|scorpionfishes; sculpins; gurnards; greenlings; flying gurnards|
order scorpionida	n|true scorpions|
order scrophulariales	n|used in some classification systems; often included in the order Polemoniales|
order secotiales	n|an order of fungi belonging to the class Gasteromycetes|
order selaginellales	n|in some classifications included in Lycopodiales|
order siluriformes	n|an order of fish belonging to the superorder Malacopterygii including catfishes|
order siphonaptera	n|fleas|
order siphonophora	n|marine colonial hydrozoans|
order sirenia	n|an animal order including: manatees; dugongs; Steller's sea cow|
order solenichthyes	n|bellows fishes; shrimpfishes; cornetfishes; pipefishes; small order of chiefly tropical marine fishes of varied and bizarre form all having a small mouth at the end of a drawn-out tubular snout|
order solenogastres	n|an order of Amphineura|
order spatangoida	n|heart-shaped sea urchins|
order sphaeriales	n|large order of ascomycetous fungi usually having a dark hard perithecia with definite ostioles; in more recent classifications often divided among several orders|
order sphaerocarpales	n|small order sometimes included in the order Jungermanniales|
order sphagnales	n|coextensive with the genus Sphagnum; in some classifications isolated in a separate subclass|
order sphenisciformes	n|penguins|
order spirochaetales	n|higher bacteria; slender spiral rodlike forms|
order squamata	n|diapsid reptiles: snakes and lizards|
order stegocephalia	n|in former classifications a division of class Amphibia comprising all pre-Jurassic and some later extinct large salamandriform amphibia|
order stereospondyli	n|formerly a suborder of Stegocephalia; amphibia having vertebrae whose component elements are fused into a single piece|most vertebrates are stereospondylous
order stomatopoda	n|mantis shrimps|
order strigiformes	n|owls|
order struthioniformes	n|a ratite bird order: ostriches and related extinct birds; known from the Pleistocene onward|
order synentognathi	n|order of fishes having spineless fins; needlefishes; sauries; flying fishes; halfbeaks|
order taxales	n|coextensive with the family Taxaceae: yews|
order temnospondyli	n|formerly a suborder of Stegocephalia; large Carboniferous and Permian amphibians having vertebrae in which some elements remain separate|
order testacea	n|testacean rhizopods|
order testudinata	n|tortoises and turtles|
order testudines	n|tortoises and turtles|
order tetraodontiformes	n|boxfishes; filefishes; globefishes; ocean sunfishes; triggerfishes; puffers|
order thecodontia	n|extinct terrestrial reptiles having teeth set in sockets; of the late Permian to Triassic|
order therapsida	n|extinct mammal-like reptiles found inhabiting all continents from the mid Permian to late Triassic|
order thymelaeales	n|Myrtaceae; Combretaceae; Elaeagnaceae; Haloragidaceae; Melastomaceae; Lecythidaceae; Lythraceae; Rhizophoraceae; Onagraceae; Lecythidaceae; Punicaceae|
order thysanoptera	n|thrips|
order thysanura	n|firebrats; silverfish; machilids|
order tinamiformes	n|coextensive with the family Tinamidae|
order torpediniformes	n|rays with bodies shaped like torpedoes|
order tremellales	n|fungi varying from gelatinous to waxy or even horny in texture; most are saprophytic|
order trichoptera	n|an order of insects consisting of caddis flies|
order trogoniformes	n|trogons|
order tuberales	n|small order of fungi belonging to the subdivision Ascomycota having closed underground ascocarps|
order tubulidentata	n|an order of Eutheria|
order tulostomatales	n|an order of fungi belonging to the class Gasteromycetes|
order ulvales	n|an order of protoctist|
order umbellales	n|plants having umbels or corymbs of uniovulate flowers; includes the Umbelliferae (chiefly herbs) and Cornaceae (chiefly trees or shrubs)|
order uredinales	n|rust fungi: parasitic fungi causing rust in plants; sometimes placed in|
order urodella	n|salamanders; newts; congo snakes|
order uropygi	n|whip scorpions|
order urticales	n|an order of dicotyledonous plants including Moraceae and Urticaceae and Ulmaceae|
order ustilaginales	n|parasitic fungi causing smuts; sometimes placed in class Tiliomycetes|
order volvocales	n|chiefly freshwater green algae; solitary or colonial|
order xiphosura	n|horseshoe crabs and extinct forms|
order xyridales	n|an order of monocotyledonous herbs|
order zeomorphi	n|dories|
order zygnemales	n|pond scums; desmids|
order zygnematales	n|pond scums; desmids|
order-chenopodiales	n|corresponds approximately to the older group Centrospermae|
ordered	adj|having a systematic arrangement; especially having elements succeeding in order according to rule|an ordered sequence	adj|disposed or placed in a particular kind of order|the carefully arranged chessmen	adj|marked by an orderly, logical, and aesthetically consistent relation of parts|a coherent argument
ordered series	n|an ordered reference standard|judging on a scale of 1 to 10
orderer	n|someone who places an order to buy|	n|an organizer who puts things in order|Aristotle was a great orderer of ideas
ordering	n|logical or comprehensible arrangement of separate elements|we shall consider these questions in the inverse order of their presentation	n|the act of putting things in a sequential arrangement|there were mistakes in the ordering of items on the list
orderliness	n|the quality of appreciating method and system|	n|a condition of regular or proper arrangement|he put his desk in order
orderly	adj|devoid of violence or disruption|an orderly crowd confronted the president	adj|clean or organized|her neat dress	n|a soldier who serves as an attendant to a superior officer|the orderly laid out the general's uniform	n|a male hospital attendant who has general duties that do not involve the medical treatment of patients|
orderly sergeant	n|the first sergeant of a company; duties formerly included the conveyance of orders|
ordinal	adj|of or relating to a taxonomic order|family and ordinal names of animals and plants	adj|being or denoting a numerical order in a series|ordinal numbers	n|the number designating place in an ordered sequence|
ordinal number	n|the number designating place in an ordered sequence|
ordinance	n|an authoritative rule|	n|a statute enacted by a city government|	n|the act of ordaining; the act of conferring (or receiving) holy orders|the rabbi's family was present for his ordination
ordinand	n|a person being ordained|
ordinarily	adv|under normal conditions|usually she was late
ordinariness	n|the quality of being commonplace and ordinary|
ordinary	adj|not exceptional in any way especially in quality or ability or size or degree|ordinary everyday objects	adj|lacking special distinction, rank, or status; commonly encountered|average people	n|a judge of a probate court|	n|the expected or commonplace condition or situation|not out of the ordinary
ordinary annuity	n|an annuity paid in a series of more or less equal payments at the end of equally spaced periods|
ordinary bicycle	n|an early bicycle with a very large front wheel and small back wheel|
ordinary care	n|the care that a reasonable man would exercise under the circumstances; the standard for determining legal duty|
ordinary life insurance	n|insurance on the life of the insured for a fixed amount at a definite premium that is paid each year in the same amount during the entire lifetime of the insured|
ordinate	n|the value of a coordinate on the vertical axis|	v|appoint to a clerical posts|he was ordained in the Church	v|bring (components or parts) into proper or desirable coordination correlation|align the wheels of my car
ordination	n|the status of being ordained to a sacred office|	n|logical or comprehensible arrangement of separate elements|we shall consider these questions in the inverse order of their presentation	n|the act of ordaining; the act of conferring (or receiving) holy orders|the rabbi's family was present for his ordination
ordnance	n|military supplies|	n|large but transportable armament|
ordnance store	n|military supplies|
ordnance survey	n|the official cartography agency of the British government|
ordovician	n|from 500 million to 425 million years ago; conodonts and ostracods and algae and seaweeds|
ordovician period	n|from 500 million to 425 million years ago; conodonts and ostracods and algae and seaweeds|
ordure	n|solid excretory product evacuated from the bowels|
ore	n|a mineral that contains metal that is valuable enough to be mined|	n|a monetary subunit in Denmark and Norway and Sweden; 100 ore equal 1 krona|
ore bed	n|a stratum of ore|
ore dressing	n|crushing and separating ore into valuable substances or waste by any of a variety of techniques|
ore processing	n|crushing and separating ore into valuable substances or waste by any of a variety of techniques|
oread	n|(Greek mythology) one of the mountain nymphs|
oreamnos	n|mountain goats|
oreamnos americanus	n|sure-footed mammal of mountainous northwestern North America|
orectolobidae	n|nurse sharks and carpet sharks|
orectolobus	n|carpet sharks|
orectolobus barbatus	n|shark of the western Pacific with flattened body and mottled skin|
oregano	n|aromatic Eurasian perennial|	n|pungent leaves used as seasoning with meats and fowl and in stews and soups and omelets|
oregon alder	n|large tree of Pacific coast of North America having hard red wood much used for furniture|
oregon ash	n|timber tree of western North America yielding hard light wood; closely related to the red ash|
oregon cedar	n|large timber tree of western North America with trunk diameter to 12 feet and height to 200 feet|
oregon fir	n|lofty douglas fir of northwestern North America having short needles and egg-shaped cones|
oregon grape	n|small shrub with grey-green leaves and yellow flowers followed by glaucous blue berries|	n|ornamental evergreen shrub of Pacific coast of North America having dark green pinnate leaves and racemes of yellow flowers followed by blue-black berries|
oregon holly grape	n|ornamental evergreen shrub of Pacific coast of North America having dark green pinnate leaves and racemes of yellow flowers followed by blue-black berries|
oregon jargon	n|a pidgin incorporating Chinook and French and English words; formerly used as a lingua franca in northwestern North America|
oregon larch	n|tall larch of western North America have pale green sharply pointed leaves and oblong cones; an important timber tree|
oregon lily	n|lily of western North America with showy orange-red purple-spotted flowers|
oregon maple	n|maple of western North America having large 5-lobed leaves orange in autumn|
oregon myrtle	n|Pacific coast tree having aromatic foliage and small umbellate flowers followed by olivelike fruit; yields a hard tough wood|
oregon oak	n|small deciduous tree of western North America with crooked branches and pale grey bark|
oregon pine	n|lofty douglas fir of northwestern North America having short needles and egg-shaped cones|
oregon white oak	n|small deciduous tree of western North America with crooked branches and pale grey bark|
oregonian	n|a native or resident of Oregon|
oreide	n|alloy of copper and tin and zinc; used in imitation gold jewelry|
oreo	n|chocolate cookie with white cream filling|
oreo cookie	n|chocolate cookie with white cream filling|
oreopteris	n|3 species of ferns formerly included in genus Dryopteris or Thelypteris|
oreopteris limbosperma	n|common European mountain fern having fragrant lemon or balsam scented fronds|
oreortyx picta palmeri	n|California partridge; slightly larger than the California quail|
orestes	n|(Greek mythology) the son of Agamemnon and Clytemnestra; his sister Electra persuaded him to avenge Agamemnon's death by killing Clytemnestra and Aegisthus|
orff	n|German musician who developed a widely used system for teaching music to children (1895-1982)|
organ	n|a fully differentiated structural and functional unit in an animal that is specialized for some particular function|	n|a government agency or instrument devoted to the performance of some specific function|The Census Bureau is an organ of the Commerce Department	n|(music) an electronic simulation of a pipe organ|	n|a periodical that is published by a special interest group|the organ of the communist party
organ donor	n|someone from whom an organ is taken for transplantation|
organ loft	n|a gallery occupied by a church organ|
organ of corti	n|the hearing organ of the inner ear; contains receptors that respond to sound waves|
organ of hearing	n|the part of the ear that is responsible for sensations of sound|
organ of speech	n|any of the organs involved in speech production|
organ pipe	n|the flues and stops on a pipe organ|
organ stop	n|a graduated set of organ pipes of like tone quality|
organ transplant	n|an operation moving an organ from one organism (the donor) to another (the recipient)|he had a kidney transplant
organ-grinder	n|a street musician who plays a hand organ or hurdy-gurdy|
organdie	n|a sheer stiff muslin|
organdy	n|a sheer stiff muslin|
organelle	n|a specialized part of a cell; analogous to an organ|the first organelle to be identified was the nucleus
organic	adj|relating or belonging to the class of chemical compounds having a carbon basis|hydrocarbons are organic compounds	adj|being or relating to or derived from or having properties characteristic of living organisms|organic life	adj|involving or affecting physiology or bodily organs|an organic disease	adj|of or relating to foodstuff grown or raised without synthetic fertilizers or pesticides or hormones|organic eggs
organic brain syndrome	n|mental abnormality resulting from disturbance of the structure or function of the brain|
organic chemistry	n|the chemistry of compounds containing carbon (originally defined as the chemistry of substances produced by living organisms but now extended to substances synthesized artificially)|
organic compound	n|any compound of carbon and another element or a radical|
organic disorder	n|disorder caused by a detectable physiological or structural change in an organ|
organic evolution	n|(biology) the sequence of events involved in the evolutionary development of a species or taxonomic group of organisms|
organic fertiliser	n|a fertilizer that is derived from animal or vegetable matter|
organic fertilizer	n|a fertilizer that is derived from animal or vegetable matter|
organic law	n|law determining the fundamental political principles of a government|
organic light-emitting diode	n|a self-luminous diode (it glows when an electrical field is applied to the electrodes) that does not require backlighting or diffusers|
organic phenomenon	n|(biology) a natural phenomenon involving living plants and animals|
organic process	n|a process occurring in living organisms|
organic structure	n|the entire physical structure of an organism (an animal, plant, or human being)|he felt as if his whole body were on fire
organically	adv|as an important constituent|the drapery served organically to cover the Madonna	adv|involving carbon compounds|organically bound iodine	adv|in an organic manner|this food is grown organically
organicism	n|theory that the total organization of an organism rather than the functioning of individual organs is the determinant of life processes|
organicistic	adj|relating to or tending toward organicism|
organification	n|the process of organ formation|
organisation	n|the persons (or committees or departments etc.) who make up a body for the purpose of administering something|he claims that the present administration is corrupt	n|a group of people who work together|	n|an organized structure for arranging or classifying|he changed the arrangement of the topics	n|an ordered manner; orderliness by virtue of being methodical and well organized|his compulsive organization was not an endearing quality
organisational	adj|of or relating to an organization|organizational structure
organise	v|bring order and organization to|Can you help me organize my files?	v|create (as an entity)|social groups form everywhere	v|form or join a union|The auto workers decided to unionize	v|cause to be structured or ordered or operating according to some principle or idea|
organised	adj|being a member of or formed into a labor union|organized labor
organiser	n|someone who enlists workers to join a union|	n|a person who brings order and organization to an enterprise|she was the organizer of the meeting	n|a lightweight consumer electronic device that looks like a hand-held computer but instead performs specific tasks; can serve as a diary or a personal database or a telephone or an alarm clock etc.|
organism	n|a living thing that has (or can develop) the ability to act or function independently|	n|a system considered analogous in structure or function to a living body|the social organism
organismal	adj|of or relating to or belonging to an organism (considered as a whole)|the organismic theory of the state
organismic	adj|of or relating to or belonging to an organism (considered as a whole)|the organismic theory of the state
organist	n|a person who plays an organ|
organization	n|a group of people who work together|	n|an organized structure for arranging or classifying|he changed the arrangement of the topics	n|the persons (or committees or departments etc.) who make up a body for the purpose of administering something|he claims that the present administration is corrupt	n|the act of organizing a business or an activity related to a business|he was brought in to supervise the organization of a new department
organization chart	n|a chart showing the lines of responsibility between departments of a large organization|
organization expense	n|the cost (over a period of five years) of organizing a new corporation or partnership|
organization for the prohibition of chemical weapons	n|international organization for chemical disarmament; administers the Chemical Weapons Convention|
organization man	n|an employee who sacrifices his own individuality for the good of an organization|
organization of american states	n|an association including most countries in the western hemisphere; created in 1948 to promote military and economic and social and cultural cooperation|
organization of petroleum-exporting countries	n|an organization of countries formed in 1961 to agree on a common policy for the production and sale of petroleum|
organization of the oppressed on earth	n|a Shiite terrorist organization with strong ties to Iran; seeks to create an Iranian fundamentalist Islamic state in Lebanon; car bombs are the signature weapon|
organizational	adj|of or relating to an organization|organizational structure
organizationally	adv|with regard to organization|organizationally, the conference was a disaster!
organize	v|create (as an entity)|social groups form everywhere	v|cause to be structured or ordered or operating according to some principle or idea|	v|plan and direct (a complex undertaking)|he masterminded the robbery	v|bring order and organization to|Can you help me organize my files?
organized	adj|formed into a structured or coherent whole, particularly on a large scale|organized medicine	adj|methodical and efficient in arrangement or function|how well organized she is	adj|being a member of or formed into a labor union|organized labor
organized crime	n|underworld organizations|
organized labor	n|employees who are represented by a labor union|
organized religion	n|an institution to express belief in a divine power|he was raised in the Baptist religion
organizer	n|a person who brings order and organization to an enterprise|she was the organizer of the meeting	n|someone who enlists workers to join a union|	n|a lightweight consumer electronic device that looks like a hand-held computer but instead performs specific tasks; can serve as a diary or a personal database or a telephone or an alarm clock etc.|
organon	n|a system of principles for philosophic or scientific investigations; an instrument for acquiring knowledge|
organophosphate	n|an insecticide that interferes with an insect's nervous system|
organophosphate nerve agent	n|any of a series of nerve agents containing organophosphate compounds first synthesized by German chemists in 1936; in World War II the Germans tested them in concentration camps but not on the battlefield; Iraq is alleged to have used them against Iran and against the Kurds|
organs	n|edible viscera of a butchered animal|
organza	n|a fabric made of silk or a silklike fabric that resembles organdy|
orgasm	n|the moment of most intense pleasure in sexual intercourse|
orgiastic	adj|used of frenzied sexual activity|	adj|used of riotously drunken merrymaking|a night of bacchanalian revelry
orgy	n|any act of immoderate indulgence|an orgy of shopping	n|secret rite in the cults of ancient Greek or Roman deities involving singing and dancing and drinking and sexual activity|	n|a wild gathering involving excessive drinking and promiscuity|
oriel	n|a projecting bay window corbeled or cantilevered out from a wall|
oriel window	n|a projecting bay window corbeled or cantilevered out from a wall|
orient	v|be oriented|The weather vane points North	v|determine one's position with reference to another point|We had to orient ourselves in the forest	v|cause to point|Orient the house towards the West	v|familiarize (someone) with new surroundings or circumstances|The dean of students tries to orient the freshmen
oriental	adj|denoting or characteristic of countries of the Far East|oriental civilization
oriental alabaster	n|a hard compact kind of calcite|
oriental bittersweet	n|ornamental Asiatic vine with showy orange-yellow fruit with a scarlet aril; naturalized in North America|
oriental black mushroom	n|edible east Asian mushroom having a golden or dark brown to blackish cap and an inedible stipe|
oriental bush cherry	n|woody oriental plant with smooth unfurrowed red fruit grown especially for its white or pale pink blossoms|
oriental cherry	n|ornamental tree with inedible fruits widely cultivated in many varieties for its white blossoms|
oriental cockroach	n|dark brown cockroach originally from orient now nearly cosmopolitan in distribution|
oriental garlic	n|a plant of eastern Asia; larger than Allium schoenoprasum|
oriental plane	n|large tree of southeastern Europe to Asia Minor|
oriental poppy	n|commonly cultivated Asiatic perennial poppy having stiff heavily haired leaves and bright scarlet or pink to orange flowers|
oriental roach	n|dark brown cockroach originally from orient now nearly cosmopolitan in distribution|
oriental scops owl	n|Asian scops owl|
oriental sore	n|leishmaniasis of the skin; characterized by ulcerative skin lesions|
oriental spruce	n|evergreen tree of the Caucasus and Asia Minor used as an ornamental having pendulous branchlets|
oriental studies	n|the scholarly knowledge of Asian cultures and languages and people|
orientalise	v|make oriental in character|orientalize your garden
orientalism	n|the scholarly knowledge of Asian cultures and languages and people|	n|the quality or customs or mannerisms characteristic of Asian civilizations|orientalisms can be found in Mozart's operas
orientalist	n|a specialist in oriental subjects|
orientalize	v|make oriental in character|orientalize your garden
orientate	v|determine one's position with reference to another point|We had to orient ourselves in the forest
orientated	adj|adjusted or located in relation to surroundings or circumstances; sometimes used in combination|the house had its large windows oriented toward the ocean view
orientating	adj|positioning with respect to a reference system or determining your bearings physically or intellectually|noticed the bee's momentary orienting pause before heading back to the hive
orientation	n|the act of orienting|	n|an integrated set of attitudes and beliefs|	n|position or alignment relative to points of the compass or other specific directions|	n|a predisposition in favor of something|a predilection for expensive cars
orientation course	n|a course introducing a new situation or environment|
oriented	adj|adjusted or located in relation to surroundings or circumstances; sometimes used in combination|the house had its large windows oriented toward the ocean view
orienting	adj|positioning with respect to a reference system or determining your bearings physically or intellectually|noticed the bee's momentary orienting pause before heading back to the hive
orifice	n|an aperture or hole that opens into a bodily cavity|the orifice into the aorta from the lower left chamber of the heart
oriflamme	n|an inspiring symbol or ideal that serves as a rallying point in a struggle|	n|a red or orange-red flag used as a standard by early French kings|
origami	n|the Japanese art of folding paper into shapes representing objects (e.g., flowers or birds)|
origanum	n|any of various fragrant aromatic herbs of the genus Origanum used as seasonings|
origanum dictamnus	n|dwarf aromatic shrub of Crete|
origanum majorana	n|aromatic European plant native to Mediterranean and Turkey; not widespread in Europe|
origanum vulgare	n|aromatic Eurasian perennial|
origen	n|Greek philosopher and theologian who reinterpreted Christian doctrine through the philosophy of Neoplatonism; his work was later condemned as unorthodox (185-254)|
origin	n|the place where something begins, where it springs into being|the Italian beginning of the Renaissance	n|properties attributable to your ancestry|he comes from good origins	n|an event that is a beginning; a first part or stage of subsequent events|	n|the point of intersection of coordinate axes; where the values of the coordinates are all zero|
original	adj|preceding all others in time or being as first made or performed|the original inhabitants of the Americas	adj|(of e.g. information) not secondhand or by way of something intermediary|his work is based on only original, not secondary, sources	adj|being or productive of something fresh and unusual; or being as first made or thought of|a truly original approach	adj|not derived or copied or translated from something else; not an adaptation"|the play is original
original sin	n|a sin said to be inherited by all descendants of Adam|Adam and Eve committed the original sin when they ate the forbidden fruit in the Garden of Eden
originality	n|the ability to think and act independently|	n|the quality of being new and original (not derived from something else)|
originally	adv|in an original manner|	adv|with reference to the origin or beginning|	adv|before now|why didn't you tell me in the first place?
originate	v|come into existence; take on form or shape|A new religious movement originated in that country	v|bring into being|He initiated a new program	v|begin a trip at a certain point, as of a plane, train, bus, etc.|The flight originates in Calcutta
originate in	v|come from|
origination	n|an event that is a beginning; a first part or stage of subsequent events|	n|the act of starting something for the first time; introducing something new|she looked forward to her initiation as an adult
origination fee	n|a fee charged to a borrower (especially for a mortgage loan) to cover the costs of initiating the loan|
originative	adj|having the ability or power to create|a creative imagination	adj|containing seeds of later development|seminal ideas of one discipline can influence the growth of another
originator	n|someone who creates new things|
orinasal	n|a speech sound produced with both the oral and nasal passages open (as French nasal vowels)|
orinasal phone	n|a speech sound produced with both the oral and nasal passages open (as French nasal vowels)|
orinase	n|sulfonylurea; an oral antidiabetic drug (trade name Orinase) used in the treatment of adult-onset diabetes mellitus|
oriole	n|mostly tropical songbird; the male is usually bright orange and black|
oriolidae	n|Old World orioles|
oriolus	n|type genus of the Oriolidae|
oriolus oriolus	n|bright yellow songbird with black wings|
orion	n|(Greek mythology) a giant Boeotian hunter who pursued the Pleiades and was eventually slain by Artemis; was then placed in the sky as a constellation|	n|a constellation on the equator to the east of Taurus; contains Betelgeuse and Rigel|
orison	n|reverent petition to a deity|
orissa	n|state in eastern India on the Bay of Bengal|
orites	n|small genus of Australian shrubs or trees|
orites excelsa	n|Australian tree having alternate simple leaves (when young they are pinnate with prickly toothed margins) and slender axillary spikes of white flowers|
oriya	n|a member of a people in India living in Orissa and neighboring areas|	n|a Magadhan language that is spoken by the Oriya and is the official language of the Indian state of Orissa|
orizaba	n|a city of east central Mexico (west of Veracruz); a popular resort|
orkney islands	n|an archipelago of about 70 islands in the North Atlantic and North Sea off the northeastern coast of Scotland|
orlando	n|a city in central Florida; site of Walt Disney World|
orlando di lasso	n|Belgian composer (1532-1594)|
orleanais	n|a former province of north central France; centered around Orleans|
orleanism	n|the political philosophy of the Orleanists|
orleanist	n|a supporter of the Orleans branch of the Bourbons that was descended from a younger brother of Louis XIV|
orleans	n|a city on the Loire river in north central France; site of the siege of Orleans by the English (1428-1429)|	n|a long siege of Orleans by the English was relieved by Joan of Arc in 1429|
orlon	n|an acrylic fiber or the lightweight crease-resistant fabric made with Orlon yarns|
orlop	n|the fourth or lowest deck|
orlop deck	n|the fourth or lowest deck|
orly	n|a southeastern suburb of Paris; site of an international airport serving Paris|
orly group	n|a militant Marxist-Leninist terrorist organization formed in 1975 to force Turkey to acknowledge killing more than a million Armenians and forcibly removing them from border areas in 1915; wants Turkey to pay reparations and cede territory to Armenia|ASALA bombing at Orly Airport in Paris in 1983 killed 8 and wounded 55 people
ormazd	n|chief deity of Zoroastrianism; source of light and embodiment of good|
ormer	n|an abalone found near the Channel Islands|
ormolu	n|brass that looks like gold; used to decorate furniture|
ormosia	n|genus of tropical shrubs and trees having usually odd-pinnate leaves with large leaflets and pink to reddish wood|
ormosia coarctata	n|West Indian tree similar to Ormosia monosperma but larger and having smaller leaflets and smaller seeds|
ormosia monosperma	n|small tree of West Indies and northeastern Venezuela having large oblong pointed leaflets and panicles of purple flowers; seeds are black or scarlet with black spots|
ormuzd	n|chief deity of Zoroastrianism; source of light and embodiment of good|
ornament	n|something used to beautify|	v|make more attractive by adding ornament, colour, etc.|Decorate the room for the party	v|be an ornament to|stars ornamented the Christmas tree
ornamental	adj|serving an esthetic rather than a useful purpose|cosmetic fenders on cars	n|any plant grown for its beauty or ornamental value|
ornamentalism	n|the practice of ornamental display|
ornamentalist	n|someone who decorates|
ornamentally	adv|in an ornamental, nonfunctional manner|
ornamentation	n|the state of being ornamented|	n|something used to beautify|	n|the act of adding extraneous decorations to something|
ornate	adj|marked by elaborate rhetoric and elaborated with decorative details|a flowery speech
ornately	adv|in an ornate manner|the cradle was ornately carved
ornateness	n|high-flown style; excessive use of verbal ornamentation|the grandiosity of his prose	n|an ornate appearance; being elaborately (even excessively) decorated|
orneriness	n|meanspirited disagreeable contrariness|
ornery	adj|having a difficult and contrary disposition|a cantankerous and venomous-tongued old lady"- Dorothy Sayers
ornithine	n|an amino acid that does not occur in proteins but is important in the formation of urea|
ornithischia	n|extinct terrestrial reptiles having bird-like pelvises: armored dinosaurs (thyreophorans); boneheaded and horned dinosaurs (marginocephalians); duck-billed dinosaurs (euronithopods)|
ornithischian	n|herbivorous dinosaur with a pelvis like that of a bird|
ornithischian dinosaur	n|herbivorous dinosaur with a pelvis like that of a bird|
ornithogalum	n|sometimes placed in family Hyacinthaceae|
ornithogalum pyrenaicum	n|Old World star of Bethlehem having edible young shoots|
ornithogalum thyrsoides	n|South African perennial with long-lasting spikes of white blossoms that are shipped in to Europe and America for use as winter cut flowers|
ornithological	adj|of or relating to ornithology|her ornithological interests
ornithologist	n|a zoologist who studies birds|
ornithology	n|the branch of zoology that studies birds|
ornithomimid	n|lightly built medium-sized dinosaur having extremely long limbs and necks with small heads and big brains and large eyes|
ornithomimida	n|lightly built medium-size theropods|
ornithopod	n|bipedal herbivorous dinosaur|
ornithopod dinosaur	n|bipedal herbivorous dinosaur|
ornithopoda	n|widespread group including duck-billed dinosaurs and their early relatives (hadrosaurs, trachodon and iguanodon)|
ornithopter	n|heavier-than-air craft that is propelled by the flapping of wings|
ornithorhynchidae	n|platypus|
ornithorhynchus	n|type genus of the family Ornithorhynchidae|
ornithorhynchus anatinus	n|small densely furred aquatic monotreme of Australia and Tasmania having a broad bill and tail and webbed feet; only species in the family Ornithorhynchidae|
ornithosis	n|an atypical pneumonia caused by a rickettsia microorganism and transmitted to humans from infected birds|
orobanchaceae	n|brown or yellow leafless herbs; sometimes placed in the order Scrophulariales|
orogeny	n|the process of mountain formation (especially by the upward displacement of the earth's crust)|
orography	n|the science of mountains|
oroide	n|alloy of copper and tin and zinc; used in imitation gold jewelry|
orology	n|the science of mountains|
orono	n|a university town in east central Maine on the Penobscot River to the north of Bangor|
orontium	n|one species of aquatic plant: golden club|
oropharyngeal	adj|of or relating to or located near the oropharynx|
oropharynx	n|cavity formed by the pharynx at the back of the mouth|
orotund	adj|ostentatiously lofty in style|a man given to large talk	adj|(of sounds) full and rich|orotund tones
orozco	n|Mexican painter noted for his monumental murals (1883-1949)|
orphan	n|a child who has lost both parents|	n|someone or something who lacks support or care or supervision|	n|the first line of a paragraph that is set as the last line of a page or column|	n|a young animal without a mother|
orphan site	n|a toxic waste area where the polluter could not be identified or the polluter refused to take action or pay for the cleanup|
orphanage	n|the condition of being a child without living parents|his early orphanage shaped his character as an adult	n|a public institution for the care of orphans|
orphaned	adj|deprived of parents by death or desertion|
orphanhood	n|the condition of being a child without living parents|his early orphanage shaped his character as an adult
orphans' asylum	n|a public institution for the care of orphans|
orphenadrine	n|a skeletal muscle relaxant (trade name Norflex) used to treat severe muscle strain and Parkinsonism|
orpheus	n|(Greek mythology) a great musician; when his wife Eurydice died he went to Hades to get her back but failed|
orphic	adj|ascribed to Orpheus or characteristic of ideas in works ascribed to Orpheus|	adj|having an import not apparent to the senses nor obvious to the intelligence; beyond ordinary understanding|mysterious symbols
orphrey	n|a richly embroidered edging on an ecclesiastical vestment|
orpiment	n|a yellow mineral occurring in conjunction with realgar; an ore of arsenic|
orpin	n|perennial northern temperate plant with toothed leaves and heads of small purplish-white flowers|
orpine	n|perennial northern temperate plant with toothed leaves and heads of small purplish-white flowers|
orpington	n|English breed of large chickens with white skin|
orr	n|Canadian hockey player (born 1948)|
orrery	n|planetarium consisting of an apparatus that illustrates the relative positions and motions of bodies in the solar system by rotation and revolution of balls moved by wheelwork; sometimes incorporated in a clock|
orris	n|German iris having large white flowers with lavender-tinged falls and a fragrant rhizome|	n|fragrant rootstock of various irises especially Florentine iris; used in perfumes and medicines|
orrisroot	n|fragrant rootstock of various irises especially Florentine iris; used in perfumes and medicines|
ortalis	n|chachalacas|
ortega	n|Nicaraguan statesman (born in 1945)|
ortega y gasset	n|Spanish philosopher who advocated leadership by an intellectual elite (1883-1955)|
orthicon	n|a now obsolete picture pickup tube in a television camera; electrons emitted from a photoemissive surface in proportion to the intensity of the incident light are focused onto the target causing secondary emission of electrons|
orthilia	n|a shrubby perennial rhizomatous evergreen herb; grows in damp coniferous woodlands in northern temperate regions|
orthoboric acid	n|a white or colorless slightly acid solid that is soluble in water and ethanol; used in the manufacture of glass and paper and adhesives and in detergents and as a flux in welding; also used as an antiseptic and food preservative|
orthochorea	n|a form of chorea in which spasms occur mainly when the patient is erect|
orthochromatic film	n|a photographic film sensitive to green and blue and violet light|
orthoclase	n|a white or colored monoclinic feldspar|
orthodontia	n|the branch of dentistry dealing with the prevention or correction of irregularities of the teeth|
orthodontic	adj|of or relating to or involving or practicing orthodontics|orthodontic braces
orthodontic braces	n|an appliance that corrects dental irregularities|
orthodontic treatment	n|dental treatment that corrects irregularities of the teeth or of the relation of the teeth to surrounding anatomy; treatment is usually by braces or mechanical aids|orthodontic treatment of facial abnormalities
orthodontics	n|the branch of dentistry dealing with the prevention or correction of irregularities of the teeth|
orthodontist	n|a dentist specializing in the prevention or correction of irregularities of the teeth|
orthodonture	n|the branch of dentistry dealing with the prevention or correction of irregularities of the teeth|
orthodox	adj|of or pertaining to or characteristic of Judaism|Orthodox Judaism	adj|adhering to what is commonly accepted|an orthodox view of the world	adj|of or relating to or characteristic of the Eastern Orthodox Church|
orthodox catholic church	n|derived from the Byzantine Church and adhering to Byzantine rites|
orthodox church	n|derived from the Byzantine Church and adhering to Byzantine rites|
orthodox jew	n|Jew who practices strict observance of Mosaic law|
orthodox judaism	n|Jews who strictly observe the Mosaic law as interpreted in the Talmud|	n|beliefs and practices of a Judaic sect that strictly observes Mosaic law|
orthodox sleep	n|a recurring sleep state during which rapid eye movements do not occur and dreaming does not occur; accounts for about 75% of normal sleep time|
orthodoxy	n|the quality of being orthodox (especially in religion)|	n|a belief or orientation agreeing with conventional standards|
orthoepist	n|a practitioner of orthoepy (especially one of the 17th or 18th century scholars who proposed to reform English spelling so it would reflect pronunciation more closely)|
orthoepy	n|the way a word or a language is customarily spoken|the pronunciation of Chinese is difficult for foreigners	n|a term formerly used for the part of phonology that dealt with the `correct' pronunciation of words and its relation to `correct' orthography|
orthogonal	adj|not pertinent to the matter under consideration|an issue extraneous to the debate	adj|statistically unrelated|	adj|having a set of mutually perpendicular axes; meeting at right angles|wind and sea may displace the ship's center of gravity along three orthogonal axes
orthogonal opposition	n|the relation of opposition between things at right angles|
orthogonality	n|the relation of opposition between things at right angles|	n|the quality of lying or intersecting at right angles|
orthographic	adj|of or relating to or expressed in orthography|
orthography	n|a method of representing the sounds of a language by written or printed symbols|
orthomolecular	adj|designating or relating to a form of treatment of mental disorders that seeks to restore biochemical balance in the body with large doses of vitamins and minerals|orthomolecular medicine
orthomorphic projection	n|a map projection in which a small area is rendered in its true shape|
orthomyxovirus	n|a group of viruses including those causing influenza|
orthopaedic	adj|of or relating to orthopedics|orthopedic shoes
orthopaedics	n|the branch of medical science concerned with disorders or deformities of the spine and joints|
orthopaedist	n|a specialist in correcting deformities of the skeletal system (especially in children)|
orthopedic	adj|of or relating to orthopedics|orthopedic shoes
orthopedical	adj|of or relating to orthopedics|orthopedic shoes
orthopedics	n|the branch of medical science concerned with disorders or deformities of the spine and joints|
orthopedist	n|a specialist in correcting deformities of the skeletal system (especially in children)|
orthophosphate	n|a salt of phosphoric acid|
orthophosphoric acid	n|an acid used in fertilizers and soaps: H3PO4|
orthophosphorous acid	n|a clear or yellow monobasic acid (H3PO2)|
orthopnea	n|form of dyspnea in which the person can breathe comfortably only when standing or sitting erect; associated with asthma and emphysema and angina pectoris|
orthopristis	n|a genus of Haemulidae|
orthopristis chrysopterus	n|found from Long Island southward|
orthopter	n|heavier-than-air craft that is propelled by the flapping of wings|
orthoptera	n|grasshoppers and locusts; crickets|
orthopteran	n|any of various insects having leathery forewings and membranous hind wings and chewing mouthparts|
orthopteron	n|any of various insects having leathery forewings and membranous hind wings and chewing mouthparts|
orthopterous insect	n|any of various insects having leathery forewings and membranous hind wings and chewing mouthparts|
orthoptic	adj|of or relating to normal binocular vision|
orthoptics	n|treatment of defects of binocular vision (such as strabismus and amblyopia) by nonsurgical measures (especially by exercises to strengthen the eye muscles)|
orthoptist	n|a specialist in orthoptics|
orthoscope	n|an ophthalmoscope with a layer of water to neutralize the refraction of the cornea|
orthostatic	adj|pertaining to an upright standing posture|orthostatic hypotension
orthostatic hypotension	n|low blood pressure occurring in some people when they stand up|
orthotomus	n|tailorbirds|
orthotomus sutorius	n|tropical Asian warbler that stitches leaves together to form and conceal its nest|
orthotropous	adj|(of a plant ovule) completely straight with the micropyle at the apex|
orthotropous ovule	n|a completely straight ovule with the micropyle at the apex|
ortilis vetula macalli	n|of Mexico and Texas|
ortolan	n|brownish Old World bunting often eaten as a delicacy|
ortolan bunting	n|brownish Old World bunting often eaten as a delicacy|
ortygan	n|any of several East Indian birds|
orudis	n|nonsteroidal anti-inflammatory drug (trade names Orudis or Orudis KT or Oruvail)|
orudis kt	n|nonsteroidal anti-inflammatory drug (trade names Orudis or Orudis KT or Oruvail)|
orumiyeh	n|a city on the western side of Lake Urmia in northwestern Iran|
oruvail	n|nonsteroidal anti-inflammatory drug (trade names Orudis or Orudis KT or Oruvail)|
orwell	n|imaginative British writer concerned with social justice (1903-1950)|
orwellian	adj|of or relating to the works of George Orwell (especially his picture of a future totalitarian state)|
orycteropodidae	n|aardvarks|
orycteropus	n|coextensive with the family Orycteropodidae|
orycteropus afer	n|nocturnal burrowing mammal of the grasslands of Africa that feeds on termites; sole extant representative of the order Tubulidentata|
oryctolagus	n|Old World rabbits|
oryctolagus cuniculus	n|common greyish-brown burrowing animal native to southern Europe and northern Africa but introduced elsewhere; widely domesticated and developed in various colors and for various needs; young are born naked and helpless|
oryx	n|large African antelope with long straight nearly upright horns|
oryx gazella	n|large South African oryx with a broad black band along its flanks|
oryza	n|rice|
oryza sativa	n|yields the staple food of 50 percent of world's population|
oryzomys	n|rice rats|
oryzopsis	n|rice grass|
oryzopsis hymenoides	n|valuable forage grass of dry upland areas and plains of western North America to northern Mexico|
oryzopsis miliacea	n|perennial mountain rice native to Mediterranean region and introduced into North America|
orzo	n|pasta shaped like pearls of barley; frequently prepared with lamb in Greek cuisine|
os	n|a mouth or mouthlike opening|	n|a hard brittle blue-grey or blue-black metallic element that is one of the platinum metals; the heaviest metal known|	n|(computer science) software that controls the execution of computer programs and may provide various services|	n|the left eye|
os breve	n|a bone that is of approximately equal dimension in all directions|
os capitatum	n|the wrist bone with a rounded head shape that articulates with the 3rd metacarpus|
os frontale	n|the large cranial bone forming the front part of the cranium: includes the upper part of the orbits|
os hamatum	n|the wrist bone in line with the 4th and 5th fingers|
os hyoideum	n|a U-shaped bone at the base of the tongue that supports the tongue muscles|
os ischii	n|one of the three sections of the hipbone; situated below the ilium|
os longum	n|in limbs of vertebrate animals: a long cylindrical bone that contains marrow|
os lunatum	n|one of the eight small wrist bones|
os nasale	n|an elongated rectangular bone that forms the bridge of the nose|
os palatinum	n|either of two irregularly shaped bones that form the back of the hard palate and helps to form the nasal cavity and the floor of the orbits|
os pisiforme	n|a small wrist bone that articulates only with the triquetral|
os pubis	n|one of the three sections of the hipbone; together these two bones form the front of the pelvis|
os scaphoideum	n|the largest wrist bone on the thumb side|
os sesamoideum	n|any of several small round bones formed in a tendon where it passes over a joint|
os sphenoidale	n|butterfly-shaped bone at the base of the skull|
os tarsi fibulare	n|the largest tarsal bone; forms the human heel|
os temporale	n|a thick bone forming the side of the human cranium and encasing the inner ear|
os trapezium	n|the wrist bone on the thumb side of the hand that articulates with the 1st and 2nd metacarpals|
os trapezoideum	n|the wrist bone between the trapezium and the capitate bones|
os triquetrum	n|a wrist bone that articulates with the pisiform and hamate and lunate bones|
os zygomaticum	n|the arch of bone beneath the eye that forms the prominence of the cheek|
osage	n|a member of the Siouan people formerly living in Missouri in the valleys of the Missouri and Osage rivers; oil was found on Osage lands early in the 20th century|	n|a river in Missouri that is a tributary of the Missouri River|	n|the Dhegiha dialect spoken by the Osage|
osage river	n|a river in Missouri that is a tributary of the Missouri River|
osaka	n|port city on southern Honshu on Osaka Bay; a commercial and industrial center of Japan|
osaka bay	n|a bay of the western Pacific in southern Honshu|
osama bin laden	n|Arab terrorist who established al-Qaeda (born in 1957)|
osasco	n|a city in southeastern Brazil; suburb of Sao Paulo|
osborne	n|English playwright (1929-1994)|
oscan	n|an Oscan-speaking member of an ancient people of Campania|	n|an extinct Italic language of ancient southern Italy|
oscan-speaking	adj|able to communicate in Oscan|
oscar	n|an annual award by the Academy of Motion Picture Arts and Sciences for achievements in motion picture production and performance|
oscar fingal o'flahertie wills wilde	n|Irish writer and wit (1854-1900)|
oscar wilde	n|Irish writer and wit (1854-1900)|
oscheocele	n|swelling of the scrotum|
oscheocoele	n|swelling of the scrotum|
oscillate	v|be undecided about something; waver between conflicting positions or courses of action|He oscillates between accepting the new position and retirement	v|move or swing from side to side regularly|the needle on the meter was oscillating
oscillating	adj|having periodic vibrations|
oscillation	n|the process of oscillating between states|	n|(physics) a regular periodic variation in value about a mean|	n|a single complete execution of a periodically repeated phenomenon|a year constitutes a cycle of the seasons
oscillator	n|generator that produces sonic oscillations or alternating current|
oscillatoriaceae	n|blue green algae|
oscillatory	adj|having periodic vibrations|
oscillogram	n|the recording produced by an oscillograph|
oscillograph	n|a device for making a record of the wave forms of fluctuating voltages or currents|
oscilloscope	n|electronic equipment that provides visual images of varying electrical quantities|
oscine	adj|of or relating to the songbirds|	n|passerine bird having specialized vocal apparatus|
oscine bird	n|passerine bird having specialized vocal apparatus|
oscines	n|two names for the suborder of typical songbirds|
oscitance	n|drowsiness and dullness manifested by yawning|	n|an involuntary intake of breath through a wide open mouth; usually triggered by fatigue or boredom|he could not suppress a yawn
oscitancy	n|drowsiness and dullness manifested by yawning|	n|an involuntary intake of breath through a wide open mouth; usually triggered by fatigue or boredom|he could not suppress a yawn
oscitant	adj|showing lack of attention or boredom|the yawning congregation
osco-umbrian	n|a group of dead languages of ancient Italy; they were displace by Latin|
osculate	v|be intermediate between two taxonomic groups|These species osculate	v|have at least three points in common with|one curve osculates the other	v|touch with the lips or press the lips (against someone's mouth or other body part) as an expression of love, greeting, etc.|The newly married couple kissed
osculating circle	n|the circle that touches a curve (on the concave side) and whose radius is the radius of curvature|
osculation	n|(mathematics) a contact of two curves (or two surfaces) at which they have a common tangent|	n|the act of caressing with the lips (or an instance thereof)|
osculator	n|someone who kisses|
osha	n|a government agency in the Department of Labor to maintain a safe and healthy work environment|
osier	n|flexible twig of a willow tree|	n|any of various willows having pliable twigs used in basketry and furniture|
osip emilevich mandelstam	n|Russian poet who died in a prison camp (1891-1938)|
osip mandelstam	n|Russian poet who died in a prison camp (1891-1938)|
osiris	n|Egyptian god of the underworld and judge of the dead; husband and brother of Isis; father of Horus|
oslo	n|the capital and largest city of Norway; the country's main port; located at the head of a fjord on Norway's southern coast|
osman i	n|the conqueror of Turkey who founded the Ottoman Empire and the Ottoman dynasty that ruled Turkey after the 13th century; conquered most of Asia Minor and assumed the title of emir in 1299 (1259-1326)|
osmanli	n|a Turk (especially a Turk who is a member of the tribe of Osman I)|
osmeridae	n|smelts|
osmerus	n|type genus of the Osmeridae|
osmerus eperlanus	n|the common smelt of Europe|
osmerus mordax	n|important marine and landlocked food fish of eastern North America and Alaska|
osmiridium	n|a hard and corrosion resistant mineral that is a natural alloy of osmium and iridium (usually containing small amounts of rhodium and platinum); used in needles and pen nibs etc.|
osmitrol	n|a diuretic (trade name Osmitrol) used to promote the excretion of urine|
osmium	n|a hard brittle blue-grey or blue-black metallic element that is one of the platinum metals; the heaviest metal known|
osmoreceptor	n|sensory end organ that responds to changes in osmotic pressure|
osmosis	n|(biology, chemistry) diffusion of molecules through a semipermeable membrane from a place of higher concentration to a place of lower concentration until the concentration on both sides is equal|
osmotic	adj|of or relating to osmosis|osmotic pressure
osmotic pressure	n|(physical chemistry) the pressure exerted by a solution necessary to prevent osmosis into that solution when it is separated from the pure solvent by a semipermeable membrane|
osmotically	adv|by means of osmosis|
osmund	n|any fern of the genus Osmunda: large ferns with creeping rhizomes; naked sporangia are on modified fronds that resemble flower clusters|
osmunda cinnamonea	n|New World fern having woolly cinnamon-colored spore-bearing fronds in early spring later surrounded by green fronds; the early uncurling fronds are edible|
osmunda regalis	n|large deeply rooted fern of worldwide distribution with upright bipinnate compound tufted fronds|
osmundaceae	n|large family of ferns widely distributed in temperate and tropical areas|
osprey	n|large harmless hawk found worldwide that feeds on fish and builds a bulky nest often occupied for years|
osseous	adj|composed of or containing bone|osseous tissue
osseous labyrinth	n|cavity in the petrous part of the temporal bone that contains the membranous labyrinth|
osseous tissue	n|the porous calcified substance from which bones are made|
ossete	n|a northeastern Iranian language spoken in Russia|
ossicle	n|a small bone; especially one in the middle ear|
ossicular	adj|pertaining to the ossicles in the middle ear|
ossiculate	adj|pertaining to the ossicles in the middle ear|
ossiculum	n|a small bone; especially one in the middle ear|
ossiferous	adj|containing bones (especially fossil bones)|ossiferous caves
ossification	n|the developmental process of bone formation|	n|the calcification of soft tissue into a bonelike material|	n|the process of becoming rigidly fixed in a conventional pattern of thought or behavior|	n|hardened conventionality|
ossified	adj|set in a rigidly conventional pattern of behavior, habits, or beliefs|obsolete fossilized ways
ossify	v|become bony|The tissue ossified	v|make rigid and set into a conventional pattern|rigidify the training schedule	v|cause to become hard and bony|The disease ossified the tissue
osso buco	n|sliced veal knuckle or shin bone cooked with olive oil and wine and tomatoes and served with rice or vegetables|
ossuary	n|any receptacle for the burial of human bones|
ostariophysi	n|in some classifications considered a superorder comprising the Cypriniformes and the Siluriformes|
osteal	adj|relating to bone or to the skeleton|	adj|composed of or containing bone|osseous tissue
osteichthyes	n|a class of fish having a skeleton composed of bone in addition to cartilage|
osteitis	n|inflammation of a bone as a consequence of infection or trauma or degeneration|
osteitis deformans	n|a disease of bone occurring in the middle aged and elderly; excessive bone destruction sometimes leading to bone pain and fractures and skeletal deformities|
ostensible	adj|appearing as such but not necessarily so|for all his apparent wealth he had no money to pay the rent	adj|represented or appearing as such; pretended|His ostensible purpose was charity, his real goal popularity
ostensibly	adv|from appearances alone|irrigation often produces bumper crops from apparently desert land
ostensive	adj|manifestly demonstrative|	adj|represented or appearing as such; pretended|His ostensible purpose was charity, his real goal popularity
ostensive definition	n|a definition that points out or exhibits instances of the term defined|
ostensorium	n|(Roman Catholic Church) a vessel (usually of gold or silver) in which the consecrated Host is exposed for adoration|
ostentate	v|display proudly; act ostentatiously or pretentiously|he showed off his new sports car
ostentation	n|a gaudy outward display|	n|lack of elegance as a consequence of being pompous and puffed up with vanity|	n|pretentious or showy or vulgar display|
ostentatious	adj|intended to attract notice and impress others|an ostentatious sable coat	adj|(of a display) tawdry or vulgar|
ostentatiously	adv|with ostentation; in an ostentatious manner|Mr Khrushchev ostentatiously wooed and embraced Castro at the U.N. general assembly
ostentatiousness	n|lack of elegance as a consequence of being pompous and puffed up with vanity|
osteoarthritis	n|chronic breakdown of cartilage in the joints; the most common form of arthritis occurring usually after middle age|
osteoblast	n|a cell from which bone develops|
osteoblastoma	n|benign tumor of bone and fibrous tissue; occurs in the vertebrae or femur or tibia or arm bones (especially in young adults)|
osteochondroma	n|benign tumor containing both bone and cartilage; usually occurs near the end of a long bone|
osteoclasis	n|treatment of a skeletal deformity by intentionally fracturing a bone|
osteoclast	n|cell that functions in the breakdown and resorption of bone tissue|
osteocyte	n|mature bone cell|
osteodystrophy	n|defective bone development; usually attributable to renal disease or to disturbances in calcium and phosphorus metabolism|
osteogenesis imperfecta	n|autosomal dominant disorder of connective tissue characterized by brittle bones that fracture easily|
osteogenic sarcoma	n|malignant bone tumor; most common in children and young adults where it tends to affect the femur|
osteoglossidae	n|a family of large fishes that live in freshwater; includes bandfish and bonytongues|
osteoglossiformes	n|teleost fish with bony tongues|
osteologer	n|an anatomist who is skilled is osteology|
osteologist	n|an anatomist who is skilled is osteology|
osteology	n|the branch of anatomy that studies the bones of the vertebrate skeleton|
osteolysis	n|lysis of bone caused by disease or infection or inadequate blood supply|
osteoma	n|a slow growing benign tumor of consisting of bone tissue; usually on the skull or mandible|
osteomalacia	n|abnormal softening of bones caused by deficiencies of phosphorus or calcium or vitamin D|
osteomyelitis	n|an inflammation of bone and bone marrow (usually caused by bacterial infection)|
osteopath	n|a therapist who manipulates the skeleton and muscles|
osteopathist	n|a therapist who manipulates the skeleton and muscles|
osteopathy	n|therapy based on the assumption that restoring health is best accomplished by manipulating the skeleton and muscles|
osteopetrosis	n|an inherited disorder characterized by an increase in bone density; in severe forms the bone marrow cavity may be obliterated|
osteophyte	n|small abnormal bony outgrowth|
osteoporosis	n|abnormal loss of bony tissue resulting in fragile porous bones attributable to a lack of calcium; most common in postmenopausal women|
osteosarcoma	n|malignant bone tumor; most common in children and young adults where it tends to affect the femur|
osteosclerosis	n|abnormal hardening or eburnation of bone|
osteosclerosis congenita	n|an inherited skeletal disorder beginning before birth; cartilage is converted to bone resulting in dwarfism|
osteostracan	n|extinct jawless fish of the Devonian with armored head|
osteostraci	n|extinct group of armored fish-like vertebrates; taxonomy is not clear|
osteotomy	n|surgical sectioning of bone|
ostiarius	n|the lowest of the minor Holy Orders in the unreformed Western Church but now suppressed by the Roman Catholic Church|
ostiary	n|the lowest of the minor Holy Orders in the unreformed Western Church but now suppressed by the Roman Catholic Church|	n|someone who guards an entrance|
ostinato	n|a musical phrase repeated over and over during a composition|
ostiole	n|a small pore especially one in the reproductive bodies of certain algae and fungi through which spores pass|
ostler	n|someone employed in a stable to take care of the horses|
ostomy	n|surgical procedure that creates an artificial opening for the elimination of bodily wastes|
ostraciidae	n|boxfishes|
ostracise	v|expel from a community or group|	v|avoid speaking to or dealing with|Ever since I spoke up, my colleagues ostracize me
ostracism	n|the state of being banished or ostracized (excluded from society by general consent)|the association should get rid of its elderly members--not by euthanasia, of course, but by Coventry	n|the act of excluding someone from society by general consent|
ostracize	v|expel from a community or group|	v|avoid speaking to or dealing with|Ever since I spoke up, my colleagues ostracize me
ostracod	n|tiny marine and freshwater crustaceans with a shrimp-like body enclosed in a bivalve shell|
ostracoda	n|seed shrimps|
ostracoderm	n|extinct fish-like jawless vertebrate having a heavily armored body; of the Paleozoic|
ostracodermi	n|extinct group of armored jawless vertebrates; taxonomy is not clear|
ostrava	n|an industrial city in northwestern Czech Republic in the Moravian lowlands; located in the coal mining area of Silesia|
ostrea	n|type genus of the family Ostreidae|
ostreidae	n|oysters|
ostrich	n|a person who refuses to face reality or recognize the truth (a reference to the popular notion that the ostrich hides from danger by burying its head in the sand)|	n|fast-running African flightless bird with two-toed feet; largest living bird|
ostrich fern	n|tall fern of northern temperate regions having graceful arched fronds and sporophylls resembling ostrich plumes|
ostrogoth	n|a member of the eastern group of Goths who created a kingdom in northern Italy around 500 AD|
ostrya	n|deciduous monoecious trees of Europe and Asia and America; sometimes placed in subfamily or family Carpinaceae|
ostrya carpinifolia	n|medium-sized hop hornbeam of southern Europe and Asia Minor|
ostrya virginiana	n|medium-sized hop hornbeam of eastern North America|
ostryopsis	n|deciduous monoecious shrubs of China and Mongolia resembling trees of the genus Ostrya; sometimes placed in subfamily or family Carpinaceae|
ostwald	n|German chemist (1853-1932)|
ostwald's theory of indicators	n|(chemistry) the theory that all indicators are either weak acids or weak bases in which the color of the ionized form is different from the color before dissociation|
ostyak	n|a member of the nomadic Ugrian people living in northwestern Siberia (east of the Urals)|	n|a Ugric language (related to Hungarian) spoken by the Ostyak|
ostyak-samoyed	n|one of the people of mixed Ostyak and Samoyed origin in Siberia|	n|the Uralic language spoken by the Ostyak-Samoyed|
oswald spengler	n|German philosopher who argued that cultures grow and decay in cycles (1880-1936)|
oswego tea	n|perennial aromatic herb of eastern North America having variously colored tubular flowers in dense showy heads|
otaheite arrowroot	n|a starch obtained from the root of the pia|
otaheite arrowroot starch	n|a starch obtained from the root of the pia|
otalgia	n|an ache localized in the middle or inner ear|
otaria	n|type genus of the Otariidae|
otaria byronia	n|of the southern coast of South America|
otariidae	n|eared seals: sea lions and fur seals|
otc	adj|(of securities) not traded on a stock exchange|over-the-counter stocks
otc market	n|a stock exchange where securities transactions are made via telephone and computer rather than on the floor of an exchange|
otc security	n|a security traded in the over-the-counter market|
otc stock	n|stock that is not listed and traded on an organized exchange|
othello	n|the hero of William Shakespeare's tragedy who would not trust his wife|
other	adj|not the same one or ones already mentioned or implied|today isn't any other day"- the White Queen	adj|recently past|the other evening	adj|belonging to the distant past|the early inhabitants of Europe	adj|very unusual; different in character or quality from the normal or expected|a strange, other dimension...where his powers seemed to fail"- Lance Morrow
otherness	n|the quality of being not alike; being distinct or different from that otherwise experienced or known|
otherwise	adv|in other respects or ways|he is otherwise normal	adv|in another and different manner|very soon you will know differently	adj|other than as supposed or expected|the outcome was otherwise
otherworld	n|an abstract spiritual world beyond earthly reality|
otherworldliness	n|concern with things of the spirit|
otherworldly	adj|existing outside of or not in accordance with nature|find transcendental motives for sublunary action"-Aldous Huxley
othman i	n|the conqueror of Turkey who founded the Ottoman Empire and the Ottoman dynasty that ruled Turkey after the 13th century; conquered most of Asia Minor and assumed the title of emir in 1299 (1259-1326)|
otho	n|French pope from 1088 to 1099 whose sermons called for the First Crusade (1042-1099)|
otho i	n|King of the Germans and Holy Roman Emperor (912-973)|
otho of lagery	n|French pope from 1088 to 1099 whose sermons called for the First Crusade (1042-1099)|
othonna	n|a South African plant of the genus Othonna having smooth often fleshy leaves and heads of yellow flowers|
otic	adj|of or relating to near the ear|
otic ganglion	n|an autonomic ganglion whose postganglionic fibers are distributed to the parotid gland|
otides	n|terrestrial game birds of the Old World and Australia: bustards|
otididae	n|bustards|
otiose	adj|serving no useful purpose; having no excuse for being|otiose lines in a play	adj|producing no result or effect|a futile effort	adj|disinclined to work or exertion|faineant kings under whose rule the country languished
otis	n|type genus of the Otididae: European bustard|
otis tarda	n|largest European land bird|
otitis	n|inflammation of the ear|
otitis externa	n|inflammation of the external ear (including auricle and ear canal)|
otitis interna	n|inflammation of the inner ear; can cause vertigo and vomiting|
otitis media	n|inflammation of the middle ear; common in children|
oto	n|a member of the Siouan people inhabiting the valleys of the Platte and Missouri rivers in Nebraska|	n|a dialect of the Chiwere language spoken by the Oto|
otoe	n|a member of the Siouan people inhabiting the valleys of the Platte and Missouri rivers in Nebraska|	n|a dialect of the Chiwere language spoken by the Oto|
otoganglion	n|an autonomic ganglion whose postganglionic fibers are distributed to the parotid gland|
otolaryngologist	n|a specialist in the disorders of the ear or nose or throat|
otolaryngology	n|the medical specialty that deals with diseases of the ear, nose and throat|
otologist	n|a physician who specializes in the ear and its diseases|
otology	n|the branch of medicine concerned with the ear|
otoplasty	n|reconstructive surgery of the auricle of the external ear|
otorhinolaryngologist	n|a specialist in the disorders of the ear or nose or throat|
otorhinolaryngology	n|the medical specialty that deals with diseases of the ear, nose and throat|
otorrhea	n|discharge from the external ear|
otosclerosis	n|hereditary disorder in which ossification of the labyrinth of the inner ear causes tinnitus and eventual deafness|
otoscope	n|medical instrument consisting of a magnifying lens and light; used for examining the external ear (the auditory meatus and especially the tympanic membrane)|
ototoxic	adj|toxic to the organs of hearing or balance or to the auditory nerve|some drugs are ototoxic
ottar	n|essential oil or perfume obtained from flowers|
ottava rima	n|a stanza of eight lines of heroic verse with the rhyme scheme abababcc|
ottawa	n|a member of the Algonquian people of southern Ontario|	n|a river in southeastern Canada that flows along the boundary between Quebec and Ontario to the Saint Lawrence River near Montreal|	n|the capital of Canada (located in southeastern Ontario across the Ottawa river from Quebec)|
ottawa river	n|a river in southeastern Canada that flows along the boundary between Quebec and Ontario to the Saint Lawrence River near Montreal|
otter	n|the fur of an otter|	n|freshwater carnivorous mammal having webbed and clawed feet and dark brown fur|
otter hound	n|hardy British hound having long pendulous ears and a thick coarse shaggy coat with an oily undercoat; bred for hunting otters|
otter shrew	n|amphibious African insectivorous mammal that resembles an otter|
otterhound	n|hardy British hound having long pendulous ears and a thick coarse shaggy coat with an oily undercoat; bred for hunting otters|
otto frisch	n|British physicist (born in Austria) who with Lise Meitner recognized that Otto Hahn had produced a new kind of nuclear reaction which they named nuclear fission; Frisch described the explosive potential of a chain nuclear reaction (1904-1979)|
otto hahn	n|German chemist who was co-discoverer with Lise Meitner of nuclear fission (1879-1968)|
otto heinrich warburg	n|German biochemist who pioneered the use of chemical techniques in biological investigations; noted for studies of cellular respiration (1883-1970)|
otto i	n|King of the Germans and Holy Roman Emperor (912-973)|
otto jespersen	n|Danish linguist (1860-1943)|
otto neumann sverdrup	n|Norwegian explorer who led expeditions into the Arctic (1855-1930)|
otto robert frisch	n|British physicist (born in Austria) who with Lise Meitner recognized that Otto Hahn had produced a new kind of nuclear reaction which they named nuclear fission; Frisch described the explosive potential of a chain nuclear reaction (1904-1979)|
otto the great	n|King of the Germans and Holy Roman Emperor (912-973)|
otto von bismarck	n|German statesman under whose leadership Germany was united (1815-1898)|
otto wagner	n|Austrian architect and pioneer of modern architecture (1841-1918)|
ottoman	adj|of or relating to the Ottoman Empire or its people or its culture|	n|a Turk (especially a Turk who is a member of the tribe of Osman I)|	n|the Turkish dynasty that ruled the Ottoman Empire from the 13th century to its dissolution after World War I|	n|thick cushion used as a seat|
ottoman dynasty	n|the Turkish dynasty that ruled the Ottoman Empire from the 13th century to its dissolution after World War I|
ottoman empire	n|a Turkish sultanate of southwestern Asia and northeastern Africa and southeastern Europe; created by the Ottoman Turks in the 13th century and lasted until the end of World War I; although initially small it expanded until it superseded the Byzantine Empire|
ottoman turk	n|a Turk (especially a Turk who is a member of the tribe of Osman I)|
ottorino respighi	n|Italian composer remembered for his symphonic poems (1879-1936)|
ottumwa	n|a town in southeast Iowa|
otus	n|a genus of Strigidae|
otus scops	n|European scops owl|
otus sunia	n|Asian scops owl|
ouachita	n|a river that rises in western Arkansas and flows southeast into eastern Louisiana to become a tributary of the Red River|
ouachita river	n|a river that rises in western Arkansas and flows southeast into eastern Louisiana to become a tributary of the Red River|
oubliette	n|a dungeon with the only entrance or exit being a trap door in the ceiling|
ouguiya	n|the basic unit of money in Mauritania|
ouija	n|a board with the alphabet on it; used with a planchette to spell out supernatural messages|
ouija board	n|a board with the alphabet on it; used with a planchette to spell out supernatural messages|
oujda	n|a city in northeastern Morocco near the Algerian border|
ounce	n|a unit of apothecary weight equal to 480 grains or one twelfth of a troy pound|	n|a unit of weight equal to one sixteenth of a pound or 16 drams or 28.349 grams|	n|large feline of upland central Asia having long thick whitish fur|
our lady's bedstraw	n|common yellow-flowered perennial bedstraw; North America and Europe and Asia|
our lady's mild thistle	n|tall Old World biennial thistle with large clasping white-blotched leaves and purple flower heads; naturalized in California and South America|
ouranopithecus	n|a genus of Hominidae|
ouranos	n|(Greek mythology) god of the heavens; son and husband of Gaea and father of the Titans in ancient mythology|
ouse	n|a river in northeastern England that flows generally southeastward to join the Trent River and form the Humber|
ouse river	n|a river in northeastern England that flows generally southeastward to join the Trent River and form the Humber|
ousel	n|common black European thrush|
oust	v|remove from a position or office|The chairman was ousted after he misappropriated funds	v|remove and replace|The word processor has ousted the typewriter
ouster	n|a person who ousts or supplants someone else|	n|a wrongful dispossession|	n|the act of ejecting someone or forcing them out|
ousting	n|the act of ejecting someone or forcing them out|
out	adj|not allowed to continue to bat or run|he was tagged out at second on a close play	adj|being out or having grown cold|threw his extinct cigarette into the stream	adj|not worth considering as a possibility|a picnic is out because of the weather	adj|out of power; especially having been unsuccessful in an election|now the Democrats are out
out and away	adv|by a considerable margin|she was by far the smartest student
out front	adv|leading or ahead in a competition|the horse was three lengths ahead going into the home stretch
out in	v|enter a harbor|the ship called in Athens
out loud	adv|using the voice; not silently|please read the passage aloud
out of	adv|motivated by|idleness is the trait of being idle out of a reluctance to work
out of bounds	n|a line that marks the side boundary of a playing field|
out of doors	adv|outside a building|in summer we play outside
out of fashion	adj|unpopular and considered unappealing or unfashionable at the time|
out of gear	adj|not having gears engaged|threw the machine's pinion out of gear
out of hand	adv|out of control|the riots got out of hand
out of it	adj|excluded from an activity or social group|	adj|unresponsive to stimulation|he lay insensible where he had fallen	adj|unaware as a result of being uninformed|
out of nothing	adv|without warning|your cousin arrived out of thin air
out of place	adj|of an inappropriate or misapplied nature|	adv|in a setting where one is or feels inappropriate or incongruous|he felt out of place in the lingerie shop
out of play	adj|(of a ball) not available to be played during a game|a ball that is out of play is dead
out of practice	adj|impaired in skill by neglect|
out of print	adj|(of books) no longer offered for sale by a publisher|that edition is out of print
out of reach	adj|inaccessibly located or situated|an unapproachable chalet high in the mountains
out of sight	adv|no longer visible|the ship disappeared behind the horizon and passed out of sight	adv|quietly in concealment|he lay doggo	adj|not accessible to view|concealed (or hidden) damage
out of stock	adj|not available for sale or use|too many items are out of stock
out of the blue	adj|not anticipated|unanticipated and disconcerting lines of development"- H.W.Glidden	adv|in a way that was not expected|her brother showed up at the wedding out of the blue
out of the ordinary	adj|exceptionally or unusually good|the food here is out of this world	adj|exceptional, unusual, or remarkable|out-of-the-way information
out of the question	adj|totally unlikely|
out of the way	adj|improper or even offensive|out-of-the-way remarks	adj|dealt with; disposed of|I'm so relieved that my midterm is out of the way	adj|exceptional, unusual, or remarkable|out-of-the-way information	adj|remote from populous or much-traveled regions|they found a quiet out-of-the-way resort
out of thin air	adv|without warning|your cousin arrived out of thin air
out of this world	adj|exceptionally or unusually good|the food here is out of this world
out of true	adj|not accurately fitted; not level|the frame was out of true
out of view	adv|no longer visible|the ship disappeared behind the horizon and passed out of sight
out of wedlock	adv|of biological parents not married to each other|this child was born illegitimately	adv|of unwed parents|he was born out of wedlock
out of whack	adj|out of balance or out of adjustment|the front wheel of my bicycle is out of whack
out of work	adj|not having a job|idle carpenters
out or keeping	adj|not in keeping with what is correct or proper|completely inappropriate behavior
out to	adj|fixed in your purpose|bent on going to the theater
out-and-out	adj|complete and without restriction or qualification; sometimes used informally as intensifiers|absolute freedom
out-and-outer	n|someone who is excellent at something|
out-basket	n|a wood or metal receptacle placed on your desk to hold your outgoing material|
out-herod	v|surpass someone in cruelty or evil|
out-migration	n|migration from a place (especially migration from your native country in order to settle in another)|
out-of-body experience	n|the dissociative experience of observing yourself from an external perspective as though your mind or soul had left and was observing your body|
out-of-bounds	adj|outside the foul lines|	adj|barred to a designated group|that area is off-limits
out-of-court settlement	n|resolution of a dispute prior to the rendering of a final decision by the trial court|
out-of-date	adj|old; no longer valid or fashionable|obsolete words
out-of-door	adj|located, suited for, or taking place in the open air|outdoor clothes
out-of-doors	n|where the air is unconfined|he wanted to get outdoors a little
out-of-pocket	adj|calling for the spending of cash|his out-of-pocket costs were $10
out-of-school	adj|not attending school and therefore free to work|opportunities for out-of-school youth
out-of-the-box thinking	n|thinking that moves away in diverging directions so as to involve a variety of aspects and which sometimes lead to novel ideas and solutions; associated with creativity|
out-of-the-way	adj|exceptional, unusual, or remarkable|out-of-the-way information	adj|improper or even offensive|out-of-the-way remarks	adj|dealt with; disposed of|I'm so relieved that my midterm is out of the way	adj|remote from populous or much-traveled regions|they found a quiet out-of-the-way resort
out-of-town	adj|happening in or being of another town or city|an out-of-town tryout
out-tray	n|a wood or metal receptacle placed on your desk to hold your outgoing material|
outage	n|the amount of something (as whiskey or oil) lost in storage or transportation|	n|a temporary suspension of operation (as of computers)|there will be a network outage from 8 to 10 a.m.
outaouais	n|a river in southeastern Canada that flows along the boundary between Quebec and Ontario to the Saint Lawrence River near Montreal|
outback	adj|inaccessible and sparsely populated|	n|the bush country of the interior of Australia|
outbalance	v|weigh more heavily|these considerations outweigh our wishes
outbid	v|bid over an opponent's bid when one's partner has not bid or doubled|	v|bid higher than others|
outboard	adj|located away from the midline of a vessel or aircraft|the outboard section of a wing	n|a motorboat with an outboard motor|	n|internal-combustion engine that mounts at stern of small boat|
outboard motor	n|internal-combustion engine that mounts at stern of small boat|
outboard motorboat	n|a motorboat with an outboard motor|
outbound	adj|that is going out or leaving|the departing train
outbrave	v|resist bravely|He outbraved the enemy	v|be braver than|
outbreak	n|a sudden violent spontaneous occurrence (usually of some undesirable condition)|the outbreak of hostilities
outbred	adj|bred of parents not closely related; having parents of different classes or tribes|
outbuilding	n|a building that is subordinate to and separate from a main building|
outburst	n|an unrestrained expression of emotion|	n|a sudden intense happening|an outburst of heavy rain	n|a sudden violent disturbance|
outcall	v|make a higher bid than (the previous bid or player); in a card game|
outcast	n|a person who is rejected (from society or home)|	adj|excluded from a society|
outcaste	adj|not belonging to or having been expelled from a caste and thus having no place or status in society|the foreigner was a casteless person	n|a person belonging to no caste|
outclass	v|cause to appear in a lower class|The Yankees outclassed Cincinnati
outclassed	adj|decisively surpassed by something else so as to appear to be of a lower class|
outcome	n|something that results|he listened for the results on the radio	n|a phenomenon that follows and is caused by some previous phenomenon|the magnetic effect was greater when the rod was lengthwise
outcrop	n|the part of a rock formation that appears above the surface of the surrounding land|	v|appear on the surface, come to the surface on the ground|Big boulders outcropped
outcropping	n|the part of a rock formation that appears above the surface of the surrounding land|
outcry	n|a loud utterance; often in protest or opposition|the speaker was interrupted by loud cries from the rear of the audience	v|shout louder than|	v|utter aloud; often with surprise, horror, or joy|`I won!' he exclaimed
outdated	adj|old; no longer valid or fashionable|obsolete words
outdistance	v|go far ahead of|He outdistanced the other runners
outdo	v|be or do something to a greater degree|her performance surpasses that of any other student I know	v|get the better of|the goal was to best the competition
outdoor	adj|located, suited for, or taking place in the open air|outdoor clothes	adj|pertaining to or concerning the outdoors or outdoor activities|outdoor education is the area of teacher training concerned with training for outdoor activities
outdoor game	n|an athletic game that is played outdoors|
outdoor man	n|someone who enjoys outdoor activities|
outdoor sport	n|a sport that is played outdoors|
outdoor stage	n|a platform where a (brass) band can play in the open air|
outdoors	adv|outside a building|in summer we play outside	n|where the air is unconfined|he wanted to get outdoors a little
outdoorsman	n|a person who spends time outdoors (e.g., hunting or fishing)|
outdoorswoman	n|a woman who spends time outdoors (e.g., hunting and fishing)|
outdoorsy	adj|characteristic of or suitable to outdoor life|a rugged outdoorsy life
outdraw	v|draw a gun faster, or best someone in a gunfight|
outer	adj|being on the outside or further from a center|spent hours adorning the outer man	adj|located outside|outer reality	adj|being on or toward the outside of the body|the outer ear
outer boundary	n|the outside boundary or surface of something|
outer ear	n|the part of the ear visible externally|
outer garment	n|a garment worn over other garments|
outer hebrides	n|a 130-mile long archipelago to the northwest of Scotland|
outer mongolia	n|a landlocked socialist republic in central Asia|
outer planet	n|(astronomy) a major planet whose orbit is outside the asteroid belt (Jupiter, Saturn, Uranus, Neptune, Pluto)|
outer space	n|any location outside the Earth's atmosphere|the astronauts walked in outer space without a tether
outercourse	n|sexual stimulation without vaginal penetration|since pregnancy cannot happen if sperm are kept out of the vagina, outercourse is one method of birth control
outermost	adj|situated at the farthest possible point from a center|
outerwear	n|clothing for use outdoors|
outface	v|overcome or cause to waver or submit by (or as if by) staring|He simply stared down his opponent
outfall	n|the outlet of a river or drain or other source of water|
outfield	n|the area of a baseball playing field beyond the lines connecting the bases|
outfielder	n|(baseball) a person who plays in the outfield|	n|a fielder in cricket who is stationed in the outfield|
outfight	v|to fight better than; get the better of|the Rangers outfought the Maple Leafs
outfit	n|any cohesive unit such as a military company|	n|a set of clothing (with accessories)|his getup was exceedingly elegant	n|gear consisting of a set of articles or tools for a specified purpose|	v|provide with (something) usually for a specific purpose|The expedition was equipped with proper clothing, food, and other necessities
outfitted	adj|furnished with essential equipment for a particular occupation or undertaking occupation|a well outfitted expedition to the South Pole	adj|equipped with appropriate wearing apparel and accessories|children properly outfitted for school
outfitter	n|someone who sells men's clothes|	n|a shop that provides equipment for some specific purpose|an outfitter provided everything needed for the safari
outfitting	n|the act of renovating and fitting out a ship|
outflank	v|go around the flank of (an opposing army)|	v|get the better of|the goal was to best the competition
outflow	n|the discharge of a fluid from some container|they tried to stop the escape of gas from the damaged pipe	n|the process of flowing out|	n|a natural flow of ground water|
outflowing	adj|that is flowing outward|
outfox	v|outdo someone in trickery|	v|beat through cleverness and wit|I beat the traffic
outgeneral	v|surpass in generalship|
outgo	n|money paid out; an amount spent|	v|be or do something to a greater degree|her performance surpasses that of any other student I know
outgoer	n|someone who leaves one country to settle in another|
outgoing	adj|leaving a place or a position|an outgoing steamship	adj|retiring from a position or office|the outgoing president	adj|at ease in talking to others|
outgrow	v|grow too large or too mature for|I have outgrown these clothes	v|grow faster than|
outgrowth	n|a natural consequence of development|	n|the gradual beginning or coming forth|figurines presage the emergence of sculpture in Greece	n|a natural prolongation or projection from a part of an organism either animal or plant|a bony process
outguess	v|attempt to anticipate or predict|
outhouse	n|a small outbuilding with a bench having holes through which a user can defecate|
outing	n|a journey taken for pleasure|many summer excursions to the shore	n|a day devoted to an outdoor social gathering|
outlander	n|a person who comes from a foreign country; someone who does not owe allegiance to your country|
outlandish	adj|conspicuously or grossly unconventional or unusual|restaurants of bizarre design--one like a hat, another like a rabbit
outlandishly	adv|in an outlandish manner|the Bavarian was outlandishly dressed in lederhosen
outlandishness	n|strikingly out of the ordinary|
outlast	v|live longer than|She outlived her husband by many years
outlaw	n|someone who has committed a crime or has been legally convicted of a crime|	adj|contrary to or forbidden by law|an illegitimate seizure of power	adj|disobedient to or defiant of law|lawless bands roaming the plains
outlawed	adj|contrary to or forbidden by law|an illegitimate seizure of power
outlawry	n|illegality as a consequence of unlawful acts; defiance of the law|
outlay	n|the act of spending or disbursing money|	n|money paid out; an amount spent|
outlet	n|a place of business for retailing goods|	n|receptacle providing a place in a wiring system where current can be taken to run electrical devices|	n|an opening that permits escape or release|he blocked the way out	n|activity that frees or expresses creative energy or emotion|she had no other outlet for her feelings
outlet box	n|(electricity) receptacle consisting of the metal box designed for connections to a wiring system|
outlier	n|a person who lives away from his place of work|	n|an extreme deviation from the mean|
outline	n|the line that appears to bound an object|	n|a sketchy summary of the main points of an argument or theory|	n|a schematic or preliminary plan|	v|describe roughly or briefly or give the main points or summary of|sketch the outline of the book
outlined	adj|showing clearly the outline or profile or boundary|hills defined against the evening sky
outlive	v|live longer than|She outlived her husband by many years
outlook	n|a habitual or characteristic mental attitude that determines how you will interpret and respond to situations|	n|belief about (or mental picture of) the future|	n|the act of looking out|
outlying	adj|relatively far from a center or middle|outlying settlements
outmaneuver	v|defeat by more skillful maneuvering|The English troops outmaneuvered the Germans
outmanoeuvre	v|defeat by more skillful maneuvering|The English troops outmaneuvered the Germans
outmarch	v|march longer distances and for a longer time than|This guy can outmarch anyone!
outmatch	v|be or do something to a greater degree|her performance surpasses that of any other student I know
outmode	v|make unfashionable, outdated, or obsolete|Modern ways of cooking have outmoded the hearth
outmoded	adj|out of fashion|a suit of rather antique appearance
outmost	adj|situated at the farthest possible point from a center|
outnumber	v|be larger in number|
outpace	v|surpass in speed|Malthus believed that population increase would outpace increases in the means of subsistence
outpatient	n|a patient who does not reside in the hospital where he is being treated|
outperform	v|be or do something to a greater degree|her performance surpasses that of any other student I know
outplay	v|excel or defeat in a game|The Knicks outplayed the Lakers
outpoint	v|sail closer to the wind than|	v|score more points than one's opponents|
outport	n|a subsidiary port built in deeper water than the original port (but usually farther from the center of trade)|
outpost	n|a station in a remote or sparsely populated location|	n|a settlement on the frontier of civilization|	n|a military post stationed at a distance from the main body of troops|
outpouring	n|a natural flow of ground water|	n|a sudden rapid flow (as of water)|he heard the flush of a toilet	n|the pouring forth of a fluid|	n|the rapid and continuous delivery of linguistic communication (spoken or written)|a barrage of questions
output	n|final product; the things produced|	n|production of a certain amount|	n|signal that comes out of an electronic system|	n|the quantity of something (as a commodity) that is created (usually within a given period of time)|production was up in the second quarter
output contract	n|a contract in which you promise to deliver your entire output to the other party who promises to accept it|
output device	n|electronic or electromechanical equipment connected to a computer and used to transfer data out of the computer in the form of text, images, sounds, or other media|
output file	n|(computer science) a computer file that contains data that are the output of a device or program|
output program	n|a utility program that organizes the output of a computer|
output routine	n|a routine that controls an output device|
output signal	n|signal that comes out of an electronic system|
output-to-input ratio	n|the output power of a transducer divided by the input power|
outrage	n|a feeling of righteous anger|	n|a wantonly cruel act|	n|a disgraceful event|	n|the act of scandalizing|
outraged	adj|angered at something unjust or wrong|an indignant denial
outrageous	adj|grossly offensive to decency or morality; causing horror|subjected to outrageous cruelty	adj|greatly exceeding bounds of reason or moderation|exorbitant rent
outrageously	adv|in a very offensive manner|he behaved outrageously	adv|to an extravagant or immoderate degree|atrociously expensive
outrageousness	n|excessive excess|	n|the quality of being outrageous|
outrange	v|have a greater range than (another gun)|
outrank	v|take precedence or surpass others in rank|
outre	adj|conspicuously or grossly unconventional or unusual|restaurants of bizarre design--one like a hat, another like a rabbit
outreach	n|the act of reaching out|the outreach toward truth of the human spirit
outride	v|hang on during a trial of endurance|ride out the storm	v|ride better, faster, or further than|The champion bicyclist outrode all his competitors
outrider	n|an escort who rides ahead (as a member of the vanguard)|
outrigged	adj|rigged with a structure projecting from or over the side of a boat for various purposes; to prevent capsizing or to support an oarlock or to help secure a mast etc|
outrigger	n|a stabilizer for a canoe; spars attach to a shaped log or float parallel to the hull|
outrigger canoe	n|a seagoing canoe (as in South Pacific) with an outrigger to prevent it from upsetting|
outright	adj|without reservation or exception|	adv|without restrictions or stipulations or further payments|buy outright	adv|without reservation or concealment|she asked him outright for a divorce	adv|without any delay|he was killed outright
outrival	v|be more of a rival than|
outroar	v|roar louder than|
outrun	v|run faster than|in this race, I managed to outran everybody else
outsail	v|sail faster or better than|They outsailed the Roman fleet
outscore	v|score more points than one's opponents|
outsell	v|be sold more often than other, similar products|The new Toyota outsells the Honda by a wide margin	v|sell more than others|This salesman outsells his colleagues
outset	n|the time at which something is supposed to begin|they got an early start
outshine	v|shine brighter than|What star outshines the sun?	v|attract more attention and praise than others|This film outshone all the others in quality
outshout	v|shout louder than|
outside	adj|relating to or being on or near the outer side or limit|an outside margin	adj|coming from the outside|extraneous light in the camera spoiled the photograph	adj|originating or belonging beyond some bounds|the outside world	adj|located, suited for, or taking place in the open air|outdoor clothes
outside caliper	n|caliper for measuring outside dimensions; points on its legs curve inward|
outside clinch	n|a clinch with the end of the line outside the loop|
outside door	n|a doorway that allows entrance to or exit from a building|
outside loop	n|a loop consisting of a dive followed by inverted flight followed by a climb that returns to horizontal flight|
outside marriage	adv|of unwed parents|he was born out of wedlock
outside mirror	n|car mirror that reflects the view at side and behind car|
outsider	n|someone who is excluded from or is not a member of a group|	n|a contestant (human or animal) not considered to have a good chance to win|
outsider art	n|a genre of art and outdoor constructions made by untrained artists who do not recognize themselves as artists|
outsize	adj|larger than normal for its kind|	n|an unusual garment size (especially one that is very large)|
outsized	adj|larger than normal for its kind|
outskirt	n|a part of the city far removed from the center|they built a factory on the outskirts of the city
outskirts	n|outlying areas (as of a city or town)|they lived on the outskirts of Houston
outsmart	v|beat through cleverness and wit|I beat the traffic	v|defeat by more skillful maneuvering|The English troops outmaneuvered the Germans
outsole	n|the outer sole of a shoe or boot that is the bottom of the shoe and makes contact with the ground|
outsource	v|obtain goods or services from an outside supplier; to contract work out|Many companies outsource and hire consultants in order to maintain a flexible workforce
outspan	v|remove the yoke or harness from|outspan the draft animals
outspoken	adj|given to expressing yourself freely or insistently|outspoken in their opposition to segregation	adj|characterized by directness in manner or speech; without subtlety or evasion|blunt talking and straight shooting
outspokenly	adv|in an outspoken manner|he was outspokenly critical of the Government's new social policy
outspokenness	n|the trait of being blunt and outspoken|
outspread	adj|fully extended in width|outspread wings
outstanding	adj|distinguished from others in excellence|did outstanding work in human relations	adj|having a quality that thrusts itself into attention|an outstanding fact of our time is that nations poisoned by anti semitism proved less fortunate in regard to their own freedom	adj|owed as a debt|outstanding bills	adj|of major significance or importance|a great work of art
outstandingly	adv|in an outstanding manner or to an outstanding degree|she was outstandingly successful in her profession
outstare	v|overcome or cause to waver or submit by (or as if by) staring|He simply stared down his opponent
outstation	n|a station in a remote or sparsely populated location|
outstay	v|stay too long|overstay or outstay one's welcome	v|surpass in staying power|They outstayed their competitors
outstretched	adj|fully extended especially in length|a kitten with one paw outstretched
outstrip	v|be or do something to a greater degree|her performance surpasses that of any other student I know	v|go far ahead of|He outdistanced the other runners
outstroke	n|the stroke of an engine piston moving toward the crankshaft|
outtake	n|a scene that is filmed but is not used in the final editing of the film|
outthrust	n|an outcropping of rock that extends outward|
outturn	n|what is produced in a given time period|
outvie	v|be more of a rival than|
outvote	v|defeat by a majority of votes|The Democrats outvoted the Republicans
outward	adj|relating to physical reality rather than with thoughts or the mind|a concern with outward beauty rather than with inward reflections	adj|that is going out or leaving|the departing train	adv|toward the outside|move the needle further outward!
outward-bound	adj|that is going out or leaving|the departing train
outward-developing	adj|away from an axis, as in a flower cluster in which the oldest flowers are in the center, the youngest near the edge|
outward-moving	adj|moving or directed away from center, especially when spinning or traveling in a curve|
outwardly	adv|with respect to the outside|outwardly, the figure is smooth	adv|in outward appearance|outwardly, she appeared composed
outwardness	n|concern with outward things or material objects as opposed to the mind and spirit|what is the origin of the outwardness of our sensations of sound, smell, or taste	n|the quality or state of being outside or directed toward or relating to the outside or exterior|the outwardness of the world	n|a concern with or responsiveness to outward things (especially material objects as opposed to ideal concepts)|hearty showmanship and all-round outwardness
outwards	adv|toward the outside|move the needle further outward!
outwear	v|last longer than others|This material outwears all others	v|exhaust or get tired through overuse or great strain or stress|We wore ourselves out on this hike
outweigh	v|be heavier than|	v|weigh more heavily|these considerations outweigh our wishes
outwit	v|beat through cleverness and wit|I beat the traffic
outwork	n|subsidiary defensive structure lying outside the main fortified area|the outworks of the castle
ouzel	n|common black European thrush|
ouzo	n|a Greek liquor flavored with anise|
ov	n|a terrorist group of Protestants who oppose any political settlement with Irish nationalists; a paramilitary group that attacks Catholic interests in Northern Ireland|
oval	adj|rounded like an egg|	n|a closed plane curve resulting from the intersection of a circular cone and a plane cutting completely through it|the sums of the distances from the foci to any point on an ellipse is constant
oval kumquat	n|shrub bearing oval-fruited kumquats|
oval window	n|fenestra that has the base of the stapes attached to it|
oval-bodied	adj|having an oval body|
oval-fruited	adj|bearing oval fruit|
oval-shaped	adj|rounded like an egg|
ovalbumin	n|the white part of an egg; the nutritive and protective gelatinous substance surrounding the yolk consisting mainly of albumin dissolved in water|she separated the whites from the yolks of several eggs
ovalipes	n|a genus of Portunidae|
ovarian	adj|of or involving the ovaries|ovarian cancer
ovarian artery	n|the artery that branches from the aorta and supplies blood to the ovaries|
ovarian cyst	n|a cystic tumor (usually benign) of the ovary|
ovarian pregnancy	n|ectopic pregnancy in the ovary|
ovarian vein	n|one of the veins that drain the ovaries; the right opens into the inferior vena cava; the left opens into the left renal vein|
ovariectomy	n|surgical removal of one of both ovaries|
ovaritis	n|inflammation of the ovaries|
ovary	n|the organ that bears the ovules of a flower|	n|(vertebrates) one of usually two organs that produce ova and secrete estrogen and progesterone|
ovate	adj|of a leaf shape; egg-shaped with the broader end at the base|	adj|rounded like an egg|
ovate leaf	n|an egg-shaped leaf with the broader end at the base|
ovation	n|enthusiastic recognition (especially one accompanied by loud applause)|
oven	n|kitchen appliance used for baking or roasting|
oven broil	v|cook under a broiler|broil fish
oven stuffer	n|a brand name for a roasting chicken|
oven stuffer roaster	n|a brand name for a roasting chicken|
oven thermometer	n|a thermometer that registers the temperature inside an oven|
oven-ready	adj|prepared before sale and ready to be cooked|
oven-shaped	adj|shaped like an oven|
ovenbake	v|bake in an oven|ovenbake this chicken
ovenware	n|heat-resistant dishware in which food can be cooked as well as served|
over	adv|at or to a point across intervening space etc.|come over and see us some time	adv|throughout an area|he is known the world over	adv|throughout a period of time|stay over the weekend	adv|beyond the top or upper surface or edge; forward from an upright position|a roof that hangs over
over again	adv|anew|she tried again
over and over	adv|repeatedly|the unknown word turned up over and over again in the text
over and over again	adv|repeatedly|the unknown word turned up over and over again in the text
over here	adv|in a specified area or place|you shouldn't be up here
over the counter security	n|a security traded in the over-the-counter market|
over the counter stock	n|stock that is not listed and traded on an organized exchange|
over-correct	v|make excessive corrections for fear of making an error|
over-crowding	n|excessive crowding|traffic congestion
over-embellished	adj|excessively elaborate or showily expressed|a writer of empurpled literature
over-refine	v|refine too much or with excess of subtlety|He is overrefining this matter
over-the-counter	adj|purchasable without a doctor's prescription|nonprescription drugs	adj|(of securities) not traded on a stock exchange|over-the-counter stocks
over-the-counter drug	n|a drug that is sold without a prescription|
over-the-counter market	n|a stock exchange where securities transactions are made via telephone and computer rather than on the floor of an exchange|
over-the-counter medicine	n|a drug that is sold without a prescription|
over-the-hill	adj|too old to be useful|He left the house...for the support of twelve superannuated wool carders"- Anthony Trollope
over-the-shoulder bombing	n|a special case of loft bombing in which the bomb is released past the vertical so it is tossed back to the target|
over-the-top	adj|far more than usual or expected|an extraordinary desire for approval
overabundance	n|the state of being more than full|	n|a quantity that is more than what is appropriate|four-year-olds have an overabundance of energy
overabundant	adj|excessively abundant|
overachieve	v|perform better or achieve a greater degree of success than expected|His daughter always overachieves
overachievement	n|better than expected performance (better than might have been predicted from intelligence tests)|
overachiever	n|a student who attains higher standards than the IQ indicated|
overact	v|exaggerate one's acting|
overacting	n|poor acting by a ham actor|
overactive	adj|more active than normal|a hyperactive child
overactivity	n|excessive activity|overactivity of the sebaceous glands causes the skin to become oily
overage	adj|too old to be useful|He left the house...for the support of twelve superannuated wool carders"- Anthony Trollope	n|a surplus or excess of money or merchandise that is actually on hand and that exceeds expectations|
overaged	adj|too old to be useful|He left the house...for the support of twelve superannuated wool carders"- Anthony Trollope
overall	adj|involving only main features|the overall pattern of his life	adj|including everything|the overall cost	n|(usually plural) work clothing consisting of denim trousers (usually with a bib and shoulder straps)|	n|a loose protective coverall or smock worn over ordinary clothing for dirty work|
overambitious	adj|excessively ambitious|
overanxiety	n|excessive anxiety|
overanxious	adj|anxious or nervous to an excessive degree|
overappraisal	n|an appraisal that is too high|
overarch	v|be central or dominant|This scene overarches the entire first act	v|form an arch over|Big rocks overarch the stream
overarm	adj|with hand brought forward and down from above shoulder level|an overhand pitch
overawe	v|subdue, restrain, or overcome by affecting with a feeling of awe; frighten (as with threats)|
overawed	adj|overcome by a feeling of awe|
overbalance	v|weigh more heavily|these considerations outweigh our wishes	v|cause to be off balance|It is not desirable to overbalance the budget
overbear	v|overcome|overbear criticism, protest, or arguments	v|bear too much|	v|contract the abdominal muscles during childbirth to ease delivery|
overbearing	adj|expecting unquestioning obedience|the timid child of authoritarian parents	adj|having or showing arrogant superiority to and disdain of those one views as unworthy|some economists are disdainful of their colleagues in other social disciplines
overbearingly	adv|in an overbearing manner|
overbearingness	n|the trait of being imperious and overbearing|
overbid	n|a bid that is higher than preceding bids|	n|(bridge) a bid that is higher than your opponent's bid (especially when your partner has not bid at all and your bid exceeds the value of your hand)|	v|to bid for more tricks than one can expect to win,|	v|bid more than the object is worth|
overbite	n|(dentistry) malocclusion in which the upper teeth extend abnormally far over the lower teeth|
overblown	adj|puffed up with vanity|a grandiloquent and boastful manner	adj|past the stage of full bloom|overblown roses
overboard	adv|to extremes|he went overboard to please his in-laws	adv|from on board a vessel into the water|they dropped their garbage overboard
overboil	v|overflow or cause to overflow while boiling|The milk is boiling over	v|boil excessively|The peas are overboiled
overbold	adj|improperly forward or bold|don't be fresh with me
overburden	v|burden with too much work or responsibility|	v|load with excessive weight|	n|the surface soil that must be moved away to get at coal seams and mineral deposits|	n|an excessive burden|
overburdened	adj|heavily burdened with work or cares|bowed down with troubles
overbusy	adj|too busy|
overcall	n|(bridge) a bid that is higher than your opponent's bid (especially when your partner has not bid at all and your bid exceeds the value of your hand)|
overcapitalisation	n|(business) too much capitalization (the sale of more stock than the business warrants)|
overcapitalise	v|estimate the capital value of (a company) at an unreasonably or unlawfully high level|	v|overestimate the market value of|overcapitalize a property	v|capitalize beyond what the business or the profit-making prospects warrant|
overcapitalization	n|(business) too much capitalization (the sale of more stock than the business warrants)|
overcapitalize	v|estimate the capital value of (a company) at an unreasonably or unlawfully high level|	v|overestimate the market value of|overcapitalize a property	v|capitalize beyond what the business or the profit-making prospects warrant|
overcareful	adj|excessively or unduly careful|
overcast	adj|filled or abounding with clouds|	n|the state of the sky when it is covered by clouds|	n|gloomy semidarkness caused by cloud cover|	n|a long whipstitch or overhand stitch overlying an edge to prevent raveling|
overcasting	n|a long whipstitch or overhand stitch overlying an edge to prevent raveling|
overcautious	adj|unnecessarily cautious|sometimes it doesn't pay to be overcautious in business
overcharge	n|a price that is too high|	v|rip off; ask an unreasonable price|	v|place too much a load on|don't overload the car
overclothe	v|dress too warmly|You should not overclothe the child--she will be too hot
overclothes	n|clothing for use outdoors|
overcloud	v|become covered with clouds|The sky clouded over	v|make obscure or unclear|The distinction was obscured
overcoat	n|a heavy coat worn over clothes in winter|	n|an additional protective coating (as of paint or varnish)|
overcoating	n|an additional protective coating (as of paint or varnish)|
overcome	v|win a victory over|You must overcome all difficulties	v|get on top of; deal with successfully|He overcame his shyness	v|overcome, as with emotions or perceptual stimuli|	v|overcome, usually through no fault or weakness of the person that is overcome|Heart disease can get the best of us
overcomer	n|someone who overcomes and establishes ascendancy and control by force or persuasion|
overcompensate	v|make up for shortcomings or a feeling of inferiority by exaggerating good qualities|he is compensating for being a bad father	v|make excessive corrections for fear of making an error|
overcompensation	n|(psychiatry) an attempt to overcome a real or imagined defect or unwanted trait by overly exaggerating its opposite|	n|excessive compensation|
overconfidence	n|total certainty or greater certainty than circumstances warrant|
overconfident	adj|marked by excessive confidence|an arrogant and cocksure materialist
overcook	v|cook too long|The vegetables were completely overcooked
overcredulity	n|too much credulity|
overcredulous	adj|too credulous for your own good|
overcritical	adj|inclined to judge too severely|hypercritical of colloquial speech
overcrop	v|to exhaust by excessive cultivation|the farmers overcropped the land
overcrossing	n|a bridge designed for pedestrians|
overcrowd	v|cause to crowd together too much|The students overcrowded the cafeteria	v|crowd together too much|
overcultivate	v|to exhaust by excessive cultivation|the farmers overcropped the land
overcurious	adj|showing excessive curiosity|
overdelicate	adj|extremely delicate|an overdelicate digestive system
overdo	v|do something to an excessive degree|He overdid it last night when he did 100 pushups
overdone	adj|represented as greater than is true or reasonable|an exaggerated opinion of oneself	adj|cooked too long but still edible|
overdose	v|dose too heavily|The rock star overdosed and was found dead in his hotel room
overdraft	n|a draft in excess of the credit balance|
overdraft credit	n|credit provided by a bank in honoring a customer's overdrafts|
overdramatise	v|present in an overly dramatic manner|She is overdramatizing her child's failure in the physics class
overdramatize	v|present in an overly dramatic manner|She is overdramatizing her child's failure in the physics class
overdraw	v|draw more money from than is available|She overdrew her account	v|to enlarge beyond bounds or the truth|tended to romanticize and exaggerate this `gracious Old South' imagery
overdress	v|dress too warmly|You should not overclothe the child--she will be too hot	v|put on special clothes to appear particularly appealing and attractive|She never dresses up, even when she goes to the opera
overdressed	adj|dressed too elaborately|
overdrive	v|drive or work too hard|The teacher is overworking his students	v|make use of too often or too extensively|	n|the state of high or excessive activity or productivity or concentration|Troops are ready to go into overdrive as soon as the signal is given	n|a high gear used at high speeds to maintain the driving speed with less output power|
overdue	adj|past due; not paid at the scheduled time|an overdue installment
overeager	adj|excessively eager|overeager in his pursuit of the girl
overeat	v|overeat or eat immodestly; make a pig of oneself|She stuffed herself at the dinner
overeating	n|eating to excess (personified as one of the deadly sins)|
overemotional	adj|excessively or abnormally emotional|
overemphasis	n|too much emphasis|
overemphasise	v|place special or excessive emphasis on|I cannot overemphasize the importance of this book
overemphasize	v|place special or excessive emphasis on|I cannot overemphasize the importance of this book
overenthusiastic	adj|unduly enthusiastic|
overestimate	v|make too high an estimate of|He overestimated his own powers	v|assign too high a value to|You are overestimating the value of your old car	n|an appraisal that is too high|	n|a calculation that results in an estimate that is too high|
overestimation	n|an appraisal that is too high|	n|a calculation that results in an estimate that is too high|
overexcited	adj|unduly excited|
overexert	v|exert (oneself) excessively and go beyond one's strength|don't overexert yourself when exercising!
overexert oneself	v|strain oneself more than is healthy|
overexertion	n|excessive exertion; so much exertion that discomfort or injury results|
overexploit	v|exploit excessively|We should not overexploit our natural resources
overexploitation	n|exploitation to the point of diminishing returns|
overexpose	v|expose to too much light|the photographic film was overexposed and there is no image	v|expose excessively|As a child, I was overexposed to French movies
overexposure	n|the act of exposing film to too much light or for too long a time|	n|the act of exposing someone excessively to an influencing experience|an overexposure to violence on television
overextend	v|strain excessively|He overextended himself when he accepted the additional assignment
overfamiliar	adj|taking undue liberties|young women disliked the overfamiliar tone he took with them
overfatigue	v|tire excessively|
overfed	adj|too well nourished|
overfeed	v|feed excessively|
overfeeding	n|excessive feeding|
overfill	v|fill beyond capacity|overfill the baskets
overflight	n|a flight by an aircraft over a particular area (especially over an area in foreign territory)|
overflow	n|a large flow|	n|the occurrence of surplus liquid (as water) exceeding the limit or capacity|	v|flow or run over (a limit or brim)|	v|overflow with a certain feeling|The children bubbled over with joy
overflow incontinence	n|urinary incontinence that occurs when the bladder is so full that it continually leaks urine; often attributable to a blocked urethra (e.g., due to prostate enlargement) or weak bladder muscles or nerve damage|
overflowing	adj|covered with water|the main deck was afloat (or awash)
overfly	v|fly over|The plane passed over Damascus
overfond	adj|excessively fond|
overfull	adj|exceeding demand|a glutted market
overgarment	n|a garment worn over other garments|
overgeneralise	v|draw too general a conclusion|It is dangerous to overgeneralize
overgeneralize	v|draw too general a conclusion|It is dangerous to overgeneralize
overgenerous	adj|very generous|distributed gifts with a lavish hand
overgorge	v|overeat or eat immodestly; make a pig of oneself|She stuffed herself at the dinner
overgreedy	adj|excessively gluttonous|
overgrow	v|grow too large|	v|become overgrown|The patio overgrew with ivy	v|grow beyond or across|The ivy overgrew the patio
overgrown	adj|covered with growing plants|	adj|abounding in usually unwanted vegetation|
overgrowth	n|excessive size; usually caused by excessive secretion of growth hormone from the pituitary gland|	n|a profusion of growth on or over something else|
overhand	adj|with hand brought forward and down from above shoulder level|an overhand pitch	adj|sewn together with overhand stitches (close vertical stitches that pass over and draw the two edges together)|
overhand knot	n|a simple small knot (often used as part of other knots)|
overhand pitch	n|a baseball pitch in which the hand moves above the shoulder|
overhand stitch	n|a stitch passing over an edge vertically|
overhanded	adj|with hand brought forward and down from above shoulder level|an overhand pitch
overhang	n|projection that extends beyond or hangs over something else|	v|project over|	v|be suspended over or hang over|This huge rock beetles over the edge of the town
overhasty	adj|done with very great haste and without due deliberation|hasty marriage seldom proveth well"- Shakespeare
overhaul	v|travel past|The sports car passed all the trucks	v|make repairs, renovations, revisions or adjustments to|You should overhaul your car engine	n|periodic maintenance on a car or machine|it was time for an overhaul on the tractor	n|the act of improving by renewing and restoring|they are pursuing a general program of renovation to the entire property
overhead	adv|above your head; in the sky|planes were flying overhead	adv|above the head; over the head|bring the legs together overhead	adj|located or originating from above|an overhead crossing	n|the expense of maintaining property (e.g., paying property taxes and utilities and insurance); it does not include depreciation or the cost of financing or income taxes|
overhead projector	n|a projector operated by a speaker; projects the image over the speaker's head|
overhead railway	n|a railway that is powered by electricity and that runs on a track that is raised above the street level|
overhear	v|hear, usually without the knowledge of the speakers|We overheard the conversation at the next table
overheat	v|get excessively and undesirably hot|The car engines overheated	v|make excessively or undesirably hot|The room was overheated
overheated	adj|heated beyond a safe or desirable point|the child became overheated
overheating	n|excessive heating|
overindulge	v|overeat or eat immodestly; make a pig of oneself|She stuffed herself at the dinner
overindulgence	n|excessive indulgence|the child was spoiled by overindulgence
overindulgent	adj|excessively indulgent|
overjealous	adj|suspicious or unduly suspicious or fearful of being displaced by a rival|a jealous lover
overjoy	v|cause to feel extremely joyful or happy|the economic growth overjoyed the German industry
overjoyed	adj|extremely joyful|
overkill	n|the capability to obliterate a target with more weapons (especially nuclear weapons) than are required|	n|any effort that seems to go farther than would be necessary to achieve its goal|
overladen	adj|loaded past capacity|
overland	adj|traveling or passing over land|an overland journey
overlap	v|coincide partially or wholly|Our vacations overlap	v|extend over and cover a part of|The roofs of the houses overlap in this crowded city	n|a representation of common ground between theories or phenomena|there was no overlap between their proposals	n|the property of partial coincidence in time|
overlapping	n|covering with a design in which one element covers a part of another (as with tiles or shingles)|
overlarge	adj|excessively large|
overlay	v|put something on top of something else|cover the meat with a lot of gravy	v|kill by lying on|The sow overlay her piglets	n|protective covering consisting, for example, of a layer of boards applied to the studs and joists of a building to strengthen it and serve as a foundation for a weatherproof exterior|	n|a layer of decorative material (such as gold leaf or wood veneer) applied over a surface|
overlayer	n|protective covering consisting, for example, of a layer of boards applied to the studs and joists of a building to strengthen it and serve as a foundation for a weatherproof exterior|
overleaf	adv|on or to the other side of a page|data tabulated overleaf
overleap	v|defeat (oneself) by going too far|	v|jump across or leap over (an obstacle)|	v|leave undone or leave out|How could I miss that typo?
overlie	v|lie upon; lie on top of|the granite overlies the older rocks	v|kill by lying on|The sow overlay her piglets
overlip	n|the upper lip|
overload	v|become overloaded|The aerator overloaded	v|fill to excess so that function is impaired|Fear clogged her mind	v|place too much a load on|don't overload the car	n|an electrical load that exceeds the available electrical power|
overloaded	adj|loaded past capacity|
overlook	v|look past, fail to notice|	v|be oriented in a certain direction|The house looks out on a tennis court	v|leave undone or leave out|How could I miss that typo?	v|look down on|The villa dominates the town
overlooked	adj|not taken into account|his retirement was not allowed to go unmarked
overlooking	adj|used of a height or viewpoint|a commanding view of the ocean
overlord	n|a person who has general authority over others|
overlordship	n|the position of overlord|
overly	adv|to a degree exceeding normal or proper limits|too big
overlying	adj|placed on or over something else|an overlying image
overmantel	n|a shelf over a mantelpiece|
overmaster	v|overcome by superior force|
overmodest	adj|affectedly modest or shy especially in a playful or provocative way|
overmuch	adj|very great in quantity; overabundant|showed overmuch affection	adv|more than necessary|she eats too much	n|a quantity that is more than what is appropriate|four-year-olds have an overabundance of energy
overmuchness	n|a quantity that is more than what is appropriate|four-year-olds have an overabundance of energy
overnice	adj|excessively fastidious and easily disgusted|too nice about his food to take to camp cooking
overnight	adj|lasting, open, or operating through the whole night|a nightlong vigil	adv|during or for the length of one night|the fish marinates overnight	adv|happening in a short time or with great speed|these solutions cannot be found overnight!
overnight bag	n|a small traveling bag to carry clothing and accessories for staying overnight|
overnight case	n|a small traveling bag to carry clothing and accessories for staying overnight|
overnighter	n|a guest who stays overnight|	n|a small traveling bag to carry clothing and accessories for staying overnight|
overpass	n|bridge formed by the upper level of a crossing of two highways at different levels|
overpay	v|pay too much|
overpayment	n|a payment larger than needed or expected|	n|the act of paying too much|
overplay	v|exaggerate one's acting|
overplus	n|extreme excess|an embarrassment of riches
overpopulate	v|cause to have too great a population|Some towns in New Jersey are becoming overpopulated
overpopulation	n|too much population|
overpower	v|overcome by superior force|	v|overcome, as with emotions or perceptual stimuli|
overpowering	adj|so strong as to be irresistible|an overpowering need for solitude
overpoweringly	adv|incapable of being resisted|the candy looked overwhelmingly desirable to the dieting man
overpraise	v|praise excessively|
overpressure	n|a transient air pressure greater than the surrounding atmospheric pressure|the overpressure of the blast kills by lethal concussion
overprice	v|price excessively high|
overpriced	adj|too costly for the value|overpriced items at resort shops
overprint	n|something added by overprinting|	v|print (additional text or colors) onto an already imprinted paper|
overproduce	v|produce in excess; produce more than needed or wanted|	v|produce in excess|The country overproduces cars
overproduction	n|too much production or more than expected|
overprotect	v|care for like a mother|She fusses over her husband	v|protect excessively|Don't overprotect your son--he is an adult now!
overprotection	n|excessive protection|
overprotective	adj|overly protective|overprotective parents
overproud	adj|excessively proud|
overrate	v|make too high an estimate of|He overestimated his own powers
overrating	n|a calculation that results in an estimate that is too high|
overreach	v|fail by aiming too high or trying too hard|	v|beat through cleverness and wit|I beat the traffic
overreaching	adj|revealing excessive self-confidence; reaching for the heights|vaulting ambition
overreact	v|show an exaggerated response to something|Don't overreact to the bad news--take it easy
overreaction	n|an excessive reaction; a reaction with inappropriate emotional behavior|
overreckoning	n|a calculation that results in an estimate that is too high|
overrefine	v|refine too much or with excess of subtlety|He is overrefining this matter
overrefined	adj|excessively delicate or refined|
overrefinement	n|the act of distorting something so it seems to mean something it was not intended to mean|
override	v|rule against|The Republicans were overruled when the House voted on the bill	v|prevail over|health considerations override financial concerns	v|counteract the normal operation of (an automatic gear shift in a vehicle)|	v|ride (a horse) too hard|
overriding	adj|having superior power and influence|the predominant mood among policy-makers is optimism
overripe	adj|too ripe and beginning to turn soft|
overrule	v|rule against|The Republicans were overruled when the House voted on the bill
overrun	v|invade in great numbers|the roaches infested our kitchen	v|occupy in large numbers or live on a host|the Kudzu plant infests much of the South and is spreading to the North	v|flow or run over (a limit or brim)|	v|seize the position of and defeat|the Crusaders overran much of the Holy Land
oversea	adj|being or passing over or across the sea|some overseas trade in grain arose	adv|beyond or across the sea|He lived overseas for many years
overseas	adv|beyond or across the sea|He lived overseas for many years	adv|in a place across an ocean|	adj|in a foreign country|markets abroad	adj|being or passing over or across the sea|some overseas trade in grain arose
overseas cap	n|a wedge-shaped wool or cotton cap; worn as part of a uniform|
overseas telegram	n|a telegram sent abroad|
oversee	v|watch and direct|Who is overseeing this project?
overseer	n|a person who directs and manages an organization|
oversensitive	adj|unduly sensitive or thin-skinned|
oversensitiveness	n|sensitivity leading to easy irritation or upset|
overserious	adj|excessively serious|
oversew	v|sew (two edges) with close stitches that pass over them both|
oversewn	adj|sewn together with overhand stitches (close vertical stitches that pass over and draw the two edges together)|
oversexed	adj|having excessive sexual desire or appeal|
overshadow	v|be greater in significance than|the tragedy overshadowed the couple's happiness	v|make appear small by comparison|This year's debt dwarfs that of last year	v|cast a shadow upon|The tall tree overshadowed the house
overshielding	n|excessive protection|
overshoe	n|footwear that protects your shoes from water or snow or cold|
overshoot	v|shoot beyond or over (a target)|	v|aim too high|The plan overshoots its aim	n|an approach that fails and gives way to another attempt|
overshot	adj|having an upper part projecting beyond the lower|an overshot jaw
overside	adv|over the side of a boat|Willie eased himself overside into the sea
oversight	n|an unintentional omission resulting from failure to notice something|	n|management by overseeing the performance or operation of a person or group|	n|a mistake resulting from inattention|
oversimplification	n|an act of excessive simplification; the act of making something seem simpler than it really is|	n|a simplification that goes too far (to the point of misrepresentation)|
oversimplify	v|simplify to an excessive degree|Don't oversimplify the problem	v|make too simple|Don't oversimplify the instructions
oversize	adj|larger than normal for its kind|
oversized	adj|larger than normal for its kind|
overskirt	n|an outer skirt worn over another skirt|
oversleep	v|sleep longer than intended|
oversolicitous	adj|excessively solicitous|
overspecialise	v|become overly specialized|She overspecialized when she concentrated on verbs in Fijian
overspecialize	v|become overly specialized|She overspecialized when she concentrated on verbs in Fijian
overspend	v|spend more than available of (a budget)|	v|spend at a high rate|
overspill	n|the relocation of people from overcrowded cities; they are accommodated in new houses or apartments in smaller towns|	n|the occurrence of surplus liquid (as water) exceeding the limit or capacity|
overspread	v|spread across or over|A big oil spot spread across the water
overstate	v|to enlarge beyond bounds or the truth|tended to romanticize and exaggerate this `gracious Old South' imagery
overstated	adj|represented as greater than is true or reasonable|an exaggerated opinion of oneself
overstatement	n|making to seem more important than it really is|
overstay	v|stay too long|overstay or outstay one's welcome
overstep	v|pass beyond (limits or boundaries)|	v|be superior or better than some standard|She exceeded our expectations
overstock	v|stock excessively|
overstrain	v|strain excessively|He overextended himself when he accepted the additional assignment	n|too much strain|
overstress	v|place special or excessive emphasis on|I cannot overemphasize the importance of this book
overstretch	v|strain abnormally|I pulled a muscle in my leg when I jumped up
overstrung	adj|being in a tense state|	adj|too tightly strung|an overstrung archery bow
overstuff	v|stuff too much|The pillow was overstuffed
overstuffed	adj|upholstered thickly and deeply|an overstuffed sofa
overstuffed chair	n|a comfortable upholstered armchair|
oversubscribed	adj|sold in excess of available supply especially season tickets|the opera season was oversubscribed
oversupply	n|the quality of being so overabundant that prices fall|	v|supply with an excess of|flood the market with tennis shoes
oversuspicious	adj|unduly suspicious|
overt	adj|open and observable; not secret or hidden|an overt lie
overt operation	n|the collection of intelligence openly without concealment|
overtake	v|catch up with and possibly overtake|The Rolls Royce caught us near the exit ramp	v|travel past|The sports car passed all the trucks	v|overcome, as with emotions or perceptual stimuli|
overtaking	n|going by something that is moving in order to get in front of it|she drove but well but her reckless passing of every car on the road frightened me
overtax	v|tax excessively|Don't overtax my constituents!
overthrow	n|the termination of a ruler or institution (especially by force)|	n|the act of disturbing the mind or body|his carelessness could have caused an ecological upset	v|cause the downfall of; of rulers|The Czar was overthrown	v|rule against|The Republicans were overruled when the House voted on the bill
overthrust fault	n|a geological fault in which the upper side appears to have been pushed upward by compression|
overtime	n|work done in addition to regular working hours|	n|playing time beyond regulation, to break a tie|	adv|beyond the regular time|she often has to work overtime
overtime period	n|a period of overtime play to resolve a tie; e.g. basketball|
overtire	v|tire excessively|
overtly	adv|in an overt manner|he did it overtly
overtolerance	n|too much permissiveness|
overtone	n|(usually plural) an ulterior implicit meaning or quality|overtones of despair	n|a harmonic with a frequency that is a multiple of the fundamental frequency|
overtop	v|look down on|The villa dominates the town
overtrump	v|play a trump higher than (one previously played) to the trick|
overture	n|orchestral music played at the beginning of an opera or oratorio|	n|something that serves as a preceding event or introduces what follows|training is a necessary preliminary to employment	n|a tentative suggestion designed to elicit the reactions of others|she rejected his advances
overturn	v|turn from an upright or normal position|The big vase overturned	v|cause to overturn from an upright or normal position|The cat knocked over the flower vase	v|rule against|The Republicans were overruled when the House voted on the bill	v|cause the downfall of; of rulers|The Czar was overthrown
overturned	adj|having been turned so that the bottom is no longer the bottom|an overturned car
overuse	n|exploitation to the point of diminishing returns|	v|make use of too often or too extensively|
overutilisation	n|exploitation to the point of diminishing returns|
overutilization	n|exploitation to the point of diminishing returns|
overvaliant	adj|having or showing undue valor or boldness|a foolish overvaliant act
overvaluation	n|an appraisal that is too high|	n|too high a value or price assigned to something|
overvalue	v|assign too high a value to|You are overestimating the value of your old car
overview	n|a general summary of a subject|the treasurer gave a brief overview of the financial consequences
overweary	v|tire excessively|
overweening	adj|unrestrained, especially with regard to feelings|extravagant praise	adj|presumptuously arrogant|had a witty but overweening manner
overweight	adj|usually describes a large person who is fat but has a large frame to carry it|	n|the property of excessive fatness|
overwhelm	v|overcome, as with emotions or perceptual stimuli|	v|charge someone with too many tasks|	v|cover completely or make imperceptible|I was drowned in work	v|overcome by superior force|
overwhelming	adj|so strong as to be irresistible|an overpowering need for solitude	adj|very strong; urgently felt|politics is his consuming passion
overwhelmingly	adv|incapable of being resisted|the candy looked overwhelmingly desirable to the dieting man
overwinter	v|spend the winter|We wintered on the Riviera
overwork	v|use too much|This play has been overworked	v|work excessively hard|he is exploiting the students	n|the act of working too much or too long|he became ill from overwork
overworking	n|the act of working too much or too long|he became ill from overwork
overwrite	v|write new data on top of existing data and thus erase the previously existing data|overwrite that file
overwrought	adj|deeply agitated especially from emotion|distraught with grief
overzealous	adj|marked by excessive enthusiasm for and intense devotion to a cause or idea|rabid isolationist
ovibos	n|consisting of the musk-ox|
ovibos moschatus	n|large shaggy-coated bovid mammal of Canada and Greenland; intermediate in size and anatomy between an ox and a sheep|
ovid	n|Roman poet remembered for his elegiac verses on love (43 BC - AD 17)|
oviduct	n|either of a pair of tubes conducting the egg from the ovary to the uterus|
oviedo	n|a city in northwestern Spain near the Cantabrian Mountains|
oviform	adj|rounded like an egg|
ovimbundu	n|an ethnic group speaking Umbundu and living in western Angola|
ovine	adj|of or pertaining to or of the nature of or characteristic of a sheep or sheep|
oviparous	adj|egg-laying|
ovipositor	n|egg-laying tubular structure at the end of the abdomen in many female insects and some fishes|
oviraptorid	n|advanced carnivorous theropod|
ovis	n|sheep|
ovis ammon	n|wild sheep of semidesert regions in central Asia|
ovis aries	n|any of various breeds raised for wool or edible meat or skin|
ovis canadensis	n|wild sheep of mountainous regions of western North America having massive curled horns|
ovis montana dalli	n|large white wild sheep of northwestern Canada and Alaska|
ovis musimon	n|wild mountain sheep of Corsica and Sardinia|
ovis poli	n|Asiatic wild sheep with exceptionally large horns; sometimes considered a variety of the argali (or Ovis ammon)|
ovis vignei	n|bearded reddish sheep of southern Asia|
ovocon	n|trade name for an oral contraceptive containing estradiol and norethindrone|
ovoflavin	n|a B vitamin that prevents skin lesions and weight loss|
ovoid	adj|rounded like an egg|	n|an egg-shaped object|
ovolo	n|a convex molding having a cross section in the form of a quarter of a circle or of an ellipse|
ovotestis	n|hermaphroditic gonad that contains both testicular and ovarian tissue|
ovoviviparous	adj|producing living young from eggs that hatch within the body|
ovral	n|trade name for an oral contraceptive containing estradiol and norgestrel|
ovrette	n|trade name for an oral contraceptive containing norgestrel|
ovular	adj|being or of the nature of an ovule|	adj|of or relating to an ovum|
ovulate	v|produce and discharge eggs|women ovulate about once every month
ovulation	n|the expulsion of an ovum from the ovary (usually midway in the menstrual cycle)|
ovulation method	n|natural family planning in which the fertile period is inferred from changes in the character and quantity of cervical mucus; ovulation is marked by an increase in mucus that becomes sticky and then clearer and slippery|
ovulation method of family planning	n|natural family planning in which the fertile period is inferred from changes in the character and quantity of cervical mucus; ovulation is marked by an increase in mucus that becomes sticky and then clearer and slippery|
ovule	n|a small body that contains the female germ cell of a plant; develops into a seed after fertilization|	n|a small or immature ovum|
ovulen	n|trade name for an oral contraceptive containing mestranol and a progestin compound|
ovum	n|the female reproductive cell; the female gamete|
owe	v|be obliged to pay or repay|	v|be indebted to, in an abstract or intellectual sense|This new theory owes much to Einstein's Relativity Theory	v|be in debt|She owes me $200
owen	n|Welsh industrialist and social reformer who founded cooperative communities (1771-1858)|	n|English comparative anatomist and paleontologist who was an opponent of Darwinism (1804-1892)|
owen glendower	n|Welsh chieftain who led a revolt against Henry IV's rule in Wales (1359-1416)|
owensboro	n|a town in northwestern Kentucky on the Ohio River; a tobacco market|
owing	adj|owed as a debt|outstanding bills
owl	n|nocturnal bird of prey with hawk-like beak and claws and large head with front-facing eyes|
owlet	n|young owl|
owlet moth	n|usually dull-colored medium-sized nocturnal moth; the usually smooth-bodied larvae are destructive agricultural pests|
owlish	adj|resembling an owl; solemn and wise in appearance|
owlishly	adv|in an owlish manner|the gentle-looking barrister peered owlishly around him
owlt	n|the elapsed time it takes for light (or radio signals) to travel between the Earth and a celestial object|
own	adj|belonging to or on behalf of a specified person (especially yourself); preceded by a possessive|for your own use	v|have ownership or possession of|He owns three houses in Florida
own goal	n|(soccer) a goal that results when a player inadvertently knocks the ball into the goal he is defending|the own goal cost them the game
own up	v|admit or acknowledge a wrongdoing or error|the writer of the anonymous letter owned up after they identified his handwriting
owned	adj|having an owner; often used in combination|state-owned railways
owner	n|(law) someone who owns (is legal possessor of) a business|he is the owner of a chain of restaurants	n|a person who owns something|they are searching for the owner of the car
owner-driver	n|a motorist who owns the car that he/she drives|
owner-occupied	adj|lived in by the owner|one owner-occupied and three rental apartments
owner-occupier	n|an occupant who owns the home that he/she lives in|
ownerless	adj|having no owner|
ownership	n|the relation of an owner to the thing possessed; possession with the right to transfer possession to others|	n|the act of having and controlling property|	n|the state or fact of being an owner|
ox	n|an adult castrated bull of the genus Bos; especially Bos taurus|	n|any of various wild bovines especially of the genera Bos or closely related Bibos|
ox-eyed	adj|having large round eyes like those of an ox|ox-eyed Juno
ox-eyed daisy	n|tall leafy-stemmed Eurasian perennial with white flowers; widely naturalized; often placed in genus Chrysanthemum|
oxacillin	n|a form of penicillin resistant to penicillinase and effective against penicillin-resistant staphylococci|
oxalacetate	n|a salt or ester of oxalacetic acid|
oxalacetic acid	n|an acid formed by oxidation of maleic acid (as in metabolism of fats and carbohydrates)|
oxalate	n|a salt or ester of oxalic acid|
oxalic	adj|of or derived from oxalic acid|
oxalic acid	n|a toxic colorless crystalline organic acid found in oxalis and other plants; used as a bleach and rust remover and in chemical analysis|
oxalidaceae	n|a family of widely distributed herbs of the order Geraniales; have compound leaves and pentamerous flowers|
oxalis	n|any plant or flower of the genus Oxalis|
oxalis acetosella	n|Eurasian plant with heart-shaped trifoliate leaves and white purple-veined flowers|
oxalis caprina	n|short-stemmed South African plant with bluish flowers|
oxalis cernua	n|South African bulbous wood sorrel with showy yellow flowers|
oxalis corniculata	n|creeping much-branched mat-forming weed; cosmopolitan|
oxalis pes-caprae	n|South African bulbous wood sorrel with showy yellow flowers|
oxalis violacea	n|perennial herb of eastern North America with palmately compound leaves and usually rose-purple flowers|
oxaloacetate	n|a salt or ester of oxalacetic acid|
oxaloacetic acid	n|an acid formed by oxidation of maleic acid (as in metabolism of fats and carbohydrates)|
oxandra	n|genus of tropical trees|
oxandra lanceolata	n|source of most of the lancewood of commerce|
oxaprozin	n|a nonsteroidal anti-inflammatory drug (trade name Daypro)|
oxazepam	n|a tranquilizing drug (trade name Serax) used to treat anxiety and insomnia and alcohol withdrawal|
oxblood red	n|a dark brownish-red color|
oxbow	n|the land inside an oxbow bend in a river|	n|a U-shaped curve in a stream|	n|a wooden framework bent in the shape of a U; its upper ends are attached to the horizontal yoke and the loop goes around the neck of an ox|
oxbow lake	n|a crescent-shaped lake (often temporary) that is formed when a meander of a river is cut off from the main channel|
oxbridge	n|general term for an ancient and prestigious and privileged university (especially Oxford University or Cambridge University)|
oxcart	n|a cart that is drawn by an ox|
oxen	n|domesticated bovine animals as a group regardless of sex or age|so many head of cattle
oxeye	n|Eurasian perennial herbs having daisylike flowers with yellow rays and dark centers|	n|an oval or round dormer window|
oxeye daisy	n|similar to oxeye daisy|	n|tall leafy-stemmed Eurasian perennial with white flowers; widely naturalized; often placed in genus Chrysanthemum|
oxford	n|a city in southern England to the northwest of London; site of Oxford University|	n|a university town in northern Mississippi; home of William Faulkner|	n|a university in England|	n|a low shoe laced over the instep|
oxford english	n|the dialect of English spoken at Oxford University and regarded by many as affected and pretentious|
oxford english dictionary	n|an unabridged dictionary constructed on historical principles|
oxford gray	n|a very dark grey color|
oxford grey	n|a very dark grey color|
oxford movement	n|19th-century movement in the Church of England opposing liberal tendencies|
oxford university	n|a university in England|
oxford-gray	adj|of a dark shade of grey|
oxford-grey	adj|of a dark shade of grey|
oxheart	n|any of several cultivated sweet cherries having sweet juicy heart-shaped fruits|	n|large heart-shaped sweet cherry with soft flesh|
oxheart cherry	n|any of several cultivated sweet cherries having sweet juicy heart-shaped fruits|	n|large heart-shaped sweet cherry with soft flesh|
oxidant	n|a substance that oxidizes another substance|
oxidase	n|any of the enzymes that catalyze biological oxidation|
oxidate	v|enter into a combination with oxygen or become converted into an oxide|This metal oxidizes easily	v|add oxygen to or combine with oxygen|
oxidation	n|the process of oxidizing; the addition of oxygen to a compound with a loss of electrons; always occurs accompanied by reduction|
oxidation number	n|the degree of oxidation of an atom or ion or molecule; for simple atoms or ions the oxidation number is equal to the ionic charge|the oxidation number of hydrogen is +1 and of oxygen is -2
oxidation state	n|the degree of oxidation of an atom or ion or molecule; for simple atoms or ions the oxidation number is equal to the ionic charge|the oxidation number of hydrogen is +1 and of oxygen is -2
oxidation-reduction	n|a reversible chemical reaction in which one reaction is an oxidation and the reverse is a reduction|
oxidation-reduction indicator	n|an indicator that shows a reversible color change between oxidized and reduced forms|
oxidative	adj|taking place in the presence of oxygen|oxidative glycolysis
oxidative phosphorylation	n|an enzymatic process in cell metabolism that synthesizes ATP from ADP|
oxide	n|any compound of oxygen with another element or a radical|
oxidisation	n|the process of oxidizing; the addition of oxygen to a compound with a loss of electrons; always occurs accompanied by reduction|
oxidise	v|add oxygen to or combine with oxygen|	v|enter into a combination with oxygen or become converted into an oxide|This metal oxidizes easily
oxidised	adj|combined with or having undergone a chemical reaction with oxygen|the oxidized form of iodine
oxidiser	n|a substance that oxidizes another substance|
oxidizable	adj|capable of undergoing a chemical reaction with oxygen|
oxidization	n|the process of oxidizing; the addition of oxygen to a compound with a loss of electrons; always occurs accompanied by reduction|
oxidize	v|enter into a combination with oxygen or become converted into an oxide|This metal oxidizes easily	v|add oxygen to or combine with oxygen|
oxidized	adj|combined with or having undergone a chemical reaction with oxygen|the oxidized form of iodine
oxidized ldl cholesterol	n|LDL cholesterol that has been bombarded by free radicals; it is thought to cause atherosclerosis|
oxidizer	n|a substance that oxidizes another substance|
oxidizing agent	n|a substance that oxidizes another substance|
oxidoreductase	n|an enzyme that catalyzes oxidation-reduction|
oxidoreduction	n|a reversible chemical reaction in which one reaction is an oxidation and the reverse is a reduction|
oxime	n|any compound containing the group -C=NOH|
oximeter	n|a measuring instrument that measures the oxygen in arterial blood|
oxlip	n|Eurasian primrose with yellow flowers clustered in a one-sided umbel|
oxonian	adj|of or pertaining to or characteristic of Oxford University|Oxonian education	adj|of or pertaining to or characteristic of the city of Oxford, England, or its inhabitants|his Oxonian neighbors	n|a native or resident of Oxford|
oxtail	n|the skinned tail of cattle; used especially for soups|
oxtail soup	n|a soup made from the skinned tail of an ox|
oxtant	n|a unit of angular distance equal to half a quadrant|
oxyacetylene	n|a mixture of oxygen and acetylene; used to create high temperatures for cutting or welding metals|
oxyacetylene torch	n|a blowtorch that burns oxyacetylene|
oxyacid	n|any acid that contains oxygen|
oxybelis	n|vine snakes|
oxybenzene	n|a toxic white soluble crystalline acidic derivative of benzene; used in manufacturing and as a disinfectant and antiseptic; poisonous if taken internally|
oxybutyric acid	n|hydroxy derivative of butyric acid|
oxycephaly	n|a congenital abnormality of the skull; the top of the skull assumes a cone shape|
oxydendrum	n|sourwood|
oxydendrum arboreum	n|deciduous shrubby tree of eastern North America having deeply fissured bark and sprays of small fragrant white flowers and sour-tasting leaves|
oxygen	n|a nonmetallic bivalent element that is normally a colorless odorless tasteless nonflammable diatomic gas; constitutes 21 percent of the atmosphere by volume; the most abundant element in the earth's crust|
oxygen acid	n|any acid that contains oxygen|
oxygen debt	n|a cumulative deficit of oxygen resulting from intense exercise; the deficit must be made up when the body returns to rest|
oxygen deficit	n|temporary oxygen shortage in cells resulting from strenuous exercise|
oxygen mask	n|a breathing device that is placed over the mouth and nose; supplies oxygen from an attached storage tank|
oxygenase	n|an oxidoreductase that catalyzes the incorporation of molecular oxygen|
oxygenate	v|impregnate, combine, or supply with oxygen|oxygenate blood
oxygenation	n|the process of providing or combining or treating with oxygen|the oxygenation of the blood
oxygenise	v|change (a compound) by increasing the proportion of the electronegative part; or change (an element or ion) from a lower to a higher positive valence: remove one or more electrons from (an atom, ion, or molecule)|	v|dehydrogenate with oxygen|	v|impregnate, combine, or supply with oxygen|oxygenate blood
oxygenize	v|change (a compound) by increasing the proportion of the electronegative part; or change (an element or ion) from a lower to a higher positive valence: remove one or more electrons from (an atom, ion, or molecule)|	v|dehydrogenate with oxygen|	v|impregnate, combine, or supply with oxygen|oxygenate blood
oxyhaemoglobin	n|the bright red hemoglobin that is a combination of hemoglobin and oxygen from the lungs|oxyhemoglobin transports oxygen to the cells of the body
oxyhemoglobin	n|the bright red hemoglobin that is a combination of hemoglobin and oxygen from the lungs|oxyhemoglobin transports oxygen to the cells of the body
oxylebius	n|a genus of Hexagrammidae|
oxylebius pictus	n|greenling with whitish body marked with black bands|
oxymoron	n|conjoining contradictory terms (as in `deafening silence')|
oxyopia	n|unusually acute vision|
oxyphenbutazone	n|an anti-inflammatory drug (trade name Tandearil) used to treat arthritis and bursitis|
oxyphencyclimine	n|an anticholinergic drug (trade name Daricon) used in treating peptic ulcers|
oxytetracycline	n|a yellow crystalline antibiotic (trademark Terramycin) obtained from a soil actinomycete; used to treat various bacterial and rickettsial infections|
oxytetracycline hydrochloride	n|a yellow crystalline antibiotic (trademark Terramycin) obtained from a soil actinomycete; used to treat various bacterial and rickettsial infections|
oxytocic	n|a drug that induces labor by stimulating contractions of the muscles of the uterus|
oxytocic drug	n|a drug that induces labor by stimulating contractions of the muscles of the uterus|
oxytocin	n|hormone secreted by the posterior pituitary gland (trade name Pitocin); stimulates contractions of the uterus and ejection of milk|
oxytone	n|word having stress or an acute accent on the last syllable|
oxytropis	n|large widely-distributed genus of evergreen shrubs or subshrubs having odd-pinnate leaves and racemose or spicate flowers each having a pea-like corolla with a clawed petal|
oxyura	n|ruddy duck|
oxyura jamaicensis	n|reddish-brown stiff-tailed duck of North America and northern South America|
oxyuranus	n|taipans|
oxyuranus scutellatus	n|large highly venomous snake of northeastern Australia|
oxyuridae	n|pinworms|
oyabun	n|a Japanese supervisor|
oyster	n|marine mollusks having a rough irregular shell; found on the sea bed mostly in coastal waters|	n|edible body of any of numerous oysters|	n|a small muscle on each side of the back of a fowl|	v|gather oysters, dig oysters|
oyster agaric	n|edible agaric with a soft greyish cap growing in shelving masses on dead wood|
oyster bank	n|a workplace where oysters are bred and grown|
oyster bar	n|a bar (as in a restaurant) that specializes in oysters prepared in different ways|
oyster bed	n|a workplace where oysters are bred and grown|
oyster catcher	n|black-and-white shorebird with stout legs and bill; feed on oysters etc.|
oyster crab	n|tiny soft-bodied crab living within the mantle cavity of oysters|
oyster cracker	n|a small dry usually round cracker|
oyster dressing	n|stuffing made with oysters|
oyster fish	n|a variety of toadfish|
oyster fungus	n|edible agaric with a soft greyish cap growing in shelving masses on dead wood|
oyster mushroom	n|edible agaric with a soft greyish cap growing in shelving masses on dead wood|
oyster park	n|a workplace where oysters are bred and grown|
oyster plant	n|edible root of the salsify plant|	n|long white salsify|
oyster shell	n|a shell of an oyster|
oyster stew	n|oysters in cream|
oyster stuffing	n|stuffing made with oysters|
oyster-fish	n|a variety of toadfish|
oystercatcher	n|black-and-white shorebird with stout legs and bill; feed on oysters etc.|
oysterfish	n|a variety of toadfish|
oysters rockefeller	n|oysters spread with butter and spinach and seasonings and baked on the half shell|
oz.	n|a unit of weight equal to one sixteenth of a pound or 16 drams or 28.349 grams|
ozaena	n|a chronic disease of the nose characterized by a foul-smelling nasal discharge and atrophy of nasal structures|
ozark mountains	n|an area of low mountains in northwestern Arkansas and southeastern Missouri and northeastern Oklahoma|
ozark plateau	n|an area of low mountains in northwestern Arkansas and southeastern Missouri and northeastern Oklahoma|
ozarks	n|an area of low mountains in northwestern Arkansas and southeastern Missouri and northeastern Oklahoma|
ozena	n|a chronic disease of the nose characterized by a foul-smelling nasal discharge and atrophy of nasal structures|
ozocerite	n|a waxy mineral that is a mixture of hydrocarbons and occurs in association with petroleum; some varieties are used in making ceresin and candles|
ozokerite	n|a waxy mineral that is a mixture of hydrocarbons and occurs in association with petroleum; some varieties are used in making ceresin and candles|
ozone	n|a colorless gas (O3) soluble in alkalis and cold water; a strong oxidizing agent; can be produced by electric discharge in oxygen or by the action of ultraviolet radiation on oxygen in the stratosphere (where it acts as a screen for ultraviolet radiation)|
ozone hole	n|an area of the ozone layer (near the poles) that is seasonally depleted of ozone|
ozone layer	n|a layer in the stratosphere (at approximately 20 miles) that contains a concentration of ozone sufficient to block most ultraviolet radiation from the sun|
ozone sickness	n|illness that can occur to persons exposed to ozone in high-altitude aircraft; characterized by sleepiness and headache and chest pains and itchiness|
ozonide	n|any of a class of unstable chemical compounds resulting from the addition of ozone to a double bond in an unsaturated compound|
ozonise	v|convert (oxygen) into ozone|
ozonium	n|form genus of imperfect fungi|
ozonize	v|convert (oxygen) into ozone|
ozonosphere	n|a layer in the stratosphere (at approximately 20 miles) that contains a concentration of ozone sufficient to block most ultraviolet radiation from the sun|
ozothamnus	n|genus of Australian shrubs and perennial herbs; sometimes included in genus Helichrysum|
ozothamnus secundiflorus	n|shrub with white woolly branches and woolly leaves having fragrant flowers forming long sprays; flowers suitable for drying; sometimes placed in genus Helichrysum|
